subject,study,parameter,value
LDS-007,control_40,BAT,1.116269473750218
LDS-007,control_40,CO,5.684907745626864
LDS-007,control_40,Thl,13.342951312559675
LDS-007,control_40,Dhl,35.36792139304263
LDS-007,control_40,To,22.22900871567769
LDS-007,control_40,Eo,28.820479545711674
LDS-007,control_40,Toe,4.511008006484752
LDS-007,control_40,Eb,6.316616516595092
LDS-007,control_40,H,45.0
LDS-007,control_40,ve,5.653274225708353
LDS-007,control_40,Te,59.99975956645735
LDS-007,control_40,De,99.99999997870538
LDS-007,control_40,khe,32.566299987511506
LDS-007,control_40,Th,31.94830301089348
LDS-007,control_40,Kbh,3.130056703353001
LDS-007,control_40,Khe,576.0608576073622
LDS-007,control_40,kbh,2.953106014492289
LDS-007,control_40,CL,0.3074796190105113
LDS-007,control_40,AUC_Cb,56.66824516238239
LDS-007,control_40,AUC_Cl,586.1364082160413
LDS-007,control_40,AUC35_Cb,36.36049728530774
LDS-007,control_40,AUC35_Cl,184.47874263763492
LDS-007,control_40,RE_R1b,23.000601905364192
LDS-007,control_40,RE_R1l,86.41246454365596
LDS-007,control_40,RE_Sb,19.07316135544974
LDS-007,control_40,RE_Sl,72.97111999670273
LDS-007,control_40,T1_1,0.855419983
LDS-007,control_40,T1_2,0.537539978
LDS-007,control_40,t1_MOLLI,14.784960833333333
LDS-007,control_40,t2_MOLLI,16.253286111111112
