subject,study,parameter,value
LDS-007,control_40,BAT,0.0025907861781446005
LDS-007,control_40,CO,0.09485398461256442
LDS-007,control_40,Thl,0.21082228350344034
LDS-007,control_40,Dhl,0.8660173793129715
LDS-007,control_40,To,1.2290264627830196
LDS-007,control_40,Eo,0.984548563781358
LDS-007,control_40,Toe,0.23504274848946682
LDS-007,control_40,Eb,0.3086932811052322
LDS-007,control_40,H,0
LDS-007,control_40,ve,3.2782548379933383
LDS-007,control_40,Te,13.463689979211125
LDS-007,control_40,De,7.513361004122024
LDS-007,control_40,khe,0.578110671896552
LDS-007,control_40,Th,1.2596544470726043
LDS-007,control_40,Kbh,0
LDS-007,control_40,Khe,0
LDS-007,control_40,kbh,0
LDS-007,control_40,CL,0.0
LDS-007,control_40,AUC_Cb,0
LDS-007,control_40,AUC_Cl,0
LDS-007,control_40,AUC35_Cb,0
LDS-007,control_40,AUC35_Cl,0
LDS-007,control_40,RE_R1b,0
LDS-007,control_40,RE_R1l,0
LDS-007,control_40,RE_Sb,0
LDS-007,control_40,RE_Sl,0
LDS-007,control_40,T1_1,0
LDS-007,control_40,T1_2,0
LDS-007,control_40,t1_MOLLI,0
LDS-007,control_40,t2_MOLLI,0
