subject,study,parameter,value
SHF-011,control_40,BAT,1.3088010318355578
SHF-011,control_40,CO,6.590441684231724
SHF-011,control_40,Thl,15.110978359430025
SHF-011,control_40,Dhl,53.3832787746112
SHF-011,control_40,To,30.436969704486913
SHF-011,control_40,Eo,15.4296441304078
SHF-011,control_40,Toe,9.573281792335058
SHF-011,control_40,Eb,5.65411725598516
SHF-011,control_40,H,45.0
SHF-011,control_40,ve,31.21928817437402
SHF-011,control_40,Te,32.05253970248298
SHF-011,control_40,De,87.10089405563456
SHF-011,control_40,khe,61.70041297039982
SHF-011,control_40,Th,15.249312939340436
SHF-011,control_40,Kbh,6.557672493035295
SHF-011,control_40,Khe,197.63555346225306
SHF-011,control_40,kbh,4.51041381990295
SHF-011,control_40,CL,0.49920358944087617
SHF-011,control_40,AUC_Cb,36.01918837197366
SHF-011,control_40,AUC_Cl,358.155687535552
SHF-011,control_40,AUC35_Cb,22.070350813908053
SHF-011,control_40,AUC35_Cl,164.4617185384109
SHF-011,control_40,RE_R1b,11.841764382702294
SHF-011,control_40,RE_R1l,63.94525386266912
SHF-011,control_40,RE_Sb,16.3280526841157
SHF-011,control_40,RE_Sl,53.57301238625388
SHF-011,control_40,T1_1,0.76065
SHF-011,control_40,T1_2,0.49798
SHF-011,control_40,t1_MOLLI,14.463611111111112
SHF-011,control_40,t2_MOLLI,15.278611111111111
