subject,study,parameter,value
SHF-011,control_40,BAT,0.03486173361571864
SHF-011,control_40,CO,0.2858273943404857
SHF-011,control_40,Thl,2.591902609179662
SHF-011,control_40,Dhl,5.833996260910227
SHF-011,control_40,To,1.7941981847302844
SHF-011,control_40,Eo,0.7339623135759628
SHF-011,control_40,Toe,0.8526206900421041
SHF-011,control_40,Eb,0.6380395848428245
SHF-011,control_40,H,0
SHF-011,control_40,ve,8.57807084641636
SHF-011,control_40,Te,11.210726253445705
SHF-011,control_40,De,7.609681660058783
SHF-011,control_40,khe,2.144121437427007
SHF-011,control_40,Th,0.5302400220729625
SHF-011,control_40,Kbh,0
SHF-011,control_40,Khe,0
SHF-011,control_40,kbh,0
SHF-011,control_40,CL,0.0
SHF-011,control_40,AUC_Cb,0
SHF-011,control_40,AUC_Cl,0
SHF-011,control_40,AUC35_Cb,0
SHF-011,control_40,AUC35_Cl,0
SHF-011,control_40,RE_R1b,0
SHF-011,control_40,RE_R1l,0
SHF-011,control_40,RE_Sb,0
SHF-011,control_40,RE_Sl,0
SHF-011,control_40,T1_1,0
SHF-011,control_40,T1_2,0
SHF-011,control_40,t1_MOLLI,0
SHF-011,control_40,t2_MOLLI,0
