subject,study,parameter,value
GOT-003,drug_05,BAT,0.010150064500455526
GOT-003,drug_05,CO,0.11916567446295476
GOT-003,drug_05,Thl,0.6811920422566736
GOT-003,drug_05,Dhl,0.8511477679182292
GOT-003,drug_05,To,2.078091210472296
GOT-003,drug_05,Eo,2.846236616079126
GOT-003,drug_05,Toe,0.45744602725635536
GOT-003,drug_05,Eb,7.708014564058277
GOT-003,drug_05,H,0
GOT-003,drug_05,ve,33.53986070721916
GOT-003,drug_05,Te,103.829968438899
GOT-003,drug_05,De,25.87336695273174
GOT-003,drug_05,khe,37.72204610213467
GOT-003,drug_05,Th,173.6490056981831
GOT-003,drug_05,Kbh,0
GOT-003,drug_05,Khe,0
GOT-003,drug_05,kbh,0
GOT-003,drug_05,CL,0.0
GOT-003,drug_05,AUC_Cb,0
GOT-003,drug_05,AUC_Cl,0
GOT-003,drug_05,AUC35_Cb,0
GOT-003,drug_05,AUC35_Cl,0
GOT-003,drug_05,RE_R1b,0
GOT-003,drug_05,RE_R1l,0
GOT-003,drug_05,RE_Sb,0
GOT-003,drug_05,RE_Sl,0
GOT-003,drug_05,T1_1,0
GOT-003,drug_05,T1_2,0
GOT-003,drug_05,t1_MOLLI,0
GOT-003,drug_05,t2_MOLLI,0
