subject,study,parameter,value
SHF-021,drug_35,BAT,0.004672824476332123
SHF-021,drug_35,CO,0.09160293699805161
SHF-021,drug_35,Thl,0.4176621859316951
SHF-021,drug_35,Dhl,1.3038183796808946
SHF-021,drug_35,To,1.5082693751095746
SHF-021,drug_35,Eo,0.6486504539313398
SHF-021,drug_35,Toe,0.30405608917412646
SHF-021,drug_35,Eb,0.30893725835254027
SHF-021,drug_35,H,0
SHF-021,drug_35,ve,6.913425784776043
SHF-021,drug_35,Te,13.685603436525332
SHF-021,drug_35,De,15.227742551816565
SHF-021,drug_35,khe,0.9687649245788655
SHF-021,drug_35,Th,0.6280721747543788
SHF-021,drug_35,Kbh,0
SHF-021,drug_35,Khe,0
SHF-021,drug_35,kbh,0
SHF-021,drug_35,CL,0.0
SHF-021,drug_35,AUC_Cb,0
SHF-021,drug_35,AUC_Cl,0
SHF-021,drug_35,AUC35_Cb,0
SHF-021,drug_35,AUC35_Cl,0
SHF-021,drug_35,RE_R1b,0
SHF-021,drug_35,RE_R1l,0
SHF-021,drug_35,RE_Sb,0
SHF-021,drug_35,RE_Sl,0
SHF-021,drug_35,T1_1,0
SHF-021,drug_35,T1_2,0
SHF-021,drug_35,t1_MOLLI,0
SHF-021,drug_35,t2_MOLLI,0
