subject,study,parameter,value
SHF-011,drug_20,BAT,0.0690792957002856
SHF-011,drug_20,CO,1.7794407106729246
SHF-011,drug_20,Thl,6.940054169467189
SHF-011,drug_20,Dhl,14.309634884506773
SHF-011,drug_20,To,1.2897309667704238
SHF-011,drug_20,Eo,3.154826780071386
SHF-011,drug_20,Toe,1.2232140214748164
SHF-011,drug_20,Eb,3.292832207906006
SHF-011,drug_20,H,0
SHF-011,drug_20,ve,24.84679420010367
SHF-011,drug_20,Te,58.44060149830259
SHF-011,drug_20,De,7.679402427928449
SHF-011,drug_20,khe,2.7476834676255257
SHF-011,drug_20,Th,6.91668679125244
SHF-011,drug_20,Kbh,0
SHF-011,drug_20,Khe,0
SHF-011,drug_20,kbh,0
SHF-011,drug_20,CL,0.0
SHF-011,drug_20,AUC_Cb,0
SHF-011,drug_20,AUC_Cl,0
SHF-011,drug_20,AUC35_Cb,0
SHF-011,drug_20,AUC35_Cl,0
SHF-011,drug_20,RE_R1b,0
SHF-011,drug_20,RE_R1l,0
SHF-011,drug_20,RE_Sb,0
SHF-011,drug_20,RE_Sl,0
SHF-011,drug_20,T1_1,0
SHF-011,drug_20,T1_2,0
SHF-011,drug_20,t1_MOLLI,0
SHF-011,drug_20,t2_MOLLI,0
