subject,study,parameter,value
LDS-003,control_10,BAT,1.2652225365918688
LDS-003,control_10,CO,6.445809897999249
LDS-003,control_10,Thl,8.235869799104488
LDS-003,control_10,Dhl,76.09368789042733
LDS-003,control_10,To,31.293734930174743
LDS-003,control_10,Eo,19.147227801192813
LDS-003,control_10,Toe,5.714172722906629
LDS-003,control_10,Eb,3.4349412579224783
LDS-003,control_10,H,45.0
LDS-003,control_10,ve,29.509831707481705
LDS-003,control_10,Te,50.51351051533138
LDS-003,control_10,De,81.45707916877546
LDS-003,control_10,khe,44.90806454049068
LDS-003,control_10,Th,291.731183479133
LDS-003,control_10,Kbh,0.34278131945792767
LDS-003,control_10,Khe,152.18000897343313
LDS-003,control_10,kbh,0.24162712896120797
LDS-003,control_10,CL,0.39252893716617704
LDS-003,control_10,AUC_Cb,29.996830198719454
LDS-003,control_10,AUC_Cl,1460.8528149869544
LDS-003,control_10,AUC35_Cb,15.18948281500463
LDS-003,control_10,AUC35_Cl,147.93768891972465
LDS-003,control_10,RE_R1b,9.451853010148742
LDS-003,control_10,RE_R1l,55.715869940120356
LDS-003,control_10,RE_Sb,5.006305845705397
LDS-003,control_10,RE_Sl,35.277103083701114
LDS-003,control_10,T1_1,0.706900024
LDS-003,control_10,T1_2,0.529400024
LDS-003,control_10,t1_MOLLI,10.707445833333333
LDS-003,control_10,t2_MOLLI,11.655478055555555
