subject,study,parameter,value
LDS-003,control_10,BAT,0.03846692147121648
LDS-003,control_10,CO,0.4179969733003065
LDS-003,control_10,Thl,2.8284299110537345
LDS-003,control_10,Dhl,20.12726241978978
LDS-003,control_10,To,3.604000498453824
LDS-003,control_10,Eo,8.361197879359967
LDS-003,control_10,Toe,6.5419975192970234
LDS-003,control_10,Eb,12.800823158465283
LDS-003,control_10,H,0
LDS-003,control_10,ve,13.905178476836925
LDS-003,control_10,Te,26.146581137731715
LDS-003,control_10,De,11.396993660936243
LDS-003,control_10,khe,3.93590688499586
LDS-003,control_10,Th,1452.2116340972514
LDS-003,control_10,Kbh,0
LDS-003,control_10,Khe,0
LDS-003,control_10,kbh,0
LDS-003,control_10,CL,0.0
LDS-003,control_10,AUC_Cb,0
LDS-003,control_10,AUC_Cl,0
LDS-003,control_10,AUC35_Cb,0
LDS-003,control_10,AUC35_Cl,0
LDS-003,control_10,RE_R1b,0
LDS-003,control_10,RE_R1l,0
LDS-003,control_10,RE_Sb,0
LDS-003,control_10,RE_Sl,0
LDS-003,control_10,T1_1,0
LDS-003,control_10,T1_2,0
LDS-003,control_10,t1_MOLLI,0
LDS-003,control_10,t2_MOLLI,0
