subject,study,parameter,value
SHF-022,drug_20,BAT,0.023422204432644526
SHF-022,drug_20,CO,0.24746814704694248
SHF-022,drug_20,Thl,1.4453594370332428
SHF-022,drug_20,Dhl,4.4069091927923925
SHF-022,drug_20,To,4.654171787515447
SHF-022,drug_20,Eo,2.473396313348515
SHF-022,drug_20,Toe,0.7569558524701997
SHF-022,drug_20,Eb,1.3292856379572882
SHF-022,drug_20,H,0
SHF-022,drug_20,ve,17.070474840184467
SHF-022,drug_20,Te,25.731103631788958
SHF-022,drug_20,De,10.110375602852812
SHF-022,drug_20,khe,2.883402199756434
SHF-022,drug_20,Th,5.0740022718060365
SHF-022,drug_20,Kbh,0
SHF-022,drug_20,Khe,0
SHF-022,drug_20,kbh,0
SHF-022,drug_20,CL,0.0
SHF-022,drug_20,AUC_Cb,0
SHF-022,drug_20,AUC_Cl,0
SHF-022,drug_20,AUC35_Cb,0
SHF-022,drug_20,AUC35_Cl,0
SHF-022,drug_20,RE_R1b,0
SHF-022,drug_20,RE_R1l,0
SHF-022,drug_20,RE_Sb,0
SHF-022,drug_20,RE_Sl,0
SHF-022,drug_20,T1_1,0
SHF-022,drug_20,T1_2,0
SHF-022,drug_20,t1_MOLLI,0
SHF-022,drug_20,t2_MOLLI,0
