subject,study,parameter,value
SHF-008,drug_15,BAT,0.01594806613571582
SHF-008,drug_15,CO,0.17524577129284302
SHF-008,drug_15,Thl,1.3521550351656717
SHF-008,drug_15,Dhl,2.5323613667458664
SHF-008,drug_15,To,3.2644982474095374
SHF-008,drug_15,Eo,1.599937569995021
SHF-008,drug_15,Toe,1.4719618080564554
SHF-008,drug_15,Eb,2.005734591207109
SHF-008,drug_15,H,0
SHF-008,drug_15,ve,7.020486307003986
SHF-008,drug_15,Te,17.690334036559094
SHF-008,drug_15,De,6.292545630982406
SHF-008,drug_15,khe,1.7772231397813725
SHF-008,drug_15,Th,130.50813972859157
SHF-008,drug_15,Kbh,0
SHF-008,drug_15,Khe,0
SHF-008,drug_15,kbh,0
SHF-008,drug_15,CL,0.0
SHF-008,drug_15,AUC_Cb,0
SHF-008,drug_15,AUC_Cl,0
SHF-008,drug_15,AUC35_Cb,0
SHF-008,drug_15,AUC35_Cl,0
SHF-008,drug_15,RE_R1b,0
SHF-008,drug_15,RE_R1l,0
SHF-008,drug_15,RE_Sb,0
SHF-008,drug_15,RE_Sl,0
SHF-008,drug_15,T1_1,0
SHF-008,drug_15,T1_2,0
SHF-008,drug_15,t1_MOLLI,0
SHF-008,drug_15,t2_MOLLI,0
