subject,study,parameter,value
SHF-009,drug_35,BAT,0.016942879760723232
SHF-009,drug_35,CO,0.17790519193449267
SHF-009,drug_35,Thl,1.2877073349188517
SHF-009,drug_35,Dhl,1.3841842935547835
SHF-009,drug_35,To,2.0222686918524753
SHF-009,drug_35,Eo,1.6163081213916317
SHF-009,drug_35,Toe,0.3314892141091849
SHF-009,drug_35,Eb,0.2447941734302644
SHF-009,drug_35,H,0
SHF-009,drug_35,ve,2.169842167838699
SHF-009,drug_35,Te,5.476070541382634
SHF-009,drug_35,De,5.7309071017336
SHF-009,drug_35,khe,0.4513303164688675
SHF-009,drug_35,Th,1521.7974838936602
SHF-009,drug_35,Kbh,0
SHF-009,drug_35,Khe,0
SHF-009,drug_35,kbh,0
SHF-009,drug_35,CL,0.0
SHF-009,drug_35,AUC_Cb,0
SHF-009,drug_35,AUC_Cl,0
SHF-009,drug_35,AUC35_Cb,0
SHF-009,drug_35,AUC35_Cl,0
SHF-009,drug_35,RE_R1b,0
SHF-009,drug_35,RE_R1l,0
SHF-009,drug_35,RE_Sb,0
SHF-009,drug_35,RE_Sl,0
SHF-009,drug_35,T1_1,0
SHF-009,drug_35,T1_2,0
SHF-009,drug_35,t1_MOLLI,0
SHF-009,drug_35,t2_MOLLI,0
