subject,study,parameter,value
LDS-007,drug_30,BAT,0.007601141006322499
LDS-007,drug_30,CO,0.09430248342903522
LDS-007,drug_30,Thl,0.5166451380798874
LDS-007,drug_30,Dhl,1.212265711286299
LDS-007,drug_30,To,1.1562296354590331
LDS-007,drug_30,Eo,0.9854733804289972
LDS-007,drug_30,Toe,0.24318816722354972
LDS-007,drug_30,Eb,0.22774363074957896
LDS-007,drug_30,H,0
LDS-007,drug_30,ve,0.8720108275780764
LDS-007,drug_30,Te,4.5245103254933445
LDS-007,drug_30,De,3.465352809026313
LDS-007,drug_30,khe,0.25197108376666333
LDS-007,drug_30,Th,117.88350351203859
LDS-007,drug_30,Kbh,0
LDS-007,drug_30,Khe,0
LDS-007,drug_30,kbh,0
LDS-007,drug_30,CL,0.0
LDS-007,drug_30,AUC_Cb,0
LDS-007,drug_30,AUC_Cl,0
LDS-007,drug_30,AUC35_Cb,0
LDS-007,drug_30,AUC35_Cl,0
LDS-007,drug_30,RE_R1b,0
LDS-007,drug_30,RE_R1l,0
LDS-007,drug_30,RE_Sb,0
LDS-007,drug_30,RE_Sl,0
LDS-007,drug_30,T1_1,0
LDS-007,drug_30,T1_2,0
LDS-007,drug_30,t1_MOLLI,0
LDS-007,drug_30,t2_MOLLI,0
