subject,study,parameter,value
SHF-017,control_40,BAT,1.1440280033079553
SHF-017,control_40,CO,8.596654278482497
SHF-017,control_40,Thl,18.402701635061774
SHF-017,control_40,Dhl,42.2072248669017
SHF-017,control_40,To,26.007740951923463
SHF-017,control_40,Eo,14.65026240299639
SHF-017,control_40,Toe,12.093824976878377
SHF-017,control_40,Eb,5.284603970040214
SHF-017,control_40,H,45.0
SHF-017,control_40,ve,22.96759307021245
SHF-017,control_40,Te,59.85770471085444
SHF-017,control_40,De,93.59388320767337
SHF-017,control_40,khe,45.27382713298486
SHF-017,control_40,Th,77.76929358929206
SHF-017,control_40,Kbh,1.2858545498447072
SHF-017,control_40,Khe,197.1204688039437
SHF-017,control_40,kbh,0.9905247093615624
SHF-017,control_40,CL,0.451027298293214
SHF-017,control_40,AUC_Cb,43.82746576142236
SHF-017,control_40,AUC_Cl,1276.293383373561
SHF-017,control_40,AUC35_Cb,24.95051282310768
SHF-017,control_40,AUC35_Cl,234.8129635839445
SHF-017,control_40,RE_R1b,12.74907695256197
SHF-017,control_40,RE_R1l,81.88288661562447
SHF-017,control_40,RE_Sb,17.756360826738653
SHF-017,control_40,RE_Sl,68.94518544859544
SHF-017,control_40,T1_1,0.64556
SHF-017,control_40,T1_2,0.37176
SHF-017,control_40,t1_MOLLI,12.851944444444445
SHF-017,control_40,t2_MOLLI,13.6625
