subject,study,parameter,value
SHF-017,control_40,BAT,0.015209268057145191
SHF-017,control_40,CO,0.16569485029606976
SHF-017,control_40,Thl,1.0630376201397551
SHF-017,control_40,Dhl,1.786739392355304
SHF-017,control_40,To,1.21990387911562
SHF-017,control_40,Eo,0.44329881524314596
SHF-017,control_40,Toe,1.0303655380804764
SHF-017,control_40,Eb,0.4754544528914885
SHF-017,control_40,H,0
SHF-017,control_40,ve,239.04447258828858
SHF-017,control_40,Te,572.9526879811049
SHF-017,control_40,De,58.9373575537955
SHF-017,control_40,khe,5.276688925557343
SHF-017,control_40,Th,5.440230879297698
SHF-017,control_40,Kbh,0
SHF-017,control_40,Khe,0
SHF-017,control_40,kbh,0
SHF-017,control_40,CL,0.0
SHF-017,control_40,AUC_Cb,0
SHF-017,control_40,AUC_Cl,0
SHF-017,control_40,AUC35_Cb,0
SHF-017,control_40,AUC35_Cl,0
SHF-017,control_40,RE_R1b,0
SHF-017,control_40,RE_R1l,0
SHF-017,control_40,RE_Sb,0
SHF-017,control_40,RE_Sl,0
SHF-017,control_40,T1_1,0
SHF-017,control_40,T1_2,0
SHF-017,control_40,t1_MOLLI,0
SHF-017,control_40,t2_MOLLI,0
