subject,study,parameter,value
LDS-009,control_10,BAT,1.1806770996558538
LDS-009,control_10,CO,9.743061269918925
LDS-009,control_10,Thl,17.30943590323476
LDS-009,control_10,Dhl,42.04171272365371
LDS-009,control_10,To,28.76456083559919
LDS-009,control_10,Eo,22.828995039443274
LDS-009,control_10,Toe,4.890119941937146
LDS-009,control_10,Eb,1.5936151143328106
LDS-009,control_10,H,45.0
LDS-009,control_10,ve,20.886099729911404
LDS-009,control_10,Te,45.40299906051013
LDS-009,control_10,De,80.3417415907418
LDS-009,control_10,khe,16.91463331971856
LDS-009,control_10,Th,556.0783258253438
LDS-009,control_10,Kbh,0.1798307816647552
LDS-009,control_10,Khe,80.98512186789367
LDS-009,control_10,kbh,0.14227114526117518
LDS-009,control_10,CL,0.20062727515662993
LDS-009,control_10,AUC_Cb,133.53424335165593
LDS-009,control_10,AUC_Cl,2302.138577602447
LDS-009,control_10,AUC35_Cb,43.768612130264536
LDS-009,control_10,AUC35_Cl,160.87445198626403
LDS-009,control_10,RE_R1b,31.93433640175119
LDS-009,control_10,RE_R1l,71.45366971877071
LDS-009,control_10,RE_Sb,4.774720704420175
LDS-009,control_10,RE_Sl,40.84975904109765
LDS-009,control_10,T1_1,0.847049988
LDS-009,control_10,T1_2,0.621599976
LDS-009,control_10,t1_MOLLI,13.793121388888888
LDS-009,control_10,t2_MOLLI,15.155603333333334
