subject,study,parameter,value
LDS-009,control_10,BAT,0.006087626001173378
LDS-009,control_10,CO,0.21783874662937797
LDS-009,control_10,Thl,0.44332089154543514
LDS-009,control_10,Dhl,1.601303287672008
LDS-009,control_10,To,3.010843311963169
LDS-009,control_10,Eo,7.076023801946555
LDS-009,control_10,Toe,4.297245526817763
LDS-009,control_10,Eb,11.869707113641148
LDS-009,control_10,H,0
LDS-009,control_10,ve,30.389124198765
LDS-009,control_10,Te,14.364548197024325
LDS-009,control_10,De,8.385096279421242
LDS-009,control_10,khe,2.781777765602958
LDS-009,control_10,Th,11449.579984240328
LDS-009,control_10,Kbh,0
LDS-009,control_10,Khe,0
LDS-009,control_10,kbh,0
LDS-009,control_10,CL,0.0
LDS-009,control_10,AUC_Cb,0
LDS-009,control_10,AUC_Cl,0
LDS-009,control_10,AUC35_Cb,0
LDS-009,control_10,AUC35_Cl,0
LDS-009,control_10,RE_R1b,0
LDS-009,control_10,RE_R1l,0
LDS-009,control_10,RE_Sb,0
LDS-009,control_10,RE_Sl,0
LDS-009,control_10,T1_1,0
LDS-009,control_10,T1_2,0
LDS-009,control_10,t1_MOLLI,0
LDS-009,control_10,t2_MOLLI,0
