subject,study,parameter,value
SHF-010,control,S02a,52176.45686445459
SHF-010,control,S02l,24663.144970869318
SHF-010,control,BAT2,144.4640503588356
SHF-010,control,BAT,1.142184683825599
SHF-010,control,CO,12.915312883011117
SHF-010,control,Thl,19.07926721325355
SHF-010,control,Dhl,34.21914267289329
SHF-010,control,To,17.756345137789733
SHF-010,control,Eo,13.920375189848913
SHF-010,control,Toe,5.791098253785946
SHF-010,control,Eb,3.612933381006622
SHF-010,control,H,45.0
SHF-010,control,ve,29.564315979197225
SHF-010,control,Te,29.39850104290851
SHF-010,control,De,75.53725111288078
SHF-010,control,khe_i,50.455190949171936
SHF-010,control,khe_f,26.56635428409761
SHF-010,control,Th_i,23.589951985294864
SHF-010,control,Th_f,52.791279634216686
SHF-010,control,Th,38.19061580975577
SHF-010,control,khe,38.510772616634775
SHF-010,control,Kbh,2.6184442926540887
SHF-010,control,Khe,130.26099654641993
SHF-010,control,kbh,1.8443191482345782
SHF-010,control,kbh_i,2.9858341409389
SHF-010,control,kbh_f,1.3342295263316533
SHF-010,control,CL,0.36396731432892665
SHF-010,control,AUC_Cb,43.45934047729083
SHF-010,control,AUC_Cl,660.5313266582498
SHF-010,control,AUC35_Cb,26.50427502191463
SHF-010,control,AUC35_Cl,195.3705435271778
SHF-010,control,RE_R1b,16.448124281432463
SHF-010,control,RE_R1l,80.73206674152004
SHF-010,control,RE_Sb,14.355279655349976
SHF-010,control,RE_Sl,69.50546173859524
SHF-010,control,T1_1,0.76626
SHF-010,control,T1_2,0.41884
SHF-010,control,t1_MOLLI,10.315555555555555
SHF-010,control,t2_MOLLI,11.1275
SHF-010,control,T1_3,0.65856
SHF-010,control,t3_MOLLI,12.640555555555556
SHF-010,control,t0,10.434166666666666
SHF-010,control,t1,11.120277777777778
SHF-010,control,t2,12.758055555555556
SHF-010,control,t3,13.445277777777777
SHF-010,control,dt1,2.0
SHF-010,control,dt2,2.0
