subject,study,parameter,value
SHF-010,control,S02a,127.2881510827145
SHF-010,control,S02l,253.67796256652124
SHF-010,control,BAT2,0.0036829072848690767
SHF-010,control,BAT,0.004521873297352278
SHF-010,control,CO,0.2135477909862569
SHF-010,control,Thl,0.24745353725144162
SHF-010,control,Dhl,1.0089787045413046
SHF-010,control,To,0.9085379266096244
SHF-010,control,Eo,0.6072197970891107
SHF-010,control,Toe,0.37357492181692875
SHF-010,control,Eb,0.15831324465580318
SHF-010,control,H,0
SHF-010,control,ve,3.127927377942752
SHF-010,control,Te,4.7286941919241166
SHF-010,control,De,6.803661642996009
SHF-010,control,khe_i,1.1376310230588729
SHF-010,control,khe_f,0.9475067541011519
SHF-010,control,Th_i,1.170979585605466
SHF-010,control,Th_f,3.9288974167043533
SHF-010,control,Th,0.0
SHF-010,control,khe,0
SHF-010,control,Kbh,0
SHF-010,control,Khe,0
SHF-010,control,kbh,0
SHF-010,control,kbh_i,0
SHF-010,control,kbh_f,0
SHF-010,control,CL,0.0
SHF-010,control,AUC_Cb,0
SHF-010,control,AUC_Cl,0
SHF-010,control,AUC35_Cb,0
SHF-010,control,AUC35_Cl,0
SHF-010,control,RE_R1b,0
SHF-010,control,RE_R1l,0
SHF-010,control,RE_Sb,0
SHF-010,control,RE_Sl,0
SHF-010,control,T1_1,0
SHF-010,control,T1_2,0
SHF-010,control,t1_MOLLI,0
SHF-010,control,t2_MOLLI,0
SHF-010,control,T1_3,0
SHF-010,control,t3_MOLLI,0
SHF-010,control,t0,0
SHF-010,control,t1,0
SHF-010,control,t2,0
SHF-010,control,t3,0
SHF-010,control,dt1,0
SHF-010,control,dt2,0
