subject,study,parameter,value
LDS-006,drug,S02a,12.303449301080537
LDS-006,drug,S02l,106.34859557462899
LDS-006,drug,BAT2,0.004601831545470046
LDS-006,drug,BAT,0.004595460617787326
LDS-006,drug,CO,0.0902816383894483
LDS-006,drug,Thl,0.29900613023726147
LDS-006,drug,Dhl,0.9604271955133208
LDS-006,drug,To,0.8473801707861529
LDS-006,drug,Eo,0.39379254865135394
LDS-006,drug,Toe,0.39751591192444624
LDS-006,drug,Eb,0.1304140125045616
LDS-006,drug,H,0
LDS-006,drug,ve,0.937244996455351
LDS-006,drug,Te,1.8026120519295128
LDS-006,drug,De,2.0617266930648572
LDS-006,drug,khe_i,0.2203898998011339
LDS-006,drug,khe_f,0.34366243954444187
LDS-006,drug,Th_i,115.24877059888864
LDS-006,drug,Th_f,47.96147307189697
LDS-006,drug,Th,0.0
LDS-006,drug,khe,0
LDS-006,drug,Kbh,0
LDS-006,drug,Khe,0
LDS-006,drug,kbh,0
LDS-006,drug,kbh_i,0
LDS-006,drug,kbh_f,0
LDS-006,drug,CL,0.0
LDS-006,drug,AUC_Cb,0
LDS-006,drug,AUC_Cl,0
LDS-006,drug,AUC35_Cb,0
LDS-006,drug,AUC35_Cl,0
LDS-006,drug,RE_R1b,0
LDS-006,drug,RE_R1l,0
LDS-006,drug,RE_Sb,0
LDS-006,drug,RE_Sl,0
LDS-006,drug,T1_1,0
LDS-006,drug,T1_2,0
LDS-006,drug,t1_MOLLI,0
LDS-006,drug,t2_MOLLI,0
LDS-006,drug,T1_3,0
LDS-006,drug,t3_MOLLI,0
LDS-006,drug,t0,0
LDS-006,drug,t1,0
LDS-006,drug,t2,0
LDS-006,drug,t3,0
LDS-006,drug,dt1,0
LDS-006,drug,dt2,0
