subject,study,parameter,value
GOT-002,control_15,BAT,1.4803313102714013
GOT-002,control_15,CO,8.926670488747623
GOT-002,control_15,Thl,13.155053993808897
GOT-002,control_15,Dhl,67.92406723965861
GOT-002,control_15,To,38.06669520331736
GOT-002,control_15,Eo,21.223936831558362
GOT-002,control_15,Toe,9.27436618082029
GOT-002,control_15,Eb,1.976098114187886
GOT-002,control_15,H,45.0
GOT-002,control_15,ve,37.66179299126867
GOT-002,control_15,Te,54.26983006479775
GOT-002,control_15,De,84.32186401412068
GOT-002,control_15,khe,11.707530425141458
GOT-002,control_15,Th,70.36220626098593
GOT-002,control_15,Kbh,1.4212175159642126
GOT-002,control_15,Khe,31.085961382283827
GOT-002,control_15,kbh,0.8859615171461201
GOT-002,control_15,CL,0.14976095948811044
GOT-002,control_15,AUC_Cb,79.62511315388798
GOT-002,control_15,AUC_Cl,533.9829040410262
GOT-002,control_15,AUC35_Cb,26.6739225461258
GOT-002,control_15,AUC35_Cl,73.57948060894434
GOT-002,control_15,RE_R1b,18.03636244659374
GOT-002,control_15,RE_R1l,31.936525277147567
GOT-002,control_15,RE_Sb,14.295371225018865
GOT-002,control_15,RE_Sl,26.289408875396898
GOT-002,control_15,T1_1,0.871559998
GOT-002,control_15,T1_2,0.655630005
GOT-002,control_15,t1_MOLLI,13.43755
GOT-002,control_15,t2_MOLLI,14.05385
