subject,study,parameter,value
GOT-002,control_15,BAT,0.011323912661403488
GOT-002,control_15,CO,0.21382731220695433
GOT-002,control_15,Thl,0.8416814133148932
GOT-002,control_15,Dhl,3.3926579462114184
GOT-002,control_15,To,2.5381769121969118
GOT-002,control_15,Eo,4.796765495035928
GOT-002,control_15,Toe,5.088057413714977
GOT-002,control_15,Eb,7.308711569233337
GOT-002,control_15,H,0
GOT-002,control_15,ve,4.3196147398584746
GOT-002,control_15,Te,9.092384995103368
GOT-002,control_15,De,4.687437494971027
GOT-002,control_15,khe,1.984198160871681
GOT-002,control_15,Th,110.71605686436875
GOT-002,control_15,Kbh,0
GOT-002,control_15,Khe,0
GOT-002,control_15,kbh,0
GOT-002,control_15,CL,0.0
GOT-002,control_15,AUC_Cb,0
GOT-002,control_15,AUC_Cl,0
GOT-002,control_15,AUC35_Cb,0
GOT-002,control_15,AUC35_Cl,0
GOT-002,control_15,RE_R1b,0
GOT-002,control_15,RE_R1l,0
GOT-002,control_15,RE_Sb,0
GOT-002,control_15,RE_Sl,0
GOT-002,control_15,T1_1,0
GOT-002,control_15,T1_2,0
GOT-002,control_15,t1_MOLLI,0
GOT-002,control_15,t2_MOLLI,0
