subject,study,parameter,value
SHF-008,drug_20,BAT,0.002994282501099413
SHF-008,drug_20,CO,0.08642861395028345
SHF-008,drug_20,Thl,0.22051942635796376
SHF-008,drug_20,Dhl,1.721725809377399
SHF-008,drug_20,To,2.092245205564934
SHF-008,drug_20,Eo,1.126788166628033
SHF-008,drug_20,Toe,1.020503324738429
SHF-008,drug_20,Eb,1.05822115279987
SHF-008,drug_20,H,0
SHF-008,drug_20,ve,5.442653031565361
SHF-008,drug_20,Te,13.47094130826304
SHF-008,drug_20,De,6.839394094552661
SHF-008,drug_20,khe,1.1954868507295628
SHF-008,drug_20,Th,14.38334978166973
SHF-008,drug_20,Kbh,0
SHF-008,drug_20,Khe,0
SHF-008,drug_20,kbh,0
SHF-008,drug_20,CL,0.0
SHF-008,drug_20,AUC_Cb,0
SHF-008,drug_20,AUC_Cl,0
SHF-008,drug_20,AUC35_Cb,0
SHF-008,drug_20,AUC35_Cl,0
SHF-008,drug_20,RE_R1b,0
SHF-008,drug_20,RE_R1l,0
SHF-008,drug_20,RE_Sb,0
SHF-008,drug_20,RE_Sl,0
SHF-008,drug_20,T1_1,0
SHF-008,drug_20,T1_2,0
SHF-008,drug_20,t1_MOLLI,0
SHF-008,drug_20,t2_MOLLI,0
