subject,study,parameter,value
SHF-017,control_30,BAT,1.28012735871864
SHF-017,control_30,CO,10.027771862811584
SHF-017,control_30,Thl,8.800335380264277
SHF-017,control_30,Dhl,71.03124867099788
SHF-017,control_30,To,29.09752780132516
SHF-017,control_30,Eo,12.224748769594674
SHF-017,control_30,Toe,12.630520193825788
SHF-017,control_30,Eb,4.520000154214759
SHF-017,control_30,H,45.0
SHF-017,control_30,ve,27.761128894562777
SHF-017,control_30,Te,59.99898372142838
SHF-017,control_30,De,89.64720000489731
SHF-017,control_30,khe,41.99222963626781
SHF-017,control_30,Th,170.6407718832098
SHF-017,control_30,Kbh,0.5860264161746885
SHF-017,control_30,Khe,151.26268746402562
SHF-017,control_30,kbh,0.4233388674242464
SHF-017,control_30,CL,0.41833534033961456
SHF-017,control_30,AUC_Cb,43.883704843166925
SHF-017,control_30,AUC_Cl,1766.5479039886368
SHF-017,control_30,AUC35_Cb,25.121086570627334
SHF-017,control_30,AUC35_Cl,242.9160308665663
SHF-017,control_30,RE_R1b,12.715786754100582
SHF-017,control_30,RE_R1l,83.90985486508148
SHF-017,control_30,RE_Sb,17.385147627966408
SHF-017,control_30,RE_Sl,80.10626266582375
SHF-017,control_30,T1_1,0.64556
SHF-017,control_30,T1_2,0.37176
SHF-017,control_30,t1_MOLLI,12.851944444444445
SHF-017,control_30,t2_MOLLI,13.6625
