subject,study,parameter,value
SHF-017,control_30,BAT,0.004845619989903976
SHF-017,control_30,CO,0.22448197782885038
SHF-017,control_30,Thl,0.3156925892963874
SHF-017,control_30,Dhl,3.429837395978651
SHF-017,control_30,To,1.3286334747407214
SHF-017,control_30,Eo,0.5624029445126548
SHF-017,control_30,Toe,1.991471900433258
SHF-017,control_30,Eb,0.8032096543338564
SHF-017,control_30,H,0
SHF-017,control_30,ve,20.462380198098344
SHF-017,control_30,Te,47.80807189567807
SHF-017,control_30,De,11.039516360122178
SHF-017,control_30,khe,1.0715681344742745
SHF-017,control_30,Th,41.54787015416026
SHF-017,control_30,Kbh,0
SHF-017,control_30,Khe,0
SHF-017,control_30,kbh,0
SHF-017,control_30,CL,0.0
SHF-017,control_30,AUC_Cb,0
SHF-017,control_30,AUC_Cl,0
SHF-017,control_30,AUC35_Cb,0
SHF-017,control_30,AUC35_Cl,0
SHF-017,control_30,RE_R1b,0
SHF-017,control_30,RE_R1l,0
SHF-017,control_30,RE_Sb,0
SHF-017,control_30,RE_Sl,0
SHF-017,control_30,T1_1,0
SHF-017,control_30,T1_2,0
SHF-017,control_30,t1_MOLLI,0
SHF-017,control_30,t2_MOLLI,0
