subject,study,parameter,value
LDS-007,control_05,BAT,1.073337305767853
LDS-007,control_05,CO,6.348941039066053
LDS-007,control_05,Thl,15.788115745745735
LDS-007,control_05,Dhl,21.613120986378465
LDS-007,control_05,To,7.9019591513625365
LDS-007,control_05,Eo,37.12625441090693
LDS-007,control_05,Toe,1.178783456991045
LDS-007,control_05,Eb,10.94191599810127
LDS-007,control_05,H,45.0
LDS-007,control_05,ve,7.657174971216439
LDS-007,control_05,Te,32.437426101755534
LDS-007,control_05,De,69.03975503278043
LDS-007,control_05,khe,24.076218455677466
LDS-007,control_05,Th,598.9472968197673
LDS-007,control_05,Kbh,0.16695959816660058
LDS-007,control_05,Khe,314.42690739314077
LDS-007,control_05,kbh,0.15417520960374412
LDS-007,control_05,CL,0.22731923739584856
LDS-007,control_05,AUC_Cb,29.197806249543802
LDS-007,control_05,AUC_Cl,1055.9700266637435
LDS-007,control_05,AUC35_Cb,29.121966048259942
LDS-007,control_05,AUC35_Cl,190.8831080974118
LDS-007,control_05,RE_R1b,9.677261888197496
LDS-007,control_05,RE_R1l,89.83944650878108
LDS-007,control_05,RE_Sb,50.96625331879644
LDS-007,control_05,RE_Sl,36.28821072031453
LDS-007,control_05,T1_1,0.855419983
LDS-007,control_05,T1_2,0.537539978
LDS-007,control_05,t1_MOLLI,14.784960833333333
LDS-007,control_05,t2_MOLLI,16.253286111111112
