subject,study,parameter,value
LDS-007,control_05,BAT,0.011539633725181579
LDS-007,control_05,CO,0.2594067326370624
LDS-007,control_05,Thl,0.7327397223140782
LDS-007,control_05,Dhl,1.450468613443249
LDS-007,control_05,To,2.348150541703719
LDS-007,control_05,Eo,5.638714587818163
LDS-007,control_05,Toe,0.904238569531799
LDS-007,control_05,Eb,11.821462691731972
LDS-007,control_05,H,0
LDS-007,control_05,ve,223.36243266450526
LDS-007,control_05,Te,73.21131984137973
LDS-007,control_05,De,73.87962315343823
LDS-007,control_05,khe,12.062691080527953
LDS-007,control_05,Th,74868.27943692652
LDS-007,control_05,Kbh,0
LDS-007,control_05,Khe,0
LDS-007,control_05,kbh,0
LDS-007,control_05,CL,0.0
LDS-007,control_05,AUC_Cb,0
LDS-007,control_05,AUC_Cl,0
LDS-007,control_05,AUC35_Cb,0
LDS-007,control_05,AUC35_Cl,0
LDS-007,control_05,RE_R1b,0
LDS-007,control_05,RE_R1l,0
LDS-007,control_05,RE_Sb,0
LDS-007,control_05,RE_Sl,0
LDS-007,control_05,T1_1,0
LDS-007,control_05,T1_2,0
LDS-007,control_05,t1_MOLLI,0
LDS-007,control_05,t2_MOLLI,0
