subject,study,parameter,value
SHF-009,control_20,BAT,1.2565500880472904
SHF-009,control_20,CO,9.993932909769988
SHF-009,control_20,Thl,20.197147893919983
SHF-009,control_20,Dhl,83.78040888886436
SHF-009,control_20,To,42.770509940686416
SHF-009,control_20,Eo,20.452773713292334
SHF-009,control_20,Toe,8.406508130009735
SHF-009,control_20,Eb,1.6699522750884654
SHF-009,control_20,H,45.0
SHF-009,control_20,ve,24.175335961896486
SHF-009,control_20,Te,36.09592829499499
SHF-009,control_20,De,83.74234377067819
SHF-009,control_20,khe,26.980658940774468
SHF-009,control_20,Th,75.08888271722516
SHF-009,control_20,Kbh,1.3317550665467595
SHF-009,control_20,Khe,111.60407029420207
SHF-009,control_20,kbh,1.0097988050195021
SHF-009,control_20,CL,0.2150213228080362
SHF-009,control_20,AUC_Cb,104.36933421148414
SHF-009,control_20,AUC_Cl,1530.744455474195
SHF-009,control_20,AUC35_Cb,32.86632744437959
SHF-009,control_20,AUC35_Cl,170.8759554670093
SHF-009,control_20,RE_R1b,20.73321199438245
SHF-009,control_20,RE_R1l,68.44314628856793
SHF-009,control_20,RE_Sb,21.88061176982886
SHF-009,control_20,RE_Sl,60.518622585975365
SHF-009,control_20,T1_1,0.76084
SHF-009,control_20,T1_2,0.42171
SHF-009,control_20,t1_MOLLI,9.10138888888889
SHF-009,control_20,t2_MOLLI,9.93361111111111
