subject,study,parameter,value
SHF-009,control_20,BAT,0.012887902422286015
SHF-009,control_20,CO,0.31969651260569015
SHF-009,control_20,Thl,1.1581792002238416
SHF-009,control_20,Dhl,3.1306153673326578
SHF-009,control_20,To,3.364873660448924
SHF-009,control_20,Eo,1.3980229264264994
SHF-009,control_20,Toe,2.4452665230437294
SHF-009,control_20,Eb,2.7386643336482965
SHF-009,control_20,H,0
SHF-009,control_20,ve,4.104988985462272
SHF-009,control_20,Te,9.28201794405708
SHF-009,control_20,De,9.203417773395865
SHF-009,control_20,khe,1.0809984888376747
SHF-009,control_20,Th,22.37185146525584
SHF-009,control_20,Kbh,0
SHF-009,control_20,Khe,0
SHF-009,control_20,kbh,0
SHF-009,control_20,CL,0.0
SHF-009,control_20,AUC_Cb,0
SHF-009,control_20,AUC_Cl,0
SHF-009,control_20,AUC35_Cb,0
SHF-009,control_20,AUC35_Cl,0
SHF-009,control_20,RE_R1b,0
SHF-009,control_20,RE_R1l,0
SHF-009,control_20,RE_Sb,0
SHF-009,control_20,RE_Sl,0
SHF-009,control_20,T1_1,0
SHF-009,control_20,T1_2,0
SHF-009,control_20,t1_MOLLI,0
SHF-009,control_20,t2_MOLLI,0
