subject,study,parameter,value
SHF-006,control,BAT,1.2292330358558137
SHF-006,control,CO,8.91862360758054
SHF-006,control,Thl,19.96407971073979
SHF-006,control,Dhl,39.315927128264896
SHF-006,control,To,34.31727217993193
SHF-006,control,Eo,22.25187341706459
SHF-006,control,Toe,8.26081913632115
SHF-006,control,Eb,2.611665080609131
SHF-006,control,H,45.0
SHF-006,control,ve,13.155896740937155
SHF-006,control,Te,28.116763983108353
SHF-006,control,De,62.7510261604595
SHF-006,control,khe,53.591143308379415
SHF-006,control,Th,20.458452248335565
SHF-006,control,Kbh,4.887955295256301
SHF-006,control,Khe,407.3545449898527
SHF-006,control,kbh,4.244900943869212
SHF-006,control,CL,0.5828263787919058
SHF-006,control,AUC_Cb,70.09613681131803
SHF-006,control,AUC_Cl,747.1973772293785
SHF-006,control,AUC35_Cb,25.611519071076877
SHF-006,control,AUC35_Cl,174.92886888407583
SHF-006,control,RE_R1b,15.690397978735735
SHF-006,control,RE_R1l,62.9043740268974
SHF-006,control,RE_Sb,7.811013365708389
SHF-006,control,RE_Sl,55.06207259955952
SHF-006,control,T1_1,0.68025
SHF-006,control,T1_2,0.68286
SHF-006,control,t1_MOLLI,8.917222222222222
SHF-006,control,t2_MOLLI,8.917222222222222
