subject,study,parameter,value
SHF-006,control,BAT,0.01788073241713535
SHF-006,control,CO,0.16938750756374787
SHF-006,control,Thl,1.1185719911800673
SHF-006,control,Dhl,2.2026533831728883
SHF-006,control,To,2.189166988463361
SHF-006,control,Eo,0.9149629435562121
SHF-006,control,Toe,0.7391499857848364
SHF-006,control,Eb,0.4509347130454835
SHF-006,control,H,0
SHF-006,control,ve,12.233637836458312
SHF-006,control,Te,21.53724693835879
SHF-006,control,De,32.2270974508263
SHF-006,control,khe,1.9274850765507807
SHF-006,control,Th,0.7695762555293529
SHF-006,control,Kbh,0
SHF-006,control,Khe,0
SHF-006,control,kbh,0
SHF-006,control,CL,0.0
SHF-006,control,AUC_Cb,0
SHF-006,control,AUC_Cl,0
SHF-006,control,AUC35_Cb,0
SHF-006,control,AUC35_Cl,0
SHF-006,control,RE_R1b,0
SHF-006,control,RE_R1l,0
SHF-006,control,RE_Sb,0
SHF-006,control,RE_Sl,0
SHF-006,control,T1_1,0
SHF-006,control,T1_2,0
SHF-006,control,t1_MOLLI,0
SHF-006,control,t2_MOLLI,0
