subject,study,parameter,value
LDS-009,drug_10,BAT,0.02022483486104959
LDS-009,drug_10,CO,0.2500964106479004
LDS-009,drug_10,Thl,1.3839979041132324
LDS-009,drug_10,Dhl,5.9077887488877625
LDS-009,drug_10,To,7.420799972200675
LDS-009,drug_10,Eo,4.673776099373442
LDS-009,drug_10,Toe,5.615286369697106
LDS-009,drug_10,Eb,8.700472783360524
LDS-009,drug_10,H,0
LDS-009,drug_10,ve,4.638947000502204
LDS-009,drug_10,Te,14.86214372518255
LDS-009,drug_10,De,9.111231532237882
LDS-009,drug_10,khe,4.394196032387115
LDS-009,drug_10,Th,68.6624884862093
LDS-009,drug_10,Kbh,0
LDS-009,drug_10,Khe,0
LDS-009,drug_10,kbh,0
LDS-009,drug_10,CL,0.0
LDS-009,drug_10,AUC_Cb,0
LDS-009,drug_10,AUC_Cl,0
LDS-009,drug_10,AUC35_Cb,0
LDS-009,drug_10,AUC35_Cl,0
LDS-009,drug_10,RE_R1b,0
LDS-009,drug_10,RE_R1l,0
LDS-009,drug_10,RE_Sb,0
LDS-009,drug_10,RE_Sl,0
LDS-009,drug_10,T1_1,0
LDS-009,drug_10,T1_2,0
LDS-009,drug_10,t1_MOLLI,0
LDS-009,drug_10,t2_MOLLI,0
