subject,study,parameter,value
SHF-022,drug_15,BAT,0.023359628621146173
SHF-022,drug_15,CO,0.30245916693251895
SHF-022,drug_15,Thl,1.3623161210156627
SHF-022,drug_15,Dhl,6.990210563190616
SHF-022,drug_15,To,5.9406144776396275
SHF-022,drug_15,Eo,3.1681983074617155
SHF-022,drug_15,Toe,0.9672351667571338
SHF-022,drug_15,Eb,2.181642866138398
SHF-022,drug_15,H,0
SHF-022,drug_15,ve,20.860375533630627
SHF-022,drug_15,Te,30.78651085280335
SHF-022,drug_15,De,11.684798128024985
SHF-022,drug_15,khe,4.165213066543277
SHF-022,drug_15,Th,10.032747134836946
SHF-022,drug_15,Kbh,0
SHF-022,drug_15,Khe,0
SHF-022,drug_15,kbh,0
SHF-022,drug_15,CL,0.0
SHF-022,drug_15,AUC_Cb,0
SHF-022,drug_15,AUC_Cl,0
SHF-022,drug_15,AUC35_Cb,0
SHF-022,drug_15,AUC35_Cl,0
SHF-022,drug_15,RE_R1b,0
SHF-022,drug_15,RE_R1l,0
SHF-022,drug_15,RE_Sb,0
SHF-022,drug_15,RE_Sl,0
SHF-022,drug_15,T1_1,0
SHF-022,drug_15,T1_2,0
SHF-022,drug_15,t1_MOLLI,0
SHF-022,drug_15,t2_MOLLI,0
