subject,study,parameter,value
LDS-010,drug,S02a,25.108958215831564
LDS-010,drug,S02l,66.65219850635728
LDS-010,drug,BAT2,0.008804912703127553
LDS-010,drug,BAT,0.008714147919314191
LDS-010,drug,CO,0.1025850985837204
LDS-010,drug,Thl,0.6562222062457297
LDS-010,drug,Dhl,1.62952316954038
LDS-010,drug,To,1.1893183366169973
LDS-010,drug,Eo,0.4362526590870409
LDS-010,drug,Toe,0.4976660143248525
LDS-010,drug,Eb,0.15379488169665612
LDS-010,drug,H,0
LDS-010,drug,ve,0.9597265380832651
LDS-010,drug,Te,3.626849362768
LDS-010,drug,De,2.7536323511641503
LDS-010,drug,khe_i,0.32620515770098013
LDS-010,drug,khe_f,0.4316722629009403
LDS-010,drug,Th_i,133.46458058054606
LDS-010,drug,Th_f,362.8871067796538
LDS-010,drug,Th,0.0
LDS-010,drug,khe,0
LDS-010,drug,Kbh,0
LDS-010,drug,Khe,0
LDS-010,drug,kbh,0
LDS-010,drug,kbh_i,0
LDS-010,drug,kbh_f,0
LDS-010,drug,CL,0.0
LDS-010,drug,AUC_Cb,0
LDS-010,drug,AUC_Cl,0
LDS-010,drug,AUC35_Cb,0
LDS-010,drug,AUC35_Cl,0
LDS-010,drug,RE_R1b,0
LDS-010,drug,RE_R1l,0
LDS-010,drug,RE_Sb,0
LDS-010,drug,RE_Sl,0
LDS-010,drug,T1_1,0
LDS-010,drug,T1_2,0
LDS-010,drug,t1_MOLLI,0
LDS-010,drug,t2_MOLLI,0
LDS-010,drug,T1_3,0
LDS-010,drug,t3_MOLLI,0
LDS-010,drug,t0,0
LDS-010,drug,t1,0
LDS-010,drug,t2,0
LDS-010,drug,t3,0
LDS-010,drug,dt1,0
LDS-010,drug,dt2,0
