subject,study,parameter,value
LDS-001,control,BAT,1.1966554617446514
LDS-001,control,CO,13.9532453082072
LDS-001,control,Thl,22.615010061014626
LDS-001,control,Dhl,58.01595816644951
LDS-001,control,To,23.944392543084817
LDS-001,control,Eo,13.016268370008987
LDS-001,control,Toe,11.371383860009527
LDS-001,control,Eb,4.1386943887226515
LDS-001,control,H,45.0
LDS-001,control,ve,46.269562352349276
LDS-001,control,Te,59.99999999712121
LDS-001,control,De,84.38668687811315
LDS-001,control,khe,30.917861790734047
LDS-001,control,Th,42.991583147336414
LDS-001,control,Kbh,2.326036695538522
LDS-001,control,Khe,66.82116756430534
LDS-001,control,kbh,1.249789696357801
LDS-001,control,CL,0.34201752362982907
LDS-001,control,AUC_Cb,204.60101174679343
LDS-001,control,AUC_Cl,2700.620228436042
LDS-001,control,AUC35_Cb,108.75494541686814
LDS-001,control,AUC35_Cl,657.3078875720405
LDS-001,control,RE_R1b,60.84855323123147
LDS-001,control,RE_R1l,263.575649110997
LDS-001,control,RE_Sb,48.27375804538999
LDS-001,control,RE_Sl,161.41869792659912
LDS-001,control,T1_1,0.762049988
LDS-001,control,T1_2,0.164630005
LDS-001,control,t1_MOLLI,9.437863611111112
LDS-001,control,t2_MOLLI,10.4112
LDS-005,control,BAT,1.2690917708389016
LDS-005,control,CO,7.0176747813269245
LDS-005,control,Thl,11.477120930788642
LDS-005,control,Dhl,53.69415668839343
LDS-005,control,To,26.163547057139137
LDS-005,control,Eo,16.999854165025265
LDS-005,control,Toe,5.805401275989237
LDS-005,control,Eb,5.664949456199317
LDS-005,control,H,45.0
LDS-005,control,ve,25.954720801159226
LDS-005,control,Te,44.77561955106571
LDS-005,control,De,78.48313537123303
LDS-005,control,khe,37.54334026575838
LDS-005,control,Th,28.916849643396848
LDS-005,control,Kbh,3.4581913739982726
LDS-005,control,Khe,144.6493705456526
LDS-005,control,kbh,2.560627458107249
LDS-005,control,CL,0.2648015381443641
LDS-005,control,AUC_Cb,51.10326893798664
LDS-005,control,AUC_Cl,574.5801660911109
LDS-005,control,AUC35_Cb,36.01146195948268
LDS-005,control,AUC35_Cl,221.10211919191502
LDS-005,control,RE_R1b,15.774696579098352
LDS-005,control,RE_R1l,95.27291809877042
LDS-005,control,RE_Sb,8.177012040999793
LDS-005,control,RE_Sl,73.20949778298443
LDS-005,control,T1_1,0.8025
LDS-005,control,T1_2,0.450480011
LDS-005,control,t1_MOLLI,10.870616388888887
LDS-005,control,t2_MOLLI,11.798355277777777
SHF-007,control,BAT,1.1506887551328302
SHF-007,control,CO,5.387945167096352
SHF-007,control,Thl,8.545592303568382
SHF-007,control,Dhl,61.18259040007252
SHF-007,control,To,39.64364340496723
SHF-007,control,Eo,18.475089072566995
SHF-007,control,Toe,6.8256286355957245
SHF-007,control,Eb,5.796903554746076
SHF-007,control,H,45.0
SHF-007,control,ve,12.496397772579048
SHF-007,control,Te,37.61694538192653
SHF-007,control,De,84.99576832129826
SHF-007,control,khe,32.747537736558705
SHF-007,control,Th,43.19852841853643
SHF-007,control,Kbh,2.3148936702457235
SHF-007,control,Khe,262.05582066551136
SHF-007,control,kbh,2.0256153491995637
SHF-007,control,CL,0.23012531146143098
SHF-007,control,AUC_Cb,64.9840568448572
SHF-007,control,AUC_Cl,893.3916566070642
SHF-007,control,AUC35_Cb,40.89102681085871
SHF-007,control,AUC35_Cl,238.2823205586306
SHF-007,control,RE_R1b,18.351996236956804
SHF-007,control,RE_R1l,95.54269838916366
SHF-007,control,RE_Sb,2.984930726176896
SHF-007,control,RE_Sl,84.07479905911566
SHF-007,control,T1_1,0.74539
SHF-007,control,T1_2,0.37404
SHF-007,control,t1_MOLLI,13.813055555555556
SHF-007,control,t2_MOLLI,14.628055555555555
SHF-010,control,BAT,1.2002558400296361
SHF-010,control,CO,6.745702345843738
SHF-010,control,Thl,17.38679650015898
SHF-010,control,Dhl,47.929707228496035
SHF-010,control,To,39.290569580549
SHF-010,control,Eo,21.247299724472864
SHF-010,control,Toe,8.870072352760586
SHF-010,control,Eb,5.152290557457743
SHF-010,control,H,45.0
SHF-010,control,ve,23.549892974851737
SHF-010,control,Te,41.53235735463736
SHF-010,control,De,89.0619617697706
SHF-010,control,khe,41.45014907205668
SHF-010,control,Th,36.01088539209923
SHF-010,control,Kbh,2.7769381094400956
SHF-010,control,Khe,176.00992546471494
SHF-010,control,kbh,2.1229721566890816
SHF-010,control,CL,0.39174751403905855
SHF-010,control,AUC_Cb,56.23723034876827
SHF-010,control,AUC_Cl,817.3096879689953
SHF-010,control,AUC35_Cb,28.312297760365116
SHF-010,control,AUC35_Cl,199.94195639260371
SHF-010,control,RE_R1b,15.977912558178039
SHF-010,control,RE_R1l,81.2046832148591
SHF-010,control,RE_Sb,20.736894627893147
SHF-010,control,RE_Sl,72.43789701236672
SHF-010,control,T1_1,0.76626
SHF-010,control,T1_2,0.41884
SHF-010,control,t1_MOLLI,10.315555555555555
SHF-010,control,t2_MOLLI,11.1275
SHF-016,control,BAT,1.160139472310771
SHF-016,control,CO,14.089625839787555
SHF-016,control,Thl,18.63731311167386
SHF-016,control,Dhl,49.66959612182631
SHF-016,control,To,28.562377805407646
SHF-016,control,Eo,19.05110222537288
SHF-016,control,Toe,12.218470416966413
SHF-016,control,Eb,1.4093069515667986
SHF-016,control,H,45.0
SHF-016,control,ve,37.41219666747775
SHF-016,control,Te,59.90817029970511
SHF-016,control,De,99.99989695663236
SHF-016,control,khe,82.24342004086257
SHF-016,control,Th,24.26213888938831
SHF-016,control,Kbh,4.121648155420364
SHF-016,control,Khe,219.83050279524596
SHF-016,control,kbh,2.5796490415730284
SHF-016,control,CL,0.7729574240305783
SHF-016,control,AUC_Cb,55.26760599603961
SHF-016,control,AUC_Cl,1042.4270890495695
SHF-016,control,AUC35_Cb,17.309229726693523
SHF-016,control,AUC35_Cl,200.49496470736136
SHF-016,control,RE_R1b,9.879967383661981
SHF-016,control,RE_R1l,69.62611964400557
SHF-016,control,RE_Sb,7.722945120103658
SHF-016,control,RE_Sl,61.45453378717352
SHF-016,control,T1_1,0.65575
SHF-016,control,T1_2,0.41641
SHF-016,control,t1_MOLLI,11.832777777777778
SHF-016,control,t2_MOLLI,12.673333333333334
