subject,study,parameter,value
LDS-001,control,BAT,0.011913235024193891
LDS-001,control,CO,0.3484948397738719
LDS-001,control,Thl,1.213894108404206
LDS-001,control,Dhl,1.204374567643098
LDS-001,control,To,0.6727652790375314
LDS-001,control,Eo,0.2149714601243834
LDS-001,control,Toe,0.3917701756866123
LDS-001,control,Eb,0.2854247520114868
LDS-001,control,H,0.0
LDS-001,control,ve,1.4569977004992105
LDS-001,control,Te,2.823337881622296
LDS-001,control,De,1.4848260207991186
LDS-001,control,khe,0.2718408387097072
LDS-001,control,Th,0.798874188659384
LDS-001,control,Kbh,0.0
LDS-001,control,Khe,0.0
LDS-001,control,kbh,0.0
LDS-001,control,CL,0.0
LDS-001,control,AUC_Cb,0.0
LDS-001,control,AUC_Cl,0.0
LDS-001,control,AUC35_Cb,0.0
LDS-001,control,AUC35_Cl,0.0
LDS-001,control,RE_R1b,0.0
LDS-001,control,RE_R1l,0.0
LDS-001,control,RE_Sb,0.0
LDS-001,control,RE_Sl,0.0
LDS-001,control,T1_1,0.0
LDS-001,control,T1_2,0.0
LDS-001,control,t1_MOLLI,0.0
LDS-001,control,t2_MOLLI,0.0
LDS-005,control,BAT,0.006633862379971311
LDS-005,control,CO,0.15069670168166402
LDS-005,control,Thl,0.5729881828428569
LDS-005,control,Dhl,1.662705104179394
LDS-005,control,To,1.130697442146907
LDS-005,control,Eo,0.6341883614656683
LDS-005,control,Toe,0.28402592585677183
LDS-005,control,Eb,0.2554716806707573
LDS-005,control,H,0.0
LDS-005,control,ve,3.2821902894808686
LDS-005,control,Te,6.6742651050856105
LDS-005,control,De,4.30710079226531
LDS-005,control,khe,0.6707025051755583
LDS-005,control,Th,0.8094952036927175
LDS-005,control,Kbh,0.0
LDS-005,control,Khe,0.0
LDS-005,control,kbh,0.0
LDS-005,control,CL,0.0
LDS-005,control,AUC_Cb,0.0
LDS-005,control,AUC_Cl,0.0
LDS-005,control,AUC35_Cb,0.0
LDS-005,control,AUC35_Cl,0.0
LDS-005,control,RE_R1b,0.0
LDS-005,control,RE_R1l,0.0
LDS-005,control,RE_Sb,0.0
LDS-005,control,RE_Sl,0.0
LDS-005,control,T1_1,0.0
LDS-005,control,T1_2,0.0
LDS-005,control,t1_MOLLI,0.0
LDS-005,control,t2_MOLLI,0.0
SHF-007,control,BAT,0.00868676941127339
SHF-007,control,CO,0.14376976748143472
SHF-007,control,Thl,0.7401930033900199
SHF-007,control,Dhl,1.6085680706872298
SHF-007,control,To,2.0885068271047795
SHF-007,control,Eo,0.8932369593999713
SHF-007,control,Toe,0.5443624730257184
SHF-007,control,Eb,0.41290963109863665
SHF-007,control,H,0.0
SHF-007,control,ve,12.215935121257587
SHF-007,control,Te,36.8544068144609
SHF-007,control,De,16.97320410464971
SHF-007,control,khe,0.9550598507416869
SHF-007,control,Th,2.0572358092073086
SHF-007,control,Kbh,0.0
SHF-007,control,Khe,0.0
SHF-007,control,kbh,0.0
SHF-007,control,CL,0.0
SHF-007,control,AUC_Cb,0.0
SHF-007,control,AUC_Cl,0.0
SHF-007,control,AUC35_Cb,0.0
SHF-007,control,AUC35_Cl,0.0
SHF-007,control,RE_R1b,0.0
SHF-007,control,RE_R1l,0.0
SHF-007,control,RE_Sb,0.0
SHF-007,control,RE_Sl,0.0
SHF-007,control,T1_1,0.0
SHF-007,control,T1_2,0.0
SHF-007,control,t1_MOLLI,0.0
SHF-007,control,t2_MOLLI,0.0
SHF-010,control,BAT,0.042860950639822606
SHF-010,control,CO,0.2629321247642884
SHF-010,control,Thl,3.117949035129843
SHF-010,control,Dhl,4.981167793341017
SHF-010,control,To,2.2565097566778425
SHF-010,control,Eo,1.020700174976993
SHF-010,control,Toe,0.8287035817086987
SHF-010,control,Eb,0.7195867576855416
SHF-010,control,H,0.0
SHF-010,control,ve,8.547367830497425
SHF-010,control,Te,18.103580463585825
SHF-010,control,De,7.519903125757605
SHF-010,control,khe,1.1234144583716743
SHF-010,control,Th,1.6635224466192262
SHF-010,control,Kbh,0.0
SHF-010,control,Khe,0.0
SHF-010,control,kbh,0.0
SHF-010,control,CL,0.0
SHF-010,control,AUC_Cb,0.0
SHF-010,control,AUC_Cl,0.0
SHF-010,control,AUC35_Cb,0.0
SHF-010,control,AUC35_Cl,0.0
SHF-010,control,RE_R1b,0.0
SHF-010,control,RE_R1l,0.0
SHF-010,control,RE_Sb,0.0
SHF-010,control,RE_Sl,0.0
SHF-010,control,T1_1,0.0
SHF-010,control,T1_2,0.0
SHF-010,control,t1_MOLLI,0.0
SHF-010,control,t2_MOLLI,0.0
SHF-016,control,BAT,0.028065948017001817
SHF-016,control,CO,0.5820134733749932
SHF-016,control,Thl,2.4261514705547387
SHF-016,control,Dhl,2.5807190039490173
SHF-016,control,To,1.7486647379857785
SHF-016,control,Eo,0.7415663337683162
SHF-016,control,Toe,1.1197330759244835
SHF-016,control,Eb,0.6660206568208924
SHF-016,control,H,0.0
SHF-016,control,ve,44.42090570457838
SHF-016,control,Te,61.01720406381339
SHF-016,control,De,5.836689712644871
SHF-016,control,khe,2.93973852437455
SHF-016,control,Th,1.01320324850023
SHF-016,control,Kbh,0.0
SHF-016,control,Khe,0.0
SHF-016,control,kbh,0.0
SHF-016,control,CL,0.0
SHF-016,control,AUC_Cb,0.0
SHF-016,control,AUC_Cl,0.0
SHF-016,control,AUC35_Cb,0.0
SHF-016,control,AUC35_Cl,0.0
SHF-016,control,RE_R1b,0.0
SHF-016,control,RE_R1l,0.0
SHF-016,control,RE_Sb,0.0
SHF-016,control,RE_Sl,0.0
SHF-016,control,T1_1,0.0
SHF-016,control,T1_2,0.0
SHF-016,control,t1_MOLLI,0.0
SHF-016,control,t2_MOLLI,0.0
