subject,study,parameter,value
LDS-008,control_20,BAT,1.2139095926893502
LDS-008,control_20,CO,10.549487433307142
LDS-008,control_20,Thl,18.256989545918625
LDS-008,control_20,Dhl,39.590021966543034
LDS-008,control_20,To,20.54582742317514
LDS-008,control_20,Eo,19.05643257512425
LDS-008,control_20,Toe,5.866086572748689
LDS-008,control_20,Eb,2.888010825174513
LDS-008,control_20,H,45.0
LDS-008,control_20,ve,19.99255354098394
LDS-008,control_20,Te,24.66356533936464
LDS-008,control_20,De,57.652234667638524
LDS-008,control_20,khe,39.08230886754158
LDS-008,control_20,Th,27.341847834294366
LDS-008,control_20,Kbh,3.65739728368219
LDS-008,control_20,Khe,195.4843276394103
LDS-008,control_20,kbh,2.926190173535536
LDS-008,control_20,CL,0.40227775462889687
LDS-008,control_20,AUC_Cb,64.19644282931979
LDS-008,control_20,AUC_Cl,683.9691361942283
LDS-008,control_20,AUC35_Cb,29.514248937555582
LDS-008,control_20,AUC35_Cl,170.81255648037637
LDS-008,control_20,RE_R1b,20.093938436890106
LDS-008,control_20,RE_R1l,68.00825609504658
LDS-008,control_20,RE_Sb,20.143836800047403
LDS-008,control_20,RE_Sl,51.86356551020458
LDS-008,control_20,T1_1,0.74397998
LDS-008,control_20,T1_2,0.46023999
LDS-008,control_20,t1_MOLLI,14.109626388888888
LDS-008,control_20,t2_MOLLI,15.427624999999999
