subject,study,parameter,value
LDS-008,control_20,BAT,0.009883027222395962
LDS-008,control_20,CO,0.2112693073369615
LDS-008,control_20,Thl,0.6742007825573428
LDS-008,control_20,Dhl,1.5561703653462793
LDS-008,control_20,To,1.462709357892511
LDS-008,control_20,Eo,0.7430732479239252
LDS-008,control_20,Toe,0.875505163670523
LDS-008,control_20,Eb,0.9523848204117175
LDS-008,control_20,H,0
LDS-008,control_20,ve,2.507563220112042
LDS-008,control_20,Te,3.6150224380534874
LDS-008,control_20,De,8.122319533612337
LDS-008,control_20,khe,1.0635344205303594
LDS-008,control_20,Th,2.196321945083714
LDS-008,control_20,Kbh,0
LDS-008,control_20,Khe,0
LDS-008,control_20,kbh,0
LDS-008,control_20,CL,0.0
LDS-008,control_20,AUC_Cb,0
LDS-008,control_20,AUC_Cl,0
LDS-008,control_20,AUC35_Cb,0
LDS-008,control_20,AUC35_Cl,0
LDS-008,control_20,RE_R1b,0
LDS-008,control_20,RE_R1l,0
LDS-008,control_20,RE_Sb,0
LDS-008,control_20,RE_Sl,0
LDS-008,control_20,T1_1,0
LDS-008,control_20,T1_2,0
LDS-008,control_20,t1_MOLLI,0
LDS-008,control_20,t2_MOLLI,0
