subject,study,parameter,value
SHF-022,control_15,BAT,1.2395501094725423
SHF-022,control_15,CO,11.786754103504606
SHF-022,control_15,Thl,14.733173343570382
SHF-022,control_15,Dhl,38.93807810572131
SHF-022,control_15,To,20.646102685266275
SHF-022,control_15,Eo,19.352541517668183
SHF-022,control_15,Toe,2.7555228726920444
SHF-022,control_15,Eb,7.675689623022844
SHF-022,control_15,H,45.0
SHF-022,control_15,ve,28.764129121762906
SHF-022,control_15,Te,34.00429359671477
SHF-022,control_15,De,85.40439248270314
SHF-022,control_15,khe,52.344143816219024
SHF-022,control_15,Th,51.705044786222125
SHF-022,control_15,Kbh,1.9340472561905035
SHF-022,control_15,Khe,181.9771549301505
SHF-022,control_15,kbh,1.3777354061439546
SHF-022,control_15,CL,0.5954217568068161
SHF-022,control_15,AUC_Cb,22.415931939119748
SHF-022,control_15,AUC_Cl,593.8616393652146
SHF-022,control_15,AUC35_Cb,20.509077556924623
SHF-022,control_15,AUC35_Cl,216.4258090547853
SHF-022,control_15,RE_R1b,10.72865586753322
SHF-022,control_15,RE_R1l,90.6972884714094
SHF-022,control_15,RE_Sb,13.819378659897023
SHF-022,control_15,RE_Sl,73.81165708234253
SHF-022,control_15,T1_1,0.75858
SHF-022,control_15,T1_2,0.36546
SHF-022,control_15,t1_MOLLI,13.748333333333333
SHF-022,control_15,t2_MOLLI,14.633333333333333
