subject,study,parameter,value
SHF-022,control_15,BAT,0.02294687458046627
SHF-022,control_15,CO,0.5303230408948799
SHF-022,control_15,Thl,1.8963441576769042
SHF-022,control_15,Dhl,3.3388071807652646
SHF-022,control_15,To,4.290813123019735
SHF-022,control_15,Eo,3.7741455819909593
SHF-022,control_15,Toe,1.199205909155213
SHF-022,control_15,Eb,1.7542868927016966
SHF-022,control_15,H,0
SHF-022,control_15,ve,21.120472677052334
SHF-022,control_15,Te,30.980579700891493
SHF-022,control_15,De,19.239655129936548
SHF-022,control_15,khe,5.349998706020388
SHF-022,control_15,Th,34.90859410381295
SHF-022,control_15,Kbh,0
SHF-022,control_15,Khe,0
SHF-022,control_15,kbh,0
SHF-022,control_15,CL,0.0
SHF-022,control_15,AUC_Cb,0
SHF-022,control_15,AUC_Cl,0
SHF-022,control_15,AUC35_Cb,0
SHF-022,control_15,AUC35_Cl,0
SHF-022,control_15,RE_R1b,0
SHF-022,control_15,RE_R1l,0
SHF-022,control_15,RE_Sb,0
SHF-022,control_15,RE_Sl,0
SHF-022,control_15,T1_1,0
SHF-022,control_15,T1_2,0
SHF-022,control_15,t1_MOLLI,0
SHF-022,control_15,t2_MOLLI,0
