subject,study,parameter,value
LDS-006,drug_30,BAT,0.002304546591026126
LDS-006,drug_30,CO,0.223044297325779
LDS-006,drug_30,Thl,0.3070606130941087
LDS-006,drug_30,Dhl,1.20692396640331
LDS-006,drug_30,To,1.424187218996404
LDS-006,drug_30,Eo,0.7004091104438905
LDS-006,drug_30,Toe,0.7920604949317762
LDS-006,drug_30,Eb,0.33776182480563977
LDS-006,drug_30,H,0
LDS-006,drug_30,ve,1.6145073890736272
LDS-006,drug_30,Te,3.5940714169849626
LDS-006,drug_30,De,3.904664748853027
LDS-006,drug_30,khe,0.39209365116110717
LDS-006,drug_30,Th,6156.649587393882
LDS-006,drug_30,Kbh,0
LDS-006,drug_30,Khe,0
LDS-006,drug_30,kbh,0
LDS-006,drug_30,CL,0.0
LDS-006,drug_30,AUC_Cb,0
LDS-006,drug_30,AUC_Cl,0
LDS-006,drug_30,AUC35_Cb,0
LDS-006,drug_30,AUC35_Cl,0
LDS-006,drug_30,RE_R1b,0
LDS-006,drug_30,RE_R1l,0
LDS-006,drug_30,RE_Sb,0
LDS-006,drug_30,RE_Sl,0
LDS-006,drug_30,T1_1,0
LDS-006,drug_30,T1_2,0
LDS-006,drug_30,t1_MOLLI,0
LDS-006,drug_30,t2_MOLLI,0
