subject,study,parameter,value
LDS-003,drug_15,BAT,0.012886895136202095
LDS-003,drug_15,CO,0.2036784707273583
LDS-003,drug_15,Thl,0.8457878485870765
LDS-003,drug_15,Dhl,1.7870975212820817
LDS-003,drug_15,To,1.9462906553641395
LDS-003,drug_15,Eo,2.432727885569302
LDS-003,drug_15,Toe,0.6567247996637537
LDS-003,drug_15,Eb,0.6513900956295811
LDS-003,drug_15,H,0
LDS-003,drug_15,ve,4.815143562419799
LDS-003,drug_15,Te,4.285324144641145
LDS-003,drug_15,De,8.29100182910852
LDS-003,drug_15,khe,1.2600898648542571
LDS-003,drug_15,Th,19691.22973106675
LDS-003,drug_15,Kbh,0
LDS-003,drug_15,Khe,0
LDS-003,drug_15,kbh,0
LDS-003,drug_15,CL,0.0
LDS-003,drug_15,AUC_Cb,0
LDS-003,drug_15,AUC_Cl,0
LDS-003,drug_15,AUC35_Cb,0
LDS-003,drug_15,AUC35_Cl,0
LDS-003,drug_15,RE_R1b,0
LDS-003,drug_15,RE_R1l,0
LDS-003,drug_15,RE_Sb,0
LDS-003,drug_15,RE_Sl,0
LDS-003,drug_15,T1_1,0
LDS-003,drug_15,T1_2,0
LDS-003,drug_15,t1_MOLLI,0
LDS-003,drug_15,t2_MOLLI,0
