subject,study,parameter,value
SHF-022,control_05,BAT,1.1531499773457472
SHF-022,control_05,CO,11.216625456513151
SHF-022,control_05,Thl,20.2703585640362
SHF-022,control_05,Dhl,31.677204765961946
SHF-022,control_05,To,2.7496060708574843
SHF-022,control_05,Eo,49.99999994430199
SHF-022,control_05,Toe,0.5246395752601914
SHF-022,control_05,Eb,12.099440598221152
SHF-022,control_05,H,45.0
SHF-022,control_05,ve,48.88909381919241
SHF-022,control_05,Te,59.69589766947161
SHF-022,control_05,De,92.55965711013762
SHF-022,control_05,khe,43.17481376965282
SHF-022,control_05,Th,550.4288378952382
SHF-022,control_05,Kbh,0.1816765276731972
SHF-022,control_05,Khe,88.31174889296817
SHF-022,control_05,kbh,0.09285651961159674
SHF-022,control_05,CL,0.49111938013146605
SHF-022,control_05,AUC_Cb,14.951809606170135
SHF-022,control_05,AUC_Cl,974.2507612976269
SHF-022,control_05,AUC35_Cb,14.951687898127204
SHF-022,control_05,AUC35_Cl,192.9679969273061
SHF-022,control_05,RE_R1b,1.567621495573774
SHF-022,control_05,RE_R1l,77.68798377172206
SHF-022,control_05,RE_Sb,2.949770381455365
SHF-022,control_05,RE_Sl,75.15122723718413
SHF-022,control_05,T1_1,0.75858
SHF-022,control_05,T1_2,0.36546
SHF-022,control_05,t1_MOLLI,13.748333333333333
SHF-022,control_05,t2_MOLLI,14.633333333333333
