subject,study,parameter,value
SHF-022,control_05,BAT,0.027268638221015377
SHF-022,control_05,CO,0.8368304363746655
SHF-022,control_05,Thl,2.412429472776713
SHF-022,control_05,Dhl,3.1278924528966536
SHF-022,control_05,To,3.674442472802787
SHF-022,control_05,Eo,11.737202738669527
SHF-022,control_05,Toe,0.3919672030858029
SHF-022,control_05,Eb,7.850714927711692
SHF-022,control_05,H,0
SHF-022,control_05,ve,294.05676957258487
SHF-022,control_05,Te,482.6959516439156
SHF-022,control_05,De,66.00598177124793
SHF-022,control_05,khe,267.4522701045626
SHF-022,control_05,Th,700285.3613847384
SHF-022,control_05,Kbh,0
SHF-022,control_05,Khe,0
SHF-022,control_05,kbh,0
SHF-022,control_05,CL,0.0
SHF-022,control_05,AUC_Cb,0
SHF-022,control_05,AUC_Cl,0
SHF-022,control_05,AUC35_Cb,0
SHF-022,control_05,AUC35_Cl,0
SHF-022,control_05,RE_R1b,0
SHF-022,control_05,RE_R1l,0
SHF-022,control_05,RE_Sb,0
SHF-022,control_05,RE_Sl,0
SHF-022,control_05,T1_1,0
SHF-022,control_05,T1_2,0
SHF-022,control_05,t1_MOLLI,0
SHF-022,control_05,t2_MOLLI,0
