subject,study,parameter,value
GOT-001,drug_20,BAT,0.007326404208900492
GOT-001,drug_20,CO,0.08880566036732036
GOT-001,drug_20,Thl,0.5090569734999275
GOT-001,drug_20,Dhl,1.4717258883440902
GOT-001,drug_20,To,1.328816884551534
GOT-001,drug_20,Eo,0.6254823697791181
GOT-001,drug_20,Toe,0.5524674269448142
GOT-001,drug_20,Eb,0.6924228137810644
GOT-001,drug_20,H,0
GOT-001,drug_20,ve,1.4889194368804552
GOT-001,drug_20,Te,9.422308670882176
GOT-001,drug_20,De,5.173451218442407
GOT-001,drug_20,khe,0.7508855389722584
GOT-001,drug_20,Th,4.690701746822709
GOT-001,drug_20,Kbh,0
GOT-001,drug_20,Khe,0
GOT-001,drug_20,kbh,0
GOT-001,drug_20,CL,0.0
GOT-001,drug_20,AUC_Cb,0
GOT-001,drug_20,AUC_Cl,0
GOT-001,drug_20,AUC35_Cb,0
GOT-001,drug_20,AUC35_Cl,0
GOT-001,drug_20,RE_R1b,0
GOT-001,drug_20,RE_R1l,0
GOT-001,drug_20,RE_Sb,0
GOT-001,drug_20,RE_Sl,0
GOT-001,drug_20,T1_1,0
GOT-001,drug_20,T1_2,0
GOT-001,drug_20,t1_MOLLI,0
GOT-001,drug_20,t2_MOLLI,0
