subject,study,parameter,value
SHF-006,control_35,BAT,1.2623113079731567
SHF-006,control_35,CO,9.065820617570692
SHF-006,control_35,Thl,17.67606734364279
SHF-006,control_35,Dhl,42.538050079020486
SHF-006,control_35,To,35.64606626602664
SHF-006,control_35,Eo,22.221412580405435
SHF-006,control_35,Toe,8.896468646312707
SHF-006,control_35,Eb,1.8997851773817933
SHF-006,control_35,H,45.0
SHF-006,control_35,ve,14.953040210780502
SHF-006,control_35,Te,30.10997115796343
SHF-006,control_35,De,63.520727972709366
SHF-006,control_35,khe,52.2740408326828
SHF-006,control_35,Th,21.981468485769806
SHF-006,control_35,Kbh,4.549286598606332
SHF-006,control_35,Khe,349.5880442760761
SHF-006,control_35,kbh,3.869029944213079
SHF-006,control_35,CL,0.5685023315889778
SHF-006,control_35,AUC_Cb,78.83032768299789
SHF-006,control_35,AUC_Cl,865.2191461855884
SHF-006,control_35,AUC35_Cb,25.68208505501359
SHF-006,control_35,AUC35_Cl,177.1506490428908
SHF-006,control_35,RE_R1b,15.775292992066053
SHF-006,control_35,RE_R1l,63.65557601722408
SHF-006,control_35,RE_Sb,11.404476084052975
SHF-006,control_35,RE_Sl,54.25177180176287
SHF-006,control_35,T1_1,0.68025
SHF-006,control_35,T1_2,0.68286
SHF-006,control_35,t1_MOLLI,8.917222222222222
SHF-006,control_35,t2_MOLLI,8.917222222222222
