subject,study,parameter,value
SHF-006,control_35,BAT,0.02240950396591325
SHF-006,control_35,CO,0.20309857008999185
SHF-006,control_35,Thl,1.4637422419841248
SHF-006,control_35,Dhl,3.0177936452107654
SHF-006,control_35,To,2.353593928587356
SHF-006,control_35,Eo,0.8860190532305188
SHF-006,control_35,Toe,1.0497130437578048
SHF-006,control_35,Eb,0.7695959474419317
SHF-006,control_35,H,0
SHF-006,control_35,ve,10.887384158234548
SHF-006,control_35,Te,18.97575065203604
SHF-006,control_35,De,26.214882887966557
SHF-006,control_35,khe,1.8752174592418234
SHF-006,control_35,Th,1.028278143145963
SHF-006,control_35,Kbh,0
SHF-006,control_35,Khe,0
SHF-006,control_35,kbh,0
SHF-006,control_35,CL,0.0
SHF-006,control_35,AUC_Cb,0
SHF-006,control_35,AUC_Cl,0
SHF-006,control_35,AUC35_Cb,0
SHF-006,control_35,AUC35_Cl,0
SHF-006,control_35,RE_R1b,0
SHF-006,control_35,RE_R1l,0
SHF-006,control_35,RE_Sb,0
SHF-006,control_35,RE_Sl,0
SHF-006,control_35,T1_1,0
SHF-006,control_35,T1_2,0
SHF-006,control_35,t1_MOLLI,0
SHF-006,control_35,t2_MOLLI,0
