subject,study,parameter,value
SHF-002,drug_30,BAT,0.009289724849134278
SHF-002,drug_30,CO,0.039455513228230245
SHF-002,drug_30,Thl,0.6482931309266843
SHF-002,drug_30,Dhl,1.5244551945886449
SHF-002,drug_30,To,1.9442144994598778
SHF-002,drug_30,Eo,1.2316440771529686
SHF-002,drug_30,Toe,0.3149601327804027
SHF-002,drug_30,Eb,0.3302710213292632
SHF-002,drug_30,H,0
SHF-002,drug_30,ve,1.1249863150197457
SHF-002,drug_30,Te,4.8121562141758805
SHF-002,drug_30,De,2.839163327102169
SHF-002,drug_30,khe,0.2563793858250692
SHF-002,drug_30,Th,1732.9630205848991
SHF-002,drug_30,Kbh,0
SHF-002,drug_30,Khe,0
SHF-002,drug_30,kbh,0
SHF-002,drug_30,CL,0.0
SHF-002,drug_30,AUC_Cb,0
SHF-002,drug_30,AUC_Cl,0
SHF-002,drug_30,AUC35_Cb,0
SHF-002,drug_30,AUC35_Cl,0
SHF-002,drug_30,RE_R1b,0
SHF-002,drug_30,RE_R1l,0
SHF-002,drug_30,RE_Sb,0
SHF-002,drug_30,RE_Sl,0
SHF-002,drug_30,T1_1,0
SHF-002,drug_30,T1_2,0
SHF-002,drug_30,t1_MOLLI,0
SHF-002,drug_30,t2_MOLLI,0
