subject,study,parameter,description,value,unit
001,control,TR,Repetition time,0.0037099999999999998,sec
001,control,FA_1,Flip angle - first scan,15,deg
001,control,FA_2,Flip angle - second scan,15,deg
001,control,weight,Subject body weight,75.0,kg
001,control,dose_1,Contrast agent dose - first scan,0.125,mL/kg
001,control,dose_2,Contrast agent dose - second scan,0.125,mL/kg
001,control,liver_volume,Whole liver volume,1106.213379,mL
001,control,kidney_volume,Both kidneys volume,188.7451172,mL
001,control,T1_aorta_1,First aorta T1,1.70822998046875,sec
001,control,T1_aorta_2,Second aorta T1,1.334489990234375,sec
001,control,T1_aorta_3,Third aorta T1,1.605119995117188,sec
001,control,T1_liver_1,First liver T1,0.7620499877929687,sec
001,control,T1_liver_2,Second liver T1,0.1646300048828125,sec
001,control,T1_liver_3,Third liver T1,0.2690299987792969,sec
001,control,T1_kidney_1,First kidney T1,1.372089965820312,sec
001,control,T1_kidney_2,Second kidney T1,0.9202899780273438,sec
001,control,T1_kidney_3,Third kidney T1,1.038109985351562,sec
001,control,T1_portal_1,First portal T1,1.691390014648438,sec
001,control,T1_portal_2,Second portal T1,1.315119995117188,sec
001,control,T1_portal_3,Third portal T1,1.4263199462890621,sec
001,control,T1_time_1,First T1 time,33976.309,sec
001,control,T1_time_2,Second T1 time,37480.32,sec
001,control,T1_time_3,Third T1 time,41717.212,sec
001,control,t0,Baseline length,60.0,sec
002,control,TR,Repetition time,0.0037099999999999998,sec
002,control,FA_1,Flip angle - first scan,15,deg
002,control,FA_2,Flip angle - second scan,15,deg
002,control,weight,Subject body weight,63.25,kg
002,control,dose_1,Contrast agent dose - first scan,0.0125,mL/kg
002,control,dose_2,Contrast agent dose - second scan,0.0125,mL/kg
002,control,liver_volume,Whole liver volume,683.6791992000001,mL
002,control,kidney_volume,Both kidneys volume,176.2207031,mL
002,control,T1_aorta_1,First aorta T1,1.699910034179688,sec
002,control,T1_aorta_2,Second aorta T1,1.635400024414062,sec
002,control,T1_aorta_3,Third aorta T1,1.713160034179688,sec
002,control,T1_liver_1,First liver T1,0.7561699829101562,sec
002,control,T1_liver_2,Second liver T1,0.5827899780273438,sec
002,control,T1_liver_3,Third liver T1,0.7398499755859375,sec
002,control,T1_kidney_1,First kidney T1,1.458180053710938,sec
002,control,T1_kidney_2,Second kidney T1,1.32977001953125,sec
002,control,T1_kidney_3,Third kidney T1,1.324010009765625,sec
002,control,T1_portal_1,First portal T1,nan,sec
002,control,T1_portal_2,Second portal T1,1.572030029296875,sec
002,control,T1_portal_3,Third portal T1,1.565469970703125,sec
002,control,T1_time_1,First T1 time,38487.839,sec
002,control,T1_time_2,Second T1 time,41814.856,sec
002,control,T1_time_3,Third T1 time,54840.928,sec
002,control,t0,Baseline length,60.0,sec
003,control,TR,Repetition time,0.0037099999999999998,sec
003,control,FA_1,Flip angle - first scan,15,deg
003,control,FA_2,Flip angle - second scan,15,deg
003,control,weight,Subject body weight,76.3,kg
003,control,dose_1,Contrast agent dose - first scan,0.0125,mL/kg
003,control,dose_2,Contrast agent dose - second scan,0.0,mL/kg
003,control,liver_volume,Whole liver volume,874.0722656,mL
003,control,kidney_volume,Both kidneys volume,205.7739258,mL
003,control,T1_aorta_1,First aorta T1,1.66832,sec
003,control,T1_aorta_2,Second aorta T1,1.602300048828125,sec
003,control,T1_aorta_3,Third aorta T1,1.725489990234375,sec
003,control,T1_liver_1,First liver T1,0.7069000244140625,sec
003,control,T1_liver_2,Second liver T1,0.5294000244140625,sec
003,control,T1_liver_3,Third liver T1,0.6596500244140625,sec
003,control,T1_kidney_1,First kidney T1,1.39097998046875,sec
003,control,T1_kidney_2,Second kidney T1,1.319859985351562,sec
003,control,T1_kidney_3,Third kidney T1,1.4021199951171879,sec
003,control,T1_portal_1,First portal T1,1.668319946289062,sec
003,control,T1_portal_2,Second portal T1,1.66425,sec
003,control,T1_portal_3,Third portal T1,1.6913699951171879,sec
003,control,T1_time_1,First T1 time,38546.805,sec
003,control,T1_time_2,Second T1 time,41959.721,sec
003,control,T1_time_3,Third T1 time,47724.231,sec
003,control,t0,Baseline length,60.0,sec
004,control,TR,Repetition time,0.0037099999999999998,sec
004,control,FA_1,Flip angle - first scan,15,deg
004,control,FA_2,Flip angle - second scan,15,deg
004,control,weight,Subject body weight,81.3,kg
004,control,dose_1,Contrast agent dose - first scan,0.025,mL/kg
004,control,dose_2,Contrast agent dose - second scan,0.025,mL/kg
004,control,liver_volume,Whole liver volume,886.0473632999999,mL
004,control,kidney_volume,Both kidneys volume,178.7475586,mL
004,control,T1_aorta_1,First aorta T1,1.836619995117188,sec
004,control,T1_aorta_2,Second aorta T1,1.6783199462890621,sec
004,control,T1_aorta_3,Third aorta T1,1.564989990234375,sec
004,control,T1_liver_1,First liver T1,0.8023599853515625,sec
004,control,T1_liver_2,Second liver T1,0.5024599914550781,sec
004,control,T1_liver_3,Third liver T1,0.6498900146484375,sec
004,control,T1_kidney_1,First kidney T1,1.3968399658203121,sec
004,control,T1_kidney_2,Second kidney T1,1.1949599609375,sec
004,control,T1_kidney_3,Third kidney T1,1.31152001953125,sec
004,control,T1_portal_1,First portal T1,1.77497998046875,sec
004,control,T1_portal_2,Second portal T1,1.5834599609375,sec
004,control,T1_portal_3,Third portal T1,1.675160034179688,sec
004,control,T1_time_1,First T1 time,35396.105,sec
004,control,T1_time_2,Second T1 time,38520.633,sec
004,control,T1_time_3,Third T1 time,44344.884,sec
004,control,t0,Baseline length,60.0,sec
005,control,TR,Repetition time,0.0037099999999999998,sec
005,control,FA_1,Flip angle - first scan,14.999999,deg
005,control,FA_2,Flip angle - second scan,15,deg
005,control,weight,Subject body weight,74.45,kg
005,control,dose_1,Contrast agent dose - first scan,0.025,mL/kg
005,control,dose_2,Contrast agent dose - second scan,0.025,mL/kg
005,control,liver_volume,Whole liver volume,705.3222656,mL
005,control,kidney_volume,Both kidneys volume,114.9169922,mL
005,control,T1_aorta_1,First aorta T1,1.28156005859375,sec
005,control,T1_aorta_2,Second aorta T1,1.2402099609375,sec
005,control,T1_aorta_3,Third aorta T1,0.9654400024414063,sec
005,control,T1_liver_1,First liver T1,0.8025,sec
005,control,T1_liver_2,Second liver T1,0.4504800109863281,sec
005,control,T1_liver_3,Third liver T1,0.66952001953125,sec
005,control,T1_kidney_1,First kidney T1,1.451339965820312,sec
005,control,T1_kidney_2,Second kidney T1,1.19568994140625,sec
005,control,T1_kidney_3,Third kidney T1,1.396550048828125,sec
005,control,T1_portal_1,First portal T1,1.781319946289062,sec
005,control,T1_portal_2,Second portal T1,1.5744599609375,sec
005,control,T1_portal_3,Third portal T1,1.746,sec
005,control,T1_time_1,First T1 time,39134.219,sec
005,control,T1_time_2,Second T1 time,42474.079,sec
005,control,T1_time_3,Third T1 time,49023.399,sec
005,control,t0,Baseline length,60.0,sec
006,control,TR,Repetition time,0.0037099999999999998,sec
006,control,FA_1,Flip angle - first scan,15,deg
006,control,FA_2,Flip angle - second scan,15,deg
006,control,weight,Subject body weight,57.05,kg
006,control,dose_1,Contrast agent dose - first scan,0.025,mL/kg
006,control,dose_2,Contrast agent dose - second scan,0.025,mL/kg
006,control,liver_volume,Whole liver volume,691.1499023,mL
006,control,kidney_volume,Both kidneys volume,146.4477539,mL
006,control,T1_aorta_1,First aorta T1,1.7650400390625,sec
006,control,T1_aorta_2,Second aorta T1,1.753660034179688,sec
006,control,T1_aorta_3,Third aorta T1,1.812239990234375,sec
006,control,T1_liver_1,First liver T1,0.839760009765625,sec
006,control,T1_liver_2,Second liver T1,0.4984400024414062,sec
006,control,T1_liver_3,Third liver T1,0.6847100219726563,sec
006,control,T1_kidney_1,First kidney T1,1.424449951171875,sec
006,control,T1_kidney_2,Second kidney T1,1.2643599853515621,sec
006,control,T1_kidney_3,Third kidney T1,1.370829956054688,sec
006,control,T1_portal_1,First portal T1,1.7920400390625,sec
006,control,T1_portal_2,Second portal T1,1.72952001953125,sec
006,control,T1_portal_3,Third portal T1,1.73577001953125,sec
006,control,T1_time_1,First T1 time,45706.427,sec
006,control,T1_time_2,Second T1 time,49399.743,sec
006,control,T1_time_3,Third T1 time,54602.341,sec
006,control,t0,Baseline length,60.0,sec
007,control,TR,Repetition time,0.0037099999999999998,sec
007,control,FA_1,Flip angle - first scan,15,deg
007,control,FA_2,Flip angle - second scan,15,deg
007,control,weight,Subject body weight,72.0,kg
007,control,dose_1,Contrast agent dose - first scan,0.025,mL/kg
007,control,dose_2,Contrast agent dose - second scan,0.025,mL/kg
007,control,liver_volume,Whole liver volume,944.1650391000001,mL
007,control,kidney_volume,Both kidneys volume,170.3979492,mL
007,control,T1_aorta_1,First aorta T1,1.77997998046875,sec
007,control,T1_aorta_2,Second aorta T1,1.710680053710938,sec
007,control,T1_aorta_3,Third aorta T1,1.756,sec
007,control,T1_liver_1,First liver T1,0.8554199829101562,sec
007,control,T1_liver_2,Second liver T1,0.5375399780273438,sec
007,control,T1_liver_3,Third liver T1,0.6018400268554688,sec
007,control,T1_kidney_1,First kidney T1,1.4873399658203121,sec
007,control,T1_kidney_2,Second kidney T1,1.25806005859375,sec
007,control,T1_kidney_3,Third kidney T1,1.3220400390625,sec
007,control,T1_portal_1,First portal T1,1.778280029296875,sec
007,control,T1_portal_2,Second portal T1,1.431030029296875,sec
007,control,T1_portal_3,Third portal T1,1.72727001953125,sec
007,control,T1_time_1,First T1 time,53225.859,sec
007,control,T1_time_2,Second T1 time,58511.83,sec
007,control,T1_time_3,Third T1 time,61038.221,sec
007,control,t0,Baseline length,60.0,sec
008,control,TR,Repetition time,0.0037099999999999998,sec
008,control,FA_1,Flip angle - first scan,14.999999,deg
008,control,FA_2,Flip angle - second scan,14.999999,deg
008,control,weight,Subject body weight,74.0,kg
008,control,dose_1,Contrast agent dose - first scan,0.025,mL/kg
008,control,dose_2,Contrast agent dose - second scan,0.025,mL/kg
008,control,liver_volume,Whole liver volume,1029.309082,mL
008,control,kidney_volume,Both kidneys volume,182.9223633,mL
008,control,T1_aorta_1,First aorta T1,1.7884300537109379,sec
008,control,T1_aorta_2,Second aorta T1,1.63072998046875,sec
008,control,T1_aorta_3,Third aorta T1,1.682119995117188,sec
008,control,T1_liver_1,First liver T1,0.74397998046875,sec
008,control,T1_liver_2,Second liver T1,0.460239990234375,sec
008,control,T1_liver_3,Third liver T1,0.5749299926757813,sec
008,control,T1_kidney_1,First kidney T1,1.419420043945312,sec
008,control,T1_kidney_2,Second kidney T1,1.21897998046875,sec
008,control,T1_kidney_3,Third kidney T1,1.30043994140625,sec
008,control,T1_portal_1,First portal T1,1.762300048828125,sec
008,control,T1_portal_2,Second portal T1,1.633010009765625,sec
008,control,T1_portal_3,Third portal T1,1.648,sec
008,control,T1_time_1,First T1 time,50794.655,sec
008,control,T1_time_2,Second T1 time,55539.45,sec
008,control,T1_time_3,Third T1 time,59098.597,sec
008,control,t0,Baseline length,60.0,sec
009,control,TR,Repetition time,0.0037099999999999998,sec
009,control,FA_1,Flip angle - first scan,12.499999,deg
009,control,FA_2,Flip angle - second scan,13.5,deg
009,control,weight,Subject body weight,82.8,kg
009,control,dose_1,Contrast agent dose - first scan,0.025,mL/kg
009,control,dose_2,Contrast agent dose - second scan,0.025,mL/kg
009,control,liver_volume,Whole liver volume,1186.116609,mL
009,control,kidney_volume,Both kidneys volume,259.8741478,mL
009,control,T1_aorta_1,First aorta T1,1.79881005859375,sec
009,control,T1_aorta_2,Second aorta T1,1.68118994140625,sec
009,control,T1_aorta_3,Third aorta T1,1.548160034179688,sec
009,control,T1_liver_1,First liver T1,0.8470499877929687,sec
009,control,T1_liver_2,Second liver T1,0.6215999755859375,sec
009,control,T1_liver_3,Third liver T1,0.7264299926757812,sec
009,control,T1_kidney_1,First kidney T1,1.393949951171875,sec
009,control,T1_kidney_2,Second kidney T1,1.161630004882812,sec
009,control,T1_kidney_3,Third kidney T1,1.2219599609375,sec
009,control,T1_portal_1,First portal T1,1.798880004882812,sec
009,control,T1_portal_2,Second portal T1,1.519449951171875,sec
009,control,T1_portal_3,Third portal T1,nan,sec
009,control,T1_time_1,First T1 time,49655.237,sec
009,control,T1_time_2,Second T1 time,54560.172,sec
009,control,T1_time_3,Third T1 time,57679.274,sec
009,control,t0,Baseline length,60.0,sec
010,control,TR,Repetition time,0.0037099999999999998,sec
010,control,FA_1,Flip angle - first scan,15.0,deg
010,control,FA_2,Flip angle - second scan,15,deg
010,control,weight,Subject body weight,74.0,kg
010,control,dose_1,Contrast agent dose - first scan,0.025,mL/kg
010,control,dose_2,Contrast agent dose - second scan,0.025,mL/kg
010,control,liver_volume,Whole liver volume,1075.891113,mL
010,control,kidney_volume,Both kidneys volume,194.5678711,mL
010,control,T1_aorta_1,First aorta T1,1.59027001953125,sec
010,control,T1_aorta_2,Second aorta T1,1.4461500244140622,sec
010,control,T1_aorta_3,Third aorta T1,1.34277001953125,sec
010,control,T1_liver_1,First liver T1,0.8063200073242187,sec
010,control,T1_liver_2,Second liver T1,0.5618900146484375,sec
010,control,T1_liver_3,Third liver T1,0.7150399780273438,sec
010,control,T1_kidney_1,First kidney T1,1.370910034179688,sec
010,control,T1_kidney_2,Second kidney T1,1.1658299560546879,sec
010,control,T1_kidney_3,Third kidney T1,1.356630004882812,sec
010,control,T1_portal_1,First portal T1,1.7507900390625,sec
010,control,T1_portal_2,Second portal T1,1.663300048828125,sec
010,control,T1_portal_3,Third portal T1,1.675739990234375,sec
010,control,T1_time_1,First T1 time,49901.983,sec
010,control,T1_time_2,Second T1 time,54075.883,sec
010,control,T1_time_3,Third T1 time,58079.145,sec
010,control,t0,Baseline length,60.0,sec
