subject,study,parameter,value
SHF-004,drug_20,BAT,0.00551788337623837
SHF-004,drug_20,CO,0.26967748178166684
SHF-004,drug_20,Thl,0.4778056811510471
SHF-004,drug_20,Dhl,3.5398453046702403
SHF-004,drug_20,To,1.2651933253090109
SHF-004,drug_20,Eo,0.5691136840638488
SHF-004,drug_20,Toe,0.7312996159847652
SHF-004,drug_20,Eb,0.5614372224990118
SHF-004,drug_20,H,0
SHF-004,drug_20,ve,1.657036193338945
SHF-004,drug_20,Te,3.247874649598831
SHF-004,drug_20,De,5.551758938497121
SHF-004,drug_20,khe,0.5061466129422214
SHF-004,drug_20,Th,5812.294188969512
SHF-004,drug_20,Kbh,0
SHF-004,drug_20,Khe,0
SHF-004,drug_20,kbh,0
SHF-004,drug_20,CL,0.0
SHF-004,drug_20,AUC_Cb,0
SHF-004,drug_20,AUC_Cl,0
SHF-004,drug_20,AUC35_Cb,0
SHF-004,drug_20,AUC35_Cl,0
SHF-004,drug_20,RE_R1b,0
SHF-004,drug_20,RE_R1l,0
SHF-004,drug_20,RE_Sb,0
SHF-004,drug_20,RE_Sl,0
SHF-004,drug_20,T1_1,0
SHF-004,drug_20,T1_2,0
SHF-004,drug_20,t1_MOLLI,0
SHF-004,drug_20,t2_MOLLI,0
