subject,study,parameter,value
LDS-008,drug_15,BAT,0.0038700333230715766
LDS-008,drug_15,CO,0.4587351715521634
LDS-008,drug_15,Thl,0.46368227307766796
LDS-008,drug_15,Dhl,2.5557223388021346
LDS-008,drug_15,To,1.5379138465231654
LDS-008,drug_15,Eo,0.9423556705531787
LDS-008,drug_15,Toe,1.5376740469131405
LDS-008,drug_15,Eb,1.6151807135961351
LDS-008,drug_15,H,0
LDS-008,drug_15,ve,1.8633703241038861
LDS-008,drug_15,Te,4.891237414693604
LDS-008,drug_15,De,10.62216074082603
LDS-008,drug_15,khe,1.2505807423178652
LDS-008,drug_15,Th,96.94711145819005
LDS-008,drug_15,Kbh,0
LDS-008,drug_15,Khe,0
LDS-008,drug_15,kbh,0
LDS-008,drug_15,CL,0.0
LDS-008,drug_15,AUC_Cb,0
LDS-008,drug_15,AUC_Cl,0
LDS-008,drug_15,AUC35_Cb,0
LDS-008,drug_15,AUC35_Cl,0
LDS-008,drug_15,RE_R1b,0
LDS-008,drug_15,RE_R1l,0
LDS-008,drug_15,RE_Sb,0
LDS-008,drug_15,RE_Sl,0
LDS-008,drug_15,T1_1,0
LDS-008,drug_15,T1_2,0
LDS-008,drug_15,t1_MOLLI,0
LDS-008,drug_15,t2_MOLLI,0
