subject,study,parameter,value
LDS-004,control_15,BAT,1.219423691477602
LDS-004,control_15,CO,3.682815353275636
LDS-004,control_15,Thl,10.210916346599994
LDS-004,control_15,Dhl,52.006421287133975
LDS-004,control_15,To,39.5321652519699
LDS-004,control_15,Eo,33.08366106523239
LDS-004,control_15,Toe,9.856849485414857
LDS-004,control_15,Eb,13.991617310687804
LDS-004,control_15,H,45.0
LDS-004,control_15,ve,8.648939902563132
LDS-004,control_15,Te,59.660892627165445
LDS-004,control_15,De,86.6760357052275
LDS-004,control_15,khe,20.325305385246473
LDS-004,control_15,Th,599.9896322938597
LDS-004,control_15,Kbh,0.16666954663480343
LDS-004,control_15,Khe,235.00342948646255
LDS-004,control_15,kbh,0.15225439771048482
LDS-004,control_15,CL,0.1800918324486493
LDS-004,control_15,AUC_Cb,52.841246914095464
LDS-004,control_15,AUC_Cl,1440.8496433890245
LDS-004,control_15,AUC35_Cb,34.85794422226094
LDS-004,control_15,AUC35_Cl,182.96528627233297
LDS-004,control_15,RE_R1b,16.562264111394157
LDS-004,control_15,RE_R1l,77.15778889753423
LDS-004,control_15,RE_Sb,30.467049216587007
LDS-004,control_15,RE_Sl,45.8607929397756
LDS-004,control_15,T1_1,0.802359985
LDS-004,control_15,T1_2,0.502459991
LDS-004,control_15,t1_MOLLI,9.83225138888889
LDS-004,control_15,t2_MOLLI,10.700175833333335
