subject,study,parameter,value
LDS-004,control_15,BAT,0.00519022645308729
LDS-004,control_15,CO,0.07321375123070553
LDS-004,control_15,Thl,0.41136320237853663
LDS-004,control_15,Dhl,1.0926290833220487
LDS-004,control_15,To,2.4818444741219796
LDS-004,control_15,Eo,7.48547982148222
LDS-004,control_15,Toe,4.6582325823769235
LDS-004,control_15,Eb,10.612112256273727
LDS-004,control_15,H,0
LDS-004,control_15,ve,20.51827426683597
LDS-004,control_15,Te,120.71087184891456
LDS-004,control_15,De,26.00725975225157
LDS-004,control_15,khe,0.7796434841254806
LDS-004,control_15,Th,1781.2623202747923
LDS-004,control_15,Kbh,0
LDS-004,control_15,Khe,0
LDS-004,control_15,kbh,0
LDS-004,control_15,CL,0.0
LDS-004,control_15,AUC_Cb,0
LDS-004,control_15,AUC_Cl,0
LDS-004,control_15,AUC35_Cb,0
LDS-004,control_15,AUC35_Cl,0
LDS-004,control_15,RE_R1b,0
LDS-004,control_15,RE_R1l,0
LDS-004,control_15,RE_Sb,0
LDS-004,control_15,RE_Sl,0
LDS-004,control_15,T1_1,0
LDS-004,control_15,T1_2,0
LDS-004,control_15,t1_MOLLI,0
LDS-004,control_15,t2_MOLLI,0
