subject,study,parameter,value
LDS-004,drug_20,BAT,0.002543208737453564
LDS-004,drug_20,CO,0.060788790298013984
LDS-004,drug_20,Thl,0.24156165173109148
LDS-004,drug_20,Dhl,0.4918447323855503
LDS-004,drug_20,To,1.7340490956927834
LDS-004,drug_20,Eo,0.8015085199047969
LDS-004,drug_20,Toe,0.5852070542437366
LDS-004,drug_20,Eb,0.8698573687783229
LDS-004,drug_20,H,0
LDS-004,drug_20,ve,1.1584998516755218
LDS-004,drug_20,Te,5.39851388034071
LDS-004,drug_20,De,2.7973092326623825
LDS-004,drug_20,khe,0.4757615539612437
LDS-004,drug_20,Th,119.82537354085156
LDS-004,drug_20,Kbh,0
LDS-004,drug_20,Khe,0
LDS-004,drug_20,kbh,0
LDS-004,drug_20,CL,0.0
LDS-004,drug_20,AUC_Cb,0
LDS-004,drug_20,AUC_Cl,0
LDS-004,drug_20,AUC35_Cb,0
LDS-004,drug_20,AUC35_Cl,0
LDS-004,drug_20,RE_R1b,0
LDS-004,drug_20,RE_R1l,0
LDS-004,drug_20,RE_Sb,0
LDS-004,drug_20,RE_Sl,0
LDS-004,drug_20,T1_1,0
LDS-004,drug_20,T1_2,0
LDS-004,drug_20,t1_MOLLI,0
LDS-004,drug_20,t2_MOLLI,0
