subject,study,parameter,value
SHF-008,drug,S02a,72.05523817490248
SHF-008,drug,S02l,220.08916549320497
SHF-008,drug,BAT2,0.0032869036168198537
SHF-008,drug,BAT,0.0035316607969371095
SHF-008,drug,CO,0.04392213530180962
SHF-008,drug,Thl,0.24645239420082699
SHF-008,drug,Dhl,0.981202587903856
SHF-008,drug,To,0.9833254309251981
SHF-008,drug,Eo,0.5256217794147413
SHF-008,drug,Toe,0.2846041676780741
SHF-008,drug,Eb,0.18961756518084125
SHF-008,drug,H,0
SHF-008,drug,ve,1.8825292205056174
SHF-008,drug,Te,3.9211018299536344
SHF-008,drug,De,4.992402252271692
SHF-008,drug,khe_i,0.4902863131082391
SHF-008,drug,khe_f,0.8858293788821766
SHF-008,drug,Th_i,1.7375217381434156
SHF-008,drug,Th_f,1.7264129138330542
SHF-008,drug,Th,0.0
SHF-008,drug,khe,0
SHF-008,drug,Kbh,0
SHF-008,drug,Khe,0
SHF-008,drug,kbh,0
SHF-008,drug,kbh_i,0
SHF-008,drug,kbh_f,0
SHF-008,drug,CL,0.0
SHF-008,drug,AUC_Cb,0
SHF-008,drug,AUC_Cl,0
SHF-008,drug,AUC35_Cb,0
SHF-008,drug,AUC35_Cl,0
SHF-008,drug,RE_R1b,0
SHF-008,drug,RE_R1l,0
SHF-008,drug,RE_Sb,0
SHF-008,drug,RE_Sl,0
SHF-008,drug,T1_1,0
SHF-008,drug,T1_2,0
SHF-008,drug,t1_MOLLI,0
SHF-008,drug,t2_MOLLI,0
SHF-008,drug,T1_3,0
SHF-008,drug,t3_MOLLI,0
SHF-008,drug,t0,0
SHF-008,drug,t1,0
SHF-008,drug,t2,0
SHF-008,drug,t3,0
SHF-008,drug,dt1,0
SHF-008,drug,dt2,0
