subject,study,parameter,value
SHF-006,control_30,BAT,1.229366851155836
SHF-006,control_30,CO,8.899815339855312
SHF-006,control_30,Thl,19.89615021723896
SHF-006,control_30,Dhl,39.287128629448596
SHF-006,control_30,To,33.61569325466186
SHF-006,control_30,Eo,22.925694336806636
SHF-006,control_30,Toe,8.665436068673927
SHF-006,control_30,Eb,1.9626978753893232
SHF-006,control_30,H,45.0
SHF-006,control_30,ve,17.25522403008376
SHF-006,control_30,Te,32.34047706545938
SHF-006,control_30,De,64.73689760616925
SHF-006,control_30,khe,50.619281272345475
SHF-006,control_30,Th,23.86575765460815
SHF-006,control_30,Kbh,4.190103722966925
SHF-006,control_30,Khe,293.3562681312794
SHF-006,control_30,kbh,3.467091938476102
SHF-006,control_30,CL,0.5505061205961831
SHF-006,control_30,AUC_Cb,78.71528549872338
SHF-006,control_30,AUC_Cl,904.4379022250461
SHF-006,control_30,AUC35_Cb,25.841390477817793
SHF-006,control_30,AUC35_Cl,179.41432494205196
SHF-006,control_30,RE_R1b,15.868714552179142
SHF-006,control_30,RE_R1l,64.48607923313064
SHF-006,control_30,RE_Sb,7.811013365708389
SHF-006,control_30,RE_Sl,55.06207259955952
SHF-006,control_30,T1_1,0.68025
SHF-006,control_30,T1_2,0.68286
SHF-006,control_30,t1_MOLLI,8.917222222222222
SHF-006,control_30,t2_MOLLI,8.917222222222222
