subject,study,parameter,value
SHF-006,control_30,BAT,0.01762563217233906
SHF-006,control_30,CO,0.1794867624271542
SHF-006,control_30,Thl,1.079625390603907
SHF-006,control_30,Dhl,2.304661327909597
SHF-006,control_30,To,2.4128427524648552
SHF-006,control_30,Eo,0.9235322961455403
SHF-006,control_30,Toe,1.2696836390847188
SHF-006,control_30,Eb,1.121965197509007
SHF-006,control_30,H,0
SHF-006,control_30,ve,9.747199111870856
SHF-006,control_30,Te,16.78839547194537
SHF-006,control_30,De,21.20048198965984
SHF-006,control_30,khe,1.8520257834171898
SHF-006,control_30,Th,1.412777966150383
SHF-006,control_30,Kbh,0
SHF-006,control_30,Khe,0
SHF-006,control_30,kbh,0
SHF-006,control_30,CL,0.0
SHF-006,control_30,AUC_Cb,0
SHF-006,control_30,AUC_Cl,0
SHF-006,control_30,AUC35_Cb,0
SHF-006,control_30,AUC35_Cl,0
SHF-006,control_30,RE_R1b,0
SHF-006,control_30,RE_R1l,0
SHF-006,control_30,RE_Sb,0
SHF-006,control_30,RE_Sl,0
SHF-006,control_30,T1_1,0
SHF-006,control_30,T1_2,0
SHF-006,control_30,t1_MOLLI,0
SHF-006,control_30,t2_MOLLI,0
