subject,study,parameter,value
SHF-016,control_15,BAT,1.1386573930066095
SHF-016,control_15,CO,15.054976503520386
SHF-016,control_15,Thl,19.003394649318732
SHF-016,control_15,Dhl,43.60720103771615
SHF-016,control_15,To,13.103129794873501
SHF-016,control_15,Eo,24.532632799423354
SHF-016,control_15,Toe,1.9015198883785123
SHF-016,control_15,Eb,10.023273398015736
SHF-016,control_15,H,45.0
SHF-016,control_15,ve,28.72019427794344
SHF-016,control_15,Te,30.009983257702547
SHF-016,control_15,De,79.79954692326338
SHF-016,control_15,khe,72.36606381183779
SHF-016,control_15,Th,43.94181204366847
SHF-016,control_15,Kbh,2.275736828982429
SHF-016,control_15,Khe,251.96926981588544
SHF-016,control_15,kbh,1.6221407904439662
SHF-016,control_15,CL,0.6801259753478016
SHF-016,control_15,AUC_Cb,13.45050839187162
SHF-016,control_15,AUC_Cl,425.8538310483016
SHF-016,control_15,AUC35_Cb,13.186138179855828
SHF-016,control_15,AUC35_Cl,193.44736252802005
SHF-016,control_15,RE_R1b,5.070253230481242
SHF-016,control_15,RE_R1l,70.20347013324105
SHF-016,control_15,RE_Sb,8.17366806381753
SHF-016,control_15,RE_Sl,59.683382971520174
SHF-016,control_15,T1_1,0.65575
SHF-016,control_15,T1_2,0.41641
SHF-016,control_15,t1_MOLLI,11.832777777777778
SHF-016,control_15,t2_MOLLI,12.673333333333334
