subject,study,parameter,value
SHF-016,control_15,BAT,0.018240323852713566
SHF-016,control_15,CO,0.4285824307999602
SHF-016,control_15,Thl,1.2479991538284678
SHF-016,control_15,Dhl,2.390004058287062
SHF-016,control_15,To,1.9524076780327577
SHF-016,control_15,Eo,2.4206013340788557
SHF-016,control_15,Toe,0.31260685361168916
SHF-016,control_15,Eb,0.748913242162756
SHF-016,control_15,H,0
SHF-016,control_15,ve,13.709987157844388
SHF-016,control_15,Te,16.167717193212034
SHF-016,control_15,De,15.076017274513994
SHF-016,control_15,khe,2.981056841222803
SHF-016,control_15,Th,9.939886901014905
SHF-016,control_15,Kbh,0
SHF-016,control_15,Khe,0
SHF-016,control_15,kbh,0
SHF-016,control_15,CL,0.0
SHF-016,control_15,AUC_Cb,0
SHF-016,control_15,AUC_Cl,0
SHF-016,control_15,AUC35_Cb,0
SHF-016,control_15,AUC35_Cl,0
SHF-016,control_15,RE_R1b,0
SHF-016,control_15,RE_R1l,0
SHF-016,control_15,RE_Sb,0
SHF-016,control_15,RE_Sl,0
SHF-016,control_15,T1_1,0
SHF-016,control_15,T1_2,0
SHF-016,control_15,t1_MOLLI,0
SHF-016,control_15,t2_MOLLI,0
