subject,study,parameter,value
LDS-002,control_35,BAT,1.3978844697675767
LDS-002,control_35,CO,5.453245295344798
LDS-002,control_35,Thl,8.985818617429787
LDS-002,control_35,Dhl,75.24796815732189
LDS-002,control_35,To,26.12423726853289
LDS-002,control_35,Eo,28.097582922285397
LDS-002,control_35,Toe,7.304660729732409
LDS-002,control_35,Eb,1.0003238408133648
LDS-002,control_35,H,45.0
LDS-002,control_35,ve,7.9527966001102275
LDS-002,control_35,Te,29.323078019312074
LDS-002,control_35,De,51.99723254695887
LDS-002,control_35,khe,38.7693269325269
LDS-002,control_35,Th,33.18087483942217
LDS-002,control_35,Kbh,3.0137843105085973
LDS-002,control_35,Khe,487.4930025494371
LDS-002,control_35,kbh,2.774104174327814
LDS-002,control_35,CL,0.26505782390752985
LDS-002,control_35,AUC_Cb,54.32814492122482
LDS-002,control_35,AUC_Cl,609.2575182143752
LDS-002,control_35,AUC35_Cb,15.086536161894943
LDS-002,control_35,AUC35_Cl,88.2453856212544
LDS-002,control_35,RE_R1b,9.6164910549712
LDS-002,control_35,RE_R1l,35.17053374520578
LDS-002,control_35,RE_Sb,9.443887130033653
LDS-002,control_35,RE_Sl,29.613529719170828
LDS-002,control_35,T1_1,0.756169983
LDS-002,control_35,T1_2,0.582789978
LDS-002,control_35,t1_MOLLI,10.691066388888888
LDS-002,control_35,t2_MOLLI,11.615237777777777
