subject,study,parameter,value
LDS-002,control_35,BAT,0.006542628198619158
LDS-002,control_35,CO,0.2076290164680633
LDS-002,control_35,Thl,0.5825102831513159
LDS-002,control_35,Dhl,3.4274874439612253
LDS-002,control_35,To,2.2982159539108995
LDS-002,control_35,Eo,1.16115804610803
LDS-002,control_35,Toe,0.6949870366832174
LDS-002,control_35,Eb,0.7769258275457488
LDS-002,control_35,H,0
LDS-002,control_35,ve,11.209470983795168
LDS-002,control_35,Te,28.076464588237105
LDS-002,control_35,De,52.15577774855442
LDS-002,control_35,khe,1.449656419278121
LDS-002,control_35,Th,2.30883398203026
LDS-002,control_35,Kbh,0
LDS-002,control_35,Khe,0
LDS-002,control_35,kbh,0
LDS-002,control_35,CL,0.0
LDS-002,control_35,AUC_Cb,0
LDS-002,control_35,AUC_Cl,0
LDS-002,control_35,AUC35_Cb,0
LDS-002,control_35,AUC35_Cl,0
LDS-002,control_35,RE_R1b,0
LDS-002,control_35,RE_R1l,0
LDS-002,control_35,RE_Sb,0
LDS-002,control_35,RE_Sl,0
LDS-002,control_35,T1_1,0
LDS-002,control_35,T1_2,0
LDS-002,control_35,t1_MOLLI,0
LDS-002,control_35,t2_MOLLI,0
