subject,study,parameter,value
LDS-006,control,S02a,6295.8308875987805
LDS-006,control,S02l,6545.682550338133
LDS-006,control,BAT2,143.0710219930932
LDS-006,control,BAT,1.1623611413922812
LDS-006,control,CO,4.425114583504892
LDS-006,control,Thl,16.64328398922914
LDS-006,control,Dhl,33.42835643501222
LDS-006,control,To,30.412666955566785
LDS-006,control,Eo,20.76804101494134
LDS-006,control,Toe,6.070399102590551
LDS-006,control,Eb,8.505042992746862
LDS-006,control,H,45.0
LDS-006,control,ve,19.27128891134062
LDS-006,control,Te,45.2620781381582
LDS-006,control,De,71.21048024711223
LDS-006,control,khe_i,40.617182858633875
LDS-006,control,khe_f,33.418596413581504
LDS-006,control,Th_i,45.89433115418892
LDS-006,control,Th_f,40.32490230278564
LDS-006,control,Th,43.10961672848728
LDS-006,control,khe,37.01788963610768
LDS-006,control,Kbh,2.319668036712536
LDS-006,control,Khe,192.08829158450158
LDS-006,control,kbh,1.8726381075736402
LDS-006,control,kbh_i,1.7590126941264077
LDS-006,control,kbh_f,2.0019567681155337
LDS-006,control,CL,0.2558491080534801
LDS-006,control,AUC_Cb,35.90307703704716
LDS-006,control,AUC_Cl,623.21893685952
LDS-006,control,AUC35_Cb,27.201055164959506
LDS-006,control,AUC35_Cl,197.21207891108577
LDS-006,control,RE_R1b,15.243614406928533
LDS-006,control,RE_R1l,93.60429260996682
LDS-006,control,RE_Sb,11.97607627169357
LDS-006,control,RE_Sl,75.75881903334445
LDS-006,control,T1_1,0.83976001
LDS-006,control,T1_2,0.498440002
LDS-006,control,t1_MOLLI,12.696229722222224
LDS-006,control,t2_MOLLI,13.722150833333334
LDS-006,control,T1_3,0.684710022
LDS-006,control,t3_MOLLI,15.167316944444444
LDS-006,control,t0,12.965188194444448
LDS-006,control,t1,13.629750000000003
LDS-006,control,t2,15.180714583333335
LDS-006,control,t3,15.863111111111115
LDS-006,control,dt1,1.639999999984866
LDS-006,control,dt2,1.639999999984866
