subject,study,parameter,value
LDS-006,control,S02a,17.049405818630834
LDS-006,control,S02l,47.266612184466396
LDS-006,control,BAT2,0.0018584907389934163
LDS-006,control,BAT,0.0021513947972215002
LDS-006,control,CO,0.05058866834843434
LDS-006,control,Thl,0.14735876360755515
LDS-006,control,Dhl,0.5757799464535932
LDS-006,control,To,1.114160975434881
LDS-006,control,Eo,0.6710160327544625
LDS-006,control,Toe,0.3143541651826868
LDS-006,control,Eb,0.27578257712977317
LDS-006,control,H,0
LDS-006,control,ve,3.482855059173932
LDS-006,control,Te,7.805308350749825
LDS-006,control,De,5.677683908862026
LDS-006,control,khe_i,0.6166671870628476
LDS-006,control,khe_f,0.6412104463678345
LDS-006,control,Th_i,1.696240139432899
LDS-006,control,Th_f,1.9109996198108092
LDS-006,control,Th,0.0
LDS-006,control,khe,0
LDS-006,control,Kbh,0
LDS-006,control,Khe,0
LDS-006,control,kbh,0
LDS-006,control,kbh_i,0
LDS-006,control,kbh_f,0
LDS-006,control,CL,0.0
LDS-006,control,AUC_Cb,0
LDS-006,control,AUC_Cl,0
LDS-006,control,AUC35_Cb,0
LDS-006,control,AUC35_Cl,0
LDS-006,control,RE_R1b,0
LDS-006,control,RE_R1l,0
LDS-006,control,RE_Sb,0
LDS-006,control,RE_Sl,0
LDS-006,control,T1_1,0
LDS-006,control,T1_2,0
LDS-006,control,t1_MOLLI,0
LDS-006,control,t2_MOLLI,0
LDS-006,control,T1_3,0
LDS-006,control,t3_MOLLI,0
LDS-006,control,t0,0
LDS-006,control,t1,0
LDS-006,control,t2,0
LDS-006,control,t3,0
LDS-006,control,dt1,0
LDS-006,control,dt2,0
