subject,study,parameter,value
SHF-004,control_30,BAT,1.2387259215370032
SHF-004,control_30,CO,9.673990935938926
SHF-004,control_30,Thl,19.685814663192044
SHF-004,control_30,Dhl,70.06589026709528
SHF-004,control_30,To,27.07020583849789
SHF-004,control_30,Eo,17.729821235651638
SHF-004,control_30,Toe,4.450834321465588
SHF-004,control_30,Eb,4.903259828014918
SHF-004,control_30,H,45.0
SHF-004,control_30,ve,21.518061003180723
SHF-004,control_30,Te,26.21093329047713
SHF-004,control_30,De,92.52349003344646
SHF-004,control_30,khe,25.23212866359856
SHF-004,control_30,Th,43.447494210450124
SHF-004,control_30,Kbh,2.3016287087955396
SHF-004,control_30,Khe,117.2602339024359
SHF-004,control_30,kbh,1.8063628391701947
SHF-004,control_30,CL,0.22010557058371413
SHF-004,control_30,AUC_Cb,42.73786568252936
SHF-004,control_30,AUC_Cl,468.18939657160473
SHF-004,control_30,AUC35_Cb,28.678824609796745
SHF-004,control_30,AUC35_Cl,131.92499078036607
SHF-004,control_30,RE_R1b,17.918534262412713
SHF-004,control_30,RE_R1l,56.76705819385156
SHF-004,control_30,RE_Sb,19.380499222847778
SHF-004,control_30,RE_Sl,50.08174333052071
SHF-004,control_30,T1_1,0.79748
SHF-004,control_30,T1_2,0.51401
SHF-004,control_30,t1_MOLLI,10.535277777777777
SHF-004,control_30,t2_MOLLI,11.376388888888888
