subject,study,parameter,value
SHF-004,control_30,BAT,0.04745849294363461
SHF-004,control_30,CO,0.6991771085657729
SHF-004,control_30,Thl,4.506511398442018
SHF-004,control_30,Dhl,8.808187933260978
SHF-004,control_30,To,2.817232767168644
SHF-004,control_30,Eo,1.7888952683815122
SHF-004,control_30,Toe,0.733268038042328
SHF-004,control_30,Eb,0.929422825369076
SHF-004,control_30,H,0
SHF-004,control_30,ve,3.0770503776590763
SHF-004,control_30,Te,7.300118468147907
SHF-004,control_30,De,9.791398350968883
SHF-004,control_30,khe,0.7555659566500709
SHF-004,control_30,Th,3.8601769778253554
SHF-004,control_30,Kbh,0
SHF-004,control_30,Khe,0
SHF-004,control_30,kbh,0
SHF-004,control_30,CL,0.0
SHF-004,control_30,AUC_Cb,0
SHF-004,control_30,AUC_Cl,0
SHF-004,control_30,AUC35_Cb,0
SHF-004,control_30,AUC35_Cl,0
SHF-004,control_30,RE_R1b,0
SHF-004,control_30,RE_R1l,0
SHF-004,control_30,RE_Sb,0
SHF-004,control_30,RE_Sl,0
SHF-004,control_30,T1_1,0
SHF-004,control_30,T1_2,0
SHF-004,control_30,t1_MOLLI,0
SHF-004,control_30,t2_MOLLI,0
