subject,study,parameter,value
SHF-003,control,BAT,1.2308942397903997
SHF-003,control,CO,10.120880525696196
SHF-003,control,Thl,18.08165295768901
SHF-003,control,Dhl,61.638807304081254
SHF-003,control,To,29.804379911395124
SHF-003,control,Eo,17.316203905215467
SHF-003,control,Toe,10.833142971211787
SHF-003,control,Eb,2.9052828977578877
SHF-003,control,H,45.0
SHF-003,control,ve,28.068090476148566
SHF-003,control,Te,24.283475267459817
SHF-003,control,De,82.12757754016963
SHF-003,control,khe,39.835591793651226
SHF-003,control,Th,55.13799262787106
SHF-003,control,Kbh,1.81363149498214
SHF-003,control,Khe,141.92483748583587
SHF-003,control,kbh,1.3045797660666272
SHF-003,control,CL,0.38408609087964873
SHF-003,control,AUC_Cb,78.6780635603403
SHF-003,control,AUC_Cl,1483.6204415156787
SHF-003,control,AUC35_Cb,31.93784250958069
SHF-003,control,AUC35_Cl,243.35747719281554
SHF-003,control,RE_R1b,18.420292080564256
SHF-003,control,RE_R1l,93.17118263593937
SHF-003,control,RE_Sb,20.505215281018064
SHF-003,control,RE_Sl,85.6064658906066
SHF-003,control,T1_1,0.72478
SHF-003,control,T1_2,0.35727
SHF-003,control,t1_MOLLI,8.8975
SHF-003,control,t2_MOLLI,9.759722222222223
SHF-003,drug,BAT,1.3434597934223855
SHF-003,drug,CO,11.264618082476533
SHF-003,drug,Thl,9.973690134742382
SHF-003,drug,Dhl,78.80612479679749
SHF-003,drug,To,32.41768232017876
SHF-003,drug,Eo,18.66226104065012
SHF-003,drug,Toe,6.197160865450689
SHF-003,drug,Eb,5.376574899791425
SHF-003,drug,H,45.0
SHF-003,drug,ve,37.50859182811509
SHF-003,drug,Te,39.76084598545621
SHF-003,drug,De,87.00159468251063
SHF-003,drug,khe,35.86754273266224
SHF-003,drug,Th,48.17600339064004
SHF-003,drug,Kbh,2.075722205288384
SHF-003,drug,Khe,95.62487148818319
SHF-003,drug,kbh,1.297148035821215
SHF-003,drug,CL,0.3147688155923497
SHF-003,drug,AUC_Cb,44.656048547325646
SHF-003,drug,AUC_Cl,758.3147553793027
SHF-003,drug,AUC35_Cb,28.489410058241113
SHF-003,drug,AUC35_Cl,197.49357535576087
SHF-003,drug,RE_R1b,16.55994005932867
SHF-003,drug,RE_R1l,79.19140722890609
SHF-003,drug,RE_Sb,14.519495945889282
SHF-003,drug,RE_Sl,67.73205063513662
SHF-003,drug,T1_1,0.75958
SHF-003,drug,T1_2,0.39223
SHF-003,drug,t1_MOLLI,10.522777777777778
SHF-003,drug,t2_MOLLI,11.330277777777777
SHF-008,control,BAT,1.1374773752459717
SHF-008,control,CO,7.095469819213702
SHF-008,control,Thl,15.393447701122819
SHF-008,control,Dhl,30.657443513594878
SHF-008,control,To,15.104927013522454
SHF-008,control,Eo,14.904048835882367
SHF-008,control,Toe,7.474968226815038
SHF-008,control,Eb,4.070601853962209
SHF-008,control,H,45.0
SHF-008,control,ve,36.28031419727373
SHF-008,control,Te,25.006487464638443
SHF-008,control,De,86.80977245077231
SHF-008,control,khe,47.194716491494376
SHF-008,control,Th,40.440649908269506
SHF-008,control,Kbh,2.472759469168459
SHF-008,control,Khe,130.08353851312788
SHF-008,control,kbh,1.5756345644113041
SHF-008,control,CL,0.4015725694483671
SHF-008,control,AUC_Cb,46.597201333697605
SHF-008,control,AUC_Cl,883.7931958785222
SHF-008,control,AUC35_Cb,28.074855792093267
SHF-008,control,AUC35_Cl,241.82313343829793
SHF-008,control,RE_R1b,20.71604741295885
SHF-008,control,RE_R1l,101.10239468588063
SHF-008,control,RE_Sb,32.13015474325503
SHF-008,control,RE_Sl,83.08371415299244
SHF-008,control,T1_1,0.78759
SHF-008,control,T1_2,0.4218
SHF-008,control,t1_MOLLI,8.946388888888889
SHF-008,control,t2_MOLLI,9.8
SHF-008,drug,BAT,1.18972209842553
SHF-008,drug,CO,4.281605725555302
SHF-008,drug,Thl,15.958875978680892
SHF-008,drug,Dhl,36.08281248940016
SHF-008,drug,To,30.40736445037399
SHF-008,drug,Eo,19.647131605011957
SHF-008,drug,Toe,5.637051234725374
SHF-008,drug,Eb,5.862698131617379
SHF-008,drug,H,45.0
SHF-008,drug,ve,19.355782661997452
SHF-008,drug,Te,37.16308333062949
SHF-008,drug,De,87.09442402144239
SHF-008,drug,khe,30.596181206937526
SHF-008,drug,Th,49.396899219043185
SHF-008,drug,Kbh,2.024418568391609
SHF-008,drug,Khe,158.07256023291234
SHF-008,drug,kbh,1.6325765101246092
SHF-008,drug,CL,0.2410339960066873
SHF-008,drug,AUC_Cb,54.08649585131901
SHF-008,drug,AUC_Cl,790.6425374202969
SHF-008,drug,AUC35_Cb,35.82642356177025
SHF-008,drug,AUC35_Cl,204.66569688143105
SHF-008,drug,RE_R1b,19.087576695990393
SHF-008,drug,RE_R1l,81.58652146017046
SHF-008,drug,RE_Sb,13.469287978482411
SHF-008,drug,RE_Sl,70.63476353682573
SHF-008,drug,T1_1,0.74224
SHF-008,drug,T1_2,0.42768
SHF-008,drug,t1_MOLLI,12.428888888888888
SHF-008,drug,t2_MOLLI,13.215
SHF-011,control,BAT,1.3245904988219577
SHF-011,control,CO,6.6879927132867
SHF-011,control,Thl,14.008872214602107
SHF-011,control,Dhl,56.39798680939603
SHF-011,control,To,32.89419193655599
SHF-011,control,Eo,14.358823075677012
SHF-011,control,Toe,12.301527141435269
SHF-011,control,Eb,4.857723144927634
SHF-011,control,H,45.0
SHF-011,control,ve,34.08262655333283
SHF-011,control,Te,35.274007493916
SHF-011,control,De,90.47817523996638
SHF-011,control,khe,60.66413830962103
SHF-011,control,Th,15.540887629941668
SHF-011,control,Kbh,6.434638894585158
SHF-011,control,Khe,177.9913828375087
SHF-011,control,kbh,4.241544950088195
SHF-011,control,CL,0.4908193338840199
SHF-011,control,AUC_Cb,40.52369821334317
SHF-011,control,AUC_Cl,403.287197179965
SHF-011,control,AUC35_Cb,22.11362528363095
SHF-011,control,AUC35_Cl,164.5532223537033
SHF-011,control,RE_R1b,11.41998252587277
SHF-011,control,RE_R1l,63.318780121396536
SHF-011,control,RE_Sb,16.3280526841157
SHF-011,control,RE_Sl,53.57301238625388
SHF-011,control,T1_1,0.76065
SHF-011,control,T1_2,0.49798
SHF-011,control,t1_MOLLI,14.463611111111112
SHF-011,control,t2_MOLLI,15.278611111111111
SHF-011,drug,BAT,1.3170193782570636
SHF-011,drug,CO,3.8617306508113973
SHF-011,drug,Thl,23.34829975967867
SHF-011,drug,Dhl,70.09523023973021
SHF-011,drug,To,23.51481062958328
SHF-011,drug,Eo,30.025256941942647
SHF-011,drug,Toe,4.8842708223348215
SHF-011,drug,Eb,4.260658084840899
SHF-011,drug,H,45.0
SHF-011,drug,ve,21.69059891839527
SHF-011,drug,Te,59.994255257241946
SHF-011,drug,De,99.99999672792902
SHF-011,drug,khe,45.94641101534304
SHF-011,drug,Th,20.672355037515164
SHF-011,drug,Kbh,4.837378219294558
SHF-011,drug,Khe,211.8263824258767
SHF-011,drug,kbh,3.788121911581565
SHF-011,drug,CL,0.35708931490262974
SHF-011,drug,AUC_Cb,79.64714822364132
SHF-011,drug,AUC_Cl,771.8957633003012
SHF-011,drug,AUC35_Cb,37.383674033029656
SHF-011,drug,AUC35_Cl,223.11756001322075
SHF-011,drug,RE_R1b,23.659827699971796
SHF-011,drug,RE_R1l,85.86435046127463
SHF-011,drug,RE_Sb,21.43187139544332
SHF-011,drug,RE_Sl,75.81305181867809
SHF-011,drug,T1_1,0.71848
SHF-011,drug,T1_2,0.42422
SHF-011,drug,t1_MOLLI,14.422777777777778
SHF-011,drug,t2_MOLLI,15.216666666666667
SHF-014,control,BAT,1.287756566805327
SHF-014,control,CO,17.99999993559179
SHF-014,control,Thl,29.999111223033445
SHF-014,control,Dhl,89.04097725382563
SHF-014,control,To,59.999999994
SHF-014,control,Eo,49.99992287671359
SHF-014,control,Toe,1.8838417274537762
SHF-014,control,Eb,10.193022650584192
SHF-014,control,H,45.0
SHF-014,control,ve,43.300866572903615
SHF-014,control,Te,59.9999598129565
SHF-014,control,De,99.99996241120111
SHF-014,control,khe,32.62105592377127
SHF-014,control,Th,29.317235984895504
SHF-014,control,Kbh,3.4109627541805394
SHF-014,control,Khe,75.33580388939504
SHF-014,control,kbh,1.9339863231413859
SHF-014,control,CL,0.3642996159257483
SHF-014,control,AUC_Cb,14.814907967228393
SHF-014,control,AUC_Cl,151.80672222099074
SHF-014,control,AUC35_Cb,9.565645467883556
SHF-014,control,AUC35_Cl,52.1972643996368
SHF-014,control,RE_R1b,5.875909441978073
SHF-014,control,RE_R1l,20.01273129143312
SHF-014,control,RE_Sb,4.3313766473709725
SHF-014,control,RE_Sl,15.80900886455402
SHF-014,control,T1_1,0.72913
SHF-014,control,T1_2,0.55618
SHF-014,control,t1_MOLLI,12.436666666666667
SHF-014,control,t2_MOLLI,13.284722222222221
SHF-014,drug,BAT,1.309990128527985
SHF-014,drug,CO,13.793421641637577
SHF-014,drug,Thl,16.232974182282046
SHF-014,drug,Dhl,83.31769683317046
SHF-014,drug,To,44.596665675542745
SHF-014,drug,Eo,18.741159995495412
SHF-014,drug,Toe,9.441118717039338
SHF-014,drug,Eb,2.7121359384819077
SHF-014,drug,H,45.0
SHF-014,drug,ve,25.01911716857162
SHF-014,drug,Te,45.16989105416555
SHF-014,drug,De,71.94733155676218
SHF-014,drug,khe,44.757169792029984
SHF-014,drug,Th,22.426146126873014
SHF-014,drug,Kbh,4.459080906467967
SHF-014,drug,Khe,178.8918829168473
SHF-014,drug,kbh,3.3434582298373408
SHF-014,drug,CL,0.5260553787883896
SHF-014,drug,AUC_Cb,59.480167173488454
SHF-014,drug,AUC_Cl,592.3407508741557
SHF-014,drug,AUC35_Cb,22.57743750220293
SHF-014,drug,AUC35_Cl,139.20150626530054
SHF-014,drug,RE_R1b,13.556802587723055
SHF-014,drug,RE_R1l,52.782467832257595
SHF-014,drug,RE_Sb,14.299818863321617
SHF-014,drug,RE_Sl,50.99204231266303
SHF-014,drug,T1_1,0.71842
SHF-014,drug,T1_2,0.71767
SHF-014,drug,t1_MOLLI,13.918611111111112
SHF-014,drug,t2_MOLLI,13.918611111111112
SHF-021,control,BAT,1.1753014964608957
SHF-021,control,CO,7.404368505412948
SHF-021,control,Thl,23.511697874944147
SHF-021,control,Dhl,36.22942038085867
SHF-021,control,To,26.60318501589741
SHF-021,control,Eo,25.745083512843564
SHF-021,control,Toe,7.827619940202806
SHF-021,control,Eb,2.4305087131895093
SHF-021,control,H,45.0
SHF-021,control,ve,20.22130565892482
SHF-021,control,Te,29.725256953602777
SHF-021,control,De,83.46229154971641
SHF-021,control,khe,44.48285696531065
SHF-021,control,Th,20.47756934314717
SHF-021,control,Kbh,4.883392082540552
SHF-021,control,Khe,219.98014230934598
SHF-021,control,kbh,3.8959064430062926
SHF-021,control,CL,0.4378872757780288
SHF-021,control,AUC_Cb,84.84253193261767
SHF-021,control,AUC_Cl,760.9259926226036
SHF-021,control,AUC35_Cb,29.394115839331477
SHF-021,control,AUC35_Cl,171.10720997466527
SHF-021,control,RE_R1b,18.092529210403676
SHF-021,control,RE_R1l,71.71335251365754
SHF-021,control,RE_Sb,10.220857647881761
SHF-021,control,RE_Sl,61.547898956049295
SHF-021,control,T1_1,0.80253
SHF-021,control,T1_2,0.47129
SHF-021,control,t1_MOLLI,11.305833333333334
SHF-021,control,t2_MOLLI,12.15
SHF-021,drug,BAT,1.2816706419314507
SHF-021,drug,CO,6.679197209364635
SHF-021,drug,Thl,16.145332888254494
SHF-021,drug,Dhl,64.87598393232373
SHF-021,drug,To,41.3811354761546
SHF-021,drug,Eo,26.21225026439174
SHF-021,drug,Toe,7.541798123801507
SHF-021,drug,Eb,3.131111603172861
SHF-021,drug,H,45.0
SHF-021,drug,ve,13.19525236232141
SHF-021,drug,Te,28.86640391468248
SHF-021,drug,De,68.8072468713251
SHF-021,drug,khe,47.80379395910637
SHF-021,drug,Th,24.076123252338714
SHF-021,drug,Kbh,4.153492609749212
SHF-021,drug,Khe,362.2802554016205
SHF-021,drug,kbh,3.6054287780424334
SHF-021,drug,CL,0.43129973990749215
SHF-021,drug,AUC_Cb,79.97024527926885
SHF-021,drug,AUC_Cl,886.568991149635
SHF-021,drug,AUC35_Cb,30.124408989017944
SHF-021,drug,AUC35_Cl,198.51594460759102
SHF-021,drug,RE_R1b,18.280435832466896
SHF-021,drug,RE_R1l,81.4479031915761
SHF-021,drug,RE_Sb,18.152441308723176
SHF-021,drug,RE_Sl,70.97937253242212
SHF-021,drug,T1_1,0.77904
SHF-021,drug,T1_2,0.42941
SHF-021,drug,t1_MOLLI,10.82611111111111
SHF-021,drug,t2_MOLLI,11.674166666666666
SHF-022,control,BAT,1.2011659673522788
SHF-022,control,CO,8.120801184309649
SHF-022,control,Thl,16.556089431036675
SHF-022,control,Dhl,50.75800422522395
SHF-022,control,To,38.73569350747269
SHF-022,control,Eo,22.140423501838562
SHF-022,control,Toe,8.375030586608913
SHF-022,control,Eb,5.275425973086414
SHF-022,control,H,45.0
SHF-022,control,ve,12.803856784349806
SHF-022,control,Te,26.0810228629788
SHF-022,control,De,70.37571671870604
SHF-022,control,khe,53.23411729359743
SHF-022,control,Th,41.79488151696307
SHF-022,control,Kbh,2.392637480247755
SHF-022,control,Khe,415.76626629146347
SHF-022,control,kbh,2.0862876039081564
SHF-022,control,CL,0.6055453261839873
SHF-022,control,AUC_Cb,46.00771600983375
SHF-022,control,AUC_Cl,961.6543355194043
SHF-022,control,AUC35_Cb,23.423415363669598
SHF-022,control,AUC35_Cl,215.865545108401
SHF-022,control,RE_R1b,13.282372193255746
SHF-022,control,RE_R1l,87.39605662737769
SHF-022,control,RE_Sb,7.777215131717297
SHF-022,control,RE_Sl,76.62194294596782
SHF-022,control,T1_1,0.75858
SHF-022,control,T1_2,0.36546
SHF-022,control,t1_MOLLI,13.748333333333333
SHF-022,control,t2_MOLLI,14.633333333333333
SHF-022,drug,BAT,1.3628814166978673
SHF-022,drug,CO,11.077999389657418
SHF-022,drug,Thl,14.30055607419341
SHF-022,drug,Dhl,70.78181021298636
SHF-022,drug,To,47.239741244251945
SHF-022,drug,Eo,24.17760607288069
SHF-022,drug,Toe,6.919945031000443
SHF-022,drug,Eb,5.285190400768293
SHF-022,drug,H,45.0
SHF-022,drug,ve,28.76690186014136
SHF-022,drug,Te,47.6219679462907
SHF-022,drug,De,77.13836178824307
SHF-022,drug,khe,59.377758805749956
SHF-022,drug,Th,27.99812571812049
SHF-022,drug,Kbh,3.5716676539986976
SHF-022,drug,Khe,206.40998844586105
SHF-022,drug,kbh,2.544209525202479
SHF-022,drug,CL,0.6958152976772407
SHF-022,drug,AUC_Cb,33.772874992373815
SHF-022,drug,AUC_Cl,561.4737894430517
SHF-022,drug,AUC35_Cb,16.953598738555954
SHF-022,drug,AUC35_Cl,153.5181526632548
SHF-022,drug,RE_R1b,10.06007381351495
SHF-022,drug,RE_R1l,63.910840149179414
SHF-022,drug,RE_Sb,10.597218712287718
SHF-022,drug,RE_Sl,54.91773830789695
SHF-022,drug,T1_1,0.78157
SHF-022,drug,T1_2,0.42739
SHF-022,drug,t1_MOLLI,10.738888888888889
SHF-022,drug,t2_MOLLI,11.543055555555556
