subject,study,parameter,value
SHF-003,control,BAT,0.012438464241540905
SHF-003,control,CO,0.25222388109246763
SHF-003,control,Thl,1.1185416672041588
SHF-003,control,Dhl,2.0551333442959905
SHF-003,control,To,1.2248075878294953
SHF-003,control,Eo,0.43413984380872184
SHF-003,control,Toe,0.6893409837323875
SHF-003,control,Eb,0.3972809878343554
SHF-003,control,H,0.0
SHF-003,control,ve,2.6073096003255727
SHF-003,control,Te,4.01145096519414
SHF-003,control,De,6.412470769942558
SHF-003,control,khe,0.6039571083589815
SHF-003,control,Th,2.388680068922637
SHF-003,control,Kbh,0.0
SHF-003,control,Khe,0.0
SHF-003,control,kbh,0.0
SHF-003,control,CL,0.0
SHF-003,control,AUC_Cb,0.0
SHF-003,control,AUC_Cl,0.0
SHF-003,control,AUC35_Cb,0.0
SHF-003,control,AUC35_Cl,0.0
SHF-003,control,RE_R1b,0.0
SHF-003,control,RE_R1l,0.0
SHF-003,control,RE_Sb,0.0
SHF-003,control,RE_Sl,0.0
SHF-003,control,T1_1,0.0
SHF-003,control,T1_2,0.0
SHF-003,control,t1_MOLLI,0.0
SHF-003,control,t2_MOLLI,0.0
SHF-003,drug,BAT,0.23221695918157162
SHF-003,drug,CO,3.676480242544099
SHF-003,drug,Thl,17.183063134116423
SHF-003,drug,Dhl,102.17074780102908
SHF-003,drug,To,1.5750124246707582
SHF-003,drug,Eo,5.111390361544568
SHF-003,drug,Toe,2.011692237385207
SHF-003,drug,Eb,3.693681518920819
SHF-003,drug,H,0.0
SHF-003,drug,ve,2.9020001404740996
SHF-003,drug,Te,4.85938812277729
SHF-003,drug,De,3.7183765725846905
SHF-003,drug,khe,0.6042355008643743
SHF-003,drug,Th,1.9838849512834158
SHF-003,drug,Kbh,0.0
SHF-003,drug,Khe,0.0
SHF-003,drug,kbh,0.0
SHF-003,drug,CL,0.0
SHF-003,drug,AUC_Cb,0.0
SHF-003,drug,AUC_Cl,0.0
SHF-003,drug,AUC35_Cb,0.0
SHF-003,drug,AUC35_Cl,0.0
SHF-003,drug,RE_R1b,0.0
SHF-003,drug,RE_R1l,0.0
SHF-003,drug,RE_Sb,0.0
SHF-003,drug,RE_Sl,0.0
SHF-003,drug,T1_1,0.0
SHF-003,drug,T1_2,0.0
SHF-003,drug,t1_MOLLI,0.0
SHF-003,drug,t2_MOLLI,0.0
SHF-008,control,BAT,0.009006683049146529
SHF-008,control,CO,0.1266377226725552
SHF-008,control,Thl,0.5886407958165856
SHF-008,control,Dhl,1.0727017472045273
SHF-008,control,To,0.8809902899653066
SHF-008,control,Eo,0.5074788436023372
SHF-008,control,Toe,0.4270874809384726
SHF-008,control,Eb,0.2406878395112154
SHF-008,control,H,0.0
SHF-008,control,ve,3.279364824917673
SHF-008,control,Te,4.140964674715794
SHF-008,control,De,4.60390299047657
SHF-008,control,khe,0.9091883821279187
SHF-008,control,Th,1.7486836899836702
SHF-008,control,Kbh,0.0
SHF-008,control,Khe,0.0
SHF-008,control,kbh,0.0
SHF-008,control,CL,0.0
SHF-008,control,AUC_Cb,0.0
SHF-008,control,AUC_Cl,0.0
SHF-008,control,AUC35_Cb,0.0
SHF-008,control,AUC35_Cl,0.0
SHF-008,control,RE_R1b,0.0
SHF-008,control,RE_R1l,0.0
SHF-008,control,RE_Sb,0.0
SHF-008,control,RE_Sl,0.0
SHF-008,control,T1_1,0.0
SHF-008,control,T1_2,0.0
SHF-008,control,t1_MOLLI,0.0
SHF-008,control,t2_MOLLI,0.0
SHF-008,drug,BAT,0.003841673081868109
SHF-008,drug,CO,0.06469383937251504
SHF-008,drug,Thl,0.25303698233007726
SHF-008,drug,Dhl,1.144379719956043
SHF-008,drug,To,1.5038735989714436
SHF-008,drug,Eo,0.8885522746531765
SHF-008,drug,Toe,0.4006581016785295
SHF-008,drug,Eb,0.2730861496773928
SHF-008,drug,H,0.0
SHF-008,drug,ve,4.104867149284957
SHF-008,drug,Te,10.631916706781258
SHF-008,drug,De,6.108443576963847
SHF-008,drug,khe,0.6352799612173192
SHF-008,drug,Th,2.49789833430282
SHF-008,drug,Kbh,0.0
SHF-008,drug,Khe,0.0
SHF-008,drug,kbh,0.0
SHF-008,drug,CL,0.0
SHF-008,drug,AUC_Cb,0.0
SHF-008,drug,AUC_Cl,0.0
SHF-008,drug,AUC35_Cb,0.0
SHF-008,drug,AUC35_Cl,0.0
SHF-008,drug,RE_R1b,0.0
SHF-008,drug,RE_R1l,0.0
SHF-008,drug,RE_Sb,0.0
SHF-008,drug,RE_Sl,0.0
SHF-008,drug,T1_1,0.0
SHF-008,drug,T1_2,0.0
SHF-008,drug,t1_MOLLI,0.0
SHF-008,drug,t2_MOLLI,0.0
SHF-011,control,BAT,0.06779118914207004
SHF-011,control,CO,1.15264315126091
SHF-011,control,Thl,3.079447878733835
SHF-011,control,Dhl,9.981298099531523
SHF-011,control,To,4.485572403481038
SHF-011,control,Eo,1.1185790042149797
SHF-011,control,Toe,1.4615138375987855
SHF-011,control,Eb,1.9435538420469765
SHF-011,control,H,0.0
SHF-011,control,ve,9.705691174991935
SHF-011,control,Te,13.084278074626358
SHF-011,control,De,7.490554512403104
SHF-011,control,khe,2.5836510744605183
SHF-011,control,Th,0.603523560880795
SHF-011,control,Kbh,0.0
SHF-011,control,Khe,0.0
SHF-011,control,kbh,0.0
SHF-011,control,CL,0.0
SHF-011,control,AUC_Cb,0.0
SHF-011,control,AUC_Cl,0.0
SHF-011,control,AUC35_Cb,0.0
SHF-011,control,AUC35_Cl,0.0
SHF-011,control,RE_R1b,0.0
SHF-011,control,RE_R1l,0.0
SHF-011,control,RE_Sb,0.0
SHF-011,control,RE_Sl,0.0
SHF-011,control,T1_1,0.0
SHF-011,control,T1_2,0.0
SHF-011,control,t1_MOLLI,0.0
SHF-011,control,t2_MOLLI,0.0
SHF-011,drug,BAT,0.056287326974550085
SHF-011,drug,CO,0.2901880552407114
SHF-011,drug,Thl,5.317557967763336
SHF-011,drug,Dhl,8.774724702830076
SHF-011,drug,To,2.2437419216586596
SHF-011,drug,Eo,2.4752316133853136
SHF-011,drug,Toe,0.5218563173955819
SHF-011,drug,Eb,0.8777218010202592
SHF-011,drug,H,0.0
SHF-011,drug,ve,26.859300247728196
SHF-011,drug,Te,65.05436209182209
SHF-011,drug,De,6.530604038416618
SHF-011,drug,khe,2.0642812978072054
SHF-011,drug,Th,0.6232397435786604
SHF-011,drug,Kbh,0.0
SHF-011,drug,Khe,0.0
SHF-011,drug,kbh,0.0
SHF-011,drug,CL,0.0
SHF-011,drug,AUC_Cb,0.0
SHF-011,drug,AUC_Cl,0.0
SHF-011,drug,AUC35_Cb,0.0
SHF-011,drug,AUC35_Cl,0.0
SHF-011,drug,RE_R1b,0.0
SHF-011,drug,RE_R1l,0.0
SHF-011,drug,RE_Sb,0.0
SHF-011,drug,RE_Sl,0.0
SHF-011,drug,T1_1,0.0
SHF-011,drug,T1_2,0.0
SHF-011,drug,t1_MOLLI,0.0
SHF-011,drug,t2_MOLLI,0.0
SHF-014,control,BAT,0.13137697675323193
SHF-014,control,CO,1.4082252219495057
SHF-014,control,Thl,9.90121531692085
SHF-014,control,Dhl,22.86144750466208
SHF-014,control,To,36.50628985289652
SHF-014,control,Eo,14.313640603821728
SHF-014,control,Toe,0.7663852294811885
SHF-014,control,Eb,1.5886032687497869
SHF-014,control,H,0.0
SHF-014,control,ve,13.268888711903964
SHF-014,control,Te,26.577503924095613
SHF-014,control,De,7.747991687945986
SHF-014,control,khe,2.3409265207383676
SHF-014,control,Th,3.001957124474296
SHF-014,control,Kbh,0.0
SHF-014,control,Khe,0.0
SHF-014,control,kbh,0.0
SHF-014,control,CL,0.0
SHF-014,control,AUC_Cb,0.0
SHF-014,control,AUC_Cl,0.0
SHF-014,control,AUC35_Cb,0.0
SHF-014,control,AUC35_Cl,0.0
SHF-014,control,RE_R1b,0.0
SHF-014,control,RE_R1l,0.0
SHF-014,control,RE_Sb,0.0
SHF-014,control,RE_Sl,0.0
SHF-014,control,T1_1,0.0
SHF-014,control,T1_2,0.0
SHF-014,control,t1_MOLLI,0.0
SHF-014,control,t2_MOLLI,0.0
SHF-014,drug,BAT,0.010029870291487645
SHF-014,drug,CO,0.3847239932838904
SHF-014,drug,Thl,1.1245550031846552
SHF-014,drug,Dhl,2.413855600857166
SHF-014,drug,To,2.0866098173254963
SHF-014,drug,Eo,0.549757198827451
SHF-014,drug,Toe,0.6968063901540434
SHF-014,drug,Eb,0.43426177088514567
SHF-014,drug,H,0.0
SHF-014,drug,ve,7.540859191821501
SHF-014,drug,Te,14.309829602861829
SHF-014,drug,De,11.691054277920223
SHF-014,drug,khe,1.2123504332532415
SHF-014,drug,Th,0.6649830157115751
SHF-014,drug,Kbh,0.0
SHF-014,drug,Khe,0.0
SHF-014,drug,kbh,0.0
SHF-014,drug,CL,0.0
SHF-014,drug,AUC_Cb,0.0
SHF-014,drug,AUC_Cl,0.0
SHF-014,drug,AUC35_Cb,0.0
SHF-014,drug,AUC35_Cl,0.0
SHF-014,drug,RE_R1b,0.0
SHF-014,drug,RE_R1l,0.0
SHF-014,drug,RE_Sb,0.0
SHF-014,drug,RE_Sl,0.0
SHF-014,drug,T1_1,0.0
SHF-014,drug,T1_2,0.0
SHF-014,drug,t1_MOLLI,0.0
SHF-014,drug,t2_MOLLI,0.0
SHF-021,control,BAT,0.011376843028976107
SHF-021,control,CO,0.1644079032942233
SHF-021,control,Thl,1.0746843545954594
SHF-021,control,Dhl,1.2338054503229334
SHF-021,control,To,2.2602798443874583
SHF-021,control,Eo,0.86153142358089
SHF-021,control,Toe,0.5467708478027082
SHF-021,control,Eb,0.42285685013766183
SHF-021,control,H,0.0
SHF-021,control,ve,6.057342639849972
SHF-021,control,Te,11.068367106499482
SHF-021,control,De,9.151254093283857
SHF-021,control,khe,1.3642615600388095
SHF-021,control,Th,0.7727114731277053
SHF-021,control,Kbh,0.0
SHF-021,control,Khe,0.0
SHF-021,control,kbh,0.0
SHF-021,control,CL,0.0
SHF-021,control,AUC_Cb,0.0
SHF-021,control,AUC_Cl,0.0
SHF-021,control,AUC35_Cb,0.0
SHF-021,control,AUC35_Cl,0.0
SHF-021,control,RE_R1b,0.0
SHF-021,control,RE_R1l,0.0
SHF-021,control,RE_Sb,0.0
SHF-021,control,RE_Sl,0.0
SHF-021,control,T1_1,0.0
SHF-021,control,T1_2,0.0
SHF-021,control,t1_MOLLI,0.0
SHF-021,control,t2_MOLLI,0.0
SHF-021,drug,BAT,0.007152237799114754
SHF-021,drug,CO,0.08699186350219215
SHF-021,drug,Thl,0.5726392352733825
SHF-021,drug,Dhl,1.818562075705799
SHF-021,drug,To,1.567304015786107
SHF-021,drug,Eo,0.5695496755319605
SHF-021,drug,Toe,0.34968614089503924
SHF-021,drug,Eb,0.27748396772953704
SHF-021,drug,H,0.0
SHF-021,drug,ve,6.394056258188854
SHF-021,drug,Te,12.617982920787735
SHF-021,drug,De,17.05084406827037
SHF-021,drug,khe,0.8929328334642673
SHF-021,drug,Th,0.5214447892695923
SHF-021,drug,Kbh,0.0
SHF-021,drug,Khe,0.0
SHF-021,drug,kbh,0.0
SHF-021,drug,CL,0.0
SHF-021,drug,AUC_Cb,0.0
SHF-021,drug,AUC_Cl,0.0
SHF-021,drug,AUC35_Cb,0.0
SHF-021,drug,AUC35_Cl,0.0
SHF-021,drug,RE_R1b,0.0
SHF-021,drug,RE_R1l,0.0
SHF-021,drug,RE_Sb,0.0
SHF-021,drug,RE_Sl,0.0
SHF-021,drug,T1_1,0.0
SHF-021,drug,T1_2,0.0
SHF-021,drug,t1_MOLLI,0.0
SHF-021,drug,t2_MOLLI,0.0
SHF-022,control,BAT,0.008269796543514538
SHF-022,control,CO,0.1415266169983592
SHF-022,control,Thl,0.7222296974770378
SHF-022,control,Dhl,1.2119890156171167
SHF-022,control,To,1.8123341653993899
SHF-022,control,Eo,0.731086466612124
SHF-022,control,Toe,0.5991143400044102
SHF-022,control,Eb,0.4263002722686642
SHF-022,control,H,0.0
SHF-022,control,ve,11.367908664831665
SHF-022,control,Te,20.805660942793427
SHF-022,control,De,27.743373287526108
SHF-022,control,khe,1.1329649088093938
SHF-022,control,Th,1.7067568405271134
SHF-022,control,Kbh,0.0
SHF-022,control,Khe,0.0
SHF-022,control,kbh,0.0
SHF-022,control,CL,0.0
SHF-022,control,AUC_Cb,0.0
SHF-022,control,AUC_Cl,0.0
SHF-022,control,AUC35_Cb,0.0
SHF-022,control,AUC35_Cl,0.0
SHF-022,control,RE_R1b,0.0
SHF-022,control,RE_R1l,0.0
SHF-022,control,RE_Sb,0.0
SHF-022,control,RE_Sl,0.0
SHF-022,control,T1_1,0.0
SHF-022,control,T1_2,0.0
SHF-022,control,t1_MOLLI,0.0
SHF-022,control,t2_MOLLI,0.0
SHF-022,drug,BAT,0.04219626948582184
SHF-022,drug,CO,0.3928385969650775
SHF-022,drug,Thl,2.787191342906567
SHF-022,drug,Dhl,12.10921147302783
SHF-022,drug,To,3.2106350389114917
SHF-022,drug,Eo,1.374802377023664
SHF-022,drug,Toe,0.6505607855655687
SHF-022,drug,Eb,0.6081455889208056
SHF-022,drug,H,0.0
SHF-022,drug,ve,16.02600610057747
SHF-022,drug,Te,25.051054036987274
SHF-022,drug,De,13.891780870274495
SHF-022,drug,khe,1.971159899375375
SHF-022,drug,Th,1.1260873714909685
SHF-022,drug,Kbh,0.0
SHF-022,drug,Khe,0.0
SHF-022,drug,kbh,0.0
SHF-022,drug,CL,0.0
SHF-022,drug,AUC_Cb,0.0
SHF-022,drug,AUC_Cl,0.0
SHF-022,drug,AUC35_Cb,0.0
SHF-022,drug,AUC35_Cl,0.0
SHF-022,drug,RE_R1b,0.0
SHF-022,drug,RE_R1l,0.0
SHF-022,drug,RE_Sb,0.0
SHF-022,drug,RE_Sl,0.0
SHF-022,drug,T1_1,0.0
SHF-022,drug,T1_2,0.0
SHF-022,drug,t1_MOLLI,0.0
SHF-022,drug,t2_MOLLI,0.0
