subject,study,parameter,value
GOT-003,drug_20,BAT,0.008684430570604907
GOT-003,drug_20,CO,0.09959410247995065
GOT-003,drug_20,Thl,0.6077448666558862
GOT-003,drug_20,Dhl,0.9279355377758236
GOT-003,drug_20,To,1.22893434713808
GOT-003,drug_20,Eo,0.8429841930164674
GOT-003,drug_20,Toe,0.36633239146316254
GOT-003,drug_20,Eb,0.42046556449800615
GOT-003,drug_20,H,0
GOT-003,drug_20,ve,1.8521239156180622
GOT-003,drug_20,Te,7.281014574648385
GOT-003,drug_20,De,3.0670600070947263
GOT-003,drug_20,khe,1.0275951492431608
GOT-003,drug_20,Th,4.4767918005457386
GOT-003,drug_20,Kbh,0
GOT-003,drug_20,Khe,0
GOT-003,drug_20,kbh,0
GOT-003,drug_20,CL,0.0
GOT-003,drug_20,AUC_Cb,0
GOT-003,drug_20,AUC_Cl,0
GOT-003,drug_20,AUC35_Cb,0
GOT-003,drug_20,AUC35_Cl,0
GOT-003,drug_20,RE_R1b,0
GOT-003,drug_20,RE_R1l,0
GOT-003,drug_20,RE_Sb,0
GOT-003,drug_20,RE_Sl,0
GOT-003,drug_20,T1_1,0
GOT-003,drug_20,T1_2,0
GOT-003,drug_20,t1_MOLLI,0
GOT-003,drug_20,t2_MOLLI,0
