subject,study,parameter,value
LDS-002,control,S02a,10671.336172972942
LDS-002,control,S02l,7790.669099250587
LDS-002,control,BAT2,286.0840919274542
LDS-002,control,BAT,1.3506959361292332
LDS-002,control,CO,3.606952779826367
LDS-002,control,Thl,14.640800228728752
LDS-002,control,Dhl,64.20811524586867
LDS-002,control,To,32.91791838353487
LDS-002,control,Eo,19.5323024861743
LDS-002,control,Toe,8.003844296058908
LDS-002,control,Eb,6.936221660061488
LDS-002,control,H,45.0
LDS-002,control,ve,1.0025074349074525
LDS-002,control,Te,3.3025219471744087
LDS-002,control,De,3.0622920148470856
LDS-002,control,khe_i,25.949754462419346
LDS-002,control,khe_f,63.12936994783604
LDS-002,control,Th_i,48.64021901761128
LDS-002,control,Th_f,30.375906109122273
LDS-002,control,Th,39.50806256336678
LDS-002,control,khe,44.53956220512769
LDS-002,control,Kbh,2.531128926902212
LDS-002,control,Khe,4442.81614821534
LDS-002,control,kbh,2.5057541712229243
LDS-002,control,kbh_i,2.035301126609818
LDS-002,control,kbh_f,3.259079489166657
LDS-002,control,CL,0.3045077222112028
LDS-002,control,AUC_Cb,26.952164559159172
LDS-002,control,AUC_Cl,346.5191767393574
LDS-002,control,AUC35_Cb,17.569588841152765
LDS-002,control,AUC35_Cl,106.45521811370462
LDS-002,control,RE_R1b,9.496854288748661
LDS-002,control,RE_R1l,36.15870178052921
LDS-002,control,RE_Sb,9.982953554355657
LDS-002,control,RE_Sl,29.842224092821485
LDS-002,control,T1_1,0.756169983
LDS-002,control,T1_2,0.582789978
LDS-002,control,t1_MOLLI,10.691066388888888
LDS-002,control,t2_MOLLI,11.615237777777777
LDS-002,control,T1_3,0.739849976
LDS-002,control,t3_MOLLI,15.23359111111111
LDS-002,control,t0,10.831897916666666
LDS-002,control,t1,11.536601388888888
LDS-002,control,t2,15.418113194444441
LDS-002,control,t3,16.16719791666667
LDS-002,control,dt1,2.1774999999906868
LDS-002,control,dt2,2.1774999999906868
