subject,study,parameter,value
LDS-002,control,S02a,24.342655012107468
LDS-002,control,S02l,19.518711203819084
LDS-002,control,BAT2,0.0042469415548540045
LDS-002,control,BAT,0.004373182109167233
LDS-002,control,CO,0.09050797811073885
LDS-002,control,Thl,0.5677165666136458
LDS-002,control,Dhl,1.184907621978096
LDS-002,control,To,1.7952932966292707
LDS-002,control,Eo,0.7293563125313879
LDS-002,control,Toe,0.6148170862360806
LDS-002,control,Eb,0.4324000710700481
LDS-002,control,H,0
LDS-002,control,ve,1.6922298300352194
LDS-002,control,Te,3.623786483204037
LDS-002,control,De,958.1622175583093
LDS-002,control,khe_i,0.5443228458519457
LDS-002,control,khe_f,1.1696437627701572
LDS-002,control,Th_i,2.9405228245063397
LDS-002,control,Th_f,1.2248215243488894
LDS-002,control,Th,0.0
LDS-002,control,khe,0
LDS-002,control,Kbh,0
LDS-002,control,Khe,0
LDS-002,control,kbh,0
LDS-002,control,kbh_i,0
LDS-002,control,kbh_f,0
LDS-002,control,CL,0.0
LDS-002,control,AUC_Cb,0
LDS-002,control,AUC_Cl,0
LDS-002,control,AUC35_Cb,0
LDS-002,control,AUC35_Cl,0
LDS-002,control,RE_R1b,0
LDS-002,control,RE_R1l,0
LDS-002,control,RE_Sb,0
LDS-002,control,RE_Sl,0
LDS-002,control,T1_1,0
LDS-002,control,T1_2,0
LDS-002,control,t1_MOLLI,0
LDS-002,control,t2_MOLLI,0
LDS-002,control,T1_3,0
LDS-002,control,t3_MOLLI,0
LDS-002,control,t0,0
LDS-002,control,t1,0
LDS-002,control,t2,0
LDS-002,control,t3,0
LDS-002,control,dt1,0
LDS-002,control,dt2,0
