subject,study,parameter,value
SHF-021,drug_05,BAT,0.023179964352258945
SHF-021,drug_05,CO,0.21434156287502518
SHF-021,drug_05,Thl,1.747910056489159
SHF-021,drug_05,Dhl,2.5342921512795655
SHF-021,drug_05,To,7.595406514395962
SHF-021,drug_05,Eo,44.44522972196004
SHF-021,drug_05,Toe,6.994208909317343
SHF-021,drug_05,Eb,75.85537004849967
SHF-021,drug_05,H,0
SHF-021,drug_05,ve,232.4478099109895
SHF-021,drug_05,Te,147.6279614975339
SHF-021,drug_05,De,39.062379914227954
SHF-021,drug_05,khe,52.92551101668019
SHF-021,drug_05,Th,162707.22094231533
SHF-021,drug_05,Kbh,0
SHF-021,drug_05,Khe,0
SHF-021,drug_05,kbh,0
SHF-021,drug_05,CL,0.0
SHF-021,drug_05,AUC_Cb,0
SHF-021,drug_05,AUC_Cl,0
SHF-021,drug_05,AUC35_Cb,0
SHF-021,drug_05,AUC35_Cl,0
SHF-021,drug_05,RE_R1b,0
SHF-021,drug_05,RE_R1l,0
SHF-021,drug_05,RE_Sb,0
SHF-021,drug_05,RE_Sl,0
SHF-021,drug_05,T1_1,0
SHF-021,drug_05,T1_2,0
SHF-021,drug_05,t1_MOLLI,0
SHF-021,drug_05,t2_MOLLI,0
