subject,study,parameter,value
SHF-017,drug_35,BAT,0.005008312709834647
SHF-017,drug_35,CO,0.19201932881841535
SHF-017,drug_35,Thl,0.30443668006314667
SHF-017,drug_35,Dhl,3.1367500204720686
SHF-017,drug_35,To,2.2030889787857864
SHF-017,drug_35,Eo,0.9455449819932746
SHF-017,drug_35,Toe,0.584318717701855
SHF-017,drug_35,Eb,0.2840315089384675
SHF-017,drug_35,H,0
SHF-017,drug_35,ve,1.7442013440702187
SHF-017,drug_35,Te,5.974161477818339
SHF-017,drug_35,De,5.576081551873274
SHF-017,drug_35,khe,0.39635576169243086
SHF-017,drug_35,Th,910.3897336796169
SHF-017,drug_35,Kbh,0
SHF-017,drug_35,Khe,0
SHF-017,drug_35,kbh,0
SHF-017,drug_35,CL,0.0
SHF-017,drug_35,AUC_Cb,0
SHF-017,drug_35,AUC_Cl,0
SHF-017,drug_35,AUC35_Cb,0
SHF-017,drug_35,AUC35_Cl,0
SHF-017,drug_35,RE_R1b,0
SHF-017,drug_35,RE_R1l,0
SHF-017,drug_35,RE_Sb,0
SHF-017,drug_35,RE_Sl,0
SHF-017,drug_35,T1_1,0
SHF-017,drug_35,T1_2,0
SHF-017,drug_35,t1_MOLLI,0
SHF-017,drug_35,t2_MOLLI,0
