subject,study,parameter,value
LDS-010,drug_05,BAT,0.014732541393671344
LDS-010,drug_05,CO,0.23238018788545645
LDS-010,drug_05,Thl,1.0031491373725665
LDS-010,drug_05,Dhl,2.5108488573241297
LDS-010,drug_05,To,4.2325737573954605
LDS-010,drug_05,Eo,7.383586091889076
LDS-010,drug_05,Toe,0.4011084547781865
LDS-010,drug_05,Eb,9.39025092157071
LDS-010,drug_05,H,0
LDS-010,drug_05,ve,9.50700454492827
LDS-010,drug_05,Te,25.245248162375315
LDS-010,drug_05,De,15.690108091038693
LDS-010,drug_05,khe,8.453025417444922
LDS-010,drug_05,Th,0.0
LDS-010,drug_05,Kbh,0
LDS-010,drug_05,Khe,0
LDS-010,drug_05,kbh,0
LDS-010,drug_05,CL,0.0
LDS-010,drug_05,AUC_Cb,0
LDS-010,drug_05,AUC_Cl,0
LDS-010,drug_05,AUC35_Cb,0
LDS-010,drug_05,AUC35_Cl,0
LDS-010,drug_05,RE_R1b,0
LDS-010,drug_05,RE_R1l,0
LDS-010,drug_05,RE_Sb,0
LDS-010,drug_05,RE_Sl,0
LDS-010,drug_05,T1_1,0
LDS-010,drug_05,T1_2,0
LDS-010,drug_05,t1_MOLLI,0
LDS-010,drug_05,t2_MOLLI,0
