subject,study,parameter,value
SHF-003,drug_25,BAT,0.017798517990482116
SHF-003,drug_25,CO,0.7712375360352491
SHF-003,drug_25,Thl,1.1067560218185084
SHF-003,drug_25,Dhl,5.051469187694108
SHF-003,drug_25,To,1.9170983487893238
SHF-003,drug_25,Eo,0.8237530679002516
SHF-003,drug_25,Toe,1.2315448313808313
SHF-003,drug_25,Eb,0.9561721567951098
SHF-003,drug_25,H,0
SHF-003,drug_25,ve,6.363754057847301
SHF-003,drug_25,Te,10.354572310778174
SHF-003,drug_25,De,4.430672394542572
SHF-003,drug_25,khe,1.4956897155515416
SHF-003,drug_25,Th,44.03212150635882
SHF-003,drug_25,Kbh,0
SHF-003,drug_25,Khe,0
SHF-003,drug_25,kbh,0
SHF-003,drug_25,CL,0.0
SHF-003,drug_25,AUC_Cb,0
SHF-003,drug_25,AUC_Cl,0
SHF-003,drug_25,AUC35_Cb,0
SHF-003,drug_25,AUC35_Cl,0
SHF-003,drug_25,RE_R1b,0
SHF-003,drug_25,RE_R1l,0
SHF-003,drug_25,RE_Sb,0
SHF-003,drug_25,RE_Sl,0
SHF-003,drug_25,T1_1,0
SHF-003,drug_25,T1_2,0
SHF-003,drug_25,t1_MOLLI,0
SHF-003,drug_25,t2_MOLLI,0
