subject,study,parameter,value
SHF-002,control_15,BAT,1.062628258381839
SHF-002,control_15,CO,3.9366378954479324
SHF-002,control_15,Thl,17.508019021797338
SHF-002,control_15,Dhl,28.926398361288136
SHF-002,control_15,To,22.398575704658043
SHF-002,control_15,Eo,34.64427359601017
SHF-002,control_15,Toe,2.678738299786395
SHF-002,control_15,Eb,8.426124844940672
SHF-002,control_15,H,45.0
SHF-002,control_15,ve,16.782454501319762
SHF-002,control_15,Te,32.57820710109334
SHF-002,control_15,De,75.05664337103131
SHF-002,control_15,khe,39.0426954574469
SHF-002,control_15,Th,38.49017572891777
SHF-002,control_15,Kbh,2.598065561048341
SHF-002,control_15,Khe,232.63996011058214
SHF-002,control_15,kbh,2.1620463903509455
SHF-002,control_15,CL,0.06299834211486148
SHF-002,control_15,AUC_Cb,61.53228231711269
SHF-002,control_15,AUC_Cl,927.0894508715131
SHF-002,control_15,AUC35_Cb,48.20759323187594
SHF-002,control_15,AUC35_Cl,331.03175617732404
SHF-002,control_15,RE_R1b,21.275980896545676
SHF-002,control_15,RE_R1l,132.42508098533074
SHF-002,control_15,RE_Sb,19.500159178900045
SHF-002,control_15,RE_Sl,95.27836610598098
SHF-002,control_15,T1_1,0.73111
SHF-002,control_15,T1_2,0.33114
SHF-002,control_15,t1_MOLLI,11.14638888888889
SHF-002,control_15,t2_MOLLI,12.024722222222222
