subject,study,parameter,value
SHF-002,control_15,BAT,0.007259560716113901
SHF-002,control_15,CO,0.06799462942210549
SHF-002,control_15,Thl,0.4788160347401144
SHF-002,control_15,Dhl,0.8327817435178169
SHF-002,control_15,To,1.981902349600395
SHF-002,control_15,Eo,1.8376453982977543
SHF-002,control_15,Toe,0.38841401193442165
SHF-002,control_15,Eb,1.2157296727905367
SHF-002,control_15,H,0
SHF-002,control_15,ve,5.205365527765526
SHF-002,control_15,Te,10.417054522746874
SHF-002,control_15,De,9.631923329089801
SHF-002,control_15,khe,1.484148044072027
SHF-002,control_15,Th,7.225266156224994
SHF-002,control_15,Kbh,0
SHF-002,control_15,Khe,0
SHF-002,control_15,kbh,0
SHF-002,control_15,CL,0.0
SHF-002,control_15,AUC_Cb,0
SHF-002,control_15,AUC_Cl,0
SHF-002,control_15,AUC35_Cb,0
SHF-002,control_15,AUC35_Cl,0
SHF-002,control_15,RE_R1b,0
SHF-002,control_15,RE_R1l,0
SHF-002,control_15,RE_Sb,0
SHF-002,control_15,RE_Sl,0
SHF-002,control_15,T1_1,0
SHF-002,control_15,T1_2,0
SHF-002,control_15,t1_MOLLI,0
SHF-002,control_15,t2_MOLLI,0
