subject,study,parameter,value
SHF-005,drug_10,BAT,0.08218817618251933
SHF-005,drug_10,CO,0.72753020679535
SHF-005,drug_10,Thl,6.158189120436685
SHF-005,drug_10,Dhl,18.651170607157077
SHF-005,drug_10,To,5.204419601154578
SHF-005,drug_10,Eo,8.094779416780874
SHF-005,drug_10,Toe,0.3889973772663058
SHF-005,drug_10,Eb,3.2286567946929976
SHF-005,drug_10,H,0
SHF-005,drug_10,ve,12.835138888858308
SHF-005,drug_10,Te,10.799976723821725
SHF-005,drug_10,De,9.323241758716765
SHF-005,drug_10,khe,3.5531900459406516
SHF-005,drug_10,Th,50460.01337299622
SHF-005,drug_10,Kbh,0
SHF-005,drug_10,Khe,0
SHF-005,drug_10,kbh,0
SHF-005,drug_10,CL,0.0
SHF-005,drug_10,AUC_Cb,0
SHF-005,drug_10,AUC_Cl,0
SHF-005,drug_10,AUC35_Cb,0
SHF-005,drug_10,AUC35_Cl,0
SHF-005,drug_10,RE_R1b,0
SHF-005,drug_10,RE_R1l,0
SHF-005,drug_10,RE_Sb,0
SHF-005,drug_10,RE_Sl,0
SHF-005,drug_10,T1_1,0
SHF-005,drug_10,T1_2,0
SHF-005,drug_10,t1_MOLLI,0
SHF-005,drug_10,t2_MOLLI,0
