subject,study,parameter,value
SHF-005,control_20,BAT,1.288686592667167
SHF-005,control_20,CO,3.729535877231887
SHF-005,control_20,Thl,11.409983651856304
SHF-005,control_20,Dhl,67.00130800952468
SHF-005,control_20,To,35.069129516100766
SHF-005,control_20,Eo,21.07515766023974
SHF-005,control_20,Toe,3.1380954511946006
SHF-005,control_20,Eb,9.285562695249478
SHF-005,control_20,H,45.0
SHF-005,control_20,ve,21.26957737296634
SHF-005,control_20,Te,40.71767828561786
SHF-005,control_20,De,76.83866546540251
SHF-005,control_20,khe,20.67588644314422
SHF-005,control_20,Th,123.43531546832294
SHF-005,control_20,Kbh,0.8101409197245734
SHF-005,control_20,Khe,97.20873189245076
SHF-005,control_20,kbh,0.637827369973694
SHF-005,control_20,CL,0.1864492198479391
SHF-005,control_20,AUC_Cb,39.13701787272396
SHF-005,control_20,AUC_Cl,752.9056957139811
SHF-005,control_20,AUC35_Cb,34.89787196304721
SHF-005,control_20,AUC35_Cl,172.25738529209053
SHF-005,control_20,RE_R1b,18.322288544665604
SHF-005,control_20,RE_R1l,73.09212849420607
SHF-005,control_20,RE_Sb,16.017889647928982
SHF-005,control_20,RE_Sl,59.42376845995809
SHF-005,control_20,T1_1,0.78715
SHF-005,control_20,T1_2,0.49327
SHF-005,control_20,t1_MOLLI,14.248888888888889
SHF-005,control_20,t2_MOLLI,15.06611111111111
