subject,study,parameter,value
SHF-005,control_20,BAT,0.027584739351163682
SHF-005,control_20,CO,0.13885091837354152
SHF-005,control_20,Thl,1.9764948317290587
SHF-005,control_20,Dhl,8.75797670353724
SHF-005,control_20,To,3.219400395583008
SHF-005,control_20,Eo,2.19882346766767
SHF-005,control_20,Toe,0.5962313276166971
SHF-005,control_20,Eb,0.9204697309450122
SHF-005,control_20,H,0
SHF-005,control_20,ve,3.090559837827055
SHF-005,control_20,Te,7.769171026988911
SHF-005,control_20,De,6.355069309462424
SHF-005,control_20,khe,0.9141718523834662
SHF-005,control_20,Th,65.74567345026834
SHF-005,control_20,Kbh,0
SHF-005,control_20,Khe,0
SHF-005,control_20,kbh,0
SHF-005,control_20,CL,0.0
SHF-005,control_20,AUC_Cb,0
SHF-005,control_20,AUC_Cl,0
SHF-005,control_20,AUC35_Cb,0
SHF-005,control_20,AUC35_Cl,0
SHF-005,control_20,RE_R1b,0
SHF-005,control_20,RE_R1l,0
SHF-005,control_20,RE_Sb,0
SHF-005,control_20,RE_Sl,0
SHF-005,control_20,T1_1,0
SHF-005,control_20,T1_2,0
SHF-005,control_20,t1_MOLLI,0
SHF-005,control_20,t2_MOLLI,0
