subject,study,parameter,value
LDS-004,control_25,BAT,1.2038462284643772
LDS-004,control_25,CO,3.6284767080910703
LDS-004,control_25,Thl,11.477852731157775
LDS-004,control_25,Dhl,48.63962252506237
LDS-004,control_25,To,38.601778807268495
LDS-004,control_25,Eo,36.671625495253004
LDS-004,control_25,Toe,8.321621040088834
LDS-004,control_25,Eb,12.976981008271727
LDS-004,control_25,H,45.0
LDS-004,control_25,ve,8.353832160218783
LDS-004,control_25,Te,53.42371372799275
LDS-004,control_25,De,83.9481492960085
LDS-004,control_25,khe,19.983416352523424
LDS-004,control_25,Th,449.00654537885174
LDS-004,control_25,Kbh,0.22271390256822304
LDS-004,control_25,Khe,239.21256699033404
LDS-004,control_25,kbh,0.20410875695020048
LDS-004,control_25,CL,0.17706253368879485
LDS-004,control_25,AUC_Cb,57.54277280447334
LDS-004,control_25,AUC_Cl,1461.2062757854414
LDS-004,control_25,AUC35_Cb,36.44163217470892
LDS-004,control_25,AUC35_Cl,182.83732482558113
LDS-004,control_25,RE_R1b,18.724771587041236
LDS-004,control_25,RE_R1l,77.15809474349687
LDS-004,control_25,RE_Sb,8.190399279545057
LDS-004,control_25,RE_Sl,61.55090623422181
LDS-004,control_25,T1_1,0.802359985
LDS-004,control_25,T1_2,0.502459991
LDS-004,control_25,t1_MOLLI,9.83225138888889
LDS-004,control_25,t2_MOLLI,10.700175833333335
