subject,study,parameter,value
LDS-004,control_25,BAT,0.006293058679393547
LDS-004,control_25,CO,0.06365661412631232
LDS-004,control_25,Thl,0.47517018728117427
LDS-004,control_25,Dhl,1.080503085543619
LDS-004,control_25,To,2.1116185122448856
LDS-004,control_25,Eo,1.5189984344097833
LDS-004,control_25,Toe,1.1340867807252717
LDS-004,control_25,Eb,2.3050729239737553
LDS-004,control_25,H,0
LDS-004,control_25,ve,111.14736466233519
LDS-004,control_25,Te,602.1902684274683
LDS-004,control_25,De,182.11251536752647
LDS-004,control_25,khe,0.7759199247514694
LDS-004,control_25,Th,327.9594981958507
LDS-004,control_25,Kbh,0
LDS-004,control_25,Khe,0
LDS-004,control_25,kbh,0
LDS-004,control_25,CL,0.0
LDS-004,control_25,AUC_Cb,0
LDS-004,control_25,AUC_Cl,0
LDS-004,control_25,AUC35_Cb,0
LDS-004,control_25,AUC35_Cl,0
LDS-004,control_25,RE_R1b,0
LDS-004,control_25,RE_R1l,0
LDS-004,control_25,RE_Sb,0
LDS-004,control_25,RE_Sl,0
LDS-004,control_25,T1_1,0
LDS-004,control_25,T1_2,0
LDS-004,control_25,t1_MOLLI,0
LDS-004,control_25,t2_MOLLI,0
