subject,study,parameter,value
SHF-014,control_20,BAT,1.2796317102969315
SHF-014,control_20,CO,17.999999728808895
SHF-014,control_20,Thl,29.994338476798667
SHF-014,control_20,Dhl,87.30074728956407
SHF-014,control_20,To,59.999999994
SHF-014,control_20,Eo,49.99999999
SHF-014,control_20,Toe,0.555089030686897
SHF-014,control_20,Eb,14.99999999
SHF-014,control_20,H,45.0
SHF-014,control_20,ve,35.694082268988744
SHF-014,control_20,Te,59.99999821671457
SHF-014,control_20,De,99.99999743687876
SHF-014,control_20,khe,38.10252232550371
SHF-014,control_20,Th,16.05925293484689
SHF-014,control_20,Kbh,6.226939721648604
SHF-014,control_20,Khe,106.7474491664055
SHF-014,control_20,kbh,4.004290734563012
SHF-014,control_20,CL,0.4255145597193324
SHF-014,control_20,AUC_Cb,10.140508834478926
SHF-014,control_20,AUC_Cl,68.62743503129201
SHF-014,control_20,AUC35_Cb,9.150399600704407
SHF-014,control_20,AUC35_Cl,46.23326468719368
SHF-014,control_20,RE_R1b,4.977845224772501
SHF-014,control_20,RE_R1l,17.902192584900217
SHF-014,control_20,RE_Sb,10.400206895445189
SHF-014,control_20,RE_Sl,15.92507790208587
SHF-014,control_20,T1_1,0.72913
SHF-014,control_20,T1_2,0.55618
SHF-014,control_20,t1_MOLLI,12.436666666666667
SHF-014,control_20,t2_MOLLI,13.284722222222221
