subject,study,parameter,value
SHF-014,control_20,BAT,0.10915985049365409
SHF-014,control_20,CO,1.8308931892057545
SHF-014,control_20,Thl,8.707039777059757
SHF-014,control_20,Dhl,18.587091878442564
SHF-014,control_20,To,249.99514612159584
SHF-014,control_20,Eo,153.676588595255
SHF-014,control_20,Toe,1.5755459662433522
SHF-014,control_20,Eb,3.125196532837398
SHF-014,control_20,H,0
SHF-014,control_20,ve,36.82485201618438
SHF-014,control_20,Te,74.91464861292526
SHF-014,control_20,De,10.768682557315419
SHF-014,control_20,khe,8.086250180416682
SHF-014,control_20,Th,3.8996512647319954
SHF-014,control_20,Kbh,0
SHF-014,control_20,Khe,0
SHF-014,control_20,kbh,0
SHF-014,control_20,CL,0.0
SHF-014,control_20,AUC_Cb,0
SHF-014,control_20,AUC_Cl,0
SHF-014,control_20,AUC35_Cb,0
SHF-014,control_20,AUC35_Cl,0
SHF-014,control_20,RE_R1b,0
SHF-014,control_20,RE_R1l,0
SHF-014,control_20,RE_Sb,0
SHF-014,control_20,RE_Sl,0
SHF-014,control_20,T1_1,0
SHF-014,control_20,T1_2,0
SHF-014,control_20,t1_MOLLI,0
SHF-014,control_20,t2_MOLLI,0
