subject,study,parameter,value
SHF-017,drug_20,BAT,0.014833725314212004
SHF-017,drug_20,CO,0.3231425818894727
SHF-017,drug_20,Thl,1.3679717467757004
SHF-017,drug_20,Dhl,1.215533112811793
SHF-017,drug_20,To,2.3190311893312496
SHF-017,drug_20,Eo,2.1782018748203726
SHF-017,drug_20,Toe,0.36831346096325285
SHF-017,drug_20,Eb,0.570700929959522
SHF-017,drug_20,H,0
SHF-017,drug_20,ve,4.343313530927298
SHF-017,drug_20,Te,10.246381260372555
SHF-017,drug_20,De,5.680180519467699
SHF-017,drug_20,khe,1.1242475104337797
SHF-017,drug_20,Th,4515.801662619639
SHF-017,drug_20,Kbh,0
SHF-017,drug_20,Khe,0
SHF-017,drug_20,kbh,0
SHF-017,drug_20,CL,0.0
SHF-017,drug_20,AUC_Cb,0
SHF-017,drug_20,AUC_Cl,0
SHF-017,drug_20,AUC35_Cb,0
SHF-017,drug_20,AUC35_Cl,0
SHF-017,drug_20,RE_R1b,0
SHF-017,drug_20,RE_R1l,0
SHF-017,drug_20,RE_Sb,0
SHF-017,drug_20,RE_Sl,0
SHF-017,drug_20,T1_1,0
SHF-017,drug_20,T1_2,0
SHF-017,drug_20,t1_MOLLI,0
SHF-017,drug_20,t2_MOLLI,0
