subject,study,parameter,value
LDS-008,drug_35,BAT,0.005079852690625975
LDS-008,drug_35,CO,0.6697002007478162
LDS-008,drug_35,Thl,0.6750356380756359
LDS-008,drug_35,Dhl,3.397826401556201
LDS-008,drug_35,To,1.070957575490688
LDS-008,drug_35,Eo,0.4281711015018656
LDS-008,drug_35,Toe,0.7528902799103097
LDS-008,drug_35,Eb,0.3004759268216213
LDS-008,drug_35,H,0
LDS-008,drug_35,ve,1.0676090923351782
LDS-008,drug_35,Te,3.1241149043933216
LDS-008,drug_35,De,7.786880989209973
LDS-008,drug_35,khe,0.239714872137914
LDS-008,drug_35,Th,3530.447885197687
LDS-008,drug_35,Kbh,0
LDS-008,drug_35,Khe,0
LDS-008,drug_35,kbh,0
LDS-008,drug_35,CL,0.0
LDS-008,drug_35,AUC_Cb,0
LDS-008,drug_35,AUC_Cl,0
LDS-008,drug_35,AUC35_Cb,0
LDS-008,drug_35,AUC35_Cl,0
LDS-008,drug_35,RE_R1b,0
LDS-008,drug_35,RE_R1l,0
LDS-008,drug_35,RE_Sb,0
LDS-008,drug_35,RE_Sl,0
LDS-008,drug_35,T1_1,0
LDS-008,drug_35,T1_2,0
LDS-008,drug_35,t1_MOLLI,0
LDS-008,drug_35,t2_MOLLI,0
