subject,study,parameter,value
SHF-011,control_05,BAT,1.2918956191485915
SHF-011,control_05,CO,6.870720438193336
SHF-011,control_05,Thl,15.576252445454017
SHF-011,control_05,Dhl,47.88587458126549
SHF-011,control_05,To,16.266196859517155
SHF-011,control_05,Eo,29.054876709353938
SHF-011,control_05,Toe,1.4554989492247805
SHF-011,control_05,Eb,7.519157661847564
SHF-011,control_05,H,45.0
SHF-011,control_05,ve,57.91979372552652
SHF-011,control_05,Te,59.996807349362385
SHF-011,control_05,De,93.82267237636667
SHF-011,control_05,khe,48.004730129129236
SHF-011,control_05,Th,43.0582186838526
SHF-011,control_05,Kbh,2.322436994763588
SHF-011,control_05,Khe,82.88139000738965
SHF-011,control_05,kbh,0.9772862779912007
SHF-011,control_05,CL,0.38839502747086074
SHF-011,control_05,AUC_Cb,26.252120623917836
SHF-011,control_05,AUC_Cl,558.7843474896123
SHF-011,control_05,AUC35_Cb,24.68350935711808
SHF-011,control_05,AUC35_Cl,237.64319225154247
SHF-011,control_05,RE_R1b,13.085748345891496
SHF-011,control_05,RE_R1l,99.12827596678234
SHF-011,control_05,RE_Sb,29.749776394274623
SHF-011,control_05,RE_Sl,48.118918962603885
SHF-011,control_05,T1_1,0.76065
SHF-011,control_05,T1_2,0.49798
SHF-011,control_05,t1_MOLLI,14.463611111111112
SHF-011,control_05,t2_MOLLI,15.278611111111111
