subject,study,parameter,value
SHF-011,control_05,BAT,0.060054679685241176
SHF-011,control_05,CO,0.5853043752862596
SHF-011,control_05,Thl,4.578397830992105
SHF-011,control_05,Dhl,8.7846116891426
SHF-011,control_05,To,9.738674028007722
SHF-011,control_05,Eo,15.974608554436342
SHF-011,control_05,Toe,3.949904571095878
SHF-011,control_05,Eb,36.57563153905142
SHF-011,control_05,H,0
SHF-011,control_05,ve,278.36317755995606
SHF-011,control_05,Te,289.7978443768678
SHF-011,control_05,De,33.65734845852394
SHF-011,control_05,khe,197.87762645894006
SHF-011,control_05,Th,2747.1791025979833
SHF-011,control_05,Kbh,0
SHF-011,control_05,Khe,0
SHF-011,control_05,kbh,0
SHF-011,control_05,CL,0.0
SHF-011,control_05,AUC_Cb,0
SHF-011,control_05,AUC_Cl,0
SHF-011,control_05,AUC35_Cb,0
SHF-011,control_05,AUC35_Cl,0
SHF-011,control_05,RE_R1b,0
SHF-011,control_05,RE_R1l,0
SHF-011,control_05,RE_Sb,0
SHF-011,control_05,RE_Sl,0
SHF-011,control_05,T1_1,0
SHF-011,control_05,T1_2,0
SHF-011,control_05,t1_MOLLI,0
SHF-011,control_05,t2_MOLLI,0
