subject,study,parameter,value
SHF-004,control_05,BAT,1.2330497240553748
SHF-004,control_05,CO,10.589771348228386
SHF-004,control_05,Thl,18.59936004451077
SHF-004,control_05,Dhl,65.54292761033447
SHF-004,control_05,To,14.446917081361523
SHF-004,control_05,Eo,31.81501200784751
SHF-004,control_05,Toe,1.1821203557467617
SHF-004,control_05,Eb,4.736799103378699
SHF-004,control_05,H,45.0
SHF-004,control_05,ve,29.01922488895495
SHF-004,control_05,Te,37.647942806894044
SHF-004,control_05,De,96.25417516521247
SHF-004,control_05,khe,20.297151807556997
SHF-004,control_05,Th,448.4038810242551
SHF-004,control_05,Kbh,0.22301323479087104
SHF-004,control_05,Khe,69.94381099159658
SHF-004,control_05,kbh,0.15829652265477506
SHF-004,control_05,CL,0.17705665024892311
SHF-004,control_05,AUC_Cb,40.487649817853956
SHF-004,control_05,AUC_Cl,1130.7349733253498
SHF-004,control_05,AUC35_Cb,32.94929406075492
SHF-004,control_05,AUC35_Cl,159.88246643414956
SHF-004,control_05,RE_R1b,20.933491763784065
SHF-004,control_05,RE_R1l,68.71995222429149
SHF-004,control_05,RE_Sb,19.380499222847778
SHF-004,control_05,RE_Sl,50.08174333052071
SHF-004,control_05,T1_1,0.79748
SHF-004,control_05,T1_2,0.51401
SHF-004,control_05,t1_MOLLI,10.535277777777777
SHF-004,control_05,t2_MOLLI,11.376388888888888
