subject,study,parameter,value
SHF-004,control_05,BAT,0.06596924766921318
SHF-004,control_05,CO,1.379902919489778
SHF-004,control_05,Thl,5.151712987390109
SHF-004,control_05,Dhl,10.471334524556099
SHF-004,control_05,To,6.8294884240945075
SHF-004,control_05,Eo,7.736207334983602
SHF-004,control_05,Toe,1.627835452638058
SHF-004,control_05,Eb,18.55206456802693
SHF-004,control_05,H,0
SHF-004,control_05,ve,243.1671664063721
SHF-004,control_05,Te,50.589662713536676
SHF-004,control_05,De,12.561211680052661
SHF-004,control_05,khe,38.280601712826595
SHF-004,control_05,Th,150300.42969414117
SHF-004,control_05,Kbh,0
SHF-004,control_05,Khe,0
SHF-004,control_05,kbh,0
SHF-004,control_05,CL,0.0
SHF-004,control_05,AUC_Cb,0
SHF-004,control_05,AUC_Cl,0
SHF-004,control_05,AUC35_Cb,0
SHF-004,control_05,AUC35_Cl,0
SHF-004,control_05,RE_R1b,0
SHF-004,control_05,RE_R1l,0
SHF-004,control_05,RE_Sb,0
SHF-004,control_05,RE_Sl,0
SHF-004,control_05,T1_1,0
SHF-004,control_05,T1_2,0
SHF-004,control_05,t1_MOLLI,0
SHF-004,control_05,t2_MOLLI,0
