subject,study,parameter,value
GOT-003,drug,S02a,559766.9622354984
GOT-003,drug,S02l,481308.8000009013
GOT-003,drug,BAT2,0.002423475105009091
GOT-003,drug,BAT,0.002550236370444843
GOT-003,drug,CO,0.18558971573478653
GOT-003,drug,Thl,0.25001153536566934
GOT-003,drug,Dhl,0.7301854840563506
GOT-003,drug,To,1.0921808456354818
GOT-003,drug,Eo,1.017877726090636
GOT-003,drug,Toe,0.32671821223845243
GOT-003,drug,Eb,0.265335597428036
GOT-003,drug,H,0
GOT-003,drug,ve,2.8123839735572878
GOT-003,drug,Te,9.896263572772062
GOT-003,drug,De,3.9287491278565616
GOT-003,drug,khe_i,1.4818442125897422
GOT-003,drug,khe_f,2.0011574149419085
GOT-003,drug,Th_i,8.46917320434627
GOT-003,drug,Th_f,28.970857691077025
GOT-003,drug,Th,0.0
GOT-003,drug,khe,0
GOT-003,drug,Kbh,0
GOT-003,drug,Khe,0
GOT-003,drug,kbh,0
GOT-003,drug,kbh_i,0
GOT-003,drug,kbh_f,0
GOT-003,drug,CL,0.0
GOT-003,drug,AUC_Cb,0
GOT-003,drug,AUC_Cl,0
GOT-003,drug,AUC35_Cb,0
GOT-003,drug,AUC35_Cl,0
GOT-003,drug,RE_R1b,0
GOT-003,drug,RE_R1l,0
GOT-003,drug,RE_Sb,0
GOT-003,drug,RE_Sl,0
GOT-003,drug,T1_1,0
GOT-003,drug,T1_2,0
GOT-003,drug,t1_MOLLI,0
GOT-003,drug,t2_MOLLI,0
GOT-003,drug,T1_3,0
GOT-003,drug,t3_MOLLI,0
GOT-003,drug,t0,0
GOT-003,drug,t1,0
GOT-003,drug,t2,0
GOT-003,drug,t3,0
GOT-003,drug,dt1,0
GOT-003,drug,dt2,0
