subject,study,parameter,value
LDS-005,control,S02a,7722.014665344358
LDS-005,control,S02l,9106.647532303296
LDS-005,control,BAT2,167.18223706584197
LDS-005,control,BAT,1.2849152933456778
LDS-005,control,CO,6.614949497666818
LDS-005,control,Thl,10.351937438318975
LDS-005,control,Dhl,56.03586952856631
LDS-005,control,To,22.44253169163024
LDS-005,control,Eo,17.499632910711213
LDS-005,control,Toe,4.608937081959018
LDS-005,control,Eb,6.621268513065274
LDS-005,control,H,45.0
LDS-005,control,ve,18.187991276171058
LDS-005,control,Te,39.05585855051686
LDS-005,control,De,79.53411164950415
LDS-005,control,khe_i,34.85050606281689
LDS-005,control,khe_f,24.18117094796059
LDS-005,control,Th_i,32.10329137623221
LDS-005,control,Th_f,35.53381728883694
LDS-005,control,Th,33.81855433253457
LDS-005,control,khe,29.51583850538874
LDS-005,control,Kbh,2.9569566758149883
LDS-005,control,Khe,162.28201375958886
LDS-005,control,kbh,2.419145653577601
LDS-005,control,kbh_i,2.5483994075572816
LDS-005,control,kbh_f,2.3023703887150466
LDS-005,control,CL,0.20818178085704506
LDS-005,control,AUC_Cb,46.36858215750019
LDS-005,control,AUC_Cl,527.225271740116
LDS-005,control,AUC35_Cb,37.76363165458657
LDS-005,control,AUC35_Cl,211.85827049259942
LDS-005,control,RE_R1b,15.772785627482582
LDS-005,control,RE_R1l,96.75643109363375
LDS-005,control,RE_Sb,2.180114911274723
LDS-005,control,RE_Sl,75.13629108360641
LDS-005,control,T1_1,0.8025
LDS-005,control,T1_2,0.450480011
LDS-005,control,t1_MOLLI,10.870616388888887
LDS-005,control,t2_MOLLI,11.798355277777777
LDS-005,control,T1_3,0.66952002
LDS-005,control,t3_MOLLI,13.617610833333332
LDS-005,control,t0,11.020598611111112
LDS-005,control,t1,11.724525
LDS-005,control,t2,13.607809722222221
LDS-005,control,t3,14.332372222222222
LDS-005,control,dt1,2.180000000000291
LDS-005,control,dt2,2.180000000000291
