subject,study,parameter,value
LDS-005,control,S02a,15.946824520875428
LDS-005,control,S02l,25.453092730092212
LDS-005,control,BAT2,0.004036455760650574
LDS-005,control,BAT,0.003974246626654654
LDS-005,control,CO,0.10572022946167446
LDS-005,control,Thl,0.3312255039989954
LDS-005,control,Dhl,1.3627884796834795
LDS-005,control,To,0.7846139358993028
LDS-005,control,Eo,0.5168291620925052
LDS-005,control,Toe,0.17849067343233563
LDS-005,control,Eb,0.1867206523592895
LDS-005,control,H,0
LDS-005,control,ve,1.8657275976101144
LDS-005,control,Te,4.804265357021695
LDS-005,control,De,3.562772132447688
LDS-005,control,khe_i,0.4319189065167609
LDS-005,control,khe_f,0.40465848669875915
LDS-005,control,Th_i,0.7656889911494278
LDS-005,control,Th_f,1.3035809563091436
LDS-005,control,Th,0.0
LDS-005,control,khe,0
LDS-005,control,Kbh,0
LDS-005,control,Khe,0
LDS-005,control,kbh,0
LDS-005,control,kbh_i,0
LDS-005,control,kbh_f,0
LDS-005,control,CL,0.0
LDS-005,control,AUC_Cb,0
LDS-005,control,AUC_Cl,0
LDS-005,control,AUC35_Cb,0
LDS-005,control,AUC35_Cl,0
LDS-005,control,RE_R1b,0
LDS-005,control,RE_R1l,0
LDS-005,control,RE_Sb,0
LDS-005,control,RE_Sl,0
LDS-005,control,T1_1,0
LDS-005,control,T1_2,0
LDS-005,control,t1_MOLLI,0
LDS-005,control,t2_MOLLI,0
LDS-005,control,T1_3,0
LDS-005,control,t3_MOLLI,0
LDS-005,control,t0,0
LDS-005,control,t1,0
LDS-005,control,t2,0
LDS-005,control,t3,0
LDS-005,control,dt1,0
LDS-005,control,dt2,0
