subject,study,parameter,value
LDS-003,drug,BAT,0.009724208860804464
LDS-003,drug,CO,0.20385017896387606
LDS-003,drug,Thl,0.6596844977627194
LDS-003,drug,Dhl,1.4964556199195713
LDS-003,drug,To,1.125475586793571
LDS-003,drug,Eo,1.188594584746277
LDS-003,drug,Toe,0.3643601592501708
LDS-003,drug,Eb,0.2038599680583987
LDS-003,drug,H,0
LDS-003,drug,ve,1.25995342548263
LDS-003,drug,Te,2.933755161736717
LDS-003,drug,De,5.633186447665362
LDS-003,drug,khe,0.239874607927508
LDS-003,drug,Th,1281.9473333295007
LDS-003,drug,Kbh,0
LDS-003,drug,Khe,0
LDS-003,drug,kbh,0
LDS-003,drug,CL,0.0
LDS-003,drug,AUC_Cb,0
LDS-003,drug,AUC_Cl,0
LDS-003,drug,AUC35_Cb,0
LDS-003,drug,AUC35_Cl,0
LDS-003,drug,RE_R1b,0
LDS-003,drug,RE_R1l,0
LDS-003,drug,RE_Sb,0
LDS-003,drug,RE_Sl,0
LDS-003,drug,T1_1,0
LDS-003,drug,T1_2,0
LDS-003,drug,t1_MOLLI,0
LDS-003,drug,t2_MOLLI,0
