subject,study,parameter,value
LDS-006,control_25,BAT,1.2897525384725022
LDS-006,control_25,CO,5.276563026689412
LDS-006,control_25,Thl,7.819988761055816
LDS-006,control_25,Dhl,60.61636413006597
LDS-006,control_25,To,39.877402601805734
LDS-006,control_25,Eo,20.73115920512795
LDS-006,control_25,Toe,6.279005151303095
LDS-006,control_25,Eb,5.105039371284686
LDS-006,control_25,H,45.0
LDS-006,control_25,ve,23.623665458768635
LDS-006,control_25,Te,52.105886839864525
LDS-006,control_25,De,70.59659286462139
LDS-006,control_25,khe,46.65895767113962
LDS-006,control_25,Th,31.019845476798267
LDS-006,control_25,Kbh,3.223742686751822
LDS-006,control_25,Khe,197.50939054134273
LDS-006,control_25,kbh,2.4621764991820516
LDS-006,control_25,CL,0.3224833403582798
LDS-006,control_25,AUC_Cb,50.049859838775966
LDS-006,control_25,AUC_Cl,728.6222877983909
LDS-006,control_25,AUC35_Cb,28.617643976340137
LDS-006,control_25,AUC35_Cl,212.12702328916907
LDS-006,control_25,RE_R1b,17.816791595505936
LDS-006,control_25,RE_R1l,95.46458086970733
LDS-006,control_25,RE_Sb,10.170633827127611
LDS-006,control_25,RE_Sl,73.2179959789008
LDS-006,control_25,T1_1,0.83976001
LDS-006,control_25,T1_2,0.498440002
LDS-006,control_25,t1_MOLLI,12.696229722222224
LDS-006,control_25,t2_MOLLI,13.722150833333334
