subject,study,parameter,value
LDS-006,control_25,BAT,0.0012217652575115699
LDS-006,control_25,CO,0.10625010555410284
LDS-006,control_25,Thl,0.1649124865638862
LDS-006,control_25,Dhl,1.5912578921987477
LDS-006,control_25,To,2.5446042533850814
LDS-006,control_25,Eo,1.109049011652378
LDS-006,control_25,Toe,0.9163746680427459
LDS-006,control_25,Eb,0.8466667627131221
LDS-006,control_25,H,0
LDS-006,control_25,ve,9.762555092924718
LDS-006,control_25,Te,18.634939513519416
LDS-006,control_25,De,11.347084731631412
LDS-006,control_25,khe,1.5441371400115997
LDS-006,control_25,Th,2.2110471494448416
LDS-006,control_25,Kbh,0
LDS-006,control_25,Khe,0
LDS-006,control_25,kbh,0
LDS-006,control_25,CL,0.0
LDS-006,control_25,AUC_Cb,0
LDS-006,control_25,AUC_Cl,0
LDS-006,control_25,AUC35_Cb,0
LDS-006,control_25,AUC35_Cl,0
LDS-006,control_25,RE_R1b,0
LDS-006,control_25,RE_R1l,0
LDS-006,control_25,RE_Sb,0
LDS-006,control_25,RE_Sl,0
LDS-006,control_25,T1_1,0
LDS-006,control_25,T1_2,0
LDS-006,control_25,t1_MOLLI,0
LDS-006,control_25,t2_MOLLI,0
