subject,study,parameter,value
LDS-009,control,BAT,1.1724085629668748
LDS-009,control,CO,9.595365311087923
LDS-009,control,Thl,17.88729028335284
LDS-009,control,Dhl,40.85452288451125
LDS-009,control,To,34.37125984143901
LDS-009,control,Eo,13.167992830430764
LDS-009,control,Toe,10.345046071332957
LDS-009,control,Eb,6.204390756781242
LDS-009,control,H,45.0
LDS-009,control,ve,12.154056092628164
LDS-009,control,Te,29.46658500926645
LDS-009,control,De,67.50659488926802
LDS-009,control,khe,21.525211207917376
LDS-009,control,Th,33.98378537717375
LDS-009,control,Kbh,2.942579788865076
LDS-009,control,Khe,177.10310898575767
LDS-009,control,kbh,2.5849369907560753
LDS-009,control,CL,0.25531410525943754
LDS-009,control,AUC_Cb,45.31454989728384
LDS-009,control,AUC_Cl,334.27417879991714
LDS-009,control,AUC35_Cb,29.61362698250531
LDS-009,control,AUC35_Cl,111.34434818484901
LDS-009,control,RE_R1b,16.537243539457478
LDS-009,control,RE_R1l,50.449650627362686
LDS-009,control,RE_Sb,16.152316881256997
LDS-009,control,RE_Sl,43.09935131470725
LDS-009,control,T1_1,0.847049988
LDS-009,control,T1_2,0.621599976
LDS-009,control,t1_MOLLI,13.793121388888888
LDS-009,control,t2_MOLLI,15.155603333333334
