subject,study,parameter,value
LDS-009,control,BAT,0.004418116981833395
LDS-009,control,CO,0.1338715521793717
LDS-009,control,Thl,0.31213137561251814
LDS-009,control,Dhl,0.9933443974675823
LDS-009,control,To,1.1749959829138064
LDS-009,control,Eo,0.41267528449662255
LDS-009,control,Toe,0.6370452461146342
LDS-009,control,Eb,0.23764448008806216
LDS-009,control,H,0
LDS-009,control,ve,1.6915565610257113
LDS-009,control,Te,5.359085128276498
LDS-009,control,De,8.206607687425382
LDS-009,control,khe,0.3518536515401792
LDS-009,control,Th,0.9282752721846664
LDS-009,control,Kbh,0
LDS-009,control,Khe,0
LDS-009,control,kbh,0
LDS-009,control,CL,0.0
LDS-009,control,AUC_Cb,0
LDS-009,control,AUC_Cl,0
LDS-009,control,AUC35_Cb,0
LDS-009,control,AUC35_Cl,0
LDS-009,control,RE_R1b,0
LDS-009,control,RE_R1l,0
LDS-009,control,RE_Sb,0
LDS-009,control,RE_Sl,0
LDS-009,control,T1_1,0
LDS-009,control,T1_2,0
LDS-009,control,t1_MOLLI,0
LDS-009,control,t2_MOLLI,0
