subject,study,parameter,value
SHF-008,control_15,BAT,1.126325735818414
SHF-008,control_15,CO,7.118463858631902
SHF-008,control_15,Thl,16.09316273505135
SHF-008,control_15,Dhl,29.468099235414268
SHF-008,control_15,To,10.848258279109682
SHF-008,control_15,Eo,19.348373665023715
SHF-008,control_15,Toe,3.5293864773521344
SHF-008,control_15,Eb,5.181632432278568
SHF-008,control_15,H,45.0
SHF-008,control_15,ve,36.30780900998819
SHF-008,control_15,Te,25.36761767450514
SHF-008,control_15,De,86.08906590197417
SHF-008,control_15,khe,47.771463239306456
SHF-008,control_15,Th,37.712851703759
SHF-008,control_15,Kbh,2.6516159739262726
SHF-008,control_15,Khe,131.57352245122982
SHF-008,control_15,kbh,1.6888723104347831
SHF-008,control_15,CL,0.4064800186430588
SHF-008,control_15,AUC_Cb,36.75366979395322
SHF-008,control_15,AUC_Cl,675.7808587213194
SHF-008,control_15,AUC35_Cb,29.153917793963807
SHF-008,control_15,AUC35_Cl,251.8266857141757
SHF-008,control_15,RE_R1b,21.939505665021596
SHF-008,control_15,RE_R1l,107.59664434199561
SHF-008,control_15,RE_Sb,9.891334000371906
SHF-008,control_15,RE_Sl,89.43255584626463
SHF-008,control_15,T1_1,0.78759
SHF-008,control_15,T1_2,0.4218
SHF-008,control_15,t1_MOLLI,8.946388888888889
SHF-008,control_15,t2_MOLLI,9.8
