subject,study,parameter,value
SHF-008,control_15,BAT,0.008862914504508395
SHF-008,control_15,CO,0.17194478802238455
SHF-008,control_15,Thl,0.6594053876714593
SHF-008,control_15,Dhl,1.157462618775322
SHF-008,control_15,To,1.1737396823327864
SHF-008,control_15,Eo,1.1569430346281435
SHF-008,control_15,Toe,0.6311114638612039
SHF-008,control_15,Eb,1.0007752279798985
SHF-008,control_15,H,0
SHF-008,control_15,ve,5.729257821305688
SHF-008,control_15,Te,6.484247778007893
SHF-008,control_15,De,7.157682517942657
SHF-008,control_15,khe,2.511851111266577
SHF-008,control_15,Th,10.141890255753635
SHF-008,control_15,Kbh,0
SHF-008,control_15,Khe,0
SHF-008,control_15,kbh,0
SHF-008,control_15,CL,0.0
SHF-008,control_15,AUC_Cb,0
SHF-008,control_15,AUC_Cl,0
SHF-008,control_15,AUC35_Cb,0
SHF-008,control_15,AUC35_Cl,0
SHF-008,control_15,RE_R1b,0
SHF-008,control_15,RE_R1l,0
SHF-008,control_15,RE_Sb,0
SHF-008,control_15,RE_Sl,0
SHF-008,control_15,T1_1,0
SHF-008,control_15,T1_2,0
SHF-008,control_15,t1_MOLLI,0
SHF-008,control_15,t2_MOLLI,0
