subject,study,parameter,value
SHF-011,control_10,BAT,1.2903805064328713
SHF-011,control_10,CO,6.7301341962247365
SHF-011,control_10,Thl,15.860858075906803
SHF-011,control_10,Dhl,48.51579524813005
SHF-011,control_10,To,18.956942776466477
SHF-011,control_10,Eo,22.74534522567547
SHF-011,control_10,Toe,1.864885594455825
SHF-011,control_10,Eb,10.395671666889982
SHF-011,control_10,H,45.0
SHF-011,control_10,ve,49.484205204176746
SHF-011,control_10,Te,51.55950454702395
SHF-011,control_10,De,92.6909057481693
SHF-011,control_10,khe,52.477281536285055
SHF-011,control_10,Th,27.43758707796507
SHF-011,control_10,Kbh,3.644635357906865
SHF-011,control_10,Khe,106.04854886475104
SHF-011,control_10,kbh,1.8411165184562504
SHF-011,control_10,CL,0.42458139331385997
SHF-011,control_10,AUC_Cb,19.30094483628388
SHF-011,control_10,AUC_Cl,294.7009862282505
SHF-011,control_10,AUC35_Cb,19.174984000907116
SHF-011,control_10,AUC35_Cl,183.33321182475223
SHF-011,control_10,RE_R1b,6.93371387938886
SHF-011,control_10,RE_R1l,74.58552596450656
SHF-011,control_10,RE_Sb,11.663172855158175
SHF-011,control_10,RE_Sl,53.38374774059095
SHF-011,control_10,T1_1,0.76065
SHF-011,control_10,T1_2,0.49798
SHF-011,control_10,t1_MOLLI,14.463611111111112
SHF-011,control_10,t2_MOLLI,15.278611111111111
