subject,study,parameter,value
SHF-011,control_10,BAT,0.08359063130995592
SHF-011,control_10,CO,1.2471108069550263
SHF-011,control_10,Thl,4.385851518614824
SHF-011,control_10,Dhl,9.809587085044122
SHF-011,control_10,To,4.078877368360798
SHF-011,control_10,Eo,6.056309221775267
SHF-011,control_10,Toe,1.2861420440124793
SHF-011,control_10,Eb,5.6147972311412495
SHF-011,control_10,H,0
SHF-011,control_10,ve,31.558202760445077
SHF-011,control_10,Te,39.08177859955622
SHF-011,control_10,De,9.337698988447816
SHF-011,control_10,khe,12.430712743134212
SHF-011,control_10,Th,32.15401862934917
SHF-011,control_10,Kbh,0
SHF-011,control_10,Khe,0
SHF-011,control_10,kbh,0
SHF-011,control_10,CL,0.0
SHF-011,control_10,AUC_Cb,0
SHF-011,control_10,AUC_Cl,0
SHF-011,control_10,AUC35_Cb,0
SHF-011,control_10,AUC35_Cl,0
SHF-011,control_10,RE_R1b,0
SHF-011,control_10,RE_R1l,0
SHF-011,control_10,RE_Sb,0
SHF-011,control_10,RE_Sl,0
SHF-011,control_10,T1_1,0
SHF-011,control_10,T1_2,0
SHF-011,control_10,t1_MOLLI,0
SHF-011,control_10,t2_MOLLI,0
