subject,study,parameter,value
SHF-009,control_15,BAT,1.1607342668721112
SHF-009,control_15,CO,11.855126731949909
SHF-009,control_15,Thl,22.178529607232186
SHF-009,control_15,Dhl,56.873827303926674
SHF-009,control_15,To,16.868597896459693
SHF-009,control_15,Eo,26.550992233639263
SHF-009,control_15,Toe,1.8274338071981733
SHF-009,control_15,Eb,8.10418567781696
SHF-009,control_15,H,45.0
SHF-009,control_15,ve,29.638808586673708
SHF-009,control_15,Te,43.83480962720162
SHF-009,control_15,De,89.49420641228848
SHF-009,control_15,khe,25.19095406523368
SHF-009,control_15,Th,305.00551088492085
SHF-009,control_15,Kbh,0.32786292847584053
SHF-009,control_15,Khe,84.99313996231317
SHF-009,control_15,kbh,0.23068826267822323
SHF-009,control_15,CL,0.2007583386971031
SHF-009,control_15,AUC_Cb,28.295781550184795
SHF-009,control_15,AUC_Cl,930.7848605029463
SHF-009,control_15,AUC35_Cb,26.04113343926826
SHF-009,control_15,AUC35_Cl,165.26183255278693
SHF-009,control_15,RE_R1b,14.15676371841021
SHF-009,control_15,RE_R1l,68.2891874724922
SHF-009,control_15,RE_Sb,26.98452606764425
SHF-009,control_15,RE_Sl,47.616926738552394
SHF-009,control_15,T1_1,0.76084
SHF-009,control_15,T1_2,0.42171
SHF-009,control_15,t1_MOLLI,9.10138888888889
SHF-009,control_15,t2_MOLLI,9.93361111111111
