subject,study,parameter,value
SHF-009,control_15,BAT,0.013690802945081937
SHF-009,control_15,CO,0.3456461348443752
SHF-009,control_15,Thl,0.9731451808381764
SHF-009,control_15,Dhl,2.683476335704248
SHF-009,control_15,To,2.3161485510459916
SHF-009,control_15,Eo,2.472318683216862
SHF-009,control_15,Toe,0.2822483802393225
SHF-009,control_15,Eb,0.7232431493532827
SHF-009,control_15,H,0
SHF-009,control_15,ve,5.883441442967908
SHF-009,control_15,Te,12.926629152692225
SHF-009,control_15,De,7.815795604653814
SHF-009,control_15,khe,1.8564991270393034
SHF-009,control_15,Th,892.2587675108581
SHF-009,control_15,Kbh,0
SHF-009,control_15,Khe,0
SHF-009,control_15,kbh,0
SHF-009,control_15,CL,0.0
SHF-009,control_15,AUC_Cb,0
SHF-009,control_15,AUC_Cl,0
SHF-009,control_15,AUC35_Cb,0
SHF-009,control_15,AUC35_Cl,0
SHF-009,control_15,RE_R1b,0
SHF-009,control_15,RE_R1l,0
SHF-009,control_15,RE_Sb,0
SHF-009,control_15,RE_Sl,0
SHF-009,control_15,T1_1,0
SHF-009,control_15,T1_2,0
SHF-009,control_15,t1_MOLLI,0
SHF-009,control_15,t2_MOLLI,0
