subject,study,parameter,value
GOT-002,drug_20,BAT,0.0033611067493311488
GOT-002,drug_20,CO,0.24899585814542652
GOT-002,drug_20,Thl,0.3301316737124813
GOT-002,drug_20,Dhl,2.180843719899542
GOT-002,drug_20,To,1.3998419026166196
GOT-002,drug_20,Eo,1.0019953054824982
GOT-002,drug_20,Toe,1.8335849185329829
GOT-002,drug_20,Eb,1.6197005566296627
GOT-002,drug_20,H,0
GOT-002,drug_20,ve,2.666039040363876
GOT-002,drug_20,Te,7.646119389241853
GOT-002,drug_20,De,7.017201176790716
GOT-002,drug_20,khe,0.7355733392877211
GOT-002,drug_20,Th,3939.2105821514865
GOT-002,drug_20,Kbh,0
GOT-002,drug_20,Khe,0
GOT-002,drug_20,kbh,0
GOT-002,drug_20,CL,0.0
GOT-002,drug_20,AUC_Cb,0
GOT-002,drug_20,AUC_Cl,0
GOT-002,drug_20,AUC35_Cb,0
GOT-002,drug_20,AUC35_Cl,0
GOT-002,drug_20,RE_R1b,0
GOT-002,drug_20,RE_R1l,0
GOT-002,drug_20,RE_Sb,0
GOT-002,drug_20,RE_Sl,0
GOT-002,drug_20,T1_1,0
GOT-002,drug_20,T1_2,0
GOT-002,drug_20,t1_MOLLI,0
GOT-002,drug_20,t2_MOLLI,0
