subject,study,parameter,value
GOT-001,control,BAT,1.2943784187710958
GOT-001,control,CO,10.746856654705358
GOT-001,control,Thl,14.479662159135943
GOT-001,control,Dhl,50.2183433533194
GOT-001,control,To,29.398770401356522
GOT-001,control,Eo,18.91473328770091
GOT-001,control,Toe,5.306634484769204
GOT-001,control,Eb,2.334675626533098
GOT-001,control,H,45.0
GOT-001,control,ve,22.578802815661533
GOT-001,control,Te,59.999999994
GOT-001,control,De,80.20188556490507
GOT-001,control,khe,1.7675666476383505
GOT-001,control,Th,65.8955028892254
GOT-001,control,Kbh,1.5175542429368276
GOT-001,control,Khe,7.828433872553676
GOT-001,control,kbh,1.1749086628034162
GOT-001,control,CL,0.01465658303808566
GOT-001,control,AUC_Cb,99.85183829019424
GOT-001,control,AUC_Cl,134.01648442840755
GOT-001,control,AUC35_Cb,40.874033464922036
GOT-001,control,AUC35_Cl,28.669190641602402
GOT-001,control,RE_R1b,30.431560249038466
GOT-001,control,RE_R1l,13.263361129508041
GOT-001,control,RE_Sb,27.018944753278728
GOT-001,control,RE_Sl,10.447547634171647
GOT-001,control,T1_1,0.991830017
GOT-001,control,T1_2,0.853159973
GOT-001,control,t1_MOLLI,12.486702777777777
GOT-001,control,t2_MOLLI,13.096444444444444
