subject,study,parameter,value
GOT-001,control,BAT,0.01332625673237392
GOT-001,control,CO,0.22927133406550163
GOT-001,control,Thl,1.0403307317221444
GOT-001,control,Dhl,1.8624190528357418
GOT-001,control,To,1.1263873106736815
GOT-001,control,Eo,0.5912464562414382
GOT-001,control,Toe,0.5102121291619179
GOT-001,control,Eb,0.5432678792338373
GOT-001,control,H,0
GOT-001,control,ve,1.3911418315024784
GOT-001,control,Te,6.110549357365055
GOT-001,control,De,3.438806154119057
GOT-001,control,khe,0.5223895920577419
GOT-001,control,Th,116.25929284184105
GOT-001,control,Kbh,0
GOT-001,control,Khe,0
GOT-001,control,kbh,0
GOT-001,control,CL,0.0
GOT-001,control,AUC_Cb,0
GOT-001,control,AUC_Cl,0
GOT-001,control,AUC35_Cb,0
GOT-001,control,AUC35_Cl,0
GOT-001,control,RE_R1b,0
GOT-001,control,RE_R1l,0
GOT-001,control,RE_Sb,0
GOT-001,control,RE_Sl,0
GOT-001,control,T1_1,0
GOT-001,control,T1_2,0
GOT-001,control,t1_MOLLI,0
GOT-001,control,t2_MOLLI,0
