subject,study,parameter,value
SHF-007,control_40,BAT,1.0520832422225408
SHF-007,control_40,CO,5.352038431680259
SHF-007,control_40,Thl,14.923346305924337
SHF-007,control_40,Dhl,37.50854283890783
SHF-007,control_40,To,26.111001655534363
SHF-007,control_40,Eo,25.332432416283286
SHF-007,control_40,Toe,3.8586442973245494
SHF-007,control_40,Eb,7.080940931681636
SHF-007,control_40,H,45.0
SHF-007,control_40,ve,16.689476937161462
SHF-007,control_40,Te,45.32135114204985
SHF-007,control_40,De,87.98532763488484
SHF-007,control_40,khe,32.7346971108576
SHF-007,control_40,Th,43.522655835706935
SHF-007,control_40,Kbh,2.297653901854901
SHF-007,control_40,Khe,196.1397426300953
SHF-007,control_40,kbh,1.9141874838090367
SHF-007,control_40,CL,0.23003507710510787
SHF-007,control_40,AUC_Cb,53.709227021809646
SHF-007,control_40,AUC_Cl,758.1549499747493
SHF-007,control_40,AUC35_Cb,40.320850536135225
SHF-007,control_40,AUC35_Cl,237.97505171000245
SHF-007,control_40,RE_R1b,18.4864480256588
SHF-007,control_40,RE_R1l,96.419051049166
SHF-007,control_40,RE_Sb,19.966690982385245
SHF-007,control_40,RE_Sl,81.96405710752579
SHF-007,control_40,T1_1,0.74539
SHF-007,control_40,T1_2,0.37404
SHF-007,control_40,t1_MOLLI,13.813055555555556
SHF-007,control_40,t2_MOLLI,14.628055555555555
