subject,study,parameter,value
SHF-007,control_40,BAT,0.011472910992714821
SHF-007,control_40,CO,0.12042612950902495
SHF-007,control_40,Thl,0.8996846823155396
SHF-007,control_40,Dhl,0.7056160750034526
SHF-007,control_40,To,1.6294062045900441
SHF-007,control_40,Eo,1.3680437896429174
SHF-007,control_40,Toe,0.2967410925170283
SHF-007,control_40,Eb,0.3465554650111598
SHF-007,control_40,H,0
SHF-007,control_40,ve,10.584064646557795
SHF-007,control_40,Te,30.715011922580917
SHF-007,control_40,De,9.986121729381887
SHF-007,control_40,khe,0.9430811655547303
SHF-007,control_40,Th,2.2408716861789117
SHF-007,control_40,Kbh,0
SHF-007,control_40,Khe,0
SHF-007,control_40,kbh,0
SHF-007,control_40,CL,0.0
SHF-007,control_40,AUC_Cb,0
SHF-007,control_40,AUC_Cl,0
SHF-007,control_40,AUC35_Cb,0
SHF-007,control_40,AUC35_Cl,0
SHF-007,control_40,RE_R1b,0
SHF-007,control_40,RE_R1l,0
SHF-007,control_40,RE_Sb,0
SHF-007,control_40,RE_Sl,0
SHF-007,control_40,T1_1,0
SHF-007,control_40,T1_2,0
SHF-007,control_40,t1_MOLLI,0
SHF-007,control_40,t2_MOLLI,0
