subject,study,parameter,value
SHF-004,drug_15,BAT,0.02820885319020945
SHF-004,drug_15,CO,0.5714030124203106
SHF-004,drug_15,Thl,2.30545133767996
SHF-004,drug_15,Dhl,13.718479737975722
SHF-004,drug_15,To,1.5523795645629914
SHF-004,drug_15,Eo,0.7797038247258429
SHF-004,drug_15,Toe,1.393764335333593
SHF-004,drug_15,Eb,1.8012053708848583
SHF-004,drug_15,H,0
SHF-004,drug_15,ve,2.5687100523384374
SHF-004,drug_15,Te,3.7461659083442274
SHF-004,drug_15,De,5.882487674256828
SHF-004,drug_15,khe,0.828223635359044
SHF-004,drug_15,Th,13300.422950920263
SHF-004,drug_15,Kbh,0
SHF-004,drug_15,Khe,0
SHF-004,drug_15,kbh,0
SHF-004,drug_15,CL,0.0
SHF-004,drug_15,AUC_Cb,0
SHF-004,drug_15,AUC_Cl,0
SHF-004,drug_15,AUC35_Cb,0
SHF-004,drug_15,AUC35_Cl,0
SHF-004,drug_15,RE_R1b,0
SHF-004,drug_15,RE_R1l,0
SHF-004,drug_15,RE_Sb,0
SHF-004,drug_15,RE_Sl,0
SHF-004,drug_15,T1_1,0
SHF-004,drug_15,T1_2,0
SHF-004,drug_15,t1_MOLLI,0
SHF-004,drug_15,t2_MOLLI,0
