subject,study,parameter,value
SHF-002,drug,S02a,34.95376123101157
SHF-002,drug,S02l,264.62725731279215
SHF-002,drug,BAT2,0.007691027058889521
SHF-002,drug,BAT,0.007883323222206823
SHF-002,drug,CO,0.03102580026318272
SHF-002,drug,Thl,0.5497779324963071
SHF-002,drug,Dhl,0.7234122320531328
SHF-002,drug,To,1.1534803175955375
SHF-002,drug,Eo,0.6822512008216474
SHF-002,drug,Toe,0.23514832608421019
SHF-002,drug,Eb,0.1287845418313816
SHF-002,drug,H,0
SHF-002,drug,ve,0.6160397767252354
SHF-002,drug,Te,3.00386377639166
SHF-002,drug,De,1.7850075991080505
SHF-002,drug,khe_i,0.06595055071242387
SHF-002,drug,khe_f,0.3458524408408084
SHF-002,drug,Th_i,137.1732102369148
SHF-002,drug,Th_f,4.219351092710386
SHF-002,drug,Th,0.0
SHF-002,drug,khe,0
SHF-002,drug,Kbh,0
SHF-002,drug,Khe,0
SHF-002,drug,kbh,0
SHF-002,drug,kbh_i,0
SHF-002,drug,kbh_f,0
SHF-002,drug,CL,0.0
SHF-002,drug,AUC_Cb,0
SHF-002,drug,AUC_Cl,0
SHF-002,drug,AUC35_Cb,0
SHF-002,drug,AUC35_Cl,0
SHF-002,drug,RE_R1b,0
SHF-002,drug,RE_R1l,0
SHF-002,drug,RE_Sb,0
SHF-002,drug,RE_Sl,0
SHF-002,drug,T1_1,0
SHF-002,drug,T1_2,0
SHF-002,drug,t1_MOLLI,0
SHF-002,drug,t2_MOLLI,0
SHF-002,drug,T1_3,0
SHF-002,drug,t3_MOLLI,0
SHF-002,drug,t0,0
SHF-002,drug,t1,0
SHF-002,drug,t2,0
SHF-002,drug,t3,0
SHF-002,drug,dt1,0
SHF-002,drug,dt2,0
