subject,study,parameter,value
SHF-003,drug,BAT,0.23221695918157162
SHF-003,drug,CO,3.676480242544099
SHF-003,drug,Thl,17.183063134116423
SHF-003,drug,Dhl,102.17074780102908
SHF-003,drug,To,1.5750124246707582
SHF-003,drug,Eo,5.111390361544568
SHF-003,drug,Toe,2.011692237385207
SHF-003,drug,Eb,3.693681518920819
SHF-003,drug,H,0
SHF-003,drug,ve,2.9020001404740996
SHF-003,drug,Te,4.85938812277729
SHF-003,drug,De,3.7183765725846905
SHF-003,drug,khe,0.6042355008643743
SHF-003,drug,Th,1.9838849512834158
SHF-003,drug,Kbh,0
SHF-003,drug,Khe,0
SHF-003,drug,kbh,0
SHF-003,drug,CL,0.0
SHF-003,drug,AUC_Cb,0
SHF-003,drug,AUC_Cl,0
SHF-003,drug,AUC35_Cb,0
SHF-003,drug,AUC35_Cl,0
SHF-003,drug,RE_R1b,0
SHF-003,drug,RE_R1l,0
SHF-003,drug,RE_Sb,0
SHF-003,drug,RE_Sl,0
SHF-003,drug,T1_1,0
SHF-003,drug,T1_2,0
SHF-003,drug,t1_MOLLI,0
SHF-003,drug,t2_MOLLI,0
