subject,study,parameter,value
LDS-004,drug_15,BAT,0.0038195960756646163
LDS-004,drug_15,CO,0.061521598677485585
LDS-004,drug_15,Thl,0.26292258766512694
LDS-004,drug_15,Dhl,0.6770971967628074
LDS-004,drug_15,To,1.8750666271762133
LDS-004,drug_15,Eo,0.9860617751247582
LDS-004,drug_15,Toe,0.6756134791394782
LDS-004,drug_15,Eb,1.6444559258755924
LDS-004,drug_15,H,0
LDS-004,drug_15,ve,1.6861387709290514
LDS-004,drug_15,Te,7.134960120666651
LDS-004,drug_15,De,3.3845787104191865
LDS-004,drug_15,khe,0.9814047494632504
LDS-004,drug_15,Th,28.713758720382927
LDS-004,drug_15,Kbh,0
LDS-004,drug_15,Khe,0
LDS-004,drug_15,kbh,0
LDS-004,drug_15,CL,0.0
LDS-004,drug_15,AUC_Cb,0
LDS-004,drug_15,AUC_Cl,0
LDS-004,drug_15,AUC35_Cb,0
LDS-004,drug_15,AUC35_Cl,0
LDS-004,drug_15,RE_R1b,0
LDS-004,drug_15,RE_R1l,0
LDS-004,drug_15,RE_Sb,0
LDS-004,drug_15,RE_Sl,0
LDS-004,drug_15,T1_1,0
LDS-004,drug_15,T1_2,0
LDS-004,drug_15,t1_MOLLI,0
LDS-004,drug_15,t2_MOLLI,0
