subject,study,parameter,value
SHF-007,control_35,BAT,1.1400258294977965
SHF-007,control_35,CO,5.614871999224418
SHF-007,control_35,Thl,9.311347584054367
SHF-007,control_35,Dhl,51.745547450034316
SHF-007,control_35,To,38.48342822051319
SHF-007,control_35,Eo,17.16306870744497
SHF-007,control_35,Toe,5.812578329083506
SHF-007,control_35,Eb,6.447290715107338
SHF-007,control_35,H,45.0
SHF-007,control_35,ve,15.507215588608695
SHF-007,control_35,Te,41.74322797240412
SHF-007,control_35,De,87.86279974398211
SHF-007,control_35,khe,32.20427756223161
SHF-007,control_35,Th,45.74926738842332
SHF-007,control_35,Kbh,2.1858273521841056
SHF-007,control_35,Khe,207.67285640813725
SHF-007,control_35,kbh,1.8468663922861392
SHF-007,control_35,CL,0.22630768346669947
SHF-007,control_35,AUC_Cb,56.12032650409364
SHF-007,control_35,AUC_Cl,810.4109728601352
SHF-007,control_35,AUC35_Cb,40.31983675757452
SHF-007,control_35,AUC35_Cl,238.6447391093288
SHF-007,control_35,RE_R1b,17.982315461053513
SHF-007,control_35,RE_R1l,96.26239992725559
SHF-007,control_35,RE_Sb,6.332107323336392
SHF-007,control_35,RE_Sl,81.33591038287169
SHF-007,control_35,T1_1,0.74539
SHF-007,control_35,T1_2,0.37404
SHF-007,control_35,t1_MOLLI,13.813055555555556
SHF-007,control_35,t2_MOLLI,14.628055555555555
