subject,study,parameter,value
SHF-007,control_35,BAT,0.03129080363738127
SHF-007,control_35,CO,0.2524033674697999
SHF-007,control_35,Thl,2.313188469859587
SHF-007,control_35,Dhl,6.51339424837361
SHF-007,control_35,To,2.2135162963483124
SHF-007,control_35,Eo,1.1758504045258733
SHF-007,control_35,Toe,0.6687182099709539
SHF-007,control_35,Eb,0.6822076163110956
SHF-007,control_35,H,0
SHF-007,control_35,ve,10.39893692133922
SHF-007,control_35,Te,30.463763820125582
SHF-007,control_35,De,11.022736790540993
SHF-007,control_35,khe,0.9904190374839326
SHF-007,control_35,Th,3.059533841621386
SHF-007,control_35,Kbh,0
SHF-007,control_35,Khe,0
SHF-007,control_35,kbh,0
SHF-007,control_35,CL,0.0
SHF-007,control_35,AUC_Cb,0
SHF-007,control_35,AUC_Cl,0
SHF-007,control_35,AUC35_Cb,0
SHF-007,control_35,AUC35_Cl,0
SHF-007,control_35,RE_R1b,0
SHF-007,control_35,RE_R1l,0
SHF-007,control_35,RE_Sb,0
SHF-007,control_35,RE_Sl,0
SHF-007,control_35,T1_1,0
SHF-007,control_35,T1_2,0
SHF-007,control_35,t1_MOLLI,0
SHF-007,control_35,t2_MOLLI,0
