subject,study,parameter,value
LDS-008,control_40,BAT,1.2169381147669251
LDS-008,control_40,CO,10.08122770878185
LDS-008,control_40,Thl,18.73766020886507
LDS-008,control_40,Dhl,42.294299599309156
LDS-008,control_40,To,20.58213309608083
LDS-008,control_40,Eo,18.380218615389616
LDS-008,control_40,Toe,5.536642417711454
LDS-008,control_40,Eb,4.772373084857299
LDS-008,control_40,H,45.0
LDS-008,control_40,ve,18.07628000107782
LDS-008,control_40,Te,23.355917323098648
LDS-008,control_40,De,54.390783875237936
LDS-008,control_40,khe,39.38250723843745
LDS-008,control_40,Th,27.473143065267095
LDS-008,control_40,Kbh,3.6399184382519723
LDS-008,control_40,Khe,217.86842888077206
LDS-008,control_40,kbh,2.981956589542687
LDS-008,control_40,CL,0.4053677237245441
LDS-008,control_40,AUC_Cb,42.06250253883318
LDS-008,control_40,AUC_Cl,464.6257025784618
LDS-008,control_40,AUC35_Cb,26.784127982799966
LDS-008,control_40,AUC35_Cl,161.93500157178994
LDS-008,control_40,RE_R1b,17.216441742145978
LDS-008,control_40,RE_R1l,64.8435539860854
LDS-008,control_40,RE_Sb,13.537712781529995
LDS-008,control_40,RE_Sl,52.31895866782066
LDS-008,control_40,T1_1,0.74397998
LDS-008,control_40,T1_2,0.46023999
LDS-008,control_40,t1_MOLLI,14.109626388888888
LDS-008,control_40,t2_MOLLI,15.427624999999999
