subject,study,parameter,value
LDS-008,control_40,BAT,0.012367779628861913
LDS-008,control_40,CO,0.24322553348296677
LDS-008,control_40,Thl,0.9851994049347871
LDS-008,control_40,Dhl,1.1489258763920982
LDS-008,control_40,To,1.118563046240431
LDS-008,control_40,Eo,0.7810185630899994
LDS-008,control_40,Toe,0.3241888373581555
LDS-008,control_40,Eb,0.274591647533085
LDS-008,control_40,H,0
LDS-008,control_40,ve,1.9481587776723746
LDS-008,control_40,Te,2.9576430154818314
LDS-008,control_40,De,7.912730075373145
LDS-008,control_40,khe,0.6492903820296377
LDS-008,control_40,Th,0.7900843822891208
LDS-008,control_40,Kbh,0
LDS-008,control_40,Khe,0
LDS-008,control_40,kbh,0
LDS-008,control_40,CL,0.0
LDS-008,control_40,AUC_Cb,0
LDS-008,control_40,AUC_Cl,0
LDS-008,control_40,AUC35_Cb,0
LDS-008,control_40,AUC35_Cl,0
LDS-008,control_40,RE_R1b,0
LDS-008,control_40,RE_R1l,0
LDS-008,control_40,RE_Sb,0
LDS-008,control_40,RE_Sl,0
LDS-008,control_40,T1_1,0
LDS-008,control_40,T1_2,0
LDS-008,control_40,t1_MOLLI,0
LDS-008,control_40,t2_MOLLI,0
