subject,study,parameter,value
LDS-001,control_35,BAT,1.2546625105206988
LDS-001,control_35,CO,15.308247956554505
LDS-001,control_35,Thl,17.224224190772613
LDS-001,control_35,Dhl,64.05095193492909
LDS-001,control_35,To,24.284389473983392
LDS-001,control_35,Eo,12.341032087824122
LDS-001,control_35,Toe,10.315931809806392
LDS-001,control_35,Eb,3.7949602520789445
LDS-001,control_35,H,45.0
LDS-001,control_35,ve,45.66302577833542
LDS-001,control_35,Te,59.99999728664042
LDS-001,control_35,De,84.40209465869329
LDS-001,control_35,khe,31.355177618092565
LDS-001,control_35,Th,40.42719209338952
LDS-001,control_35,Kbh,2.47358262649044
LDS-001,control_35,Khe,68.66644748927011
LDS-001,control_35,kbh,1.3440699541076842
LDS-001,control_35,CL,0.3468551698205535
LDS-001,control_35,AUC_Cb,205.2789207595489
LDS-001,control_35,AUC_Cl,2620.832535653879
LDS-001,control_35,AUC35_Cb,111.20303066935656
LDS-001,control_35,AUC35_Cl,664.3066139797621
LDS-001,control_35,RE_R1b,63.431419092240574
LDS-001,control_35,RE_R1l,266.1265959334999
LDS-001,control_35,RE_Sb,49.04295798194405
LDS-001,control_35,RE_Sl,173.574383816121
LDS-001,control_35,T1_1,0.762049988
LDS-001,control_35,T1_2,0.164630005
LDS-001,control_35,t1_MOLLI,9.437863611111112
LDS-001,control_35,t2_MOLLI,10.4112
