subject,study,parameter,value
LDS-001,control_35,BAT,0.021278526643370863
LDS-001,control_35,CO,0.5635704628614528
LDS-001,control_35,Thl,1.7854599788879257
LDS-001,control_35,Dhl,3.88387584203441
LDS-001,control_35,To,0.7439194979481291
LDS-001,control_35,Eo,0.2451411784723879
LDS-001,control_35,Toe,0.4744867451444748
LDS-001,control_35,Eb,0.4198047110044378
LDS-001,control_35,H,0
LDS-001,control_35,ve,1.634367211632196
LDS-001,control_35,Te,3.1103223058895724
LDS-001,control_35,De,1.5838279370780552
LDS-001,control_35,khe,0.3279247620471492
LDS-001,control_35,Th,0.9781264237874573
LDS-001,control_35,Kbh,0
LDS-001,control_35,Khe,0
LDS-001,control_35,kbh,0
LDS-001,control_35,CL,0.0
LDS-001,control_35,AUC_Cb,0
LDS-001,control_35,AUC_Cl,0
LDS-001,control_35,AUC35_Cb,0
LDS-001,control_35,AUC35_Cl,0
LDS-001,control_35,RE_R1b,0
LDS-001,control_35,RE_R1l,0
LDS-001,control_35,RE_Sb,0
LDS-001,control_35,RE_Sl,0
LDS-001,control_35,T1_1,0
LDS-001,control_35,T1_2,0
LDS-001,control_35,t1_MOLLI,0
LDS-001,control_35,t2_MOLLI,0
