subject,study,parameter,value
SHF-009,control_05,BAT,1.1124143292819362
SHF-009,control_05,CO,11.144112299653871
SHF-009,control_05,Thl,26.191278141303
SHF-009,control_05,Dhl,53.57919642071256
SHF-009,control_05,To,7.4933258878001014
SHF-009,control_05,Eo,46.984754118953234
SHF-009,control_05,Toe,1.0150890779605006
SHF-009,control_05,Eb,3.211157552830779
SHF-009,control_05,H,45.0
SHF-009,control_05,ve,32.41705732402107
SHF-009,control_05,Te,49.05176847738004
SHF-009,control_05,De,91.14518072160756
SHF-009,control_05,khe,23.255017110572975
SHF-009,control_05,Th,439.8049953376616
SHF-009,control_05,Kbh,0.22737349748204816
SHF-009,control_05,Khe,71.73697747494491
SHF-009,control_05,kbh,0.15366570046366101
SHF-009,control_05,CL,0.18532996366082768
SHF-009,control_05,AUC_Cb,75.57222518310174
SHF-009,control_05,AUC_Cl,2183.9682240429256
SHF-009,control_05,AUC35_Cb,43.061002974708465
SHF-009,control_05,AUC35_Cl,218.08682250774515
SHF-009,control_05,RE_R1b,30.303396686113636
SHF-009,control_05,RE_R1l,88.97707761655485
SHF-009,control_05,RE_Sb,35.43915791292395
SHF-009,control_05,RE_Sl,29.458765407210883
SHF-009,control_05,T1_1,0.76084
SHF-009,control_05,T1_2,0.42171
SHF-009,control_05,t1_MOLLI,9.10138888888889
SHF-009,control_05,t2_MOLLI,9.93361111111111
