subject,study,parameter,value
SHF-009,control_05,BAT,0.02298339104996449
SHF-009,control_05,CO,0.44101898971750847
SHF-009,control_05,Thl,1.5689089101067946
SHF-009,control_05,Dhl,3.484016879205253
SHF-009,control_05,To,3.373428393058071
SHF-009,control_05,Eo,4.313031718125094
SHF-009,control_05,Toe,0.5141420115456182
SHF-009,control_05,Eb,10.625469938424606
SHF-009,control_05,H,0
SHF-009,control_05,ve,124.64870574627855
SHF-009,control_05,Te,88.496901827177
SHF-009,control_05,De,20.547396634845292
SHF-009,control_05,khe,52.996135770482276
SHF-009,control_05,Th,170887.41191186692
SHF-009,control_05,Kbh,0
SHF-009,control_05,Khe,0
SHF-009,control_05,kbh,0
SHF-009,control_05,CL,0.0
SHF-009,control_05,AUC_Cb,0
SHF-009,control_05,AUC_Cl,0
SHF-009,control_05,AUC35_Cb,0
SHF-009,control_05,AUC35_Cl,0
SHF-009,control_05,RE_R1b,0
SHF-009,control_05,RE_R1l,0
SHF-009,control_05,RE_Sb,0
SHF-009,control_05,RE_Sl,0
SHF-009,control_05,T1_1,0
SHF-009,control_05,T1_2,0
SHF-009,control_05,t1_MOLLI,0
SHF-009,control_05,t2_MOLLI,0
