subject,study,parameter,value
SHF-011,drug_15,BAT,0.1667605906622895
SHF-011,drug_15,CO,1.547358467788202
SHF-011,drug_15,Thl,13.967386965161525
SHF-011,drug_15,Dhl,66.06860169019134
SHF-011,drug_15,To,2.601604791809423
SHF-011,drug_15,Eo,3.0270464756229147
SHF-011,drug_15,Toe,1.5730817721198116
SHF-011,drug_15,Eb,7.142420267778045
SHF-011,drug_15,H,0
SHF-011,drug_15,ve,30.276166614969092
SHF-011,drug_15,Te,71.60222287698215
SHF-011,drug_15,De,9.148495802386257
SHF-011,drug_15,khe,3.6733179648773198
SHF-011,drug_15,Th,12.311105643953828
SHF-011,drug_15,Kbh,0
SHF-011,drug_15,Khe,0
SHF-011,drug_15,kbh,0
SHF-011,drug_15,CL,0.0
SHF-011,drug_15,AUC_Cb,0
SHF-011,drug_15,AUC_Cl,0
SHF-011,drug_15,AUC35_Cb,0
SHF-011,drug_15,AUC35_Cl,0
SHF-011,drug_15,RE_R1b,0
SHF-011,drug_15,RE_R1l,0
SHF-011,drug_15,RE_Sb,0
SHF-011,drug_15,RE_Sl,0
SHF-011,drug_15,T1_1,0
SHF-011,drug_15,T1_2,0
SHF-011,drug_15,t1_MOLLI,0
SHF-011,drug_15,t2_MOLLI,0
