subject,study,parameter,value
LDS-010,control_20,BAT,1.2742586617267335
LDS-010,control_20,CO,6.470594017065381
LDS-010,control_20,Thl,10.59803708099054
LDS-010,control_20,Dhl,50.26057933160134
LDS-010,control_20,To,44.88019818230114
LDS-010,control_20,Eo,13.383815325628346
LDS-010,control_20,Toe,11.667260820660378
LDS-010,control_20,Eb,3.9163263765811114
LDS-010,control_20,H,45.0
LDS-010,control_20,ve,14.248413641422536
LDS-010,control_20,Te,58.47025976069105
LDS-010,control_20,De,75.4138796023934
LDS-010,control_20,khe,20.413994888740827
LDS-010,control_20,Th,89.30493461865241
LDS-010,control_20,Kbh,1.1197589520334723
LDS-010,control_20,Khe,143.27205401585135
LDS-010,control_20,kbh,0.9602110647608852
LDS-010,control_20,CL,0.21963235681623677
LDS-010,control_20,AUC_Cb,76.1892083812011
LDS-010,control_20,AUC_Cl,1052.7127072960955
LDS-010,control_20,AUC35_Cb,37.52589674393172
LDS-010,control_20,AUC35_Cl,157.92864853346114
LDS-010,control_20,RE_R1b,19.763583069377585
LDS-010,control_20,RE_R1l,68.30837348893478
LDS-010,control_20,RE_Sb,10.215428807597805
LDS-010,control_20,RE_Sl,57.830567671201585
LDS-010,control_20,T1_1,0.806320007
LDS-010,control_20,T1_2,0.561890015
LDS-010,control_20,t1_MOLLI,13.861661944444444
LDS-010,control_20,t2_MOLLI,15.021078611111111
