subject,study,parameter,value
LDS-010,control_20,BAT,0.0047604316299146715
LDS-010,control_20,CO,0.10928703587403887
LDS-010,control_20,Thl,0.3437162379361824
LDS-010,control_20,Dhl,1.4629097228512182
LDS-010,control_20,To,2.2367856865482687
LDS-010,control_20,Eo,2.7395753606303517
LDS-010,control_20,Toe,6.674399342245164
LDS-010,control_20,Eb,4.04689769811493
LDS-010,control_20,H,0
LDS-010,control_20,ve,6.067048906095781
LDS-010,control_20,Te,25.087230347006308
LDS-010,control_20,De,12.006801484992769
LDS-010,control_20,khe,0.8389133765567972
LDS-010,control_20,Th,30.01965750634204
LDS-010,control_20,Kbh,0
LDS-010,control_20,Khe,0
LDS-010,control_20,kbh,0
LDS-010,control_20,CL,0.0
LDS-010,control_20,AUC_Cb,0
LDS-010,control_20,AUC_Cl,0
LDS-010,control_20,AUC35_Cb,0
LDS-010,control_20,AUC35_Cl,0
LDS-010,control_20,RE_R1b,0
LDS-010,control_20,RE_R1l,0
LDS-010,control_20,RE_Sb,0
LDS-010,control_20,RE_Sl,0
LDS-010,control_20,T1_1,0
LDS-010,control_20,T1_2,0
LDS-010,control_20,t1_MOLLI,0
LDS-010,control_20,t2_MOLLI,0
