subject,study,parameter,value
LDS-010,drug_35,BAT,0.029739206688423996
LDS-010,drug_35,CO,0.13563634293397925
LDS-010,drug_35,Thl,2.189194992843997
LDS-010,drug_35,Dhl,2.242607386568056
LDS-010,drug_35,To,2.082191348234077
LDS-010,drug_35,Eo,0.5856650819804844
LDS-010,drug_35,Toe,1.7109027528028047
LDS-010,drug_35,Eb,1.0777252343175887
LDS-010,drug_35,H,0
LDS-010,drug_35,ve,1.1358655338158339
LDS-010,drug_35,Te,4.743250788892275
LDS-010,drug_35,De,4.531759380082654
LDS-010,drug_35,khe,0.2733743643847973
LDS-010,drug_35,Th,624.7105780897705
LDS-010,drug_35,Kbh,0
LDS-010,drug_35,Khe,0
LDS-010,drug_35,kbh,0
LDS-010,drug_35,CL,0.0
LDS-010,drug_35,AUC_Cb,0
LDS-010,drug_35,AUC_Cl,0
LDS-010,drug_35,AUC35_Cb,0
LDS-010,drug_35,AUC35_Cl,0
LDS-010,drug_35,RE_R1b,0
LDS-010,drug_35,RE_R1l,0
LDS-010,drug_35,RE_Sb,0
LDS-010,drug_35,RE_Sl,0
LDS-010,drug_35,T1_1,0
LDS-010,drug_35,T1_2,0
LDS-010,drug_35,t1_MOLLI,0
LDS-010,drug_35,t2_MOLLI,0
