subject,study,parameter,value
SHF-011,control_35,BAT,1.3094281499764153
SHF-011,control_35,CO,6.634129814712094
SHF-011,control_35,Thl,15.00443154645565
SHF-011,control_35,Dhl,53.17992994952255
SHF-011,control_35,To,29.42460187806166
SHF-011,control_35,Eo,15.631397298433397
SHF-011,control_35,Toe,8.536254463618427
SHF-011,control_35,Eb,5.984895486662003
SHF-011,control_35,H,45.0
SHF-011,control_35,ve,31.986278969200548
SHF-011,control_35,Te,32.790986934502
SHF-011,control_35,De,87.47956485141461
SHF-011,control_35,khe,61.36830188755746
SHF-011,control_35,Th,15.425473364223894
SHF-011,control_35,Kbh,6.482783227380804
SHF-011,control_35,Khe,191.85820878586324
SHF-011,control_35,kbh,4.409182099302237
SHF-011,control_35,CL,0.4965165564589812
SHF-011,control_35,AUC_Cb,34.13172922359599
SHF-011,control_35,AUC_Cl,342.2999493195454
SHF-011,control_35,AUC35_Cb,22.284994906190335
SHF-011,control_35,AUC35_Cl,166.2942110318937
SHF-011,control_35,RE_R1b,11.974496346036991
SHF-011,control_35,RE_R1l,64.66857396786362
SHF-011,control_35,RE_Sb,16.3280526841157
SHF-011,control_35,RE_Sl,53.57301238625388
SHF-011,control_35,T1_1,0.76065
SHF-011,control_35,T1_2,0.49798
SHF-011,control_35,t1_MOLLI,14.463611111111112
SHF-011,control_35,t2_MOLLI,15.278611111111111
