subject,study,parameter,value
SHF-011,control_35,BAT,0.03629163420702101
SHF-011,control_35,CO,0.3089252172264249
SHF-011,control_35,Thl,2.6458121792585607
SHF-011,control_35,Dhl,6.019740518696482
SHF-011,control_35,To,1.8882039128369588
SHF-011,control_35,Eo,0.8221262693706112
SHF-011,control_35,Toe,0.909697199860455
SHF-011,control_35,Eb,0.7457124785451833
SHF-011,control_35,H,0
SHF-011,control_35,ve,9.09389214962966
SHF-011,control_35,Te,11.877000808594381
SHF-011,control_35,De,7.731536072391664
SHF-011,control_35,khe,2.2864852362206753
SHF-011,control_35,Th,0.6068330315568162
SHF-011,control_35,Kbh,0
SHF-011,control_35,Khe,0
SHF-011,control_35,kbh,0
SHF-011,control_35,CL,0.0
SHF-011,control_35,AUC_Cb,0
SHF-011,control_35,AUC_Cl,0
SHF-011,control_35,AUC35_Cb,0
SHF-011,control_35,AUC35_Cl,0
SHF-011,control_35,RE_R1b,0
SHF-011,control_35,RE_R1l,0
SHF-011,control_35,RE_Sb,0
SHF-011,control_35,RE_Sl,0
SHF-011,control_35,T1_1,0
SHF-011,control_35,T1_2,0
SHF-011,control_35,t1_MOLLI,0
SHF-011,control_35,t2_MOLLI,0
