subject,study,parameter,value
SHF-011,control_20,BAT,1.295542880216097
SHF-011,control_20,CO,6.683839298207278
SHF-011,control_20,Thl,15.598384929700403
SHF-011,control_20,Dhl,49.785626729710195
SHF-011,control_20,To,22.661027384460596
SHF-011,control_20,Eo,18.96551316523141
SHF-011,control_20,Toe,3.470270801974577
SHF-011,control_20,Eb,8.816482955398218
SHF-011,control_20,H,45.0
SHF-011,control_20,ve,35.78014431308948
SHF-011,control_20,Te,37.10521521433474
SHF-011,control_20,De,89.43131575481887
SHF-011,control_20,khe,59.83230394838001
SHF-011,control_20,Th,16.084809663236104
SHF-011,control_20,Kbh,6.217045901920919
SHF-011,control_20,Khe,167.22208671050973
SHF-011,control_20,kbh,3.992577906202598
SHF-011,control_20,CL,0.48408915690528576
SHF-011,control_20,AUC_Cb,22.92155974776934
SHF-011,control_20,AUC_Cl,235.49627198556576
SHF-011,control_20,AUC35_Cb,20.908562488455598
SHF-011,control_20,AUC35_Cl,164.18054657359627
SHF-011,control_20,RE_R1b,10.390781035275308
SHF-011,control_20,RE_R1l,65.93849342720755
SHF-011,control_20,RE_Sb,11.663172855158175
SHF-011,control_20,RE_Sl,53.38374774059095
SHF-011,control_20,T1_1,0.76065
SHF-011,control_20,T1_2,0.49798
SHF-011,control_20,t1_MOLLI,14.463611111111112
SHF-011,control_20,t2_MOLLI,15.278611111111111
