subject,study,parameter,value
SHF-011,control_20,BAT,0.031088100718373247
SHF-011,control_20,CO,0.2472535081330448
SHF-011,control_20,Thl,2.6203965275473493
SHF-011,control_20,Dhl,4.841502308966522
SHF-011,control_20,To,2.9281483669812483
SHF-011,control_20,Eo,1.9551735965908923
SHF-011,control_20,Toe,0.6807083431720946
SHF-011,control_20,Eb,0.9345138447969578
SHF-011,control_20,H,0
SHF-011,control_20,ve,13.088542383928518
SHF-011,control_20,Te,16.973822982570148
SHF-011,control_20,De,8.750454483935469
SHF-011,control_20,khe,3.608734397793782
SHF-011,control_20,Th,1.4327149728777906
SHF-011,control_20,Kbh,0
SHF-011,control_20,Khe,0
SHF-011,control_20,kbh,0
SHF-011,control_20,CL,0.0
SHF-011,control_20,AUC_Cb,0
SHF-011,control_20,AUC_Cl,0
SHF-011,control_20,AUC35_Cb,0
SHF-011,control_20,AUC35_Cl,0
SHF-011,control_20,RE_R1b,0
SHF-011,control_20,RE_R1l,0
SHF-011,control_20,RE_Sb,0
SHF-011,control_20,RE_Sl,0
SHF-011,control_20,T1_1,0
SHF-011,control_20,T1_2,0
SHF-011,control_20,t1_MOLLI,0
SHF-011,control_20,t2_MOLLI,0
