subject,study,parameter,value
LDS-009,drug_05,BAT,0.03577825821771078
LDS-009,drug_05,CO,0.3062783279244552
LDS-009,drug_05,Thl,2.30944621959429
LDS-009,drug_05,Dhl,6.549683317715258
LDS-009,drug_05,To,40.280035112744166
LDS-009,drug_05,Eo,49.6058376448858
LDS-009,drug_05,Toe,0.721967430962081
LDS-009,drug_05,Eb,8.338910593748098
LDS-009,drug_05,H,0
LDS-009,drug_05,ve,27.98484493321287
LDS-009,drug_05,Te,74.36388557469151
LDS-009,drug_05,De,38.62469588647804
LDS-009,drug_05,khe,42.15758016861038
LDS-009,drug_05,Th,595.717533662489
LDS-009,drug_05,Kbh,0
LDS-009,drug_05,Khe,0
LDS-009,drug_05,kbh,0
LDS-009,drug_05,CL,0.0
LDS-009,drug_05,AUC_Cb,0
LDS-009,drug_05,AUC_Cl,0
LDS-009,drug_05,AUC35_Cb,0
LDS-009,drug_05,AUC35_Cl,0
LDS-009,drug_05,RE_R1b,0
LDS-009,drug_05,RE_R1l,0
LDS-009,drug_05,RE_Sb,0
LDS-009,drug_05,RE_Sl,0
LDS-009,drug_05,T1_1,0
LDS-009,drug_05,T1_2,0
LDS-009,drug_05,t1_MOLLI,0
LDS-009,drug_05,t2_MOLLI,0
