subject,study,parameter,value
003,control,dose_2,0
001,control,TR,0.00371
002,control,TR,0.00371
003,control,TR,0.00371
004,control,TR,0.00371
005,control,TR,0.00371
006,control,TR,0.00371
007,control,TR,0.00371
008,control,TR,0.00371
009,control,TR,0.00371
010,control,TR,0.00371
002,control,dose_1,0.0125
002,control,dose_2,0.0125
003,control,dose_1,0.0125
004,control,dose_1,0.025
004,control,dose_2,0.025
005,control,dose_1,0.025
005,control,dose_2,0.025
006,control,dose_1,0.025
006,control,dose_2,0.025
007,control,dose_1,0.025
007,control,dose_2,0.025
008,control,dose_1,0.025
008,control,dose_2,0.025
009,control,dose_1,0.025
009,control,dose_2,0.025
010,control,dose_1,0.025
010,control,dose_2,0.025
001,control,dose_1,0.125
001,control,dose_2,0.125
001,control,T1_liver_2,0.164630005
001,control,T1_liver_3,0.269029999
005,control,T1_liver_2,0.450480011
008,control,T1_liver_2,0.46023999
006,control,T1_liver_2,0.498440002
004,control,T1_liver_2,0.502459991
003,control,T1_liver_2,0.529400024
007,control,T1_liver_2,0.537539978
010,control,T1_liver_2,0.561890015
008,control,T1_liver_3,0.574929993
002,control,T1_liver_2,0.582789978
007,control,T1_liver_3,0.601840027
009,control,T1_liver_2,0.621599976
004,control,T1_liver_3,0.649890015
003,control,T1_liver_3,0.659650024
005,control,T1_liver_3,0.66952002
006,control,T1_liver_3,0.684710022
003,control,T1_liver_1,0.706900024
010,control,T1_liver_3,0.715039978
009,control,T1_liver_3,0.726429993
002,control,T1_liver_3,0.739849976
008,control,T1_liver_1,0.74397998
002,control,T1_liver_1,0.756169983
001,control,T1_liver_1,0.762049988
004,control,T1_liver_1,0.802359985
005,control,T1_liver_1,0.8025
010,control,T1_liver_1,0.806320007
006,control,T1_liver_1,0.83976001
009,control,T1_liver_1,0.847049988
007,control,T1_liver_1,0.855419983
001,control,T1_kidney_2,0.920289978
005,control,T1_aorta_3,0.965440002
001,control,T1_kidney_3,1.038109985
009,control,T1_kidney_2,1.161630005
010,control,T1_kidney_2,1.165829956
004,control,T1_kidney_2,1.194959961
005,control,T1_kidney_2,1.195689941
008,control,T1_kidney_2,1.21897998
009,control,T1_kidney_3,1.221959961
005,control,T1_aorta_2,1.240209961
007,control,T1_kidney_2,1.258060059
006,control,T1_kidney_2,1.264359985
005,control,T1_aorta_1,1.281560059
008,control,T1_kidney_3,1.300439941
004,control,T1_kidney_3,1.31152002
001,control,T1_portal_2,1.315119995
003,control,T1_kidney_2,1.319859985
007,control,T1_kidney_3,1.322040039
002,control,T1_kidney_3,1.32401001
002,control,T1_kidney_2,1.32977002
001,control,T1_aorta_2,1.33448999
010,control,T1_aorta_3,1.34277002
010,control,T1_kidney_3,1.356630005
006,control,T1_kidney_3,1.370829956
010,control,T1_kidney_1,1.370910034
001,control,T1_kidney_1,1.372089966
003,control,T1_kidney_1,1.39097998
009,control,T1_kidney_1,1.393949951
005,control,T1_kidney_3,1.396550049
004,control,T1_kidney_1,1.396839966
003,control,T1_kidney_3,1.402119995
008,control,T1_kidney_1,1.419420044
006,control,T1_kidney_1,1.424449951
001,control,T1_portal_3,1.426319946
007,control,T1_portal_2,1.431030029
010,control,T1_aorta_2,1.446150024
005,control,T1_kidney_1,1.451339966
002,control,T1_kidney_1,1.458180054
007,control,T1_kidney_1,1.487339966
009,control,T1_portal_2,1.519449951
009,control,T1_aorta_3,1.548160034
004,control,T1_aorta_3,1.56498999
002,control,T1_portal_3,1.565469971
002,control,T1_portal_2,1.572030029
005,control,T1_portal_2,1.574459961
004,control,T1_portal_2,1.583459961
010,control,T1_aorta_1,1.59027002
003,control,T1_aorta_2,1.602300049
001,control,T1_aorta_3,1.605119995
008,control,T1_aorta_2,1.63072998
008,control,T1_portal_2,1.63301001
002,control,T1_aorta_2,1.635400024
008,control,T1_portal_3,1.648
010,control,T1_portal_2,1.663300049
003,control,T1_portal_2,1.66425
003,control,T1_portal_1,1.668319946
003,control,T1_aorta_1,1.66832
004,control,T1_portal_3,1.675160034
010,control,T1_portal_3,1.67573999
004,control,T1_aorta_2,1.678319946
009,control,T1_aorta_2,1.681189941
008,control,T1_aorta_3,1.682119995
003,control,T1_portal_3,1.691369995
001,control,T1_portal_1,1.691390015
002,control,T1_aorta_1,1.699910034
001,control,T1_aorta_1,1.70822998
007,control,T1_aorta_2,1.710680054
002,control,T1_aorta_3,1.713160034
003,control,T1_aorta_3,1.72548999
007,control,T1_portal_3,1.72727002
006,control,T1_portal_2,1.72952002
006,control,T1_portal_3,1.73577002
005,control,T1_portal_3,1.746
010,control,T1_portal_1,1.750790039
006,control,T1_aorta_2,1.753660034
007,control,T1_aorta_3,1.756
008,control,T1_portal_1,1.762300049
006,control,T1_aorta_1,1.765040039
004,control,T1_portal_1,1.77497998
007,control,T1_portal_1,1.778280029
007,control,T1_aorta_1,1.77997998
005,control,T1_portal_1,1.781319946
008,control,T1_aorta_1,1.788430054
006,control,T1_portal_1,1.792040039
009,control,T1_aorta_1,1.798810059
009,control,T1_portal_1,1.798880005
006,control,T1_aorta_3,1.81223999
004,control,T1_aorta_1,1.836619995
009,control,FA_1,12.499999
009,control,FA_2,13.5
005,control,FA_1,14.999999
008,control,FA_1,14.999999
008,control,FA_2,14.999999
001,control,FA_1,15
001,control,FA_2,15
002,control,FA_1,15
002,control,FA_2,15
003,control,FA_1,15
003,control,FA_2,15
004,control,FA_1,15
004,control,FA_2,15
005,control,FA_2,15
006,control,FA_1,15
006,control,FA_2,15
007,control,FA_1,15
007,control,FA_2,15
010,control,FA_1,15
010,control,FA_2,15
006,control,weight,57.05
001,control,t0,60
002,control,t0,60
003,control,t0,60
004,control,t0,60
005,control,t0,60
006,control,t0,60
007,control,t0,60
008,control,t0,60
009,control,t0,60
010,control,t0,60
002,control,weight,63.25
007,control,weight,72
008,control,weight,74
010,control,weight,74
005,control,weight,74.45
001,control,weight,75
003,control,weight,76.3
004,control,weight,81.3
009,control,weight,82.8
005,control,kidney_volume,114.9169922
006,control,kidney_volume,146.4477539
007,control,kidney_volume,170.3979492
002,control,kidney_volume,176.2207031
004,control,kidney_volume,178.7475586
008,control,kidney_volume,182.9223633
001,control,kidney_volume,188.7451172
010,control,kidney_volume,194.5678711
003,control,kidney_volume,205.7739258
009,control,kidney_volume,259.8741478
002,control,liver_volume,683.6791992
006,control,liver_volume,691.1499023
005,control,liver_volume,705.3222656
003,control,liver_volume,874.0722656
004,control,liver_volume,886.0473633
007,control,liver_volume,944.1650391
008,control,liver_volume,1029.309082
010,control,liver_volume,1075.891113
001,control,liver_volume,1106.213379
009,control,liver_volume,1186.116609
001,control,T1_time_1,33976.309
004,control,T1_time_1,35396.105
001,control,T1_time_2,37480.32
002,control,T1_time_1,38487.839
004,control,T1_time_2,38520.633
003,control,T1_time_1,38546.805
005,control,T1_time_1,39134.219
001,control,T1_time_3,41717.212
002,control,T1_time_2,41814.856
003,control,T1_time_2,41959.721
005,control,T1_time_2,42474.079
004,control,T1_time_3,44344.884
006,control,T1_time_1,45706.427
003,control,T1_time_3,47724.231
005,control,T1_time_3,49023.399
006,control,T1_time_2,49399.743
009,control,T1_time_1,49655.237
010,control,T1_time_1,49901.983
008,control,T1_time_1,50794.655
007,control,T1_time_1,53225.859
010,control,T1_time_2,54075.883
009,control,T1_time_2,54560.172
006,control,T1_time_3,54602.341
002,control,T1_time_3,54840.928
008,control,T1_time_2,55539.45
009,control,T1_time_3,57679.274
010,control,T1_time_3,58079.145
007,control,T1_time_2,58511.83
008,control,T1_time_3,59098.597
007,control,T1_time_3,61038.221
