subject,study,parameter,value
SHF-003,control_20,BAT,1.312324444715331
SHF-003,control_20,CO,12.873912907944442
SHF-003,control_20,Thl,10.298512663933545
SHF-003,control_20,Dhl,79.29023158672092
SHF-003,control_20,To,22.118711643781392
SHF-003,control_20,Eo,15.946102086805777
SHF-003,control_20,Toe,5.8870201772400215
SHF-003,control_20,Eb,3.8381975569594795
SHF-003,control_20,H,45.0
SHF-003,control_20,ve,28.37118388884724
SHF-003,control_20,Te,23.497767601976534
SHF-003,control_20,De,81.5128868379691
SHF-003,control_20,khe,39.96309904358659
SHF-003,control_20,Th,52.10057259073421
SHF-003,control_20,Kbh,1.9193647022947389
SHF-003,control_20,Khe,140.85805936105524
SHF-003,control_20,kbh,1.3748182131090732
SHF-003,control_20,CL,0.3853154879836298
SHF-003,control_20,AUC_Cb,54.65546450157179
SHF-003,control_20,AUC_Cl,1082.3008177207862
SHF-003,control_20,AUC35_Cb,33.0260999290815
SHF-003,control_20,AUC35_Cl,250.04524879685454
SHF-003,control_20,RE_R1b,20.092225056345335
SHF-003,control_20,RE_R1l,96.94275101183287
SHF-003,control_20,RE_Sb,16.801702559050334
SHF-003,control_20,RE_Sl,75.34958695746887
SHF-003,control_20,T1_1,0.72478
SHF-003,control_20,T1_2,0.35727
SHF-003,control_20,t1_MOLLI,8.8975
SHF-003,control_20,t2_MOLLI,9.759722222222223
