subject,study,parameter,value
SHF-003,control_20,BAT,0.020229532517322825
SHF-003,control_20,CO,0.5126362251205506
SHF-003,control_20,Thl,1.3659869193835121
SHF-003,control_20,Dhl,9.800121992871421
SHF-003,control_20,To,1.4152275953626317
SHF-003,control_20,Eo,0.5908653286317734
SHF-003,control_20,Toe,0.7870377892333634
SHF-003,control_20,Eb,0.8234788440386012
SHF-003,control_20,H,0
SHF-003,control_20,ve,3.3206899942798005
SHF-003,control_20,Te,4.671099035335327
SHF-003,control_20,De,7.66877198433573
SHF-003,control_20,khe,1.1405604794627378
SHF-003,control_20,Th,7.89525696410351
SHF-003,control_20,Kbh,0
SHF-003,control_20,Khe,0
SHF-003,control_20,kbh,0
SHF-003,control_20,CL,0.0
SHF-003,control_20,AUC_Cb,0
SHF-003,control_20,AUC_Cl,0
SHF-003,control_20,AUC35_Cb,0
SHF-003,control_20,AUC35_Cl,0
SHF-003,control_20,RE_R1b,0
SHF-003,control_20,RE_R1l,0
SHF-003,control_20,RE_Sb,0
SHF-003,control_20,RE_Sl,0
SHF-003,control_20,T1_1,0
SHF-003,control_20,T1_2,0
SHF-003,control_20,t1_MOLLI,0
SHF-003,control_20,t2_MOLLI,0
