subject,study,parameter,value
SHF-011,drug_35,BAT,0.073233294862901
SHF-011,drug_35,CO,0.3166212709565701
SHF-011,drug_35,Thl,5.656654884995822
SHF-011,drug_35,Dhl,9.634880422817746
SHF-011,drug_35,To,2.3962073558704495
SHF-011,drug_35,Eo,2.328142291325012
SHF-011,drug_35,Toe,0.6407521224124362
SHF-011,drug_35,Eb,1.1999803564309341
SHF-011,drug_35,H,0
SHF-011,drug_35,ve,57.43786842130098
SHF-011,drug_35,Te,140.50042805198854
SHF-011,drug_35,De,6.379117793316631
SHF-011,drug_35,khe,4.080403801909355
SHF-011,drug_35,Th,0.9173915997443607
SHF-011,drug_35,Kbh,0
SHF-011,drug_35,Khe,0
SHF-011,drug_35,kbh,0
SHF-011,drug_35,CL,0.0
SHF-011,drug_35,AUC_Cb,0
SHF-011,drug_35,AUC_Cl,0
SHF-011,drug_35,AUC35_Cb,0
SHF-011,drug_35,AUC35_Cl,0
SHF-011,drug_35,RE_R1b,0
SHF-011,drug_35,RE_R1l,0
SHF-011,drug_35,RE_Sb,0
SHF-011,drug_35,RE_Sl,0
SHF-011,drug_35,T1_1,0
SHF-011,drug_35,T1_2,0
SHF-011,drug_35,t1_MOLLI,0
SHF-011,drug_35,t2_MOLLI,0
