subject,study,parameter,value
LDS-008,control,S02a,9768.903912174352
LDS-008,control,S02l,7668.743832625052
LDS-008,control,BAT2,126.53708380476729
LDS-008,control,BAT,1.2435121932522242
LDS-008,control,CO,10.737320899508111
LDS-008,control,Thl,16.264251581252534
LDS-008,control,Dhl,42.40617242150723
LDS-008,control,To,22.623823957379244
LDS-008,control,Eo,15.521945629462714
LDS-008,control,Toe,4.632348779277776
LDS-008,control,Eb,4.764627209843034
LDS-008,control,H,45.0
LDS-008,control,ve,13.666125709373835
LDS-008,control,Te,18.811914910765076
LDS-008,control,De,47.35023091693808
LDS-008,control,khe_i,39.58010694997721
LDS-008,control,khe_f,24.477988824636068
LDS-008,control,Th_i,22.987474556868243
LDS-008,control,Th_f,44.154295012506964
LDS-008,control,Th,33.5708847846876
LDS-008,control,khe,32.02904788730664
LDS-008,control,Kbh,2.978771654109401
LDS-008,control,Khe,234.36816379742032
LDS-008,control,kbh,2.5716889752636156
LDS-008,control,kbh_i,3.755691999877871
LDS-008,control,kbh_f,1.9552769275598576
LDS-008,control,CL,0.32967789878217635
LDS-008,control,AUC_Cb,39.757515905829294
LDS-008,control,AUC_Cl,434.21568164163
LDS-008,control,AUC35_Cb,28.287321695453798
LDS-008,control,AUC35_Cl,162.37483445476937
LDS-008,control,RE_R1b,18.348989657630803
LDS-008,control,RE_R1l,65.14863086623336
LDS-008,control,RE_Sb,12.386171118343734
LDS-008,control,RE_Sl,54.35635437370154
LDS-008,control,T1_1,0.74397998
LDS-008,control,T1_2,0.46023999
LDS-008,control,t1_MOLLI,14.109626388888888
LDS-008,control,t2_MOLLI,15.427624999999999
LDS-008,control,T1_3,0.574929993
LDS-008,control,t3_MOLLI,16.416276944444444
LDS-008,control,t0,14.62266805555556
LDS-008,control,t1,15.326749999999997
LDS-008,control,t2,16.562825000000004
LDS-008,control,t3,17.31208125
LDS-008,control,dt1,2.179999999993015
LDS-008,control,dt2,2.179999999993015
