subject,study,parameter,value
LDS-008,control,S02a,16.125218212920895
LDS-008,control,S02l,27.84511985301842
LDS-008,control,BAT2,0.006650516265644538
LDS-008,control,BAT,0.007040423187878587
LDS-008,control,CO,0.15367419715603856
LDS-008,control,Thl,0.5240402696687155
LDS-008,control,Dhl,0.922078145868136
LDS-008,control,To,0.8044011543066185
LDS-008,control,Eo,0.5596021102001822
LDS-008,control,Toe,0.20436668216580378
LDS-008,control,Eb,0.12223067586244582
LDS-008,control,H,0
LDS-008,control,ve,1.0577392850514509
LDS-008,control,Te,1.935913351587446
LDS-008,control,De,7.197238496248318
LDS-008,control,khe_i,0.4846672687202476
LDS-008,control,khe_f,0.41827580668053677
LDS-008,control,Th_i,0.566619522828198
LDS-008,control,Th_f,1.6934293111935161
LDS-008,control,Th,0.0
LDS-008,control,khe,0
LDS-008,control,Kbh,0
LDS-008,control,Khe,0
LDS-008,control,kbh,0
LDS-008,control,kbh_i,0
LDS-008,control,kbh_f,0
LDS-008,control,CL,0.0
LDS-008,control,AUC_Cb,0
LDS-008,control,AUC_Cl,0
LDS-008,control,AUC35_Cb,0
LDS-008,control,AUC35_Cl,0
LDS-008,control,RE_R1b,0
LDS-008,control,RE_R1l,0
LDS-008,control,RE_Sb,0
LDS-008,control,RE_Sl,0
LDS-008,control,T1_1,0
LDS-008,control,T1_2,0
LDS-008,control,t1_MOLLI,0
LDS-008,control,t2_MOLLI,0
LDS-008,control,T1_3,0
LDS-008,control,t3_MOLLI,0
LDS-008,control,t0,0
LDS-008,control,t1,0
LDS-008,control,t2,0
LDS-008,control,t3,0
LDS-008,control,dt1,0
LDS-008,control,dt2,0
