subject,study,parameter,value
SHF-014,drug_25,BAT,0.005115923716486046
SHF-014,drug_25,CO,0.28051554401824524
SHF-014,drug_25,Thl,0.46240102436679287
SHF-014,drug_25,Dhl,1.8756995118605277
SHF-014,drug_25,To,2.578070907984757
SHF-014,drug_25,Eo,0.8612060407443443
SHF-014,drug_25,Toe,1.8700645614450448
SHF-014,drug_25,Eb,1.6436641581132776
SHF-014,drug_25,H,0
SHF-014,drug_25,ve,11.091420884652193
SHF-014,drug_25,Te,21.510495164721718
SHF-014,drug_25,De,9.250397335855668
SHF-014,drug_25,khe,1.8326159685924022
SHF-014,drug_25,Th,1.7605556075021176
SHF-014,drug_25,Kbh,0
SHF-014,drug_25,Khe,0
SHF-014,drug_25,kbh,0
SHF-014,drug_25,CL,0.0
SHF-014,drug_25,AUC_Cb,0
SHF-014,drug_25,AUC_Cl,0
SHF-014,drug_25,AUC35_Cb,0
SHF-014,drug_25,AUC35_Cl,0
SHF-014,drug_25,RE_R1b,0
SHF-014,drug_25,RE_R1l,0
SHF-014,drug_25,RE_Sb,0
SHF-014,drug_25,RE_Sl,0
SHF-014,drug_25,T1_1,0
SHF-014,drug_25,T1_2,0
SHF-014,drug_25,t1_MOLLI,0
SHF-014,drug_25,t2_MOLLI,0
