subject,study,parameter,value
LDS-009,control_05,BAT,1.2353908822593564
LDS-009,control_05,CO,9.879665912869262
LDS-009,control_05,Thl,14.21494644763253
LDS-009,control_05,Dhl,52.62111326090461
LDS-009,control_05,To,35.41445151708795
LDS-009,control_05,Eo,18.775139076118393
LDS-009,control_05,Toe,5.298039120370565
LDS-009,control_05,Eb,1.1410468126693443
LDS-009,control_05,H,45.0
LDS-009,control_05,ve,23.51118299999218
LDS-009,control_05,Te,50.61110601669941
LDS-009,control_05,De,82.52302240386784
LDS-009,control_05,khe,14.963182038692187
LDS-009,control_05,Th,547.9677973708053
LDS-009,control_05,Kbh,0.18249247579841052
LDS-009,control_05,Khe,63.6428291962049
LDS-009,control_05,kbh,0.13958633585222976
LDS-009,control_05,CL,0.1774807873958328
LDS-009,control_05,AUC_Cb,160.30854031859516
LDS-009,control_05,AUC_Cl,2361.0996927430474
LDS-009,control_05,AUC35_Cb,47.96925024094499
LDS-009,control_05,AUC35_Cl,157.6540535056779
LDS-009,control_05,RE_R1b,35.3859112150897
LDS-009,control_05,RE_R1l,69.7098594740708
LDS-009,control_05,RE_Sb,27.287350215235616
LDS-009,control_05,RE_Sl,44.37277332309193
LDS-009,control_05,T1_1,0.847049988
LDS-009,control_05,T1_2,0.621599976
LDS-009,control_05,t1_MOLLI,13.793121388888888
LDS-009,control_05,t2_MOLLI,15.155603333333334
