subject,study,parameter,value
LDS-009,control_05,BAT,0.031077927941735525
LDS-009,control_05,CO,0.5098470895176128
LDS-009,control_05,Thl,2.4572411233852476
LDS-009,control_05,Dhl,4.714036955674486
LDS-009,control_05,To,11.86062501043065
LDS-009,control_05,Eo,374.9005046487862
LDS-009,control_05,Toe,149.2984107758607
LDS-009,control_05,Eb,473.60580072174264
LDS-009,control_05,H,0
LDS-009,control_05,ve,189.07358742468654
LDS-009,control_05,Te,73.97214017836839
LDS-009,control_05,De,28.06373058347265
LDS-009,control_05,khe,40.95340493874857
LDS-009,control_05,Th,338764.7529169256
LDS-009,control_05,Kbh,0
LDS-009,control_05,Khe,0
LDS-009,control_05,kbh,0
LDS-009,control_05,CL,0.0
LDS-009,control_05,AUC_Cb,0
LDS-009,control_05,AUC_Cl,0
LDS-009,control_05,AUC35_Cb,0
LDS-009,control_05,AUC35_Cl,0
LDS-009,control_05,RE_R1b,0
LDS-009,control_05,RE_R1l,0
LDS-009,control_05,RE_Sb,0
LDS-009,control_05,RE_Sl,0
LDS-009,control_05,T1_1,0
LDS-009,control_05,T1_2,0
LDS-009,control_05,t1_MOLLI,0
LDS-009,control_05,t2_MOLLI,0
