subject,study,parameter,value
SHF-009,drug_40,BAT,0.010370257378794165
SHF-009,drug_40,CO,0.1476717654419765
SHF-009,drug_40,Thl,0.6595314604936197
SHF-009,drug_40,Dhl,2.323735208007742
SHF-009,drug_40,To,1.9799203215731402
SHF-009,drug_40,Eo,1.1914658477833415
SHF-009,drug_40,Toe,0.42147278509082586
SHF-009,drug_40,Eb,0.19642715989307652
SHF-009,drug_40,H,0
SHF-009,drug_40,ve,2.0122244115118617
SHF-009,drug_40,Te,5.303757639881798
SHF-009,drug_40,De,5.685912910892994
SHF-009,drug_40,khe,0.3782113707670759
SHF-009,drug_40,Th,1120.551619207668
SHF-009,drug_40,Kbh,0
SHF-009,drug_40,Khe,0
SHF-009,drug_40,kbh,0
SHF-009,drug_40,CL,0.0
SHF-009,drug_40,AUC_Cb,0
SHF-009,drug_40,AUC_Cl,0
SHF-009,drug_40,AUC35_Cb,0
SHF-009,drug_40,AUC35_Cl,0
SHF-009,drug_40,RE_R1b,0
SHF-009,drug_40,RE_R1l,0
SHF-009,drug_40,RE_Sb,0
SHF-009,drug_40,RE_Sl,0
SHF-009,drug_40,T1_1,0
SHF-009,drug_40,T1_2,0
SHF-009,drug_40,t1_MOLLI,0
SHF-009,drug_40,t2_MOLLI,0
