subject,study,parameter,value
SHF-022,drug_40,BAT,0.13820647245044632
SHF-022,drug_40,CO,1.4848065341976393
SHF-022,drug_40,Thl,9.4859013693177
SHF-022,drug_40,Dhl,60.83015075547566
SHF-022,drug_40,To,3.3640411537360984
SHF-022,drug_40,Eo,3.362256199028843
SHF-022,drug_40,Toe,0.9544863473684145
SHF-022,drug_40,Eb,1.7938960760958693
SHF-022,drug_40,H,0
SHF-022,drug_40,ve,17.01342649746647
SHF-022,drug_40,Te,26.53699471272034
SHF-022,drug_40,De,15.102639614403737
SHF-022,drug_40,khe,2.0763030187723803
SHF-022,drug_40,Th,1.1341785077914284
SHF-022,drug_40,Kbh,0
SHF-022,drug_40,Khe,0
SHF-022,drug_40,kbh,0
SHF-022,drug_40,CL,0.0
SHF-022,drug_40,AUC_Cb,0
SHF-022,drug_40,AUC_Cl,0
SHF-022,drug_40,AUC35_Cb,0
SHF-022,drug_40,AUC35_Cl,0
SHF-022,drug_40,RE_R1b,0
SHF-022,drug_40,RE_R1l,0
SHF-022,drug_40,RE_Sb,0
SHF-022,drug_40,RE_Sl,0
SHF-022,drug_40,T1_1,0
SHF-022,drug_40,T1_2,0
SHF-022,drug_40,t1_MOLLI,0
SHF-022,drug_40,t2_MOLLI,0
