subject,study,parameter,value
SHF-006,drug_35,BAT,0.048142726210219845
SHF-006,drug_35,CO,0.3932330725716049
SHF-006,drug_35,Thl,4.131861815479061
SHF-006,drug_35,Dhl,5.941425159489723
SHF-006,drug_35,To,2.4199570126584944
SHF-006,drug_35,Eo,0.8370101198071408
SHF-006,drug_35,Toe,1.6352748132617376
SHF-006,drug_35,Eb,1.2516927050356215
SHF-006,drug_35,H,0
SHF-006,drug_35,ve,2.1454110820727874
SHF-006,drug_35,Te,5.0576035461209825
SHF-006,drug_35,De,4.946669511850519
SHF-006,drug_35,khe,0.5238740501636354
SHF-006,drug_35,Th,71.07403179514954
SHF-006,drug_35,Kbh,0
SHF-006,drug_35,Khe,0
SHF-006,drug_35,kbh,0
SHF-006,drug_35,CL,0.0
SHF-006,drug_35,AUC_Cb,0
SHF-006,drug_35,AUC_Cl,0
SHF-006,drug_35,AUC35_Cb,0
SHF-006,drug_35,AUC35_Cl,0
SHF-006,drug_35,RE_R1b,0
SHF-006,drug_35,RE_R1l,0
SHF-006,drug_35,RE_Sb,0
SHF-006,drug_35,RE_Sl,0
SHF-006,drug_35,T1_1,0
SHF-006,drug_35,T1_2,0
SHF-006,drug_35,t1_MOLLI,0
SHF-006,drug_35,t2_MOLLI,0
