subject,study,parameter,value
SHF-008,drug_35,BAT,0.0047215397537898164
SHF-008,drug_35,CO,0.06793475636764479
SHF-008,drug_35,Thl,0.2970545551068683
SHF-008,drug_35,Dhl,1.4075016993762612
SHF-008,drug_35,To,1.426906533171146
SHF-008,drug_35,Eo,0.779651330216295
SHF-008,drug_35,Toe,0.4725423121554823
SHF-008,drug_35,Eb,0.3565720205628721
SHF-008,drug_35,H,0
SHF-008,drug_35,ve,3.6755535189161073
SHF-008,drug_35,Te,9.509006752268188
SHF-008,drug_35,De,7.665226098238165
SHF-008,drug_35,khe,0.6420525649108477
SHF-008,drug_35,Th,3.2410959878807026
SHF-008,drug_35,Kbh,0
SHF-008,drug_35,Khe,0
SHF-008,drug_35,kbh,0
SHF-008,drug_35,CL,0.0
SHF-008,drug_35,AUC_Cb,0
SHF-008,drug_35,AUC_Cl,0
SHF-008,drug_35,AUC35_Cb,0
SHF-008,drug_35,AUC35_Cl,0
SHF-008,drug_35,RE_R1b,0
SHF-008,drug_35,RE_R1l,0
SHF-008,drug_35,RE_Sb,0
SHF-008,drug_35,RE_Sl,0
SHF-008,drug_35,T1_1,0
SHF-008,drug_35,T1_2,0
SHF-008,drug_35,t1_MOLLI,0
SHF-008,drug_35,t2_MOLLI,0
