subject,study,parameter,value
LDS-003,drug_25,BAT,0.01191596743744402
LDS-003,drug_25,CO,0.17826883075641112
LDS-003,drug_25,Thl,0.7721411760690019
LDS-003,drug_25,Dhl,1.769057664089508
LDS-003,drug_25,To,1.6209531923917633
LDS-003,drug_25,Eo,1.1272390340055536
LDS-003,drug_25,Toe,0.7121069657757187
LDS-003,drug_25,Eb,0.3471023094878544
LDS-003,drug_25,H,0
LDS-003,drug_25,ve,1.9239523013585205
LDS-003,drug_25,Te,3.4085819753825537
LDS-003,drug_25,De,6.828195794413361
LDS-003,drug_25,khe,0.5331974966864027
LDS-003,drug_25,Th,4899.785417142435
LDS-003,drug_25,Kbh,0
LDS-003,drug_25,Khe,0
LDS-003,drug_25,kbh,0
LDS-003,drug_25,CL,0.0
LDS-003,drug_25,AUC_Cb,0
LDS-003,drug_25,AUC_Cl,0
LDS-003,drug_25,AUC35_Cb,0
LDS-003,drug_25,AUC35_Cl,0
LDS-003,drug_25,RE_R1b,0
LDS-003,drug_25,RE_R1l,0
LDS-003,drug_25,RE_Sb,0
LDS-003,drug_25,RE_Sl,0
LDS-003,drug_25,T1_1,0
LDS-003,drug_25,T1_2,0
LDS-003,drug_25,t1_MOLLI,0
LDS-003,drug_25,t2_MOLLI,0
