subject,study,parameter,value
SHF-008,drug_30,BAT,0.00995826065789208
SHF-008,drug_30,CO,0.08065943433315839
SHF-008,drug_30,Thl,0.7741392160939904
SHF-008,drug_30,Dhl,0.6741352344495428
SHF-008,drug_30,To,1.506700523803383
SHF-008,drug_30,Eo,0.888073158475686
SHF-008,drug_30,Toe,0.5883002974214327
SHF-008,drug_30,Eb,0.47709507838989695
SHF-008,drug_30,H,0
SHF-008,drug_30,ve,3.851125911951983
SHF-008,drug_30,Te,9.79171922676025
SHF-008,drug_30,De,6.512176641711334
SHF-008,drug_30,khe,0.7112179031049553
SHF-008,drug_30,Th,4.952392331644518
SHF-008,drug_30,Kbh,0
SHF-008,drug_30,Khe,0
SHF-008,drug_30,kbh,0
SHF-008,drug_30,CL,0.0
SHF-008,drug_30,AUC_Cb,0
SHF-008,drug_30,AUC_Cl,0
SHF-008,drug_30,AUC35_Cb,0
SHF-008,drug_30,AUC35_Cl,0
SHF-008,drug_30,RE_R1b,0
SHF-008,drug_30,RE_R1l,0
SHF-008,drug_30,RE_Sb,0
SHF-008,drug_30,RE_Sl,0
SHF-008,drug_30,T1_1,0
SHF-008,drug_30,T1_2,0
SHF-008,drug_30,t1_MOLLI,0
SHF-008,drug_30,t2_MOLLI,0
