subject,study,parameter,value
SHF-008,control,BAT,1.1374773752459717
SHF-008,control,CO,7.095469819213702
SHF-008,control,Thl,15.393447701122819
SHF-008,control,Dhl,30.657443513594878
SHF-008,control,To,15.104927013522454
SHF-008,control,Eo,14.904048835882367
SHF-008,control,Toe,7.474968226815038
SHF-008,control,Eb,4.070601853962209
SHF-008,control,H,45.0
SHF-008,control,ve,36.28031419727373
SHF-008,control,Te,25.006487464638443
SHF-008,control,De,86.80977245077231
SHF-008,control,khe,47.194716491494376
SHF-008,control,Th,40.440649908269506
SHF-008,control,Kbh,2.472759469168459
SHF-008,control,Khe,130.08353851312788
SHF-008,control,kbh,1.5756345644113041
SHF-008,control,CL,0.4015725694483671
SHF-008,control,AUC_Cb,46.597201333697605
SHF-008,control,AUC_Cl,883.7931958785222
SHF-008,control,AUC35_Cb,28.074855792093267
SHF-008,control,AUC35_Cl,241.82313343829793
SHF-008,control,RE_R1b,20.71604741295885
SHF-008,control,RE_R1l,101.10239468588063
SHF-008,control,RE_Sb,32.13015474325503
SHF-008,control,RE_Sl,83.08371415299244
SHF-008,control,T1_1,0.78759
SHF-008,control,T1_2,0.4218
SHF-008,control,t1_MOLLI,8.946388888888889
SHF-008,control,t2_MOLLI,9.8
