subject,study,parameter,value
SHF-008,control,BAT,0.009006683049146529
SHF-008,control,CO,0.1266377226725552
SHF-008,control,Thl,0.5886407958165856
SHF-008,control,Dhl,1.0727017472045273
SHF-008,control,To,0.8809902899653066
SHF-008,control,Eo,0.5074788436023372
SHF-008,control,Toe,0.4270874809384726
SHF-008,control,Eb,0.2406878395112154
SHF-008,control,H,0
SHF-008,control,ve,3.279364824917673
SHF-008,control,Te,4.140964674715794
SHF-008,control,De,4.60390299047657
SHF-008,control,khe,0.9091883821279187
SHF-008,control,Th,1.7486836899836702
SHF-008,control,Kbh,0
SHF-008,control,Khe,0
SHF-008,control,kbh,0
SHF-008,control,CL,0.0
SHF-008,control,AUC_Cb,0
SHF-008,control,AUC_Cl,0
SHF-008,control,AUC35_Cb,0
SHF-008,control,AUC35_Cl,0
SHF-008,control,RE_R1b,0
SHF-008,control,RE_R1l,0
SHF-008,control,RE_Sb,0
SHF-008,control,RE_Sl,0
SHF-008,control,T1_1,0
SHF-008,control,T1_2,0
SHF-008,control,t1_MOLLI,0
SHF-008,control,t2_MOLLI,0
