subject,study,parameter,value
SHF-007,control_20,BAT,1.0266835350264116
SHF-007,control_20,CO,5.108872249044859
SHF-007,control_20,Thl,16.204242990544692
SHF-007,control_20,Dhl,32.43576960908589
SHF-007,control_20,To,26.849295844509165
SHF-007,control_20,Eo,24.825039770885738
SHF-007,control_20,Toe,2.8720355965996456
SHF-007,control_20,Eb,9.003872183821523
SHF-007,control_20,H,45.0
SHF-007,control_20,ve,19.20938163268895
SHF-007,control_20,Te,51.01874589901728
SHF-007,control_20,De,89.07718828380732
SHF-007,control_20,khe,29.938033474484918
SHF-007,control_20,Th,67.62825188516501
SHF-007,control_20,Kbh,1.4786719634540204
SHF-007,control_20,Khe,155.85110466824622
SHF-007,control_20,kbh,1.1946282228985627
SHF-007,control_20,CL,0.210382207458831
SHF-007,control_20,AUC_Cb,44.28961361711688
SHF-007,control_20,AUC_Cl,832.5040511918658
SHF-007,control_20,AUC35_Cb,38.763852280586526
SHF-007,control_20,AUC35_Cl,243.11446270710806
SHF-007,control_20,RE_R1b,16.551633394314617
SHF-007,control_20,RE_R1l,99.59114131124535
SHF-007,control_20,RE_Sb,11.917002857403432
SHF-007,control_20,RE_Sl,81.61306882584101
SHF-007,control_20,T1_1,0.74539
SHF-007,control_20,T1_2,0.37404
SHF-007,control_20,t1_MOLLI,13.813055555555556
SHF-007,control_20,t2_MOLLI,14.628055555555555
