subject,study,parameter,value
SHF-007,control_20,BAT,0.0059903797639738725
SHF-007,control_20,CO,0.09405481367505746
SHF-007,control_20,Thl,0.49297520412640805
SHF-007,control_20,Dhl,0.7226981621479703
SHF-007,control_20,To,2.0687183440207186
SHF-007,control_20,Eo,1.939474434448895
SHF-007,control_20,Toe,0.41851181055395803
SHF-007,control_20,Eb,0.614381424699903
SHF-007,control_20,H,0
SHF-007,control_20,ve,9.640456961608768
SHF-007,control_20,Te,28.374462508025076
SHF-007,control_20,De,7.703227360290446
SHF-007,control_20,khe,1.2191242698732307
SHF-007,control_20,Th,15.797318196633162
SHF-007,control_20,Kbh,0
SHF-007,control_20,Khe,0
SHF-007,control_20,kbh,0
SHF-007,control_20,CL,0.0
SHF-007,control_20,AUC_Cb,0
SHF-007,control_20,AUC_Cl,0
SHF-007,control_20,AUC35_Cb,0
SHF-007,control_20,AUC35_Cl,0
SHF-007,control_20,RE_R1b,0
SHF-007,control_20,RE_R1l,0
SHF-007,control_20,RE_Sb,0
SHF-007,control_20,RE_Sl,0
SHF-007,control_20,T1_1,0
SHF-007,control_20,T1_2,0
SHF-007,control_20,t1_MOLLI,0
SHF-007,control_20,t2_MOLLI,0
