subject,study,parameter,value
LDS-001,control_40,BAT,1.1810475208228088
LDS-001,control_40,CO,13.580985516268145
LDS-001,control_40,Thl,23.9159348312634
LDS-001,control_40,Dhl,56.61602490242387
LDS-001,control_40,To,23.139916586471845
LDS-001,control_40,Eo,13.714888293463806
LDS-001,control_40,Toe,9.647067164357479
LDS-001,control_40,Eb,4.733845030155288
LDS-001,control_40,H,45.0
LDS-001,control_40,ve,46.07311137154696
LDS-001,control_40,Te,59.99999998790875
LDS-001,control_40,De,84.33551713128993
LDS-001,control_40,khe,31.064623805823526
LDS-001,control_40,Th,42.080085064247356
LDS-001,control_40,Kbh,2.376421051604844
LDS-001,control_40,Khe,67.42462768643814
LDS-001,control_40,kbh,1.2815299338420572
LDS-001,control_40,CL,0.34364102467603885
LDS-001,control_40,AUC_Cb,187.87408794326706
LDS-001,control_40,AUC_Cl,2483.5683885320304
LDS-001,control_40,AUC35_Cb,109.61844463453647
LDS-001,control_40,AUC35_Cl,659.4809824164378
LDS-001,control_40,RE_R1b,62.02288095064109
LDS-001,control_40,RE_R1l,264.5514303762191
LDS-001,control_40,RE_Sb,46.32785929640599
LDS-001,control_40,RE_Sl,176.79020286474122
LDS-001,control_40,T1_1,0.762049988
LDS-001,control_40,T1_2,0.164630005
LDS-001,control_40,t1_MOLLI,9.437863611111112
LDS-001,control_40,t2_MOLLI,10.4112
