subject,study,parameter,value
LDS-001,control_40,BAT,0.024224414635881836
LDS-001,control_40,CO,0.5018608771110729
LDS-001,control_40,Thl,2.185551716125962
LDS-001,control_40,Dhl,2.1482669533035135
LDS-001,control_40,To,0.8149080677016658
LDS-001,control_40,Eo,0.3567034467765231
LDS-001,control_40,Toe,0.4340037668349174
LDS-001,control_40,Eb,0.43734784963765216
LDS-001,control_40,H,0
LDS-001,control_40,ve,1.5256200192993754
LDS-001,control_40,Te,2.9320544081861337
LDS-001,control_40,De,1.5268904163892636
LDS-001,control_40,khe,0.29072124571212815
LDS-001,control_40,Th,0.8538277226223304
LDS-001,control_40,Kbh,0
LDS-001,control_40,Khe,0
LDS-001,control_40,kbh,0
LDS-001,control_40,CL,0.0
LDS-001,control_40,AUC_Cb,0
LDS-001,control_40,AUC_Cl,0
LDS-001,control_40,AUC35_Cb,0
LDS-001,control_40,AUC35_Cl,0
LDS-001,control_40,RE_R1b,0
LDS-001,control_40,RE_R1l,0
LDS-001,control_40,RE_Sb,0
LDS-001,control_40,RE_Sl,0
LDS-001,control_40,T1_1,0
LDS-001,control_40,T1_2,0
LDS-001,control_40,t1_MOLLI,0
LDS-001,control_40,t2_MOLLI,0
