subject,study,parameter,value
LDS-002,drug_25,BAT,0.02011921153544224
LDS-002,drug_25,CO,0.15471319408833656
LDS-002,drug_25,Thl,1.4236891370931082
LDS-002,drug_25,Dhl,2.238519287258672
LDS-002,drug_25,To,2.1342862683385566
LDS-002,drug_25,Eo,2.4508069046519236
LDS-002,drug_25,Toe,0.31079451212080433
LDS-002,drug_25,Eb,0.4985772670103671
LDS-002,drug_25,H,0
LDS-002,drug_25,ve,2.0538342453892815
LDS-002,drug_25,Te,7.010129217121696
LDS-002,drug_25,De,6.443073313800955
LDS-002,drug_25,khe,0.5425807296849186
LDS-002,drug_25,Th,6196.130902677058
LDS-002,drug_25,Kbh,0
LDS-002,drug_25,Khe,0
LDS-002,drug_25,kbh,0
LDS-002,drug_25,CL,0.0
LDS-002,drug_25,AUC_Cb,0
LDS-002,drug_25,AUC_Cl,0
LDS-002,drug_25,AUC35_Cb,0
LDS-002,drug_25,AUC35_Cl,0
LDS-002,drug_25,RE_R1b,0
LDS-002,drug_25,RE_R1l,0
LDS-002,drug_25,RE_Sb,0
LDS-002,drug_25,RE_Sl,0
LDS-002,drug_25,T1_1,0
LDS-002,drug_25,T1_2,0
LDS-002,drug_25,t1_MOLLI,0
LDS-002,drug_25,t2_MOLLI,0
