subject,study,parameter,value
LDS-001,control,S02a,9792.505518039618
LDS-001,control,S02l,7606.987667896555
LDS-001,control,BAT2,143.37699199851508
LDS-001,control,BAT,1.2044975213711646
LDS-001,control,CO,12.681303890640676
LDS-001,control,Thl,26.348158061771542
LDS-001,control,Dhl,67.99816548925006
LDS-001,control,To,25.14978497220128
LDS-001,control,Eo,13.857873743746799
LDS-001,control,Toe,8.415989242606512
LDS-001,control,Eb,6.124727100774145
LDS-001,control,H,45.0
LDS-001,control,ve,30.17971370781848
LDS-001,control,Te,39.66679357847665
LDS-001,control,De,72.3494510102165
LDS-001,control,khe_i,37.16147096926411
LDS-001,control,khe_f,8.72626904993053
LDS-001,control,Th_i,21.71794004406463
LDS-001,control,Th_f,131.44273687025142
LDS-001,control,Th,76.58033845715802
LDS-001,control,khe,22.94387000959732
LDS-001,control,Kbh,1.3058182036625998
LDS-001,control,Khe,76.02414731871161
LDS-001,control,kbh,0.911726008252649
LDS-001,control,kbh_i,3.2148668865702543
LDS-001,control,kbh_f,0.5311840574432187
LDS-001,control,CL,0.25380815970653414
LDS-001,control,AUC_Cb,156.9918568225524
LDS-001,control,AUC_Cl,2611.1931738341004
LDS-001,control,AUC35_Cb,106.24956058420648
LDS-001,control,AUC35_Cl,658.2011822877826
LDS-001,control,RE_R1b,59.354996674711714
LDS-001,control,RE_R1l,260.32185816560326
LDS-001,control,RE_Sb,48.27375804538999
LDS-001,control,RE_Sl,161.41869792659912
LDS-001,control,T1_1,0.762049988
LDS-001,control,T1_2,0.164630005
LDS-001,control,t1_MOLLI,9.437863611111112
LDS-001,control,t2_MOLLI,10.4112
LDS-001,control,T1_3,0.269029999
LDS-001,control,t3_MOLLI,11.588114444444445
LDS-001,control,t0,9.632315972222223
LDS-001,control,t1,10.336781944444445
LDS-001,control,t2,11.739447222222223
LDS-001,control,t3,12.572475694444444
LDS-001,control,dt1,2.180000000000291
LDS-001,control,dt2,2.180000000000291
