subject,study,parameter,value
LDS-001,control,S02a,18.158758483828862
LDS-001,control,S02l,67.07081815407038
LDS-001,control,BAT2,0.008877251360779763
LDS-001,control,BAT,0.008787856126230413
LDS-001,control,CO,0.30408864261528157
LDS-001,control,Thl,1.1347646339643827
LDS-001,control,Dhl,0.9138338641937385
LDS-001,control,To,0.635861140352115
LDS-001,control,Eo,0.31952605109822413
LDS-001,control,Toe,0.2766381357992996
LDS-001,control,Eb,0.2438799826533406
LDS-001,control,H,0
LDS-001,control,ve,0.7758084416603622
LDS-001,control,Te,1.4017992939592416
LDS-001,control,De,1.922040288252173
LDS-001,control,khe_i,0.35831085628723225
LDS-001,control,khe_f,0.21146234387460458
LDS-001,control,Th_i,0.9334566461330355
LDS-001,control,Th_f,4.112308238009589
LDS-001,control,Th,0.0
LDS-001,control,khe,0
LDS-001,control,Kbh,0
LDS-001,control,Khe,0
LDS-001,control,kbh,0
LDS-001,control,kbh_i,0
LDS-001,control,kbh_f,0
LDS-001,control,CL,0.0
LDS-001,control,AUC_Cb,0
LDS-001,control,AUC_Cl,0
LDS-001,control,AUC35_Cb,0
LDS-001,control,AUC35_Cl,0
LDS-001,control,RE_R1b,0
LDS-001,control,RE_R1l,0
LDS-001,control,RE_Sb,0
LDS-001,control,RE_Sl,0
LDS-001,control,T1_1,0
LDS-001,control,T1_2,0
LDS-001,control,t1_MOLLI,0
LDS-001,control,t2_MOLLI,0
LDS-001,control,T1_3,0
LDS-001,control,t3_MOLLI,0
LDS-001,control,t0,0
LDS-001,control,t1,0
LDS-001,control,t2,0
LDS-001,control,t3,0
LDS-001,control,dt1,0
LDS-001,control,dt2,0
