subject,study,parameter,value
LDS-006,control_30,BAT,1.2217419025652316
LDS-006,control_30,CO,5.10245355461687
LDS-006,control_30,Thl,12.660635656736554
LDS-006,control_30,Dhl,45.59392701525831
LDS-006,control_30,To,33.95332602198836
LDS-006,control_30,Eo,22.16312663712788
LDS-006,control_30,Toe,4.95895112928928
LDS-006,control_30,Eb,6.911519941485937
LDS-006,control_30,H,45.0
LDS-006,control_30,ve,20.155817933005107
LDS-006,control_30,Te,45.280800741297995
LDS-006,control_30,De,62.954416332827236
LDS-006,control_30,khe,47.35083381091054
LDS-006,control_30,Th,29.959342248549742
LDS-006,control_30,Kbh,3.3378569919985726
LDS-006,control_30,Khe,234.9239012194769
LDS-006,control_30,kbh,2.6650846138272595
LDS-006,control_30,CL,0.32726524162234355
LDS-006,control_30,AUC_Cb,38.5311535034424
LDS-006,control_30,AUC_Cl,555.8718529264752
LDS-006,control_30,AUC35_Cb,27.253374623864563
LDS-006,control_30,AUC35_Cl,206.16068969953758
LDS-006,control_30,RE_R1b,16.551026566038534
LDS-006,control_30,RE_R1l,93.68100286244895
LDS-006,control_30,RE_Sb,13.455810576809776
LDS-006,control_30,RE_Sl,74.75502865641614
LDS-006,control_30,T1_1,0.83976001
LDS-006,control_30,T1_2,0.498440002
LDS-006,control_30,t1_MOLLI,12.696229722222224
LDS-006,control_30,t2_MOLLI,13.722150833333334
