subject,study,parameter,value
LDS-006,control_30,BAT,0.01628349266629137
LDS-006,control_30,CO,0.15127275383853978
LDS-006,control_30,Thl,1.207086493175051
LDS-006,control_30,Dhl,2.1182393213521453
LDS-006,control_30,To,2.342691910471988
LDS-006,control_30,Eo,1.41625718073942
LDS-006,control_30,Toe,0.5304688020763143
LDS-006,control_30,Eb,0.6120279523583705
LDS-006,control_30,H,0
LDS-006,control_30,ve,7.572541760445523
LDS-006,control_30,Te,13.962451186997281
LDS-006,control_30,De,12.529400668489515
LDS-006,control_30,khe,1.3643798118510713
LDS-006,control_30,Th,1.6852981629164296
LDS-006,control_30,Kbh,0
LDS-006,control_30,Khe,0
LDS-006,control_30,kbh,0
LDS-006,control_30,CL,0.0
LDS-006,control_30,AUC_Cb,0
LDS-006,control_30,AUC_Cl,0
LDS-006,control_30,AUC35_Cb,0
LDS-006,control_30,AUC35_Cl,0
LDS-006,control_30,RE_R1b,0
LDS-006,control_30,RE_R1l,0
LDS-006,control_30,RE_Sb,0
LDS-006,control_30,RE_Sl,0
LDS-006,control_30,T1_1,0
LDS-006,control_30,T1_2,0
LDS-006,control_30,t1_MOLLI,0
LDS-006,control_30,t2_MOLLI,0
