subject,study,parameter,value
GOT-002,control_20,BAT,1.4674622246084235
GOT-002,control_20,CO,8.685039049896728
GOT-002,control_20,Thl,14.387303739783057
GOT-002,control_20,Dhl,65.61121459032564
GOT-002,control_20,To,38.07592359988646
GOT-002,control_20,Eo,22.522648594043602
GOT-002,control_20,Toe,10.057912402199596
GOT-002,control_20,Eb,1.1030729916578543
GOT-002,control_20,H,45.0
GOT-002,control_20,ve,38.31594087236674
GOT-002,control_20,Te,55.73598488211745
GOT-002,control_20,De,84.96970643554921
GOT-002,control_20,khe,11.174999965647634
GOT-002,control_20,Th,172.41092708375305
GOT-002,control_20,Kbh,0.5800096414505237
GOT-002,control_20,Khe,29.16540664595029
GOT-002,control_20,kbh,0.3577734901783147
GOT-002,control_20,CL,0.14294891034756974
GOT-002,control_20,AUC_Cb,92.8964099602883
GOT-002,control_20,AUC_Cl,828.11654570631
GOT-002,control_20,AUC35_Cb,26.623338225722204
GOT-002,control_20,AUC35_Cl,76.84210766618351
GOT-002,control_20,RE_R1b,18.026497859962255
GOT-002,control_20,RE_R1l,33.26303469484383
GOT-002,control_20,RE_Sb,15.856672358229448
GOT-002,control_20,RE_Sl,23.69551751217526
GOT-002,control_20,T1_1,0.871559998
GOT-002,control_20,T1_2,0.655630005
GOT-002,control_20,t1_MOLLI,13.43755
GOT-002,control_20,t2_MOLLI,14.05385
