subject,study,parameter,value
GOT-002,control_20,BAT,0.002888415986706097
GOT-002,control_20,CO,0.1738442014148458
GOT-002,control_20,Thl,0.4220798627651443
GOT-002,control_20,Dhl,0.9607132206355583
GOT-002,control_20,To,2.0420053080694394
GOT-002,control_20,Eo,1.7674903798804271
GOT-002,control_20,Toe,2.4347682748985906
GOT-002,control_20,Eb,2.9950278096779503
GOT-002,control_20,H,0
GOT-002,control_20,ve,3.1177843225181445
GOT-002,control_20,Te,7.271132714263822
GOT-002,control_20,De,3.825260316601654
GOT-002,control_20,khe,1.0741292142882677
GOT-002,control_20,Th,279.1882630778146
GOT-002,control_20,Kbh,0
GOT-002,control_20,Khe,0
GOT-002,control_20,kbh,0
GOT-002,control_20,CL,0.0
GOT-002,control_20,AUC_Cb,0
GOT-002,control_20,AUC_Cl,0
GOT-002,control_20,AUC35_Cb,0
GOT-002,control_20,AUC35_Cl,0
GOT-002,control_20,RE_R1b,0
GOT-002,control_20,RE_R1l,0
GOT-002,control_20,RE_Sb,0
GOT-002,control_20,RE_Sl,0
GOT-002,control_20,T1_1,0
GOT-002,control_20,T1_2,0
GOT-002,control_20,t1_MOLLI,0
GOT-002,control_20,t2_MOLLI,0
