subject,study,parameter,value
SHF-005,drug_05,BAT,0.11729252400666258
SHF-005,drug_05,CO,3.5159751682915594
SHF-005,drug_05,Thl,8.087401775729022
SHF-005,drug_05,Dhl,9.925424237313974
SHF-005,drug_05,To,6.214627545125304
SHF-005,drug_05,Eo,10.799197611492826
SHF-005,drug_05,Toe,1.4796871810820647
SHF-005,drug_05,Eb,28.967165113606043
SHF-005,drug_05,H,0
SHF-005,drug_05,ve,501.77641601431253
SHF-005,drug_05,Te,74.69240298989905
SHF-005,drug_05,De,31.468541168565594
SHF-005,drug_05,khe,57.95320564119987
SHF-005,drug_05,Th,25520893.092587244
SHF-005,drug_05,Kbh,0
SHF-005,drug_05,Khe,0
SHF-005,drug_05,kbh,0
SHF-005,drug_05,CL,0.0
SHF-005,drug_05,AUC_Cb,0
SHF-005,drug_05,AUC_Cl,0
SHF-005,drug_05,AUC35_Cb,0
SHF-005,drug_05,AUC35_Cl,0
SHF-005,drug_05,RE_R1b,0
SHF-005,drug_05,RE_R1l,0
SHF-005,drug_05,RE_Sb,0
SHF-005,drug_05,RE_Sl,0
SHF-005,drug_05,T1_1,0
SHF-005,drug_05,T1_2,0
SHF-005,drug_05,t1_MOLLI,0
SHF-005,drug_05,t2_MOLLI,0
