subject,study,parameter,value
LDS-009,control_40,BAT,1.154911111009728
LDS-009,control_40,CO,9.290751728171209
LDS-009,control_40,Thl,19.837023462043245
LDS-009,control_40,Dhl,41.66089316872387
LDS-009,control_40,To,33.982766719299576
LDS-009,control_40,Eo,13.830645114560685
LDS-009,control_40,Toe,8.502420106104656
LDS-009,control_40,Eb,6.839897772417503
LDS-009,control_40,H,45.0
LDS-009,control_40,ve,13.179183557789923
LDS-009,control_40,Te,30.178623405634962
LDS-009,control_40,De,70.25584281733379
LDS-009,control_40,khe,20.93697305815124
LDS-009,control_40,Th,36.22236671938462
LDS-009,control_40,Kbh,2.7607251832742445
LDS-009,control_40,Khe,158.86396123359143
LDS-009,control_40,kbh,2.3968841438443995
LDS-009,control_40,CL,0.24833691486458706
LDS-009,control_40,AUC_Cb,42.64354975058197
LDS-009,control_40,AUC_Cl,327.18360098006036
LDS-009,control_40,AUC35_Cb,30.14429191144614
LDS-009,control_40,AUC35_Cl,112.75278988574584
LDS-009,control_40,RE_R1b,17.156291547273163
LDS-009,control_40,RE_R1l,51.142514395003644
LDS-009,control_40,RE_Sb,16.152316881256997
LDS-009,control_40,RE_Sl,43.09935131470725
LDS-009,control_40,T1_1,0.847049988
LDS-009,control_40,T1_2,0.621599976
LDS-009,control_40,t1_MOLLI,13.793121388888888
LDS-009,control_40,t2_MOLLI,15.155603333333334
