subject,study,parameter,value
LDS-009,control_40,BAT,0.005867076352635101
LDS-009,control_40,CO,0.13966717435857584
LDS-009,control_40,Thl,0.41050485532842973
LDS-009,control_40,Dhl,1.1058442551547965
LDS-009,control_40,To,1.38008396248828
LDS-009,control_40,Eo,0.5322696217875611
LDS-009,control_40,Toe,0.6928841142789358
LDS-009,control_40,Eb,0.30819968379166623
LDS-009,control_40,H,0
LDS-009,control_40,ve,1.7693515274677953
LDS-009,control_40,Te,5.530567054221332
LDS-009,control_40,De,7.7079974382337175
LDS-009,control_40,khe,0.3904899646857088
LDS-009,control_40,Th,1.364065736770027
LDS-009,control_40,Kbh,0
LDS-009,control_40,Khe,0
LDS-009,control_40,kbh,0
LDS-009,control_40,CL,0.0
LDS-009,control_40,AUC_Cb,0
LDS-009,control_40,AUC_Cl,0
LDS-009,control_40,AUC35_Cb,0
LDS-009,control_40,AUC35_Cl,0
LDS-009,control_40,RE_R1b,0
LDS-009,control_40,RE_R1l,0
LDS-009,control_40,RE_Sb,0
LDS-009,control_40,RE_Sl,0
LDS-009,control_40,T1_1,0
LDS-009,control_40,T1_2,0
LDS-009,control_40,t1_MOLLI,0
LDS-009,control_40,t2_MOLLI,0
