subject,study,parameter,value
LDS-007,drug,BAT,0.008308420703640787
LDS-007,drug,CO,0.11369977943093702
LDS-007,drug,Thl,0.6151599407556414
LDS-007,drug,Dhl,0.6787966917169996
LDS-007,drug,To,0.9438637959617585
LDS-007,drug,Eo,0.8667724634214247
LDS-007,drug,Toe,0.21677240564848968
LDS-007,drug,Eb,0.16937901892807836
LDS-007,drug,H,0
LDS-007,drug,ve,0.7089033600773679
LDS-007,drug,Te,3.968114423495128
LDS-007,drug,De,2.997962648026554
LDS-007,drug,khe,0.11349017397283287
LDS-007,drug,Th,1038.2704549482992
LDS-007,drug,Kbh,0
LDS-007,drug,Khe,0
LDS-007,drug,kbh,0
LDS-007,drug,CL,0.0
LDS-007,drug,AUC_Cb,0
LDS-007,drug,AUC_Cl,0
LDS-007,drug,AUC35_Cb,0
LDS-007,drug,AUC35_Cl,0
LDS-007,drug,RE_R1b,0
LDS-007,drug,RE_R1l,0
LDS-007,drug,RE_Sb,0
LDS-007,drug,RE_Sl,0
LDS-007,drug,T1_1,0
LDS-007,drug,T1_2,0
LDS-007,drug,t1_MOLLI,0
LDS-007,drug,t2_MOLLI,0
