subject,study,parameter,value
SHF-011,drug_05,BAT,0.23594499528234034
SHF-011,drug_05,CO,4.669164522966794
SHF-011,drug_05,Thl,23.4755225338997
SHF-011,drug_05,Dhl,118.59441477942629
SHF-011,drug_05,To,5.477177078109691
SHF-011,drug_05,Eo,16.514945801715722
SHF-011,drug_05,Toe,3.4115033783790123
SHF-011,drug_05,Eb,58.753275814437686
SHF-011,drug_05,H,0
SHF-011,drug_05,ve,6300.685836524481
SHF-011,drug_05,Te,13828.074860147211
SHF-011,drug_05,De,1010.904002836286
SHF-011,drug_05,khe,1247.1841915382045
SHF-011,drug_05,Th,98.62886174084264
SHF-011,drug_05,Kbh,0
SHF-011,drug_05,Khe,0
SHF-011,drug_05,kbh,0
SHF-011,drug_05,CL,0.0
SHF-011,drug_05,AUC_Cb,0
SHF-011,drug_05,AUC_Cl,0
SHF-011,drug_05,AUC35_Cb,0
SHF-011,drug_05,AUC35_Cl,0
SHF-011,drug_05,RE_R1b,0
SHF-011,drug_05,RE_R1l,0
SHF-011,drug_05,RE_Sb,0
SHF-011,drug_05,RE_Sl,0
SHF-011,drug_05,T1_1,0
SHF-011,drug_05,T1_2,0
SHF-011,drug_05,t1_MOLLI,0
SHF-011,drug_05,t2_MOLLI,0
