subject,study,parameter,value
SHF-008,drug_05,BAT,0.012164324190563966
SHF-008,drug_05,CO,0.1517242033115667
SHF-008,drug_05,Thl,0.7221531454786021
SHF-008,drug_05,Dhl,4.694094249263429
SHF-008,drug_05,To,10.462595082487766
SHF-008,drug_05,Eo,35.39926542697825
SHF-008,drug_05,Toe,8.119431044927305
SHF-008,drug_05,Eb,62.78018424441707
SHF-008,drug_05,H,0
SHF-008,drug_05,ve,620.5740189295843
SHF-008,drug_05,Te,174.44943656728063
SHF-008,drug_05,De,26.91254856622124
SHF-008,drug_05,khe,63.11812782686911
SHF-008,drug_05,Th,235372.2500397084
SHF-008,drug_05,Kbh,0
SHF-008,drug_05,Khe,0
SHF-008,drug_05,kbh,0
SHF-008,drug_05,CL,0.0
SHF-008,drug_05,AUC_Cb,0
SHF-008,drug_05,AUC_Cl,0
SHF-008,drug_05,AUC35_Cb,0
SHF-008,drug_05,AUC35_Cl,0
SHF-008,drug_05,RE_R1b,0
SHF-008,drug_05,RE_R1l,0
SHF-008,drug_05,RE_Sb,0
SHF-008,drug_05,RE_Sl,0
SHF-008,drug_05,T1_1,0
SHF-008,drug_05,T1_2,0
SHF-008,drug_05,t1_MOLLI,0
SHF-008,drug_05,t2_MOLLI,0
