subject,study,parameter,value
014,control,kidney_volume,0
021,control,kidney_volume,0
022,control,kidney_volume,0
014,drug,kidney_volume,0
021,drug,kidney_volume,0
022,drug,kidney_volume,0
021,control,T1_aorta_3,0.00067
003,control,T1_aorta_2,0.00084
003,control,TR,0.0023
008,control,TR,0.0023
011,control,TR,0.0023
014,control,TR,0.0023
021,control,TR,0.0023
022,control,TR,0.0023
003,drug,TR,0.0023
008,drug,TR,0.0023
011,drug,TR,0.0023
014,drug,TR,0.0023
021,drug,TR,0.0023
022,drug,TR,0.0023
014,drug,T1_aorta_2,0.00561
003,control,dose_1,0.025
003,control,dose_2,0.025
008,control,dose_1,0.025
008,control,dose_2,0.025
011,control,dose_1,0.025
011,control,dose_2,0.025
014,control,dose_1,0.025
014,control,dose_2,0.025
021,control,dose_1,0.025
021,control,dose_2,0.025
022,control,dose_1,0.025
022,control,dose_2,0.025
003,drug,dose_1,0.025
003,drug,dose_2,0.025
008,drug,dose_1,0.025
008,drug,dose_2,0.025
011,drug,dose_1,0.025
011,drug,dose_2,0.025
014,drug,dose_1,0.025
014,drug,dose_2,0.025
021,drug,dose_1,0.025
021,drug,dose_2,0.025
022,drug,dose_1,0.025
022,drug,dose_2,0.025
014,control,T1_aorta_3,0.06948
003,control,T1_aorta_3,0.15407
021,drug,T1_aorta_2,0.1652
003,control,T1_liver_2,0.35727
008,control,T1_aorta_2,0.35856
022,control,T1_liver_2,0.36546
003,drug,T1_aorta_2,0.3721
003,drug,T1_liver_2,0.39223
008,control,T1_liver_2,0.4218
011,drug,T1_liver_2,0.42422
022,drug,T1_liver_2,0.42739
008,drug,T1_liver_2,0.42768
021,drug,T1_liver_2,0.42941
003,control,T1_liver_3,0.4655
021,control,T1_liver_2,0.47129
011,drug,T1_liver_3,0.48958
011,control,T1_liver_2,0.49798
022,control,T1_liver_3,0.54746
014,drug,T1_liver_3,0.55505
014,control,T1_liver_2,0.55618
021,drug,T1_liver_3,0.56117
008,drug,T1_liver_3,0.56417
003,drug,T1_liver_3,0.58969
022,drug,T1_aorta_2,0.6091
021,control,T1_liver_3,0.63949
022,drug,T1_liver_3,0.64544
008,control,T1_liver_3,0.67413
014,control,T1_liver_3,0.69255
011,control,T1_liver_3,0.70743
014,drug,T1_liver_2,0.71767
014,drug,T1_liver_1,0.71842
011,drug,T1_liver_1,0.71848
003,control,T1_liver_1,0.72478
022,control,T1_aorta_3,0.7277
014,control,T1_liver_1,0.72913
008,drug,T1_liver_1,0.74224
022,control,T1_liver_1,0.75858
003,drug,T1_liver_1,0.75958
011,control,T1_liver_1,0.76065
021,drug,T1_liver_1,0.77904
022,drug,T1_liver_1,0.78157
008,control,T1_liver_1,0.78759
021,control,T1_liver_1,0.80253
014,control,T1_portal_2,0.84005
021,drug,T1_aorta_3,1.01616
008,control,T1_aorta_3,1.04088
022,control,T1_portal_3,1.15697
008,drug,T1_aorta_2,1.22711
003,control,T1_portal_2,1.23631
022,control,T1_portal_1,1.25954
003,control,T1_portal_3,1.29789
014,control,T1_portal_1,1.32491
022,drug,T1_portal_1,1.32891
008,control,T1_portal_2,1.3302
003,control,T1_portal_1,1.35629
008,drug,T1_aorta_3,1.43503
008,control,T1_portal_1,1.46375
008,control,T1_portal_3,1.46767
022,drug,T1_portal_2,1.50774
008,drug,T1_aorta_1,1.52765
003,control,T1_aorta_1,1.681
011,control,T1_aorta_1,1.681
011,control,T1_aorta_2,1.681
011,control,T1_aorta_3,1.681
014,control,T1_aorta_1,1.681
014,control,T1_aorta_2,1.681
021,control,T1_aorta_1,1.681
021,control,T1_aorta_2,1.681
022,control,T1_aorta_1,1.681
022,control,T1_aorta_2,1.681
003,drug,T1_aorta_1,1.681
003,drug,T1_aorta_3,1.681
011,drug,T1_aorta_1,1.681
011,drug,T1_aorta_2,1.681
011,drug,T1_aorta_3,1.681
014,drug,T1_aorta_1,1.681
014,drug,T1_aorta_3,1.681
021,drug,T1_aorta_1,1.681
022,drug,T1_aorta_1,1.681
022,drug,T1_aorta_3,1.681
008,control,T1_aorta_1,2.14357
003,control,FA_1,15
003,control,FA_2,15
008,control,FA_1,15
008,control,FA_2,15
011,control,FA_1,15
011,control,FA_2,15
014,control,FA_1,15
014,control,FA_2,15
021,control,FA_1,15
021,control,FA_2,15
022,control,FA_1,15
022,control,FA_2,15
003,drug,FA_1,15
003,drug,FA_2,15
008,drug,FA_1,15
008,drug,FA_2,15
011,drug,FA_1,15
011,drug,FA_2,15
014,drug,FA_1,15
014,drug,FA_2,15
021,drug,FA_1,15
021,drug,FA_2,15
022,drug,FA_1,15
022,drug,FA_2,15
008,control,kidney_volume,40.81621583
008,drug,kidney_volume,53.02293458
011,control,weight,56
011,drug,weight,56
011,control,kidney_volume,56.30349024
008,drug,weight,58
003,control,t0,60
008,control,weight,60
008,control,t0,60
011,control,t0,60
014,control,t0,60
021,control,t0,60
022,control,t0,60
003,drug,t0,60
008,drug,t0,60
011,drug,t0,60
014,drug,t0,60
021,drug,t0,60
022,drug,t0,60
003,drug,kidney_volume,60.72842579
021,control,weight,70
021,drug,weight,70
022,control,weight,72
022,drug,weight,72
011,drug,kidney_volume,74.07952443
003,control,kidney_volume,81.47984767
014,control,weight,84
014,drug,weight,84
003,control,weight,85
003,drug,weight,85
011,drug,liver_volume,777.1865245
008,drug,liver_volume,787.7911115
011,control,liver_volume,809.0765773
008,control,liver_volume,850.884589
003,drug,liver_volume,877.5867863
021,drug,liver_volume,902.2290998
003,control,liver_volume,964.1781974
021,control,liver_volume,984.3955754
014,control,liver_volume,1116.762182
022,control,liver_volume,1137.513604
022,drug,liver_volume,1171.845
014,drug,liver_volume,1175.354432
003,control,T1_time_1,32031
008,control,T1_time_1,32207
003,control,T1_time_2,35135
008,control,T1_time_2,35280
003,drug,T1_time_1,37882
022,drug,T1_time_1,38660
021,drug,T1_time_1,38974
003,control,T1_time_3,39215
021,control,T1_time_1,40701
003,drug,T1_time_2,40789
022,drug,T1_time_2,41555
021,drug,T1_time_2,42027
008,control,T1_time_3,43168
021,control,T1_time_2,43740
008,drug,T1_time_1,44744
014,control,T1_time_1,44772
003,drug,T1_time_3,44776
022,drug,T1_time_3,45925
021,drug,T1_time_3,46196
008,drug,T1_time_2,47574
014,control,T1_time_2,47825
021,control,T1_time_3,47957
022,control,T1_time_1,49494
014,drug,T1_time_1,50107
014,drug,T1_time_2,50107
014,control,T1_time_3,51670
008,drug,T1_time_3,51847
011,drug,T1_time_1,51922
011,control,T1_time_1,52069
022,control,T1_time_2,52680
011,drug,T1_time_2,54780
011,control,T1_time_2,55003
014,drug,T1_time_3,57464
022,control,T1_time_3,57649
011,drug,T1_time_3,58969
011,control,T1_time_3,59349
