subject,study,parameter,value
SHF-003,drug_40,BAT,0.01565290278906513
SHF-003,drug_40,CO,0.2316948539236897
SHF-003,drug_40,Thl,1.2144930486209675
SHF-003,drug_40,Dhl,2.456929513689356
SHF-003,drug_40,To,1.2233094954340582
SHF-003,drug_40,Eo,0.660136420717585
SHF-003,drug_40,Toe,0.33018523179319537
SHF-003,drug_40,Eb,0.2787350841608078
SHF-003,drug_40,H,0
SHF-003,drug_40,ve,3.024386143782833
SHF-003,drug_40,Te,5.030967357808981
SHF-003,drug_40,De,3.616228437775032
SHF-003,drug_40,khe,0.6309727947643486
SHF-003,drug_40,Th,2.1654977864741314
SHF-003,drug_40,Kbh,0
SHF-003,drug_40,Khe,0
SHF-003,drug_40,kbh,0
SHF-003,drug_40,CL,0.0
SHF-003,drug_40,AUC_Cb,0
SHF-003,drug_40,AUC_Cl,0
SHF-003,drug_40,AUC35_Cb,0
SHF-003,drug_40,AUC35_Cl,0
SHF-003,drug_40,RE_R1b,0
SHF-003,drug_40,RE_R1l,0
SHF-003,drug_40,RE_Sb,0
SHF-003,drug_40,RE_Sl,0
SHF-003,drug_40,T1_1,0
SHF-003,drug_40,T1_2,0
SHF-003,drug_40,t1_MOLLI,0
SHF-003,drug_40,t2_MOLLI,0
