subject,study,parameter,value
SHF-021,control,S02a,40781.95738479061
SHF-021,control,S02l,18079.148020864668
SHF-021,control,BAT2,121.83820705690457
SHF-021,control,BAT,1.3234888381092642
SHF-021,control,CO,7.259109620453885
SHF-021,control,Thl,13.287849886122357
SHF-021,control,Dhl,71.74859164093998
SHF-021,control,To,47.323411029162656
SHF-021,control,Eo,22.02150835169762
SHF-021,control,Toe,9.166931820654712
SHF-021,control,Eb,2.6251930551028027
SHF-021,control,H,45.0
SHF-021,control,ve,20.02393728503834
SHF-021,control,Te,28.161673085805365
SHF-021,control,De,67.38833267719478
SHF-021,control,khe_i,45.569409386087735
SHF-021,control,khe_f,64.59224230661995
SHF-021,control,Th_i,17.270910392877983
SHF-021,control,Th_f,24.521779957166395
SHF-021,control,Th,20.896345175022187
SHF-021,control,khe,55.08082584635384
SHF-021,control,Kbh,4.785525849732419
SHF-021,control,Khe,275.07490191506747
SHF-021,control,kbh,3.827275154822702
SHF-021,control,kbh_i,4.630680195523534
SHF-021,control,kbh_f,3.2614297516191915
SHF-021,control,CL,0.5422132125252868
SHF-021,control,AUC_Cb,81.83538684570304
SHF-021,control,AUC_Cl,846.1782476923578
SHF-021,control,AUC35_Cb,29.361311675696708
SHF-021,control,AUC35_Cl,196.4369973596512
SHF-021,control,RE_R1b,17.562275069313028
SHF-021,control,RE_R1l,70.0356141398918
SHF-021,control,RE_Sb,7.0258053829599545
SHF-021,control,RE_Sl,62.13790501633516
SHF-021,control,T1_1,0.80253
SHF-021,control,T1_2,0.47129
SHF-021,control,t1_MOLLI,11.305833333333334
SHF-021,control,t2_MOLLI,12.15
SHF-021,control,T1_3,0.63949
SHF-021,control,t3_MOLLI,13.321388888888889
SHF-021,control,t0,11.460555555555555
SHF-021,control,t1,12.146666666666667
SHF-021,control,t2,13.403055555555556
SHF-021,control,t3,14.088888888888889
SHF-021,control,dt1,2.0
SHF-021,control,dt2,2.0
