subject,study,parameter,value
SHF-021,control,S02a,180.07835397049345
SHF-021,control,S02l,379.5695453878256
SHF-021,control,BAT2,0.013262151615563203
SHF-021,control,BAT,0.013194375935935542
SHF-021,control,CO,0.11901262329420828
SHF-021,control,Thl,0.9705310740957233
SHF-021,control,Dhl,3.960579237908494
SHF-021,control,To,1.3842412176692107
SHF-021,control,Eo,0.5211367412985496
SHF-021,control,Toe,0.4194836113114514
SHF-021,control,Eb,0.2125219698245385
SHF-021,control,H,0
SHF-021,control,ve,2.863956998833801
SHF-021,control,Te,4.248485660123564
SHF-021,control,De,6.65604092489606
SHF-021,control,khe_i,0.8810736849740858
SHF-021,control,khe_f,2.3373248102814186
SHF-021,control,Th_i,0.456129921179401
SHF-021,control,Th_f,0.6363965426872553
SHF-021,control,Th,0.0
SHF-021,control,khe,0
SHF-021,control,Kbh,0
SHF-021,control,Khe,0
SHF-021,control,kbh,0
SHF-021,control,kbh_i,0
SHF-021,control,kbh_f,0
SHF-021,control,CL,0.0
SHF-021,control,AUC_Cb,0
SHF-021,control,AUC_Cl,0
SHF-021,control,AUC35_Cb,0
SHF-021,control,AUC35_Cl,0
SHF-021,control,RE_R1b,0
SHF-021,control,RE_R1l,0
SHF-021,control,RE_Sb,0
SHF-021,control,RE_Sl,0
SHF-021,control,T1_1,0
SHF-021,control,T1_2,0
SHF-021,control,t1_MOLLI,0
SHF-021,control,t2_MOLLI,0
SHF-021,control,T1_3,0
SHF-021,control,t3_MOLLI,0
SHF-021,control,t0,0
SHF-021,control,t1,0
SHF-021,control,t2,0
SHF-021,control,t3,0
SHF-021,control,dt1,0
SHF-021,control,dt2,0
