subject,study,parameter,value
LDS-002,drug,BAT,0.014689207644951569
LDS-002,drug,CO,0.1474439325613934
LDS-002,drug,Thl,1.0379390968667186
LDS-002,drug,Dhl,1.7845525178220905
LDS-002,drug,To,1.5505530427064098
LDS-002,drug,Eo,1.282896947739967
LDS-002,drug,Toe,0.42696005619165317
LDS-002,drug,Eb,0.3360921459920614
LDS-002,drug,H,0
LDS-002,drug,ve,1.232388629219144
LDS-002,drug,Te,5.246644998239896
LDS-002,drug,De,5.962491746373804
LDS-002,drug,khe,0.2323317959883236
LDS-002,drug,Th,1307.3027206476222
LDS-002,drug,Kbh,0
LDS-002,drug,Khe,0
LDS-002,drug,kbh,0
LDS-002,drug,CL,0.0
LDS-002,drug,AUC_Cb,0
LDS-002,drug,AUC_Cl,0
LDS-002,drug,AUC35_Cb,0
LDS-002,drug,AUC35_Cl,0
LDS-002,drug,RE_R1b,0
LDS-002,drug,RE_R1l,0
LDS-002,drug,RE_Sb,0
LDS-002,drug,RE_Sl,0
LDS-002,drug,T1_1,0
LDS-002,drug,T1_2,0
LDS-002,drug,t1_MOLLI,0
LDS-002,drug,t2_MOLLI,0
