subject,study,parameter,value
LDS-009,control_35,BAT,1.1855513621451514
LDS-009,control_35,CO,9.48684561804143
LDS-009,control_35,Thl,17.719775079155987
LDS-009,control_35,Dhl,45.27748882868732
LDS-009,control_35,To,35.67775455678129
LDS-009,control_35,Eo,13.979941451125352
LDS-009,control_35,Toe,12.233075505787317
LDS-009,control_35,Eb,5.0642456436373475
LDS-009,control_35,H,45.0
LDS-009,control_35,ve,13.00017288227537
LDS-009,control_35,Te,30.15764565133475
LDS-009,control_35,De,72.00911584492518
LDS-009,control_35,khe,20.870833417626145
LDS-009,control_35,Th,37.850681952699674
LDS-009,control_35,Kbh,2.6419603251789647
LDS-009,control_35,Khe,160.5427374437593
LDS-009,control_35,kbh,2.2985009154245746
LDS-009,control_35,CL,0.24755242160318605
LDS-009,control_35,AUC_Cb,54.868040797532075
LDS-009,control_35,AUC_Cl,424.5052035621807
LDS-009,control_35,AUC35_Cb,30.30752604018916
LDS-009,control_35,AUC35_Cl,113.53317878701085
LDS-009,control_35,RE_R1b,17.03153077495248
LDS-009,control_35,RE_R1l,51.15807356799689
LDS-009,control_35,RE_Sb,4.360275191006275
LDS-009,control_35,RE_Sl,40.851366151609795
LDS-009,control_35,T1_1,0.847049988
LDS-009,control_35,T1_2,0.621599976
LDS-009,control_35,t1_MOLLI,13.793121388888888
LDS-009,control_35,t2_MOLLI,15.155603333333334
