subject,study,parameter,value
LDS-009,control_35,BAT,0.02074553659481317
LDS-009,control_35,CO,0.23049002150205838
LDS-009,control_35,Thl,1.5465081670041427
LDS-009,control_35,Dhl,2.192343268405797
LDS-009,control_35,To,1.4713602454734724
LDS-009,control_35,Eo,0.45140776994486925
LDS-009,control_35,Toe,1.4813206437078041
LDS-009,control_35,Eb,0.6710857802543013
LDS-009,control_35,H,0
LDS-009,control_35,ve,1.9170971990199521
LDS-009,control_35,Te,6.1235755109271865
LDS-009,control_35,De,8.21788576560053
LDS-009,control_35,khe,0.43140668144639055
LDS-009,control_35,Th,1.8166566574121745
LDS-009,control_35,Kbh,0
LDS-009,control_35,Khe,0
LDS-009,control_35,kbh,0
LDS-009,control_35,CL,0.0
LDS-009,control_35,AUC_Cb,0
LDS-009,control_35,AUC_Cl,0
LDS-009,control_35,AUC35_Cb,0
LDS-009,control_35,AUC35_Cl,0
LDS-009,control_35,RE_R1b,0
LDS-009,control_35,RE_R1l,0
LDS-009,control_35,RE_Sb,0
LDS-009,control_35,RE_Sl,0
LDS-009,control_35,T1_1,0
LDS-009,control_35,T1_2,0
LDS-009,control_35,t1_MOLLI,0
LDS-009,control_35,t2_MOLLI,0
