subject,study,parameter,value
SHF-009,drug_20,BAT,0.015027370846108803
SHF-009,drug_20,CO,0.15322535764541023
SHF-009,drug_20,Thl,1.00286944212716
SHF-009,drug_20,Dhl,1.389943165703142
SHF-009,drug_20,To,2.38930162265707
SHF-009,drug_20,Eo,2.5251216774689063
SHF-009,drug_20,Toe,0.28279398706457404
SHF-009,drug_20,Eb,0.43748962824463306
SHF-009,drug_20,H,0
SHF-009,drug_20,ve,8.063788196842179
SHF-009,drug_20,Te,7.4099859390037315
SHF-009,drug_20,De,6.087362582773542
SHF-009,drug_20,khe,1.1132439515543875
SHF-009,drug_20,Th,7458.654011875324
SHF-009,drug_20,Kbh,0
SHF-009,drug_20,Khe,0
SHF-009,drug_20,kbh,0
SHF-009,drug_20,CL,0.0
SHF-009,drug_20,AUC_Cb,0
SHF-009,drug_20,AUC_Cl,0
SHF-009,drug_20,AUC35_Cb,0
SHF-009,drug_20,AUC35_Cl,0
SHF-009,drug_20,RE_R1b,0
SHF-009,drug_20,RE_R1l,0
SHF-009,drug_20,RE_Sb,0
SHF-009,drug_20,RE_Sl,0
SHF-009,drug_20,T1_1,0
SHF-009,drug_20,T1_2,0
SHF-009,drug_20,t1_MOLLI,0
SHF-009,drug_20,t2_MOLLI,0
