subject,study,parameter,value
SHF-017,control,BAT,1.0870025230100218
SHF-017,control,CO,8.750447871010815
SHF-017,control,Thl,21.595630012310526
SHF-017,control,Dhl,35.128265882311496
SHF-017,control,To,19.376632410340147
SHF-017,control,Eo,15.66321403989994
SHF-017,control,Toe,13.252587937639573
SHF-017,control,Eb,4.4697754142380255
SHF-017,control,H,45.0
SHF-017,control,ve,20.89167616709122
SHF-017,control,Te,59.95955367748561
SHF-017,control,De,99.96856636051062
SHF-017,control,khe,46.19059746111684
SHF-017,control,Th,72.7738920262306
SHF-017,control,Kbh,1.374119168505596
SHF-017,control,Khe,221.09569903192707
SHF-017,control,kbh,1.0870426416714802
SHF-017,control,CL,0.4601603553029116
SHF-017,control,AUC_Cb,49.03142314959307
SHF-017,control,AUC_Cl,1349.3610123946296
SHF-017,control,AUC35_Cb,24.759399477611947
SHF-017,control,AUC35_Cl,233.09128983215584
SHF-017,control,RE_R1b,12.661517741192597
SHF-017,control,RE_R1l,81.19897838177769
SHF-017,control,RE_Sb,23.138287603390253
SHF-017,control,RE_Sl,69.25887294413121
SHF-017,control,T1_1,0.64556
SHF-017,control,T1_2,0.37176
SHF-017,control,t1_MOLLI,12.851944444444445
SHF-017,control,t2_MOLLI,13.6625
