subject,study,parameter,value
SHF-017,control,BAT,0.004333329234813843
SHF-017,control,CO,0.1313713323230332
SHF-017,control,Thl,0.28117929117480195
SHF-017,control,Dhl,0.9371974149369044
SHF-017,control,To,0.8809937796734973
SHF-017,control,Eo,0.41480308848324926
SHF-017,control,Toe,1.0147002760060713
SHF-017,control,Eb,0.46284056647388017
SHF-017,control,H,0
SHF-017,control,ve,29.184506278670824
SHF-017,control,Te,71.68996050259527
SHF-017,control,De,6.821098838162099
SHF-017,control,khe,0.7953356665603887
SHF-017,control,Th,4.626108693175932
SHF-017,control,Kbh,0
SHF-017,control,Khe,0
SHF-017,control,kbh,0
SHF-017,control,CL,0.0
SHF-017,control,AUC_Cb,0
SHF-017,control,AUC_Cl,0
SHF-017,control,AUC35_Cb,0
SHF-017,control,AUC35_Cl,0
SHF-017,control,RE_R1b,0
SHF-017,control,RE_R1l,0
SHF-017,control,RE_Sb,0
SHF-017,control,RE_Sl,0
SHF-017,control,T1_1,0
SHF-017,control,T1_2,0
SHF-017,control,t1_MOLLI,0
SHF-017,control,t2_MOLLI,0
