subject,study,parameter,value
LDS-009,control_15,BAT,1.163961395923381
LDS-009,control_15,CO,9.463793463957172
LDS-009,control_15,Thl,19.108835372461897
LDS-009,control_15,Dhl,42.27523851429732
LDS-009,control_15,To,29.585253421500685
LDS-009,control_15,Eo,18.56865525722052
LDS-009,control_15,Toe,5.636731567144712
LDS-009,control_15,Eb,5.215386427166329
LDS-009,control_15,H,45.0
LDS-009,control_15,ve,18.76694905070499
LDS-009,control_15,Te,40.06891655835509
LDS-009,control_15,De,77.40641222208153
LDS-009,control_15,khe,18.0144524507868
LDS-009,control_15,Th,69.90101418714147
LDS-009,control_15,Kbh,1.430594407861901
LDS-009,control_15,Khe,95.99030935776999
LDS-009,control_15,kbh,1.1621154842162233
LDS-009,control_15,CL,0.21367241253918973
LDS-009,control_15,AUC_Cb,54.696137654566215
LDS-009,control_15,AUC_Cl,617.614090413878
LDS-009,control_15,AUC35_Cb,34.66783963857104
LDS-009,control_15,AUC35_Cl,127.20877111078643
LDS-009,control_15,RE_R1b,22.355248540253346
LDS-009,control_15,RE_R1l,57.39944506204077
LDS-009,control_15,RE_Sb,22.013029361534404
LDS-009,control_15,RE_Sl,39.47095656305938
LDS-009,control_15,T1_1,0.847049988
LDS-009,control_15,T1_2,0.621599976
LDS-009,control_15,t1_MOLLI,13.793121388888888
LDS-009,control_15,t2_MOLLI,15.155603333333334
