subject,study,parameter,value
LDS-009,control_15,BAT,0.00554943145232073
LDS-009,control_15,CO,0.18424624855361546
LDS-009,control_15,Thl,0.4122572855561003
LDS-009,control_15,Dhl,1.3450947331837226
LDS-009,control_15,To,2.1719204659522617
LDS-009,control_15,Eo,1.4498591916550727
LDS-009,control_15,Toe,2.0452205132770995
LDS-009,control_15,Eb,2.7756587609435117
LDS-009,control_15,H,0
LDS-009,control_15,ve,3.0716681133654635
LDS-009,control_15,Te,8.74191308465974
LDS-009,control_15,De,7.262667744342659
LDS-009,control_15,khe,1.1719830285725266
LDS-009,control_15,Th,42.818787574054085
LDS-009,control_15,Kbh,0
LDS-009,control_15,Khe,0
LDS-009,control_15,kbh,0
LDS-009,control_15,CL,0.0
LDS-009,control_15,AUC_Cb,0
LDS-009,control_15,AUC_Cl,0
LDS-009,control_15,AUC35_Cb,0
LDS-009,control_15,AUC35_Cl,0
LDS-009,control_15,RE_R1b,0
LDS-009,control_15,RE_R1l,0
LDS-009,control_15,RE_Sb,0
LDS-009,control_15,RE_Sl,0
LDS-009,control_15,T1_1,0
LDS-009,control_15,T1_2,0
LDS-009,control_15,t1_MOLLI,0
LDS-009,control_15,t2_MOLLI,0
