subject,study,parameter,value
SHF-003,control_15,BAT,1.301287100775132
SHF-003,control_15,CO,11.311373645130063
SHF-003,control_15,Thl,12.28337928256279
SHF-003,control_15,Dhl,77.94437819413785
SHF-003,control_15,To,27.41452225163745
SHF-003,control_15,Eo,16.429830899453894
SHF-003,control_15,Toe,5.653452311926278
SHF-003,control_15,Eb,4.782897859151813
SHF-003,control_15,H,45.0
SHF-003,control_15,ve,33.069491278139694
SHF-003,control_15,Te,29.248589772205165
SHF-003,control_15,De,86.06058419555251
SHF-003,control_15,khe,37.17417514632195
SHF-003,control_15,Th,112.62466490309575
SHF-003,control_15,Kbh,0.8879049725567819
SHF-003,control_15,Khe,112.41229819249024
SHF-003,control_15,kbh,0.5942793150989483
SHF-003,control_15,CL,0.3584252918241258
SHF-003,control_15,AUC_Cb,49.90678753391785
SHF-003,control_15,AUC_Cl,1559.880370889716
SHF-003,control_15,AUC35_Cb,32.873201774838364
SHF-003,control_15,AUC35_Cl,266.50756662170625
SHF-003,control_15,RE_R1b,19.648241158562566
SHF-003,control_15,RE_R1l,102.97377487142951
SHF-003,control_15,RE_Sb,18.035228996435297
SHF-003,control_15,RE_Sl,71.63042084694858
SHF-003,control_15,T1_1,0.72478
SHF-003,control_15,T1_2,0.35727
SHF-003,control_15,t1_MOLLI,8.8975
SHF-003,control_15,t2_MOLLI,9.759722222222223
