subject,study,parameter,value
SHF-003,control_15,BAT,0.02009311257163607
SHF-003,control_15,CO,0.6636204667964986
SHF-003,control_15,Thl,2.050348503260043
SHF-003,control_15,Dhl,5.622588480863439
SHF-003,control_15,To,2.1478904271789983
SHF-003,control_15,Eo,1.053839949079574
SHF-003,control_15,Toe,1.6700689796547852
SHF-003,control_15,Eb,2.169266025178225
SHF-003,control_15,H,0
SHF-003,control_15,ve,4.411106077816576
SHF-003,control_15,Te,6.206112730248574
SHF-003,control_15,De,6.827499553267138
SHF-003,control_15,khe,1.6623040517994103
SHF-003,control_15,Th,75.53985355118081
SHF-003,control_15,Kbh,0
SHF-003,control_15,Khe,0
SHF-003,control_15,kbh,0
SHF-003,control_15,CL,0.0
SHF-003,control_15,AUC_Cb,0
SHF-003,control_15,AUC_Cl,0
SHF-003,control_15,AUC35_Cb,0
SHF-003,control_15,AUC35_Cl,0
SHF-003,control_15,RE_R1b,0
SHF-003,control_15,RE_R1l,0
SHF-003,control_15,RE_Sb,0
SHF-003,control_15,RE_Sl,0
SHF-003,control_15,T1_1,0
SHF-003,control_15,T1_2,0
SHF-003,control_15,t1_MOLLI,0
SHF-003,control_15,t2_MOLLI,0
