subject,study,parameter,value
SHF-006,drug_05,BAT,0.1629103104037157
SHF-006,drug_05,CO,1.0012955670941002
SHF-006,drug_05,Thl,12.426484846775523
SHF-006,drug_05,Dhl,21.450986490148313
SHF-006,drug_05,To,28.230152624957153
SHF-006,drug_05,Eo,52.00662035854793
SHF-006,drug_05,Toe,10.541044047588192
SHF-006,drug_05,Eb,116.45777985938427
SHF-006,drug_05,H,0
SHF-006,drug_05,ve,430.45059448909007
SHF-006,drug_05,Te,105.05007496955385
SHF-006,drug_05,De,39.30336262209222
SHF-006,drug_05,khe,113.56455475137427
SHF-006,drug_05,Th,4320745.292295398
SHF-006,drug_05,Kbh,0
SHF-006,drug_05,Khe,0
SHF-006,drug_05,kbh,0
SHF-006,drug_05,CL,0.0
SHF-006,drug_05,AUC_Cb,0
SHF-006,drug_05,AUC_Cl,0
SHF-006,drug_05,AUC35_Cb,0
SHF-006,drug_05,AUC35_Cl,0
SHF-006,drug_05,RE_R1b,0
SHF-006,drug_05,RE_R1l,0
SHF-006,drug_05,RE_Sb,0
SHF-006,drug_05,RE_Sl,0
SHF-006,drug_05,T1_1,0
SHF-006,drug_05,T1_2,0
SHF-006,drug_05,t1_MOLLI,0
SHF-006,drug_05,t2_MOLLI,0
