subject,study,parameter,value
SHF-014,drug,BAT,0.010029870291487645
SHF-014,drug,CO,0.3847239932838904
SHF-014,drug,Thl,1.1245550031846552
SHF-014,drug,Dhl,2.413855600857166
SHF-014,drug,To,2.0866098173254963
SHF-014,drug,Eo,0.549757198827451
SHF-014,drug,Toe,0.6968063901540434
SHF-014,drug,Eb,0.43426177088514567
SHF-014,drug,H,0
SHF-014,drug,ve,7.540859191821501
SHF-014,drug,Te,14.309829602861829
SHF-014,drug,De,11.691054277920223
SHF-014,drug,khe,1.2123504332532415
SHF-014,drug,Th,0.6649830157115751
SHF-014,drug,Kbh,0
SHF-014,drug,Khe,0
SHF-014,drug,kbh,0
SHF-014,drug,CL,0.0
SHF-014,drug,AUC_Cb,0
SHF-014,drug,AUC_Cl,0
SHF-014,drug,AUC35_Cb,0
SHF-014,drug,AUC35_Cl,0
SHF-014,drug,RE_R1b,0
SHF-014,drug,RE_R1l,0
SHF-014,drug,RE_Sb,0
SHF-014,drug,RE_Sl,0
SHF-014,drug,T1_1,0
SHF-014,drug,T1_2,0
SHF-014,drug,t1_MOLLI,0
SHF-014,drug,t2_MOLLI,0
