subject,study,parameter,value
SHF-010,control_30,BAT,1.186746436110362
SHF-010,control_30,CO,6.86325486236588
SHF-010,control_30,Thl,17.89445465159007
SHF-010,control_30,Dhl,45.13933340577847
SHF-010,control_30,To,32.00241697608487
SHF-010,control_30,Eo,22.36747437098882
SHF-010,control_30,Toe,5.962450182228014
SHF-010,control_30,Eb,7.223478104947632
SHF-010,control_30,H,45.0
SHF-010,control_30,ve,25.670959517887837
SHF-010,control_30,Te,43.534666143384456
SHF-010,control_30,De,88.84272585397397
SHF-010,control_30,khe,39.71617838060802
SHF-010,control_30,Th,43.0934234803289
SHF-010,control_30,Kbh,2.32053970011567
SHF-010,control_30,Khe,154.71248105445108
SHF-010,control_30,kbh,1.7248348931024604
SHF-010,control_30,CL,0.37535966687810507
SHF-010,control_30,AUC_Cb,40.93816321223203
SHF-010,control_30,AUC_Cl,694.0579697638788
SHF-010,control_30,AUC35_Cb,27.65030458247798
SHF-010,control_30,AUC35_Cl,202.09824635453396
SHF-010,control_30,RE_R1b,15.733571138936295
SHF-010,control_30,RE_R1l,83.13610528586938
SHF-010,control_30,RE_Sb,20.736894627893147
SHF-010,control_30,RE_Sl,72.43789701236672
SHF-010,control_30,T1_1,0.76626
SHF-010,control_30,T1_2,0.41884
SHF-010,control_30,t1_MOLLI,10.315555555555555
SHF-010,control_30,t2_MOLLI,11.1275
