subject,study,parameter,value
SHF-010,control_30,BAT,0.018382769301257772
SHF-010,control_30,CO,0.15853923861119362
SHF-010,control_30,Thl,1.3695472367814039
SHF-010,control_30,Dhl,2.0417686749791577
SHF-010,control_30,To,2.0504666390260127
SHF-010,control_30,Eo,1.0995299751841803
SHF-010,control_30,Toe,0.6507639979755707
SHF-010,control_30,Eb,0.6534287631537533
SHF-010,control_30,H,0
SHF-010,control_30,ve,7.731928378583071
SHF-010,control_30,Te,16.21111597435541
SHF-010,control_30,De,6.699902274798146
SHF-010,control_30,khe,1.1733607808364326
SHF-010,control_30,Th,3.3729147655252367
SHF-010,control_30,Kbh,0
SHF-010,control_30,Khe,0
SHF-010,control_30,kbh,0
SHF-010,control_30,CL,0.0
SHF-010,control_30,AUC_Cb,0
SHF-010,control_30,AUC_Cl,0
SHF-010,control_30,AUC35_Cb,0
SHF-010,control_30,AUC35_Cl,0
SHF-010,control_30,RE_R1b,0
SHF-010,control_30,RE_R1l,0
SHF-010,control_30,RE_Sb,0
SHF-010,control_30,RE_Sl,0
SHF-010,control_30,T1_1,0
SHF-010,control_30,T1_2,0
SHF-010,control_30,t1_MOLLI,0
SHF-010,control_30,t2_MOLLI,0
