subject,study,parameter,value
SHF-008,drug_10,BAT,0.0030578235439929578
SHF-008,drug_10,CO,0.10948037610540413
SHF-008,drug_10,Thl,0.26476464961761464
SHF-008,drug_10,Dhl,2.12074005046307
SHF-008,drug_10,To,4.405303682743229
SHF-008,drug_10,Eo,3.046467002589611
SHF-008,drug_10,Toe,3.2647832103016845
SHF-008,drug_10,Eb,4.709362259627033
SHF-008,drug_10,H,0
SHF-008,drug_10,ve,31.7889579907665
SHF-008,drug_10,Te,25.530515628045737
SHF-008,drug_10,De,8.045129310412467
SHF-008,drug_10,khe,4.543150922208526
SHF-008,drug_10,Th,11540.94605455179
SHF-008,drug_10,Kbh,0
SHF-008,drug_10,Khe,0
SHF-008,drug_10,kbh,0
SHF-008,drug_10,CL,0.0
SHF-008,drug_10,AUC_Cb,0
SHF-008,drug_10,AUC_Cl,0
SHF-008,drug_10,AUC35_Cb,0
SHF-008,drug_10,AUC35_Cl,0
SHF-008,drug_10,RE_R1b,0
SHF-008,drug_10,RE_R1l,0
SHF-008,drug_10,RE_Sb,0
SHF-008,drug_10,RE_Sl,0
SHF-008,drug_10,T1_1,0
SHF-008,drug_10,T1_2,0
SHF-008,drug_10,t1_MOLLI,0
SHF-008,drug_10,t2_MOLLI,0
