subject,study,parameter,value
GOT-003,control,BAT,1.204438535846362
GOT-003,control,CO,9.486835580911478
GOT-003,control,Thl,10.219485165792577
GOT-003,control,Dhl,30.50745400976903
GOT-003,control,To,34.58890210974644
GOT-003,control,Eo,21.081625361347413
GOT-003,control,Toe,3.8378016087494187
GOT-003,control,Eb,5.62387169423493
GOT-003,control,H,45.0
GOT-003,control,ve,32.72587394271055
GOT-003,control,Te,59.999999994
GOT-003,control,De,89.66600675427459
GOT-003,control,khe,8.202289642609252
GOT-003,control,Th,38.15501055276783
GOT-003,control,Kbh,2.620887756319749
GOT-003,control,Khe,25.063622921019814
GOT-003,control,kbh,1.763179333006613
GOT-003,control,CL,0.08167108357267303
GOT-003,control,AUC_Cb,38.00804049724746
GOT-003,control,AUC_Cl,138.98866803767856
GOT-003,control,AUC35_Cb,26.962941241343806
GOT-003,control,AUC35_Cl,51.08303732188158
GOT-003,control,RE_R1b,18.97529417181563
GOT-003,control,RE_R1l,27.781245110377277
GOT-003,control,RE_Sb,15.636747307205962
GOT-003,control,RE_Sl,22.71686948470883
GOT-003,control,T1_1,1.084219971
GOT-003,control,T1_2,0.871650024
GOT-003,control,t1_MOLLI,12.362388888888889
GOT-003,control,t2_MOLLI,13.050686111111112
