subject,study,parameter,value
GOT-003,control,BAT,0.0017130573430346853
GOT-003,control,CO,0.07793085709167903
GOT-003,control,Thl,0.11028473689877005
GOT-003,control,Dhl,0.6128550311385612
GOT-003,control,To,1.034156606867053
GOT-003,control,Eo,0.7161042830459735
GOT-003,control,Toe,0.2714344538573808
GOT-003,control,Eb,0.2704435433714364
GOT-003,control,H,0
GOT-003,control,ve,1.4738479870382903
GOT-003,control,Te,4.250509687478305
GOT-003,control,De,1.2845422284691865
GOT-003,control,khe,0.5127519190040368
GOT-003,control,Th,8.002202603125486
GOT-003,control,Kbh,0
GOT-003,control,Khe,0
GOT-003,control,kbh,0
GOT-003,control,CL,0.0
GOT-003,control,AUC_Cb,0
GOT-003,control,AUC_Cl,0
GOT-003,control,AUC35_Cb,0
GOT-003,control,AUC35_Cl,0
GOT-003,control,RE_R1b,0
GOT-003,control,RE_R1l,0
GOT-003,control,RE_Sb,0
GOT-003,control,RE_Sl,0
GOT-003,control,T1_1,0
GOT-003,control,T1_2,0
GOT-003,control,t1_MOLLI,0
GOT-003,control,t2_MOLLI,0
