subject,study,parameter,value
LDS-001,control_25,BAT,1.2033328834809882
LDS-001,control_25,CO,14.060324039305298
LDS-001,control_25,Thl,22.034266341662505
LDS-001,control_25,Dhl,58.60204382722822
LDS-001,control_25,To,22.634573010684253
LDS-001,control_25,Eo,14.784700810996782
LDS-001,control_25,Toe,9.119980420425804
LDS-001,control_25,Eb,3.617118379913905
LDS-001,control_25,H,45.0
LDS-001,control_25,ve,43.35541307008441
LDS-001,control_25,Te,57.016354452928596
LDS-001,control_25,De,83.40604363310537
LDS-001,control_25,khe,32.442204947105246
LDS-001,control_25,Th,35.35410575844272
LDS-001,control_25,Kbh,2.8285257922587834
LDS-001,control_25,Khe,74.82849925720264
LDS-001,control_25,kbh,1.60220675123111
LDS-001,control_25,CL,0.3588800115674782
LDS-001,control_25,AUC_Cb,231.63450613430922
LDS-001,control_25,AUC_Cl,2700.122052653901
LDS-001,control_25,AUC35_Cb,115.94525010243204
LDS-001,control_25,AUC35_Cl,673.2957832253186
LDS-001,control_25,RE_R1b,69.16740453187349
LDS-001,control_25,RE_R1l,270.59892483495946
LDS-001,control_25,RE_Sb,48.27375804538999
LDS-001,control_25,RE_Sl,161.41869792659912
LDS-001,control_25,T1_1,0.762049988
LDS-001,control_25,T1_2,0.164630005
LDS-001,control_25,t1_MOLLI,9.437863611111112
LDS-001,control_25,t2_MOLLI,10.4112
