subject,study,parameter,value
LDS-001,control_25,BAT,0.019355296417787684
LDS-001,control_25,CO,0.42261365470355383
LDS-001,control_25,Thl,1.6520992304179307
LDS-001,control_25,Dhl,2.4331940279697983
LDS-001,control_25,To,0.9184406760440486
LDS-001,control_25,Eo,0.2504656060679627
LDS-001,control_25,Toe,0.659219083763068
LDS-001,control_25,Eb,0.5892739707783123
LDS-001,control_25,H,0
LDS-001,control_25,ve,2.026873858239793
LDS-001,control_25,Te,3.6676611565727852
LDS-001,control_25,De,1.9532476431761876
LDS-001,control_25,khe,0.4983651590525167
LDS-001,control_25,Th,1.5105492282997315
LDS-001,control_25,Kbh,0
LDS-001,control_25,Khe,0
LDS-001,control_25,kbh,0
LDS-001,control_25,CL,0.0
LDS-001,control_25,AUC_Cb,0
LDS-001,control_25,AUC_Cl,0
LDS-001,control_25,AUC35_Cb,0
LDS-001,control_25,AUC35_Cl,0
LDS-001,control_25,RE_R1b,0
LDS-001,control_25,RE_R1l,0
LDS-001,control_25,RE_Sb,0
LDS-001,control_25,RE_Sl,0
LDS-001,control_25,T1_1,0
LDS-001,control_25,T1_2,0
LDS-001,control_25,t1_MOLLI,0
LDS-001,control_25,t2_MOLLI,0
