subject,study,parameter,value
SHF-004,control,BAT,1.2998366685302387
SHF-004,control,CO,10.46059010698748
SHF-004,control,Thl,14.706432586079904
SHF-004,control,Dhl,84.13821474970268
SHF-004,control,To,30.60165852248288
SHF-004,control,Eo,15.057040927955834
SHF-004,control,Toe,7.448329900847944
SHF-004,control,Eb,3.1274767913160377
SHF-004,control,H,45.0
SHF-004,control,ve,20.227254832139497
SHF-004,control,Te,24.832846684703448
SHF-004,control,De,91.67636718531266
SHF-004,control,khe,26.01006213933416
SHF-004,control,Th,40.05329288652797
SHF-004,control,Kbh,2.496673626393281
SHF-004,control,Khe,128.5891850139063
SHF-004,control,kbh,1.9916650896558936
SHF-004,control,CL,0.2268916604073595
SHF-004,control,AUC_Cb,59.993600106656295
SHF-004,control,AUC_Cl,603.2734962280592
SHF-004,control,AUC35_Cb,28.867937495881513
SHF-004,control,AUC35_Cl,130.80338927234024
SHF-004,control,RE_R1b,17.801745473600498
SHF-004,control,RE_R1l,55.44313043932433
SHF-004,control,RE_Sb,21.42846689454542
SHF-004,control,RE_Sl,49.08440698137722
SHF-004,control,T1_1,0.79748
SHF-004,control,T1_2,0.51401
SHF-004,control,t1_MOLLI,10.535277777777777
SHF-004,control,t2_MOLLI,11.376388888888888
