subject,study,parameter,value
SHF-004,control,BAT,0.026967049424880506
SHF-004,control,CO,0.651338261350435
SHF-004,control,Thl,1.894789715604686
SHF-004,control,Dhl,7.391197781138286
SHF-004,control,To,2.189649447020775
SHF-004,control,Eo,0.9329170913207254
SHF-004,control,Toe,0.77194792956659
SHF-004,control,Eb,0.5889764034983128
SHF-004,control,H,0
SHF-004,control,ve,2.915466785235384
SHF-004,control,Te,7.117358021760131
SHF-004,control,De,10.936693445395909
SHF-004,control,khe,0.6296692374488645
SHF-004,control,Th,2.038251135498358
SHF-004,control,Kbh,0
SHF-004,control,Khe,0
SHF-004,control,kbh,0
SHF-004,control,CL,0.0
SHF-004,control,AUC_Cb,0
SHF-004,control,AUC_Cl,0
SHF-004,control,AUC35_Cb,0
SHF-004,control,AUC35_Cl,0
SHF-004,control,RE_R1b,0
SHF-004,control,RE_R1l,0
SHF-004,control,RE_Sb,0
SHF-004,control,RE_Sl,0
SHF-004,control,T1_1,0
SHF-004,control,T1_2,0
SHF-004,control,t1_MOLLI,0
SHF-004,control,t2_MOLLI,0
