subject,study,parameter,value
GOT-002,drug,BAT,0.024320191720545038
GOT-002,drug,CO,0.47473296841654056
GOT-002,drug,Thl,1.9863820858757582
GOT-002,drug,Dhl,4.368319932500175
GOT-002,drug,To,1.2680848775256288
GOT-002,drug,Eo,0.68430135220774
GOT-002,drug,Toe,1.237685990393379
GOT-002,drug,Eb,1.2124742124307486
GOT-002,drug,H,0
GOT-002,drug,ve,2.395393124994349
GOT-002,drug,Te,7.168856870724147
GOT-002,drug,De,6.547928933870267
GOT-002,drug,khe,0.6055112720258677
GOT-002,drug,Th,2891.774307345836
GOT-002,drug,Kbh,0
GOT-002,drug,Khe,0
GOT-002,drug,kbh,0
GOT-002,drug,CL,0.0
GOT-002,drug,AUC_Cb,0
GOT-002,drug,AUC_Cl,0
GOT-002,drug,AUC35_Cb,0
GOT-002,drug,AUC35_Cl,0
GOT-002,drug,RE_R1b,0
GOT-002,drug,RE_R1l,0
GOT-002,drug,RE_Sb,0
GOT-002,drug,RE_Sl,0
GOT-002,drug,T1_1,0
GOT-002,drug,T1_2,0
GOT-002,drug,t1_MOLLI,0
GOT-002,drug,t2_MOLLI,0
