subject,study,parameter,value
LDS-003,drug_20,BAT,0.011326822919421707
LDS-003,drug_20,CO,0.1985927641148235
LDS-003,drug_20,Thl,0.7498195556269981
LDS-003,drug_20,Dhl,1.5799005232793633
LDS-003,drug_20,To,1.4223819141308478
LDS-003,drug_20,Eo,1.1492626002454398
LDS-003,drug_20,Toe,0.8367088835932919
LDS-003,drug_20,Eb,0.5912445193516387
LDS-003,drug_20,H,0
LDS-003,drug_20,ve,2.421650349712406
LDS-003,drug_20,Te,3.7007133096687266
LDS-003,drug_20,De,7.420431562305628
LDS-003,drug_20,khe,0.7534747544760602
LDS-003,drug_20,Th,8741.251721275692
LDS-003,drug_20,Kbh,0
LDS-003,drug_20,Khe,0
LDS-003,drug_20,kbh,0
LDS-003,drug_20,CL,0.0
LDS-003,drug_20,AUC_Cb,0
LDS-003,drug_20,AUC_Cl,0
LDS-003,drug_20,AUC35_Cb,0
LDS-003,drug_20,AUC35_Cl,0
LDS-003,drug_20,RE_R1b,0
LDS-003,drug_20,RE_R1l,0
LDS-003,drug_20,RE_Sb,0
LDS-003,drug_20,RE_Sl,0
LDS-003,drug_20,T1_1,0
LDS-003,drug_20,T1_2,0
LDS-003,drug_20,t1_MOLLI,0
LDS-003,drug_20,t2_MOLLI,0
