subject,study,parameter,value
SHF-021,drug_30,BAT,0.004520243663176123
SHF-021,drug_30,CO,0.08532114299027961
SHF-021,drug_30,Thl,0.4060823210891105
SHF-021,drug_30,Dhl,1.0787979581411244
SHF-021,drug_30,To,1.6160471154906306
SHF-021,drug_30,Eo,0.6506562629275744
SHF-021,drug_30,Toe,0.41072339714131717
SHF-021,drug_30,Eb,0.4750440170858766
SHF-021,drug_30,H,0
SHF-021,drug_30,ve,6.590200332562149
SHF-021,drug_30,Te,12.972635104417842
SHF-021,drug_30,De,14.534791203343648
SHF-021,drug_30,khe,0.9922541100456325
SHF-021,drug_30,Th,0.8029855997018754
SHF-021,drug_30,Kbh,0
SHF-021,drug_30,Khe,0
SHF-021,drug_30,kbh,0
SHF-021,drug_30,CL,0.0
SHF-021,drug_30,AUC_Cb,0
SHF-021,drug_30,AUC_Cl,0
SHF-021,drug_30,AUC35_Cb,0
SHF-021,drug_30,AUC35_Cl,0
SHF-021,drug_30,RE_R1b,0
SHF-021,drug_30,RE_R1l,0
SHF-021,drug_30,RE_Sb,0
SHF-021,drug_30,RE_Sl,0
SHF-021,drug_30,T1_1,0
SHF-021,drug_30,T1_2,0
SHF-021,drug_30,t1_MOLLI,0
SHF-021,drug_30,t2_MOLLI,0
