subject,study,parameter,value
SHF-008,drug,BAT,0.003841673081868109
SHF-008,drug,CO,0.06469383937251504
SHF-008,drug,Thl,0.25303698233007726
SHF-008,drug,Dhl,1.144379719956043
SHF-008,drug,To,1.5038735989714436
SHF-008,drug,Eo,0.8885522746531765
SHF-008,drug,Toe,0.4006581016785295
SHF-008,drug,Eb,0.2730861496773928
SHF-008,drug,H,0
SHF-008,drug,ve,4.104867149284957
SHF-008,drug,Te,10.631916706781258
SHF-008,drug,De,6.108443576963847
SHF-008,drug,khe,0.6352799612173192
SHF-008,drug,Th,2.49789833430282
SHF-008,drug,Kbh,0
SHF-008,drug,Khe,0
SHF-008,drug,kbh,0
SHF-008,drug,CL,0.0
SHF-008,drug,AUC_Cb,0
SHF-008,drug,AUC_Cl,0
SHF-008,drug,AUC35_Cb,0
SHF-008,drug,AUC35_Cl,0
SHF-008,drug,RE_R1b,0
SHF-008,drug,RE_R1l,0
SHF-008,drug,RE_Sb,0
SHF-008,drug,RE_Sl,0
SHF-008,drug,T1_1,0
SHF-008,drug,T1_2,0
SHF-008,drug,t1_MOLLI,0
SHF-008,drug,t2_MOLLI,0
