subject,study,parameter,value
SHF-021,control,BAT,1.1753014964608957
SHF-021,control,CO,7.404368505412948
SHF-021,control,Thl,23.511697874944147
SHF-021,control,Dhl,36.22942038085867
SHF-021,control,To,26.60318501589741
SHF-021,control,Eo,25.745083512843564
SHF-021,control,Toe,7.827619940202806
SHF-021,control,Eb,2.4305087131895093
SHF-021,control,H,45.0
SHF-021,control,ve,20.22130565892482
SHF-021,control,Te,29.725256953602777
SHF-021,control,De,83.46229154971641
SHF-021,control,khe,44.48285696531065
SHF-021,control,Th,20.47756934314717
SHF-021,control,Kbh,4.883392082540552
SHF-021,control,Khe,219.98014230934598
SHF-021,control,kbh,3.8959064430062926
SHF-021,control,CL,0.4378872757780288
SHF-021,control,AUC_Cb,84.84253193261767
SHF-021,control,AUC_Cl,760.9259926226036
SHF-021,control,AUC35_Cb,29.394115839331477
SHF-021,control,AUC35_Cl,171.10720997466527
SHF-021,control,RE_R1b,18.092529210403676
SHF-021,control,RE_R1l,71.71335251365754
SHF-021,control,RE_Sb,10.220857647881761
SHF-021,control,RE_Sl,61.547898956049295
SHF-021,control,T1_1,0.80253
SHF-021,control,T1_2,0.47129
SHF-021,control,t1_MOLLI,11.305833333333334
SHF-021,control,t2_MOLLI,12.15
