subject,study,parameter,value
SHF-021,control,BAT,0.011376843028976107
SHF-021,control,CO,0.1644079032942233
SHF-021,control,Thl,1.0746843545954594
SHF-021,control,Dhl,1.2338054503229334
SHF-021,control,To,2.2602798443874583
SHF-021,control,Eo,0.86153142358089
SHF-021,control,Toe,0.5467708478027082
SHF-021,control,Eb,0.42285685013766183
SHF-021,control,H,0
SHF-021,control,ve,6.057342639849972
SHF-021,control,Te,11.068367106499482
SHF-021,control,De,9.151254093283857
SHF-021,control,khe,1.3642615600388095
SHF-021,control,Th,0.7727114731277053
SHF-021,control,Kbh,0
SHF-021,control,Khe,0
SHF-021,control,kbh,0
SHF-021,control,CL,0.0
SHF-021,control,AUC_Cb,0
SHF-021,control,AUC_Cl,0
SHF-021,control,AUC35_Cb,0
SHF-021,control,AUC35_Cl,0
SHF-021,control,RE_R1b,0
SHF-021,control,RE_R1l,0
SHF-021,control,RE_Sb,0
SHF-021,control,RE_Sl,0
SHF-021,control,T1_1,0
SHF-021,control,T1_2,0
SHF-021,control,t1_MOLLI,0
SHF-021,control,t2_MOLLI,0
