subject,study,parameter,value
SHF-006,control_40,BAT,1.3291733763271336
SHF-006,control_40,CO,9.41895835257608
SHF-006,control_40,Thl,13.29808690174526
SHF-006,control_40,Dhl,53.60296839345563
SHF-006,control_40,To,40.63928954409509
SHF-006,control_40,Eo,20.058392852785513
SHF-006,control_40,Toe,9.664214692549995
SHF-006,control_40,Eb,1.8860458122854924
SHF-006,control_40,H,45.0
SHF-006,control_40,ve,12.37363202128345
SHF-006,control_40,Te,26.87252312314855
SHF-006,control_40,De,60.011281861228184
SHF-006,control_40,khe,53.78398588587713
SHF-006,control_40,Th,20.440095702560313
SHF-006,control_40,Kbh,4.892344999513582
SHF-006,control_40,Khe,434.66611738061374
SHF-006,control_40,kbh,4.286984232062109
SHF-006,control_40,CL,0.5849236234890965
SHF-006,control_40,AUC_Cb,77.40702430592539
SHF-006,control_40,AUC_Cl,815.8379768595634
SHF-006,control_40,AUC35_Cb,25.620743890859696
SHF-006,control_40,AUC35_Cl,175.46824359534503
SHF-006,control_40,RE_R1b,15.528706404490311
SHF-006,control_40,RE_R1l,62.88740581656971
SHF-006,control_40,RE_Sb,11.921293162613116
SHF-006,control_40,RE_Sl,61.591268619632174
SHF-006,control_40,T1_1,0.68025
SHF-006,control_40,T1_2,0.68286
SHF-006,control_40,t1_MOLLI,8.917222222222222
SHF-006,control_40,t2_MOLLI,8.917222222222222
