subject,study,parameter,value
SHF-006,control_40,BAT,0.029330163026308333
SHF-006,control_40,CO,0.281970654848791
SHF-006,control_40,Thl,1.956197408262695
SHF-006,control_40,Dhl,6.50513242131955
SHF-006,control_40,To,2.3317393055303497
SHF-006,control_40,Eo,0.847054704465342
SHF-006,control_40,Toe,1.043170153395257
SHF-006,control_40,Eb,0.6097406868055881
SHF-006,control_40,H,0
SHF-006,control_40,ve,11.472817744322144
SHF-006,control_40,Te,19.977395114068127
SHF-006,control_40,De,33.9306773337687
SHF-006,control_40,khe,1.8953010917054678
SHF-006,control_40,Th,0.7955525783618779
SHF-006,control_40,Kbh,0
SHF-006,control_40,Khe,0
SHF-006,control_40,kbh,0
SHF-006,control_40,CL,0.0
SHF-006,control_40,AUC_Cb,0
SHF-006,control_40,AUC_Cl,0
SHF-006,control_40,AUC35_Cb,0
SHF-006,control_40,AUC35_Cl,0
SHF-006,control_40,RE_R1b,0
SHF-006,control_40,RE_R1l,0
SHF-006,control_40,RE_Sb,0
SHF-006,control_40,RE_Sl,0
SHF-006,control_40,T1_1,0
SHF-006,control_40,T1_2,0
SHF-006,control_40,t1_MOLLI,0
SHF-006,control_40,t2_MOLLI,0
