subject,study,parameter,value
SHF-022,control_20,BAT,1.2498441589152907
SHF-022,control_20,CO,11.850210236836197
SHF-022,control_20,Thl,14.146137632493495
SHF-022,control_20,Dhl,40.53790836764508
SHF-022,control_20,To,24.037901769548224
SHF-022,control_20,Eo,16.560208428364714
SHF-022,control_20,Toe,4.723986429147519
SHF-022,control_20,Eb,6.093915903754815
SHF-022,control_20,H,45.0
SHF-022,control_20,ve,29.318136329529192
SHF-022,control_20,Te,34.35099759613372
SHF-022,control_20,De,85.63031749635908
SHF-022,control_20,khe,51.83110860073697
SHF-022,control_20,Th,57.6230584841235
SHF-022,control_20,Kbh,1.73541638765239
SHF-022,control_20,Khe,176.78855169430648
SHF-022,control_20,kbh,1.2266246452354712
SHF-022,control_20,CL,0.589585911437397
SHF-022,control_20,AUC_Cb,28.114811347289997
SHF-022,control_20,AUC_Cl,799.2159741560273
SHF-022,control_20,AUC35_Cb,21.869712602704336
SHF-022,control_20,AUC35_Cl,224.07464025610537
SHF-022,control_20,RE_R1b,12.55177620273976
SHF-022,control_20,RE_R1l,92.61901059567226
SHF-022,control_20,RE_Sb,13.819378659897023
SHF-022,control_20,RE_Sl,73.81165708234253
SHF-022,control_20,T1_1,0.75858
SHF-022,control_20,T1_2,0.36546
SHF-022,control_20,t1_MOLLI,13.748333333333333
SHF-022,control_20,t2_MOLLI,14.633333333333333
