subject,study,parameter,value
SHF-022,control_20,BAT,0.03375546084804517
SHF-022,control_20,CO,0.7837867852390867
SHF-022,control_20,Thl,2.118213967573895
SHF-022,control_20,Dhl,4.348565104878273
SHF-022,control_20,To,3.1338603890099224
SHF-022,control_20,Eo,2.0567718834450743
SHF-022,control_20,Toe,1.6322076354198414
SHF-022,control_20,Eb,1.758162000098349
SHF-022,control_20,H,0
SHF-022,control_20,ve,16.501748811130525
SHF-022,control_20,Te,25.038618576678548
SHF-022,control_20,De,15.772911605603795
SHF-022,control_20,khe,3.416963123124251
SHF-022,control_20,Th,20.794577657383904
SHF-022,control_20,Kbh,0
SHF-022,control_20,Khe,0
SHF-022,control_20,kbh,0
SHF-022,control_20,CL,0.0
SHF-022,control_20,AUC_Cb,0
SHF-022,control_20,AUC_Cl,0
SHF-022,control_20,AUC35_Cb,0
SHF-022,control_20,AUC35_Cl,0
SHF-022,control_20,RE_R1b,0
SHF-022,control_20,RE_R1l,0
SHF-022,control_20,RE_Sb,0
SHF-022,control_20,RE_Sl,0
SHF-022,control_20,T1_1,0
SHF-022,control_20,T1_2,0
SHF-022,control_20,t1_MOLLI,0
SHF-022,control_20,t2_MOLLI,0
