subject,study,parameter,value
SHF-021,drug,S02a,71.64467196661239
SHF-021,drug,S02l,280.5408617423937
SHF-021,drug,BAT2,0.004057516594246135
SHF-021,drug,BAT,0.0038353525687117767
SHF-021,drug,CO,0.0564580397188308
SHF-021,drug,Thl,0.3130517761684864
SHF-021,drug,Dhl,0.7581018609942777
SHF-021,drug,To,1.0266645109098884
SHF-021,drug,Eo,0.4288038877255805
SHF-021,drug,Toe,0.24896160091340275
SHF-021,drug,Eb,0.17071750390685744
SHF-021,drug,H,0
SHF-021,drug,ve,2.712013582905112
SHF-021,drug,Te,4.489118921369636
SHF-021,drug,De,10.375753059181212
SHF-021,drug,khe_i,0.6367578757344919
SHF-021,drug,khe_f,1.566654789924383
SHF-021,drug,Th_i,0.5441188967358893
SHF-021,drug,Th_f,0.6272519345193192
SHF-021,drug,Th,0.0
SHF-021,drug,khe,0
SHF-021,drug,Kbh,0
SHF-021,drug,Khe,0
SHF-021,drug,kbh,0
SHF-021,drug,kbh_i,0
SHF-021,drug,kbh_f,0
SHF-021,drug,CL,0.0
SHF-021,drug,AUC_Cb,0
SHF-021,drug,AUC_Cl,0
SHF-021,drug,AUC35_Cb,0
SHF-021,drug,AUC35_Cl,0
SHF-021,drug,RE_R1b,0
SHF-021,drug,RE_R1l,0
SHF-021,drug,RE_Sb,0
SHF-021,drug,RE_Sl,0
SHF-021,drug,T1_1,0
SHF-021,drug,T1_2,0
SHF-021,drug,t1_MOLLI,0
SHF-021,drug,t2_MOLLI,0
SHF-021,drug,T1_3,0
SHF-021,drug,t3_MOLLI,0
SHF-021,drug,t0,0
SHF-021,drug,t1,0
SHF-021,drug,t2,0
SHF-021,drug,t3,0
SHF-021,drug,dt1,0
SHF-021,drug,dt2,0
