subject,study,parameter,value
LDS-008,drug_10,BAT,0.01795499385640327
LDS-008,drug_10,CO,0.40290479346278263
LDS-008,drug_10,Thl,1.5526702951289353
LDS-008,drug_10,Dhl,2.6188463367598884
LDS-008,drug_10,To,2.0792687788678723
LDS-008,drug_10,Eo,2.3379878198087827
LDS-008,drug_10,Toe,2.4919267043478137
LDS-008,drug_10,Eb,4.454729132011361
LDS-008,drug_10,H,0
LDS-008,drug_10,ve,6.270272896391292
LDS-008,drug_10,Te,4.658777983191065
LDS-008,drug_10,De,9.69632448623762
LDS-008,drug_10,khe,1.844059693478309
LDS-008,drug_10,Th,96442.00681301249
LDS-008,drug_10,Kbh,0
LDS-008,drug_10,Khe,0
LDS-008,drug_10,kbh,0
LDS-008,drug_10,CL,0.0
LDS-008,drug_10,AUC_Cb,0
LDS-008,drug_10,AUC_Cl,0
LDS-008,drug_10,AUC35_Cb,0
LDS-008,drug_10,AUC35_Cl,0
LDS-008,drug_10,RE_R1b,0
LDS-008,drug_10,RE_R1l,0
LDS-008,drug_10,RE_Sb,0
LDS-008,drug_10,RE_Sl,0
LDS-008,drug_10,T1_1,0
LDS-008,drug_10,T1_2,0
LDS-008,drug_10,t1_MOLLI,0
LDS-008,drug_10,t2_MOLLI,0
