subject,study,parameter,value
LDS-004,drug_05,BAT,0.004050761754012365
LDS-004,drug_05,CO,0.10231593345918687
LDS-004,drug_05,Thl,0.2943176794740022
LDS-004,drug_05,Dhl,1.0665281247677267
LDS-004,drug_05,To,9.242880032510373
LDS-004,drug_05,Eo,56.87143603359222
LDS-004,drug_05,Toe,11.425825779805514
LDS-004,drug_05,Eb,90.502814171035
LDS-004,drug_05,H,0
LDS-004,drug_05,ve,23.09868838192158
LDS-004,drug_05,Te,66.13369079310789
LDS-004,drug_05,De,23.50556136591189
LDS-004,drug_05,khe,32.27684526618574
LDS-004,drug_05,Th,534.704501957925
LDS-004,drug_05,Kbh,0
LDS-004,drug_05,Khe,0
LDS-004,drug_05,kbh,0
LDS-004,drug_05,CL,0.0
LDS-004,drug_05,AUC_Cb,0
LDS-004,drug_05,AUC_Cl,0
LDS-004,drug_05,AUC35_Cb,0
LDS-004,drug_05,AUC35_Cl,0
LDS-004,drug_05,RE_R1b,0
LDS-004,drug_05,RE_R1l,0
LDS-004,drug_05,RE_Sb,0
LDS-004,drug_05,RE_Sl,0
LDS-004,drug_05,T1_1,0
LDS-004,drug_05,T1_2,0
LDS-004,drug_05,t1_MOLLI,0
LDS-004,drug_05,t2_MOLLI,0
