subject,study,parameter,value
LDS-001,control_20,BAT,1.1548990792124654
LDS-001,control_20,CO,13.465461266585006
LDS-001,control_20,Thl,25.65047165186241
LDS-001,control_20,Dhl,52.82767972974213
LDS-001,control_20,To,20.416506049934355
LDS-001,control_20,Eo,15.242904763186191
LDS-001,control_20,Toe,7.158498360563912
LDS-001,control_20,Eb,4.87026110357647
LDS-001,control_20,H,45.0
LDS-001,control_20,ve,45.57848672288168
LDS-001,control_20,Te,59.901427704505544
LDS-001,control_20,De,84.57278890236621
LDS-001,control_20,khe,31.42049774163279
LDS-001,control_20,Th,42.49975177008922
LDS-001,control_20,Kbh,2.3529549193832873
LDS-001,control_20,Khe,68.937123631748
LDS-001,control_20,kbh,1.2805136738567846
LDS-001,control_20,CL,0.3475777497663348
LDS-001,control_20,AUC_Cb,185.04548412723648
LDS-001,control_20,AUC_Cl,2517.7262517601325
LDS-001,control_20,AUC35_Cb,114.91980248781248
LDS-001,control_20,AUC35_Cl,691.1613892873069
LDS-001,control_20,RE_R1b,68.93074189746578
LDS-001,control_20,RE_R1l,280.13315069474277
LDS-001,control_20,RE_Sb,46.32785929640599
LDS-001,control_20,RE_Sl,176.79020286474122
LDS-001,control_20,T1_1,0.762049988
LDS-001,control_20,T1_2,0.164630005
LDS-001,control_20,t1_MOLLI,9.437863611111112
LDS-001,control_20,t2_MOLLI,10.4112
