subject,study,parameter,value
LDS-001,control_20,BAT,0.013750776308724769
LDS-001,control_20,CO,0.28955902281792123
LDS-001,control_20,Thl,1.1301023939035097
LDS-001,control_20,Dhl,1.635290440214847
LDS-001,control_20,To,0.996854473656661
LDS-001,control_20,Eo,0.32907762651948463
LDS-001,control_20,Toe,0.7595169233222127
LDS-001,control_20,Eb,0.7152272630290344
LDS-001,control_20,H,0
LDS-001,control_20,ve,2.4896040011706706
LDS-001,control_20,Te,4.405094749286897
LDS-001,control_20,De,2.0673523418785096
LDS-001,control_20,khe,0.6797242485670186
LDS-001,control_20,Th,3.7420987711509683
LDS-001,control_20,Kbh,0
LDS-001,control_20,Khe,0
LDS-001,control_20,kbh,0
LDS-001,control_20,CL,0.0
LDS-001,control_20,AUC_Cb,0
LDS-001,control_20,AUC_Cl,0
LDS-001,control_20,AUC35_Cb,0
LDS-001,control_20,AUC35_Cl,0
LDS-001,control_20,RE_R1b,0
LDS-001,control_20,RE_R1l,0
LDS-001,control_20,RE_Sb,0
LDS-001,control_20,RE_Sl,0
LDS-001,control_20,T1_1,0
LDS-001,control_20,T1_2,0
LDS-001,control_20,t1_MOLLI,0
LDS-001,control_20,t2_MOLLI,0
