subject,study,parameter,value
SHF-022,drug_30,BAT,0.030284599864124115
SHF-022,drug_30,CO,0.34298043845233744
SHF-022,drug_30,Thl,2.557980024319796
SHF-022,drug_30,Dhl,2.7995156421779055
SHF-022,drug_30,To,3.213809474852606
SHF-022,drug_30,Eo,1.8405344112570714
SHF-022,drug_30,Toe,0.5351190103191145
SHF-022,drug_30,Eb,0.8066785063049022
SHF-022,drug_30,H,0
SHF-022,drug_30,ve,16.95257190865754
SHF-022,drug_30,Te,26.20996110919749
SHF-022,drug_30,De,11.76844539890949
SHF-022,drug_30,khe,2.273433314604688
SHF-022,drug_30,Th,1.811666642580246
SHF-022,drug_30,Kbh,0
SHF-022,drug_30,Khe,0
SHF-022,drug_30,kbh,0
SHF-022,drug_30,CL,0.0
SHF-022,drug_30,AUC_Cb,0
SHF-022,drug_30,AUC_Cl,0
SHF-022,drug_30,AUC35_Cb,0
SHF-022,drug_30,AUC35_Cl,0
SHF-022,drug_30,RE_R1b,0
SHF-022,drug_30,RE_R1l,0
SHF-022,drug_30,RE_Sb,0
SHF-022,drug_30,RE_Sl,0
SHF-022,drug_30,T1_1,0
SHF-022,drug_30,T1_2,0
SHF-022,drug_30,t1_MOLLI,0
SHF-022,drug_30,t2_MOLLI,0
