subject,study,parameter,value
SHF-022,control,BAT,1.2011659673522788
SHF-022,control,CO,8.120801184309649
SHF-022,control,Thl,16.556089431036675
SHF-022,control,Dhl,50.75800422522395
SHF-022,control,To,38.73569350747269
SHF-022,control,Eo,22.140423501838562
SHF-022,control,Toe,8.375030586608913
SHF-022,control,Eb,5.275425973086414
SHF-022,control,H,45.0
SHF-022,control,ve,12.803856784349806
SHF-022,control,Te,26.0810228629788
SHF-022,control,De,70.37571671870604
SHF-022,control,khe,53.23411729359743
SHF-022,control,Th,41.79488151696307
SHF-022,control,Kbh,2.392637480247755
SHF-022,control,Khe,415.76626629146347
SHF-022,control,kbh,2.0862876039081564
SHF-022,control,CL,0.6055453261839873
SHF-022,control,AUC_Cb,46.00771600983375
SHF-022,control,AUC_Cl,961.6543355194043
SHF-022,control,AUC35_Cb,23.423415363669598
SHF-022,control,AUC35_Cl,215.865545108401
SHF-022,control,RE_R1b,13.282372193255746
SHF-022,control,RE_R1l,87.39605662737769
SHF-022,control,RE_Sb,7.777215131717297
SHF-022,control,RE_Sl,76.62194294596782
SHF-022,control,T1_1,0.75858
SHF-022,control,T1_2,0.36546
SHF-022,control,t1_MOLLI,13.748333333333333
SHF-022,control,t2_MOLLI,14.633333333333333
