subject,study,parameter,value
SHF-022,control,BAT,0.008269796543514538
SHF-022,control,CO,0.1415266169983592
SHF-022,control,Thl,0.7222296974770378
SHF-022,control,Dhl,1.2119890156171167
SHF-022,control,To,1.8123341653993899
SHF-022,control,Eo,0.731086466612124
SHF-022,control,Toe,0.5991143400044102
SHF-022,control,Eb,0.4263002722686642
SHF-022,control,H,0
SHF-022,control,ve,11.367908664831665
SHF-022,control,Te,20.805660942793427
SHF-022,control,De,27.743373287526108
SHF-022,control,khe,1.1329649088093938
SHF-022,control,Th,1.7067568405271134
SHF-022,control,Kbh,0
SHF-022,control,Khe,0
SHF-022,control,kbh,0
SHF-022,control,CL,0.0
SHF-022,control,AUC_Cb,0
SHF-022,control,AUC_Cl,0
SHF-022,control,AUC35_Cb,0
SHF-022,control,AUC35_Cl,0
SHF-022,control,RE_R1b,0
SHF-022,control,RE_R1l,0
SHF-022,control,RE_Sb,0
SHF-022,control,RE_Sl,0
SHF-022,control,T1_1,0
SHF-022,control,T1_2,0
SHF-022,control,t1_MOLLI,0
SHF-022,control,t2_MOLLI,0
