subject,study,parameter,value
SHF-003,control_05,BAT,1.2287485426659792
SHF-003,control_05,CO,11.003363794768061
SHF-003,control_05,Thl,17.038377424868806
SHF-003,control_05,Dhl,58.19203755469668
SHF-003,control_05,To,19.882514707675945
SHF-003,control_05,Eo,23.736768332784234
SHF-003,control_05,Toe,2.7513038542389427
SHF-003,control_05,Eb,3.168920521566053
SHF-003,control_05,H,45.0
SHF-003,control_05,ve,34.35106606107931
SHF-003,control_05,Te,29.706871987384414
SHF-003,control_05,De,86.83950745921342
SHF-003,control_05,khe,35.55181951474422
SHF-003,control_05,Th,549.053843251781
SHF-003,control_05,Kbh,0.18213149990490596
SHF-003,control_05,Khe,103.49553475729067
SHF-003,control_05,kbh,0.11956738805453711
SHF-003,control_05,CL,0.3427828925401622
SHF-003,control_05,AUC_Cb,77.56424193482127
SHF-003,control_05,AUC_Cl,3510.578076257422
SHF-003,control_05,AUC35_Cb,43.871199888189935
SHF-003,control_05,AUC35_Cl,344.2285715458893
SHF-003,control_05,RE_R1b,29.69306450616743
SHF-003,control_05,RE_R1l,133.18837309632093
SHF-003,control_05,RE_Sb,20.505215281018064
SHF-003,control_05,RE_Sl,85.6064658906066
SHF-003,control_05,T1_1,0.72478
SHF-003,control_05,T1_2,0.35727
SHF-003,control_05,t1_MOLLI,8.8975
SHF-003,control_05,t2_MOLLI,9.759722222222223
