subject,study,parameter,value
SHF-003,control_05,BAT,0.021343544071102297
SHF-003,control_05,CO,0.44589872541472164
SHF-003,control_05,Thl,1.4374628385448367
SHF-003,control_05,Dhl,4.938379903994949
SHF-003,control_05,To,5.356235071789301
SHF-003,control_05,Eo,42.32186036550232
SHF-003,control_05,Toe,10.38891334863318
SHF-003,control_05,Eb,62.77115470324499
SHF-003,control_05,H,0
SHF-003,control_05,ve,90.48611141103953
SHF-003,control_05,Te,21.159116599685422
SHF-003,control_05,De,14.146676350075236
SHF-003,control_05,khe,26.043908636681056
SHF-003,control_05,Th,97598.0553910325
SHF-003,control_05,Kbh,0
SHF-003,control_05,Khe,0
SHF-003,control_05,kbh,0
SHF-003,control_05,CL,0.0
SHF-003,control_05,AUC_Cb,0
SHF-003,control_05,AUC_Cl,0
SHF-003,control_05,AUC35_Cb,0
SHF-003,control_05,AUC35_Cl,0
SHF-003,control_05,RE_R1b,0
SHF-003,control_05,RE_R1l,0
SHF-003,control_05,RE_Sb,0
SHF-003,control_05,RE_Sl,0
SHF-003,control_05,T1_1,0
SHF-003,control_05,T1_2,0
SHF-003,control_05,t1_MOLLI,0
SHF-003,control_05,t2_MOLLI,0
