subject,study,parameter,value
GOT-003,control_15,BAT,1.1561749727217514
GOT-003,control_15,CO,9.241577772262936
GOT-003,control_15,Thl,13.299225637590261
GOT-003,control_15,Dhl,25.29546213974555
GOT-003,control_15,To,29.242793343090057
GOT-003,control_15,Eo,24.968670064236296
GOT-003,control_15,Toe,2.9518025069582365
GOT-003,control_15,Eb,5.950836563419661
GOT-003,control_15,H,45.0
GOT-003,control_15,ve,31.18464966930284
GOT-003,control_15,Te,59.999999999816694
GOT-003,control_15,De,89.71990901596247
GOT-003,control_15,khe,9.927756766305887
GOT-003,control_15,Th,16.367589058392014
GOT-003,control_15,Kbh,6.109635306901102
GOT-003,control_15,Khe,31.835396169540584
GOT-003,control_15,kbh,4.204366940371958
GOT-003,control_15,CL,0.09885174602200578
GOT-003,control_15,AUC_Cb,36.93763731525189
GOT-003,control_15,AUC_Cl,80.95082027162904
GOT-003,control_15,AUC35_Cb,27.249747052864254
GOT-003,control_15,AUC35_Cl,45.586920427060775
GOT-003,control_15,RE_R1b,19.46142826306141
GOT-003,control_15,RE_R1l,24.733069690499924
GOT-003,control_15,RE_Sb,18.410461963488377
GOT-003,control_15,RE_Sl,19.437114219295857
GOT-003,control_15,T1_1,1.084219971
GOT-003,control_15,T1_2,0.871650024
GOT-003,control_15,t1_MOLLI,12.362388888888889
GOT-003,control_15,t2_MOLLI,13.050686111111112
