subject,study,parameter,value
GOT-003,control_15,BAT,0.004936773801846557
GOT-003,control_15,CO,0.07874157843579423
GOT-003,control_15,Thl,0.3120284611144384
GOT-003,control_15,Dhl,0.4494979553870236
GOT-003,control_15,To,1.117067657835586
GOT-003,control_15,Eo,0.904552162661316
GOT-003,control_15,Toe,0.2850889496631071
GOT-003,control_15,Eb,0.544642757267184
GOT-003,control_15,H,0
GOT-003,control_15,ve,2.370871225244595
GOT-003,control_15,Te,6.160104404852474
GOT-003,control_15,De,1.597145588141446
GOT-003,control_15,khe,1.2299879652407326
GOT-003,control_15,Th,4.354110304956738
GOT-003,control_15,Kbh,0
GOT-003,control_15,Khe,0
GOT-003,control_15,kbh,0
GOT-003,control_15,CL,0.0
GOT-003,control_15,AUC_Cb,0
GOT-003,control_15,AUC_Cl,0
GOT-003,control_15,AUC35_Cb,0
GOT-003,control_15,AUC35_Cl,0
GOT-003,control_15,RE_R1b,0
GOT-003,control_15,RE_R1l,0
GOT-003,control_15,RE_Sb,0
GOT-003,control_15,RE_Sl,0
GOT-003,control_15,T1_1,0
GOT-003,control_15,T1_2,0
GOT-003,control_15,t1_MOLLI,0
GOT-003,control_15,t2_MOLLI,0
