subject,study,parameter,value
SHF-017,drug_15,BAT,0.009641235123976336
SHF-017,drug_15,CO,0.17874452986258993
SHF-017,drug_15,Thl,0.5948988601135625
SHF-017,drug_15,Dhl,1.442605769665795
SHF-017,drug_15,To,2.419777795616164
SHF-017,drug_15,Eo,2.9400910103694384
SHF-017,drug_15,Toe,0.3514336037578415
SHF-017,drug_15,Eb,0.6242214036998038
SHF-017,drug_15,H,0
SHF-017,drug_15,ve,7.804293321657985
SHF-017,drug_15,Te,13.71528029097278
SHF-017,drug_15,De,6.01952691980899
SHF-017,drug_15,khe,2.1538013651728773
SHF-017,drug_15,Th,12502.916615374073
SHF-017,drug_15,Kbh,0
SHF-017,drug_15,Khe,0
SHF-017,drug_15,kbh,0
SHF-017,drug_15,CL,0.0
SHF-017,drug_15,AUC_Cb,0
SHF-017,drug_15,AUC_Cl,0
SHF-017,drug_15,AUC35_Cb,0
SHF-017,drug_15,AUC35_Cl,0
SHF-017,drug_15,RE_R1b,0
SHF-017,drug_15,RE_R1l,0
SHF-017,drug_15,RE_Sb,0
SHF-017,drug_15,RE_Sl,0
SHF-017,drug_15,T1_1,0
SHF-017,drug_15,T1_2,0
SHF-017,drug_15,t1_MOLLI,0
SHF-017,drug_15,t2_MOLLI,0
