subject,study,parameter,value
SHF-008,control_25,BAT,1.1328374538076273
SHF-008,control_25,CO,7.133330049788205
SHF-008,control_25,Thl,15.688575432147244
SHF-008,control_25,Dhl,30.056746078519268
SHF-008,control_25,To,12.814339036020844
SHF-008,control_25,Eo,17.0726427123629
SHF-008,control_25,Toe,5.001756730068042
SHF-008,control_25,Eb,4.6422006845369745
SHF-008,control_25,H,45.0
SHF-008,control_25,ve,34.423104543566296
SHF-008,control_25,Te,23.812434457810866
SHF-008,control_25,De,84.96695861818215
SHF-008,control_25,khe,49.0025839166852
SHF-008,control_25,Th,33.5356449810931
SHF-008,control_25,Kbh,2.9819017960256473
SHF-008,control_25,Khe,142.3537608430028
SHF-008,control_25,kbh,1.9554386233932575
SHF-008,control_25,CL,0.4169554347588669
SHF-008,control_25,AUC_Cb,40.88601182825308
SHF-008,control_25,AUC_Cl,688.3805149509765
SHF-008,control_25,AUC35_Cb,28.812542858921375
SHF-008,control_25,AUC35_Cl,242.60219645742586
SHF-008,control_25,RE_R1b,21.83873812124971
SHF-008,control_25,RE_R1l,102.65676959874313
SHF-008,control_25,RE_Sb,9.891334000371906
SHF-008,control_25,RE_Sl,89.43255584626463
SHF-008,control_25,T1_1,0.78759
SHF-008,control_25,T1_2,0.4218
SHF-008,control_25,t1_MOLLI,8.946388888888889
SHF-008,control_25,t2_MOLLI,9.8
