subject,study,parameter,value
SHF-008,control_25,BAT,0.009139272690220128
SHF-008,control_25,CO,0.14710773830585314
SHF-008,control_25,Thl,0.6228537252147122
SHF-008,control_25,Dhl,1.0902048130688928
SHF-008,control_25,To,0.9930671240492719
SHF-008,control_25,Eo,0.7779113160107262
SHF-008,control_25,Toe,0.4909153354259786
SHF-008,control_25,Eb,0.4370974031958177
SHF-008,control_25,H,0
SHF-008,control_25,ve,4.131869879725407
SHF-008,control_25,Te,4.909929032126839
SHF-008,control_25,De,6.13446127177368
SHF-008,control_25,khe,1.4152708655774064
SHF-008,control_25,Th,2.768705699662666
SHF-008,control_25,Kbh,0
SHF-008,control_25,Khe,0
SHF-008,control_25,kbh,0
SHF-008,control_25,CL,0.0
SHF-008,control_25,AUC_Cb,0
SHF-008,control_25,AUC_Cl,0
SHF-008,control_25,AUC35_Cb,0
SHF-008,control_25,AUC35_Cl,0
SHF-008,control_25,RE_R1b,0
SHF-008,control_25,RE_R1l,0
SHF-008,control_25,RE_Sb,0
SHF-008,control_25,RE_Sl,0
SHF-008,control_25,T1_1,0
SHF-008,control_25,T1_2,0
SHF-008,control_25,t1_MOLLI,0
SHF-008,control_25,t2_MOLLI,0
