subject,study,parameter,value
LDS-002,drug_05,BAT,0.07207145355747181
LDS-002,drug_05,CO,1.106282895098087
LDS-002,drug_05,Thl,5.319603966124204
LDS-002,drug_05,Dhl,49.532204224839916
LDS-002,drug_05,To,10.592124055132931
LDS-002,drug_05,Eo,98.07706572731452
LDS-002,drug_05,Toe,31.231343630541332
LDS-002,drug_05,Eb,133.45575823947092
LDS-002,drug_05,H,0
LDS-002,drug_05,ve,517.6295762171533
LDS-002,drug_05,Te,60.83279724690883
LDS-002,drug_05,De,30.56212041700821
LDS-002,drug_05,khe,33.79411269059013
LDS-002,drug_05,Th,5008471.96216572
LDS-002,drug_05,Kbh,0
LDS-002,drug_05,Khe,0
LDS-002,drug_05,kbh,0
LDS-002,drug_05,CL,0.0
LDS-002,drug_05,AUC_Cb,0
LDS-002,drug_05,AUC_Cl,0
LDS-002,drug_05,AUC35_Cb,0
LDS-002,drug_05,AUC35_Cl,0
LDS-002,drug_05,RE_R1b,0
LDS-002,drug_05,RE_R1l,0
LDS-002,drug_05,RE_Sb,0
LDS-002,drug_05,RE_Sl,0
LDS-002,drug_05,T1_1,0
LDS-002,drug_05,T1_2,0
LDS-002,drug_05,t1_MOLLI,0
LDS-002,drug_05,t2_MOLLI,0
