subject,study,parameter,value
SHF-022,drug,S02a,91.38223587963466
SHF-022,drug,S02l,199.8821309132798
SHF-022,drug,BAT2,0.004148394289022253
SHF-022,drug,BAT,0.004163235414950079
SHF-022,drug,CO,0.17731180205403732
SHF-022,drug,Thl,0.2811821262447924
SHF-022,drug,Dhl,0.9716985510876612
SHF-022,drug,To,1.608669803864453
SHF-022,drug,Eo,0.9303527798397657
SHF-022,drug,Toe,0.45735480427064673
SHF-022,drug,Eb,0.32628075281919555
SHF-022,drug,H,0
SHF-022,drug,ve,6.282244092377345
SHF-022,drug,Te,8.714094904254985
SHF-022,drug,De,14.065117642163868
SHF-022,drug,khe_i,1.4030227706960834
SHF-022,drug,khe_f,2.1279906628148018
SHF-022,drug,Th_i,1.4394248759646529
SHF-022,drug,Th_f,1.8169928322873647
SHF-022,drug,Th,0.0
SHF-022,drug,khe,0
SHF-022,drug,Kbh,0
SHF-022,drug,Khe,0
SHF-022,drug,kbh,0
SHF-022,drug,kbh_i,0
SHF-022,drug,kbh_f,0
SHF-022,drug,CL,0.0
SHF-022,drug,AUC_Cb,0
SHF-022,drug,AUC_Cl,0
SHF-022,drug,AUC35_Cb,0
SHF-022,drug,AUC35_Cl,0
SHF-022,drug,RE_R1b,0
SHF-022,drug,RE_R1l,0
SHF-022,drug,RE_Sb,0
SHF-022,drug,RE_Sl,0
SHF-022,drug,T1_1,0
SHF-022,drug,T1_2,0
SHF-022,drug,t1_MOLLI,0
SHF-022,drug,t2_MOLLI,0
SHF-022,drug,T1_3,0
SHF-022,drug,t3_MOLLI,0
SHF-022,drug,t0,0
SHF-022,drug,t1,0
SHF-022,drug,t2,0
SHF-022,drug,t3,0
SHF-022,drug,dt1,0
SHF-022,drug,dt2,0
