subject,study,parameter,value
SHF-014,control,S02a,54452.751901915806
SHF-014,control,S02l,20727.147289942794
SHF-014,control,BAT2,117.43471613247259
SHF-014,control,BAT,1.1764060696638727
SHF-014,control,CO,17.969843797142772
SHF-014,control,Thl,24.503742038483487
SHF-014,control,Dhl,56.363456273774126
SHF-014,control,To,49.11144380090987
SHF-014,control,Eo,18.43886481755865
SHF-014,control,Toe,8.829767612041646
SHF-014,control,Eb,10.163287179093912
SHF-014,control,H,45.0
SHF-014,control,ve,24.757034214984795
SHF-014,control,Te,20.535876086989443
SHF-014,control,De,82.02408502838074
SHF-014,control,khe_i,21.344921783420666
SHF-014,control,khe_f,112.7673965507489
SHF-014,control,Th_i,30.81164002964868
SHF-014,control,Th_f,34.668257862636885
SHF-014,control,Th,32.73994894614278
SHF-014,control,khe,67.05615916708479
SHF-014,control,Kbh,3.054372508781245
SHF-014,control,Khe,270.8569959744912
SHF-014,control,kbh,2.2982004617291825
SHF-014,control,kbh_i,2.442030534973543
SHF-014,control,kbh_f,2.1703705471196177
SHF-014,control,CL,0.748857826279729
SHF-014,control,AUC_Cb,14.868601110211616
SHF-014,control,AUC_Cl,163.4650824851878
SHF-014,control,AUC35_Cb,10.78969866487024
SHF-014,control,AUC35_Cl,81.01352587099788
SHF-014,control,RE_R1b,5.379308392004135
SHF-014,control,RE_R1l,18.91141931599907
SHF-014,control,RE_Sb,5.764200164089202
SHF-014,control,RE_Sl,14.917585298158489
SHF-014,control,T1_1,0.72913
SHF-014,control,T1_2,0.55618
SHF-014,control,t1_MOLLI,12.436666666666667
SHF-014,control,t2_MOLLI,13.284722222222221
SHF-014,control,T1_3,0.69255
SHF-014,control,t3_MOLLI,14.352777777777778
SHF-014,control,t0,12.595555555555556
SHF-014,control,t1,13.28138888888889
SHF-014,control,t2,14.467222222222222
SHF-014,control,t3,15.152777777777779
SHF-014,control,dt1,2.0
SHF-014,control,dt2,2.0
