subject,study,parameter,value
SHF-014,control,S02a,102.77866331530548
SHF-014,control,S02l,200.98517665071012
SHF-014,control,BAT2,0.016353725047217313
SHF-014,control,BAT,0.016681220764225683
SHF-014,control,CO,0.471582520973031
SHF-014,control,Thl,1.5342588142428952
SHF-014,control,Dhl,1.4563988065378108
SHF-014,control,To,3.07236734384767
SHF-014,control,Eo,1.0212452026940937
SHF-014,control,Toe,1.1316028573288996
SHF-014,control,Eb,0.7183436761810507
SHF-014,control,H,0
SHF-014,control,ve,3.5546140984469385
SHF-014,control,Te,4.420149128962041
SHF-014,control,De,10.073230102219686
SHF-014,control,khe_i,1.0908280576647242
SHF-014,control,khe_f,3.1044059118555865
SHF-014,control,Th_i,2.86757614504906
SHF-014,control,Th_f,1.91669550605796
SHF-014,control,Th,0.0
SHF-014,control,khe,0
SHF-014,control,Kbh,0
SHF-014,control,Khe,0
SHF-014,control,kbh,0
SHF-014,control,kbh_i,0
SHF-014,control,kbh_f,0
SHF-014,control,CL,0.0
SHF-014,control,AUC_Cb,0
SHF-014,control,AUC_Cl,0
SHF-014,control,AUC35_Cb,0
SHF-014,control,AUC35_Cl,0
SHF-014,control,RE_R1b,0
SHF-014,control,RE_R1l,0
SHF-014,control,RE_Sb,0
SHF-014,control,RE_Sl,0
SHF-014,control,T1_1,0
SHF-014,control,T1_2,0
SHF-014,control,t1_MOLLI,0
SHF-014,control,t2_MOLLI,0
SHF-014,control,T1_3,0
SHF-014,control,t3_MOLLI,0
SHF-014,control,t0,0
SHF-014,control,t1,0
SHF-014,control,t2,0
SHF-014,control,t3,0
SHF-014,control,dt1,0
SHF-014,control,dt2,0
