subject,study,parameter,value
SHF-003,control_40,BAT,1.2814996680085577
SHF-003,control_40,CO,11.387970519545375
SHF-003,control_40,Thl,13.40893557822575
SHF-003,control_40,Dhl,70.58872945189263
SHF-003,control_40,To,27.933468344259197
SHF-003,control_40,Eo,15.5059732365869
SHF-003,control_40,Toe,10.295842299935723
SHF-003,control_40,Eb,2.9427783779238283
SHF-003,control_40,H,45.0
SHF-003,control_40,ve,28.50901486026164
SHF-003,control_40,Te,24.288905248059848
SHF-003,control_40,De,82.01281636719942
SHF-003,control_40,khe,39.74909801614107
SHF-003,control_40,Th,55.90780265831333
SHF-003,control_40,Kbh,1.7886591002540555
SHF-003,control_40,Khe,139.42641726125316
SHF-003,control_40,kbh,1.2787300115632045
SHF-003,control_40,CL,0.3832521367347881
SHF-003,control_40,AUC_Cb,73.26210594060326
SHF-003,control_40,AUC_Cl,1417.402703297304
SHF-003,control_40,AUC35_Cb,31.917753768049547
SHF-003,control_40,AUC35_Cl,244.03990946883468
SHF-003,control_40,RE_R1b,18.440274230065086
SHF-003,control_40,RE_R1l,93.39066257070327
SHF-003,control_40,RE_Sb,20.92827349814532
SHF-003,control_40,RE_Sl,70.13919609695002
SHF-003,control_40,T1_1,0.72478
SHF-003,control_40,T1_2,0.35727
SHF-003,control_40,t1_MOLLI,8.8975
SHF-003,control_40,t2_MOLLI,9.759722222222223
