subject,study,parameter,value
SHF-003,control_40,BAT,0.019019838876347343
SHF-003,control_40,CO,0.43108732917755643
SHF-003,control_40,Thl,1.6246208691767083
SHF-003,control_40,Dhl,5.116440982206926
SHF-003,control_40,To,1.1355621657561175
SHF-003,control_40,Eo,0.4861500930380857
SHF-003,control_40,Toe,0.6920896182232674
SHF-003,control_40,Eb,0.4430840868898682
SHF-003,control_40,H,0
SHF-003,control_40,ve,2.6329530147299764
SHF-003,control_40,Te,4.024609055003807
SHF-003,control_40,De,6.378247715909986
SHF-003,control_40,khe,0.6179843655632807
SHF-003,control_40,Th,2.5747158340790093
SHF-003,control_40,Kbh,0
SHF-003,control_40,Khe,0
SHF-003,control_40,kbh,0
SHF-003,control_40,CL,0.0
SHF-003,control_40,AUC_Cb,0
SHF-003,control_40,AUC_Cl,0
SHF-003,control_40,AUC35_Cb,0
SHF-003,control_40,AUC35_Cl,0
SHF-003,control_40,RE_R1b,0
SHF-003,control_40,RE_R1l,0
SHF-003,control_40,RE_Sb,0
SHF-003,control_40,RE_Sl,0
SHF-003,control_40,T1_1,0
SHF-003,control_40,T1_2,0
SHF-003,control_40,t1_MOLLI,0
SHF-003,control_40,t2_MOLLI,0
