subject,study,parameter,value
LDS-002,control,BAT,1.281406635531727
LDS-002,control,CO,4.489568562006414
LDS-002,control,Thl,17.720278525364364
LDS-002,control,Dhl,47.74779978474121
LDS-002,control,To,27.107455666103505
LDS-002,control,Eo,32.79856626228199
LDS-002,control,Toe,7.107073779385372
LDS-002,control,Eb,1.0234801714653876
LDS-002,control,H,45.0
LDS-002,control,ve,14.439523136951554
LDS-002,control,Te,55.79336765974647
LDS-002,control,De,83.6376307996746
LDS-002,control,khe,40.51921326349076
LDS-002,control,Th,26.966875180205346
LDS-002,control,Kbh,3.7082531562056396
LDS-002,control,Khe,280.6132368720668
LDS-002,control,kbh,3.1727990837385898
LDS-002,control,CL,0.27702143276197383
LDS-002,control,AUC_Cb,56.18086563642791
LDS-002,control,AUC_Cl,556.8115362479872
LDS-002,control,AUC35_Cb,15.303406292287733
LDS-002,control,AUC35_Cl,86.94456249051512
LDS-002,control,RE_R1b,9.656282067630354
LDS-002,control,RE_R1l,34.572252994991636
LDS-002,control,RE_Sb,9.90810604820676
LDS-002,control,RE_Sl,28.340284396371647
LDS-002,control,T1_1,0.756169983
LDS-002,control,T1_2,0.582789978
LDS-002,control,t1_MOLLI,10.691066388888888
LDS-002,control,t2_MOLLI,11.615237777777777
