subject,study,parameter,value
LDS-002,control,BAT,0.007721077249398352
LDS-002,control,CO,0.12083062560023757
LDS-002,control,Thl,0.6064378585475789
LDS-002,control,Dhl,1.6281734697581423
LDS-002,control,To,2.358083942712121
LDS-002,control,Eo,1.3195444407519843
LDS-002,control,Toe,0.585505553513378
LDS-002,control,Eb,0.6230446134466816
LDS-002,control,H,0
LDS-002,control,ve,27.755932395834414
LDS-002,control,Te,77.5397853527639
LDS-002,control,De,20.470149251701983
LDS-002,control,khe,1.7626644330302415
LDS-002,control,Th,1.51057153057029
LDS-002,control,Kbh,0
LDS-002,control,Khe,0
LDS-002,control,kbh,0
LDS-002,control,CL,0.0
LDS-002,control,AUC_Cb,0
LDS-002,control,AUC_Cl,0
LDS-002,control,AUC35_Cb,0
LDS-002,control,AUC35_Cl,0
LDS-002,control,RE_R1b,0
LDS-002,control,RE_R1l,0
LDS-002,control,RE_Sb,0
LDS-002,control,RE_Sl,0
LDS-002,control,T1_1,0
LDS-002,control,T1_2,0
LDS-002,control,t1_MOLLI,0
LDS-002,control,t2_MOLLI,0
