subject,study,parameter,value
LDS-004,drug,S02a,15.679434275843573
LDS-004,drug,S02l,82.05473075640285
LDS-004,drug,BAT2,0.00648969565832594
LDS-004,drug,BAT,0.006696492388478459
LDS-004,drug,CO,0.052392971240164704
LDS-004,drug,Thl,0.4275414781906846
LDS-004,drug,Dhl,0.6674247328757034
LDS-004,drug,To,1.171772573300232
LDS-004,drug,Eo,0.6172299454636737
LDS-004,drug,Toe,0.2849273711541238
LDS-004,drug,Eb,0.16960517618155707
LDS-004,drug,H,0
LDS-004,drug,ve,0.7730864508965903
LDS-004,drug,Te,3.165851230752418
LDS-004,drug,De,2.075376647884604
LDS-004,drug,khe_i,0.20990268487682093
LDS-004,drug,khe_f,0.24301179160345637
LDS-004,drug,Th_i,35.82196807054109
LDS-004,drug,Th_f,28.955476244572925
LDS-004,drug,Th,0.0
LDS-004,drug,khe,0
LDS-004,drug,Kbh,0
LDS-004,drug,Khe,0
LDS-004,drug,kbh,0
LDS-004,drug,kbh_i,0
LDS-004,drug,kbh_f,0
LDS-004,drug,CL,0.0
LDS-004,drug,AUC_Cb,0
LDS-004,drug,AUC_Cl,0
LDS-004,drug,AUC35_Cb,0
LDS-004,drug,AUC35_Cl,0
LDS-004,drug,RE_R1b,0
LDS-004,drug,RE_R1l,0
LDS-004,drug,RE_Sb,0
LDS-004,drug,RE_Sl,0
LDS-004,drug,T1_1,0
LDS-004,drug,T1_2,0
LDS-004,drug,t1_MOLLI,0
LDS-004,drug,t2_MOLLI,0
LDS-004,drug,T1_3,0
LDS-004,drug,t3_MOLLI,0
LDS-004,drug,t0,0
LDS-004,drug,t1,0
LDS-004,drug,t2,0
LDS-004,drug,t3,0
LDS-004,drug,dt1,0
LDS-004,drug,dt2,0
