subject,study,parameter,value
SHF-006,drug,BAT,0.04450199927147785
SHF-006,drug,CO,0.2409181728569861
SHF-006,drug,Thl,3.3704672240759925
SHF-006,drug,Dhl,4.246527826073313
SHF-006,drug,To,2.481911401608638
SHF-006,drug,Eo,0.7890693946755022
SHF-006,drug,Toe,1.2933454456520606
SHF-006,drug,Eb,0.8746528285911304
SHF-006,drug,H,0
SHF-006,drug,ve,1.932342130938123
SHF-006,drug,Te,4.529148464000568
SHF-006,drug,De,4.919992587103082
SHF-006,drug,khe,0.4373420246004325
SHF-006,drug,Th,20.6816754823277
SHF-006,drug,Kbh,0
SHF-006,drug,Khe,0
SHF-006,drug,kbh,0
SHF-006,drug,CL,0.0
SHF-006,drug,AUC_Cb,0
SHF-006,drug,AUC_Cl,0
SHF-006,drug,AUC35_Cb,0
SHF-006,drug,AUC35_Cl,0
SHF-006,drug,RE_R1b,0
SHF-006,drug,RE_R1l,0
SHF-006,drug,RE_Sb,0
SHF-006,drug,RE_Sl,0
SHF-006,drug,T1_1,0
SHF-006,drug,T1_2,0
SHF-006,drug,t1_MOLLI,0
SHF-006,drug,t2_MOLLI,0
