subject,study,parameter,value
SHF-002,control_30,BAT,1.172828027940787
SHF-002,control_30,CO,5.77966019417448
SHF-002,control_30,Thl,11.645742477411112
SHF-002,control_30,Dhl,33.275335957934914
SHF-002,control_30,To,21.84085841892215
SHF-002,control_30,Eo,21.817229760891134
SHF-002,control_30,Toe,4.524100112560516
SHF-002,control_30,Eb,4.990387638300782
SHF-002,control_30,H,45.0
SHF-002,control_30,ve,17.50125289166108
SHF-002,control_30,Te,24.3537016032464
SHF-002,control_30,De,75.13284496842839
SHF-002,control_30,khe,45.1193915239491
SHF-002,control_30,Th,24.632023491818458
SHF-002,control_30,Kbh,4.059755790392741
SHF-002,control_30,Khe,257.8066370633807
SHF-002,control_30,kbh,3.349247662732253
SHF-002,control_30,CL,0.07280355082906978
SHF-002,control_30,AUC_Cb,70.21344524381098
SHF-002,control_30,AUC_Cl,798.8582402599711
SHF-002,control_30,AUC35_Cb,46.54183300649612
SHF-002,control_30,AUC35_Cl,306.7785257376634
SHF-002,control_30,RE_R1b,21.19000523381129
SHF-002,control_30,RE_R1l,120.61926511634526
SHF-002,control_30,RE_Sb,7.446479596807694
SHF-002,control_30,RE_Sl,93.64859567702659
SHF-002,control_30,T1_1,0.73111
SHF-002,control_30,T1_2,0.33114
SHF-002,control_30,t1_MOLLI,11.14638888888889
SHF-002,control_30,t2_MOLLI,12.024722222222222
