subject,study,parameter,value
SHF-002,control_30,BAT,0.0153937200454164
SHF-002,control_30,CO,0.2638334461058129
SHF-002,control_30,Thl,0.8857719287842275
SHF-002,control_30,Dhl,2.221903879160427
SHF-002,control_30,To,1.831923336825725
SHF-002,control_30,Eo,1.6070028480450211
SHF-002,control_30,Toe,0.5240725718488158
SHF-002,control_30,Eb,0.6588195200161048
SHF-002,control_30,H,0
SHF-002,control_30,ve,5.4763295102279805
SHF-002,control_30,Te,9.113592346887353
SHF-002,control_30,De,12.59871824365699
SHF-002,control_30,khe,1.609894139044862
SHF-002,control_30,Th,1.6367211836221582
SHF-002,control_30,Kbh,0
SHF-002,control_30,Khe,0
SHF-002,control_30,kbh,0
SHF-002,control_30,CL,0.0
SHF-002,control_30,AUC_Cb,0
SHF-002,control_30,AUC_Cl,0
SHF-002,control_30,AUC35_Cb,0
SHF-002,control_30,AUC35_Cl,0
SHF-002,control_30,RE_R1b,0
SHF-002,control_30,RE_R1l,0
SHF-002,control_30,RE_Sb,0
SHF-002,control_30,RE_Sl,0
SHF-002,control_30,T1_1,0
SHF-002,control_30,T1_2,0
SHF-002,control_30,t1_MOLLI,0
SHF-002,control_30,t2_MOLLI,0
