subject,study,parameter,value
LDS-004,control_10,BAT,1.2468418899879985
LDS-004,control_10,CO,3.711625797978402
LDS-004,control_10,Thl,8.841671329640377
LDS-004,control_10,Dhl,63.90966604384356
LDS-004,control_10,To,38.8150044472338
LDS-004,control_10,Eo,38.09371834871913
LDS-004,control_10,Toe,8.917401664473195
LDS-004,control_10,Eb,8.486152389022674
LDS-004,control_10,H,45.0
LDS-004,control_10,ve,4.297919828307787
LDS-004,control_10,Te,26.587069287238734
LDS-004,control_10,De,55.762650458487194
LDS-004,control_10,khe,19.081222303321322
LDS-004,control_10,Th,599.9922217554117
LDS-004,control_10,Kbh,0.16666882731817353
LDS-004,control_10,Khe,443.96412835914026
LDS-004,control_10,kbh,0.15950553474125773
LDS-004,control_10,CL,0.16906866710399013
LDS-004,control_10,AUC_Cb,80.79283429442332
LDS-004,control_10,AUC_Cl,1843.5639416903668
LDS-004,control_10,AUC35_Cb,40.05281869974353
LDS-004,control_10,AUC35_Cl,186.78862269214815
LDS-004,control_10,RE_R1b,22.037916455267716
LDS-004,control_10,RE_R1l,78.17854686561927
LDS-004,control_10,RE_Sb,6.190398925198456
LDS-004,control_10,RE_Sl,48.64201861850329
LDS-004,control_10,T1_1,0.802359985
LDS-004,control_10,T1_2,0.502459991
LDS-004,control_10,t1_MOLLI,9.83225138888889
LDS-004,control_10,t2_MOLLI,10.700175833333335
