subject,study,parameter,value
LDS-004,control_10,BAT,0.008735280866628559
LDS-004,control_10,CO,0.07321068758673786
LDS-004,control_10,Thl,0.5835100175154602
LDS-004,control_10,Dhl,4.474727005871107
LDS-004,control_10,To,3.515960655957768
LDS-004,control_10,Eo,24.976284675557444
LDS-004,control_10,Toe,9.937351252723905
LDS-004,control_10,Eb,39.17761178544183
LDS-004,control_10,H,0
LDS-004,control_10,ve,4.71242113147401
LDS-004,control_10,Te,13.21914601544237
LDS-004,control_10,De,25.092884928005304
LDS-004,control_10,khe,0.859406957901805
LDS-004,control_10,Th,3292.110985702099
LDS-004,control_10,Kbh,0
LDS-004,control_10,Khe,0
LDS-004,control_10,kbh,0
LDS-004,control_10,CL,0.0
LDS-004,control_10,AUC_Cb,0
LDS-004,control_10,AUC_Cl,0
LDS-004,control_10,AUC35_Cb,0
LDS-004,control_10,AUC35_Cl,0
LDS-004,control_10,RE_R1b,0
LDS-004,control_10,RE_R1l,0
LDS-004,control_10,RE_Sb,0
LDS-004,control_10,RE_Sl,0
LDS-004,control_10,T1_1,0
LDS-004,control_10,T1_2,0
LDS-004,control_10,t1_MOLLI,0
LDS-004,control_10,t2_MOLLI,0
