subject,study,parameter,value
SHF-014,drug_10,BAT,0.10516487143524779
SHF-014,drug_10,CO,1.2685736166644568
SHF-014,drug_10,Thl,7.398994372724792
SHF-014,drug_10,Dhl,40.17893434266813
SHF-014,drug_10,To,7.607127313714519
SHF-014,drug_10,Eo,19.30680720343511
SHF-014,drug_10,Toe,13.201026816054227
SHF-014,drug_10,Eb,29.858910470538973
SHF-014,drug_10,H,0
SHF-014,drug_10,ve,17.644035099267043
SHF-014,drug_10,Te,28.954760370223916
SHF-014,drug_10,De,17.61254868187898
SHF-014,drug_10,khe,6.485555949233826
SHF-014,drug_10,Th,18.190283878999463
SHF-014,drug_10,Kbh,0
SHF-014,drug_10,Khe,0
SHF-014,drug_10,kbh,0
SHF-014,drug_10,CL,0.0
SHF-014,drug_10,AUC_Cb,0
SHF-014,drug_10,AUC_Cl,0
SHF-014,drug_10,AUC35_Cb,0
SHF-014,drug_10,AUC35_Cl,0
SHF-014,drug_10,RE_R1b,0
SHF-014,drug_10,RE_R1l,0
SHF-014,drug_10,RE_Sb,0
SHF-014,drug_10,RE_Sl,0
SHF-014,drug_10,T1_1,0
SHF-014,drug_10,T1_2,0
SHF-014,drug_10,t1_MOLLI,0
SHF-014,drug_10,t2_MOLLI,0
