subject,study,parameter,value
SHF-005,drug_40,BAT,0.015498842774904993
SHF-005,drug_40,CO,0.11044840332751073
SHF-005,drug_40,Thl,0.9725134103833855
SHF-005,drug_40,Dhl,5.453097136104896
SHF-005,drug_40,To,2.9966018708216597
SHF-005,drug_40,Eo,0.9655371051711934
SHF-005,drug_40,Toe,0.6988616996945528
SHF-005,drug_40,Eb,0.4103438298646101
SHF-005,drug_40,H,0
SHF-005,drug_40,ve,1.4961539465680775
SHF-005,drug_40,Te,5.013198243507614
SHF-005,drug_40,De,4.87540326671718
SHF-005,drug_40,khe,0.32432472276691954
SHF-005,drug_40,Th,67.85238879241875
SHF-005,drug_40,Kbh,0
SHF-005,drug_40,Khe,0
SHF-005,drug_40,kbh,0
SHF-005,drug_40,CL,0.0
SHF-005,drug_40,AUC_Cb,0
SHF-005,drug_40,AUC_Cl,0
SHF-005,drug_40,AUC35_Cb,0
SHF-005,drug_40,AUC35_Cl,0
SHF-005,drug_40,RE_R1b,0
SHF-005,drug_40,RE_R1l,0
SHF-005,drug_40,RE_Sb,0
SHF-005,drug_40,RE_Sl,0
SHF-005,drug_40,T1_1,0
SHF-005,drug_40,T1_2,0
SHF-005,drug_40,t1_MOLLI,0
SHF-005,drug_40,t2_MOLLI,0
