subject,study,parameter,value
LDS-009,drug_30,BAT,0.005208585340647716
LDS-009,drug_30,CO,0.16236784420679376
LDS-009,drug_30,Thl,0.5630436490002247
LDS-009,drug_30,Dhl,0.7835855277861797
LDS-009,drug_30,To,1.851345404932408
LDS-009,drug_30,Eo,0.6623425094023434
LDS-009,drug_30,Toe,1.0795268634481838
LDS-009,drug_30,Eb,0.5094864367299308
LDS-009,drug_30,H,0
LDS-009,drug_30,ve,1.18559146320861
LDS-009,drug_30,Te,5.239085622204049
LDS-009,drug_30,De,3.946656070819384
LDS-009,drug_30,khe,0.27850485475275655
LDS-009,drug_30,Th,6757.178794068127
LDS-009,drug_30,Kbh,0
LDS-009,drug_30,Khe,0
LDS-009,drug_30,kbh,0
LDS-009,drug_30,CL,0.0
LDS-009,drug_30,AUC_Cb,0
LDS-009,drug_30,AUC_Cl,0
LDS-009,drug_30,AUC35_Cb,0
LDS-009,drug_30,AUC35_Cl,0
LDS-009,drug_30,RE_R1b,0
LDS-009,drug_30,RE_R1l,0
LDS-009,drug_30,RE_Sb,0
LDS-009,drug_30,RE_Sl,0
LDS-009,drug_30,T1_1,0
LDS-009,drug_30,T1_2,0
LDS-009,drug_30,t1_MOLLI,0
LDS-009,drug_30,t2_MOLLI,0
