subject,study,parameter,value
LDS-003,control_15,BAT,1.1448691159066333
LDS-003,control_15,CO,5.6959500752051655
LDS-003,control_15,Thl,16.52003470584409
LDS-003,control_15,Dhl,44.47940667121856
LDS-003,control_15,To,27.203746708094712
LDS-003,control_15,Eo,18.504978552017754
LDS-003,control_15,Toe,4.218847297723628
LDS-003,control_15,Eb,8.852346173649801
LDS-003,control_15,H,45.0
LDS-003,control_15,ve,23.7961859558261
LDS-003,control_15,Te,42.01037101146315
LDS-003,control_15,De,77.44606694313319
LDS-003,control_15,khe,46.74019910365742
LDS-003,control_15,Th,85.11428614433713
LDS-003,control_15,Kbh,1.1748908970512848
LDS-003,control_15,Khe,196.4188680926569
LDS-003,control_15,kbh,0.8953116744108878
LDS-003,control_15,CL,0.40854311725128933
LDS-003,control_15,AUC_Cb,13.408507752178513
LDS-003,control_15,AUC_Cl,461.6809489153332
LDS-003,control_15,AUC35_Cb,11.753660098157281
LDS-003,control_15,AUC35_Cl,119.76785462767131
LDS-003,control_15,RE_R1b,6.016522447170873
LDS-003,control_15,RE_R1l,46.2128924696422
LDS-003,control_15,RE_Sb,8.74000615963395
LDS-003,control_15,RE_Sl,32.93921989583637
LDS-003,control_15,T1_1,0.706900024
LDS-003,control_15,T1_2,0.529400024
LDS-003,control_15,t1_MOLLI,10.707445833333333
LDS-003,control_15,t2_MOLLI,11.655478055555555
