subject,study,parameter,value
LDS-003,control_15,BAT,0.025788716773437782
LDS-003,control_15,CO,0.15998013897883243
LDS-003,control_15,Thl,1.806229842762142
LDS-003,control_15,Dhl,3.4248544816396276
LDS-003,control_15,To,2.7313359401189583
LDS-003,control_15,Eo,1.489138684136148
LDS-003,control_15,Toe,1.2804285380267835
LDS-003,control_15,Eb,1.7914468927636575
LDS-003,control_15,H,0
LDS-003,control_15,ve,9.38231351827669
LDS-003,control_15,Te,17.067821541315297
LDS-003,control_15,De,11.145603622439944
LDS-003,control_15,khe,1.7851384147169376
LDS-003,control_15,Th,34.03643964292646
LDS-003,control_15,Kbh,0
LDS-003,control_15,Khe,0
LDS-003,control_15,kbh,0
LDS-003,control_15,CL,0.0
LDS-003,control_15,AUC_Cb,0
LDS-003,control_15,AUC_Cl,0
LDS-003,control_15,AUC35_Cb,0
LDS-003,control_15,AUC35_Cl,0
LDS-003,control_15,RE_R1b,0
LDS-003,control_15,RE_R1l,0
LDS-003,control_15,RE_Sb,0
LDS-003,control_15,RE_Sl,0
LDS-003,control_15,T1_1,0
LDS-003,control_15,T1_2,0
LDS-003,control_15,t1_MOLLI,0
LDS-003,control_15,t2_MOLLI,0
