subject,study,parameter,value
GOT-002,control_10,BAT,1.3135111980359018
GOT-002,control_10,CO,8.496050829727968
GOT-002,control_10,Thl,24.25574314363735
GOT-002,control_10,Dhl,41.58794770476961
GOT-002,control_10,To,20.26075630959829
GOT-002,control_10,Eo,25.484221554050734
GOT-002,control_10,Toe,1.9520262563354824
GOT-002,control_10,Eb,11.966636689435955
GOT-002,control_10,H,45.0
GOT-002,control_10,ve,38.30270892840032
GOT-002,control_10,Te,53.337252845896764
GOT-002,control_10,De,84.20546627878248
GOT-002,control_10,khe,11.255099731440053
GOT-002,control_10,Th,599.8547654916935
GOT-002,control_10,Kbh,0.1667070193533117
GOT-002,control_10,Khe,29.38460502226967
GOT-002,control_10,kbh,0.10285371496720074
GOT-002,control_10,CL,0.14397353444370575
GOT-002,control_10,AUC_Cb,20.165925837737376
GOT-002,control_10,AUC_Cl,350.4218919541667
GOT-002,control_10,AUC35_Cb,19.440281919159695
GOT-002,control_10,AUC35_Cl,69.2452992008609
GOT-002,control_10,RE_R1b,9.086829812234736
GOT-002,control_10,RE_R1l,30.675649111451335
GOT-002,control_10,RE_Sb,3.8822597759239983
GOT-002,control_10,RE_Sl,16.7142319113437
GOT-002,control_10,T1_1,0.871559998
GOT-002,control_10,T1_2,0.655630005
GOT-002,control_10,t1_MOLLI,13.43755
GOT-002,control_10,t2_MOLLI,14.05385
