subject,study,parameter,value
GOT-002,control_10,BAT,0.00859975708990904
GOT-002,control_10,CO,0.16436734859960841
GOT-002,control_10,Thl,0.6333619251166517
GOT-002,control_10,Dhl,1.1599532155252077
GOT-002,control_10,To,2.5196690035262197
GOT-002,control_10,Eo,2.6479157062984786
GOT-002,control_10,Toe,0.6016511745578388
GOT-002,control_10,Eb,1.8502941297322222
GOT-002,control_10,H,0
GOT-002,control_10,ve,38.66184523709193
GOT-002,control_10,Te,13.007299182072497
GOT-002,control_10,De,5.941000495582312
GOT-002,control_10,khe,4.5326292182573775
GOT-002,control_10,Th,30755.487203521516
GOT-002,control_10,Kbh,0
GOT-002,control_10,Khe,0
GOT-002,control_10,kbh,0
GOT-002,control_10,CL,0.0
GOT-002,control_10,AUC_Cb,0
GOT-002,control_10,AUC_Cl,0
GOT-002,control_10,AUC35_Cb,0
GOT-002,control_10,AUC35_Cl,0
GOT-002,control_10,RE_R1b,0
GOT-002,control_10,RE_R1l,0
GOT-002,control_10,RE_Sb,0
GOT-002,control_10,RE_Sl,0
GOT-002,control_10,T1_1,0
GOT-002,control_10,T1_2,0
GOT-002,control_10,t1_MOLLI,0
GOT-002,control_10,t2_MOLLI,0
