subject,study,parameter,value
LDS-008,drug_25,BAT,0.023802464770488207
LDS-008,drug_25,CO,0.4150268396439831
LDS-008,drug_25,Thl,1.780291526256684
LDS-008,drug_25,Dhl,10.099349686727951
LDS-008,drug_25,To,1.5328110283771095
LDS-008,drug_25,Eo,0.44645867482795926
LDS-008,drug_25,Toe,1.2867091453075887
LDS-008,drug_25,Eb,0.8447673329436112
LDS-008,drug_25,H,0
LDS-008,drug_25,ve,0.9764457881700193
LDS-008,drug_25,Te,2.9802038543439906
LDS-008,drug_25,De,6.694321404852629
LDS-008,drug_25,khe,0.4413782329748264
LDS-008,drug_25,Th,12.463320967701069
LDS-008,drug_25,Kbh,0
LDS-008,drug_25,Khe,0
LDS-008,drug_25,kbh,0
LDS-008,drug_25,CL,0.0
LDS-008,drug_25,AUC_Cb,0
LDS-008,drug_25,AUC_Cl,0
LDS-008,drug_25,AUC35_Cb,0
LDS-008,drug_25,AUC35_Cl,0
LDS-008,drug_25,RE_R1b,0
LDS-008,drug_25,RE_R1l,0
LDS-008,drug_25,RE_Sb,0
LDS-008,drug_25,RE_Sl,0
LDS-008,drug_25,T1_1,0
LDS-008,drug_25,T1_2,0
LDS-008,drug_25,t1_MOLLI,0
LDS-008,drug_25,t2_MOLLI,0
