subject,study,parameter,value
LDS-008,control_30,BAT,1.2438367705623021
LDS-008,control_30,CO,10.749194932126855
LDS-008,control_30,Thl,15.95538326940023
LDS-008,control_30,Dhl,41.6701183410917
LDS-008,control_30,To,22.341964971672546
LDS-008,control_30,Eo,17.410630574310375
LDS-008,control_30,Toe,5.097266087735116
LDS-008,control_30,Eb,4.51287921631743
LDS-008,control_30,H,45.0
LDS-008,control_30,ve,20.3157006238308
LDS-008,control_30,Te,24.84095279133107
LDS-008,control_30,De,58.56883864970225
LDS-008,control_30,khe,38.88025610575186
LDS-008,control_30,Th,28.289165862768755
LDS-008,control_30,Kbh,3.534922184878189
LDS-008,control_30,Khe,191.38033595624265
LDS-008,control_30,kbh,2.8167779765129572
LDS-008,control_30,CL,0.40019800720136345
LDS-008,control_30,AUC_Cb,41.77049051963752
LDS-008,control_30,AUC_Cl,470.59980338047944
LDS-008,control_30,AUC35_Cb,27.20133427001736
LDS-008,control_30,AUC35_Cl,164.53460333221602
LDS-008,control_30,RE_R1b,17.691831827095566
LDS-008,control_30,RE_R1l,66.01956992030452
LDS-008,control_30,RE_Sb,12.386171118343734
LDS-008,control_30,RE_Sl,54.35635437370154
LDS-008,control_30,T1_1,0.74397998
LDS-008,control_30,T1_2,0.46023999
LDS-008,control_30,t1_MOLLI,14.109626388888888
LDS-008,control_30,t2_MOLLI,15.427624999999999
