subject,study,parameter,value
LDS-008,control_30,BAT,0.015152281929978133
LDS-008,control_30,CO,0.2753939626912271
LDS-008,control_30,Thl,1.132119016133526
LDS-008,control_30,Dhl,1.6388681079053815
LDS-008,control_30,To,1.2718184787483726
LDS-008,control_30,Eo,0.8540924737013152
LDS-008,control_30,Toe,0.4235877825192439
LDS-008,control_30,Eb,0.3711210328820879
LDS-008,control_30,H,0
LDS-008,control_30,ve,2.1473386451370593
LDS-008,control_30,Te,3.1823235314951464
LDS-008,control_30,De,7.058496842779941
LDS-008,control_30,khe,0.7550193662939377
LDS-008,control_30,Th,1.1817608308488223
LDS-008,control_30,Kbh,0
LDS-008,control_30,Khe,0
LDS-008,control_30,kbh,0
LDS-008,control_30,CL,0.0
LDS-008,control_30,AUC_Cb,0
LDS-008,control_30,AUC_Cl,0
LDS-008,control_30,AUC35_Cb,0
LDS-008,control_30,AUC35_Cl,0
LDS-008,control_30,RE_R1b,0
LDS-008,control_30,RE_R1l,0
LDS-008,control_30,RE_Sb,0
LDS-008,control_30,RE_Sl,0
LDS-008,control_30,T1_1,0
LDS-008,control_30,T1_2,0
LDS-008,control_30,t1_MOLLI,0
LDS-008,control_30,t2_MOLLI,0
