subject,study,parameter,value
SHF-009,control_25,BAT,1.3026977009006881
SHF-009,control_25,CO,15.645575283871064
SHF-009,control_25,Thl,10.044769645794016
SHF-009,control_25,Dhl,79.97223108582834
SHF-009,control_25,To,24.967314889592767
SHF-009,control_25,Eo,15.242990615884894
SHF-009,control_25,Toe,7.519928681950744
SHF-009,control_25,Eb,1.4742522461874257
SHF-009,control_25,H,45.0
SHF-009,control_25,ve,23.908280816718428
SHF-009,control_25,Te,32.09770518892442
SHF-009,control_25,De,84.65015585288735
SHF-009,control_25,khe,27.782089736389587
SHF-009,control_25,Th,62.646747975490435
SHF-009,control_25,Kbh,1.5962520518882075
SHF-009,control_25,Khe,116.20279161587521
SHF-009,control_25,kbh,1.2146156287801448
SHF-009,control_25,CL,0.22140829468261242
SHF-009,control_25,AUC_Cb,92.7060899591432
SHF-009,control_25,AUC_Cl,1295.1409422452944
SHF-009,control_25,AUC35_Cb,32.425381941862845
SHF-009,control_25,AUC35_Cl,168.625435896944
SHF-009,control_25,RE_R1b,20.86736760269966
SHF-009,control_25,RE_R1l,67.81087043772418
SHF-009,control_25,RE_Sb,15.103180160129066
SHF-009,control_25,RE_Sl,60.056761262114975
SHF-009,control_25,T1_1,0.76084
SHF-009,control_25,T1_2,0.42171
SHF-009,control_25,t1_MOLLI,9.10138888888889
SHF-009,control_25,t2_MOLLI,9.93361111111111
