subject,study,parameter,value
SHF-009,control_25,BAT,0.008611539230051509
SHF-009,control_25,CO,0.599504004855996
SHF-009,control_25,Thl,0.7623440830993659
SHF-009,control_25,Dhl,4.224240683176889
SHF-009,control_25,To,1.6087504762076856
SHF-009,control_25,Eo,0.5387111141784372
SHF-009,control_25,Toe,0.9961560505419723
SHF-009,control_25,Eb,0.7263200368472442
SHF-009,control_25,H,0
SHF-009,control_25,ve,4.170512089237702
SHF-009,control_25,Te,9.395100805430546
SHF-009,control_25,De,10.144571352135753
SHF-009,control_25,khe,0.9912653271866503
SHF-009,control_25,Th,11.145956599018454
SHF-009,control_25,Kbh,0
SHF-009,control_25,Khe,0
SHF-009,control_25,kbh,0
SHF-009,control_25,CL,0.0
SHF-009,control_25,AUC_Cb,0
SHF-009,control_25,AUC_Cl,0
SHF-009,control_25,AUC35_Cb,0
SHF-009,control_25,AUC35_Cl,0
SHF-009,control_25,RE_R1b,0
SHF-009,control_25,RE_R1l,0
SHF-009,control_25,RE_Sb,0
SHF-009,control_25,RE_Sl,0
SHF-009,control_25,T1_1,0
SHF-009,control_25,T1_2,0
SHF-009,control_25,t1_MOLLI,0
SHF-009,control_25,t2_MOLLI,0
