subject,study,parameter,value
SHF-011,drug_40,BAT,0.1036917188642956
SHF-011,drug_40,CO,0.64116889779356
SHF-011,drug_40,Thl,9.284775599227183
SHF-011,drug_40,Dhl,25.851196651014806
SHF-011,drug_40,To,2.2470010994126874
SHF-011,drug_40,Eo,4.057003344587326
SHF-011,drug_40,Toe,0.9735696081747313
SHF-011,drug_40,Eb,1.6958874624385791
SHF-011,drug_40,H,0
SHF-011,drug_40,ve,32.1910338426307
SHF-011,drug_40,Te,78.36227908647527
SHF-011,drug_40,De,6.456878791049342
SHF-011,drug_40,khe,2.400533108738332
SHF-011,drug_40,Th,0.6915543396173192
SHF-011,drug_40,Kbh,0
SHF-011,drug_40,Khe,0
SHF-011,drug_40,kbh,0
SHF-011,drug_40,CL,0.0
SHF-011,drug_40,AUC_Cb,0
SHF-011,drug_40,AUC_Cl,0
SHF-011,drug_40,AUC35_Cb,0
SHF-011,drug_40,AUC35_Cl,0
SHF-011,drug_40,RE_R1b,0
SHF-011,drug_40,RE_R1l,0
SHF-011,drug_40,RE_Sb,0
SHF-011,drug_40,RE_Sl,0
SHF-011,drug_40,T1_1,0
SHF-011,drug_40,T1_2,0
SHF-011,drug_40,t1_MOLLI,0
SHF-011,drug_40,t2_MOLLI,0
