subject,study,parameter,value
SHF-003,control_25,BAT,1.234826793435968
SHF-003,control_25,CO,11.078686734772516
SHF-003,control_25,Thl,16.500528282910558
SHF-003,control_25,Dhl,58.647923388733844
SHF-003,control_25,To,23.974415142737566
SHF-003,control_25,Eo,17.42648024111571
SHF-003,control_25,Toe,6.613543703375614
SHF-003,control_25,Eb,4.205608354085773
SHF-003,control_25,H,45.0
SHF-003,control_25,ve,29.830035606214256
SHF-003,control_25,Te,24.975276711241015
SHF-003,control_25,De,82.96388926667106
SHF-003,control_25,khe,39.51317565660879
SHF-003,control_25,Th,55.96689333527785
SHF-003,control_25,Kbh,1.7867706074184857
SHF-003,control_25,Khe,132.46104087243302
SHF-003,control_25,kbh,1.2537762990241808
SHF-003,control_25,CL,0.38097742478138624
SHF-003,control_25,AUC_Cb,57.68629443780451
SHF-003,control_25,AUC_Cl,1182.5991244799502
SHF-003,control_25,AUC35_Cb,32.743239970308274
SHF-003,control_25,AUC35_Cl,248.71447983272836
SHF-003,control_25,RE_R1b,19.69914923480894
SHF-003,control_25,RE_R1l,95.9905439586851
SHF-003,control_25,RE_Sb,20.505215281018064
SHF-003,control_25,RE_Sl,85.6064658906066
SHF-003,control_25,T1_1,0.72478
SHF-003,control_25,T1_2,0.35727
SHF-003,control_25,t1_MOLLI,8.8975
SHF-003,control_25,t2_MOLLI,9.759722222222223
