subject,study,parameter,value
SHF-003,control_25,BAT,0.011145227358903064
SHF-003,control_25,CO,0.3826530390152692
SHF-003,control_25,Thl,1.2534407632712177
SHF-003,control_25,Dhl,1.089275639577833
SHF-003,control_25,To,1.2511809175236746
SHF-003,control_25,Eo,0.5725619456011172
SHF-003,control_25,Toe,0.6715853976181007
SHF-003,control_25,Eb,0.6702324824090595
SHF-003,control_25,H,0
SHF-003,control_25,ve,3.0807476524885486
SHF-003,control_25,Te,4.475778364599589
SHF-003,control_25,De,6.626305771168611
SHF-003,control_25,khe,0.8951243728169022
SHF-003,control_25,Th,5.754124794390156
SHF-003,control_25,Kbh,0
SHF-003,control_25,Khe,0
SHF-003,control_25,kbh,0
SHF-003,control_25,CL,0.0
SHF-003,control_25,AUC_Cb,0
SHF-003,control_25,AUC_Cl,0
SHF-003,control_25,AUC35_Cb,0
SHF-003,control_25,AUC35_Cl,0
SHF-003,control_25,RE_R1b,0
SHF-003,control_25,RE_R1l,0
SHF-003,control_25,RE_Sb,0
SHF-003,control_25,RE_Sl,0
SHF-003,control_25,T1_1,0
SHF-003,control_25,T1_2,0
SHF-003,control_25,t1_MOLLI,0
SHF-003,control_25,t2_MOLLI,0
