subject,study,parameter,value
SHF-006,drug_30,BAT,0.027050008525702454
SHF-006,drug_30,CO,0.1651015585419155
SHF-006,drug_30,Thl,1.8567257720576058
SHF-006,drug_30,Dhl,3.0030079325462222
SHF-006,drug_30,To,2.772914751233565
SHF-006,drug_30,Eo,1.1445951955394327
SHF-006,drug_30,Toe,0.8878276884910489
SHF-006,drug_30,Eb,0.811286554466237
SHF-006,drug_30,H,0
SHF-006,drug_30,ve,2.456053048912411
SHF-006,drug_30,Te,5.455308916687967
SHF-006,drug_30,De,5.242914361438269
SHF-006,drug_30,khe,0.64278918537724
SHF-006,drug_30,Th,314.38422562620406
SHF-006,drug_30,Kbh,0
SHF-006,drug_30,Khe,0
SHF-006,drug_30,kbh,0
SHF-006,drug_30,CL,0.0
SHF-006,drug_30,AUC_Cb,0
SHF-006,drug_30,AUC_Cl,0
SHF-006,drug_30,AUC35_Cb,0
SHF-006,drug_30,AUC35_Cl,0
SHF-006,drug_30,RE_R1b,0
SHF-006,drug_30,RE_R1l,0
SHF-006,drug_30,RE_Sb,0
SHF-006,drug_30,RE_Sl,0
SHF-006,drug_30,T1_1,0
SHF-006,drug_30,T1_2,0
SHF-006,drug_30,t1_MOLLI,0
SHF-006,drug_30,t2_MOLLI,0
