subject,study,parameter,value
SHF-008,drug_25,BAT,0.0049415387592820674
SHF-008,drug_25,CO,0.0963937401155512
SHF-008,drug_25,Thl,0.3034479026566968
SHF-008,drug_25,Dhl,3.6725637224926215
SHF-008,drug_25,To,2.1207164017975897
SHF-008,drug_25,Eo,1.0668067938013608
SHF-008,drug_25,Toe,0.6059212475258459
SHF-008,drug_25,Eb,0.5530118283116109
SHF-008,drug_25,H,0
SHF-008,drug_25,ve,4.638525219090399
SHF-008,drug_25,Te,11.902319602969225
SHF-008,drug_25,De,7.257793402360011
SHF-008,drug_25,khe,0.8845721498956465
SHF-008,drug_25,Th,6.839914694280386
SHF-008,drug_25,Kbh,0
SHF-008,drug_25,Khe,0
SHF-008,drug_25,kbh,0
SHF-008,drug_25,CL,0.0
SHF-008,drug_25,AUC_Cb,0
SHF-008,drug_25,AUC_Cl,0
SHF-008,drug_25,AUC35_Cb,0
SHF-008,drug_25,AUC35_Cl,0
SHF-008,drug_25,RE_R1b,0
SHF-008,drug_25,RE_R1l,0
SHF-008,drug_25,RE_Sb,0
SHF-008,drug_25,RE_Sl,0
SHF-008,drug_25,T1_1,0
SHF-008,drug_25,T1_2,0
SHF-008,drug_25,t1_MOLLI,0
SHF-008,drug_25,t2_MOLLI,0
