subject,study,parameter,value
GOT-003,control_20,BAT,1.1689246395004604
GOT-003,control_20,CO,9.266359995078416
GOT-003,control_20,Thl,12.571580437930661
GOT-003,control_20,Dhl,26.956431948170234
GOT-003,control_20,To,32.324223153380906
GOT-003,control_20,Eo,22.796390634461048
GOT-003,control_20,Toe,3.5837866912036285
GOT-003,control_20,Eb,5.587631230639429
GOT-003,control_20,H,45.0
GOT-003,control_20,ve,32.3533306157621
GOT-003,control_20,Te,59.99999999316376
GOT-003,control_20,De,89.71328805372534
GOT-003,control_20,khe,8.564434706047512
GOT-003,control_20,Th,30.978473723137142
GOT-003,control_20,Kbh,3.2280479953185104
GOT-003,control_20,Khe,26.471570447448894
GOT-003,control_20,kbh,2.183666954957632
GOT-003,control_20,CL,0.0852770010701303
GOT-003,control_20,AUC_Cb,39.341790109505965
GOT-003,control_20,AUC_Cl,126.45563149765293
GOT-003,control_20,AUC35_Cb,27.27162527216433
GOT-003,control_20,AUC35_Cl,50.52112147588921
GOT-003,control_20,RE_R1b,19.517089446116753
GOT-003,control_20,RE_R1l,27.626800741349644
GOT-003,control_20,RE_Sb,14.556008324813142
GOT-003,control_20,RE_Sl,21.387441061784916
GOT-003,control_20,T1_1,1.084219971
GOT-003,control_20,T1_2,0.871650024
GOT-003,control_20,t1_MOLLI,12.362388888888889
GOT-003,control_20,t2_MOLLI,13.050686111111112
