subject,study,parameter,value
GOT-003,control_20,BAT,0.005217791061097177
GOT-003,control_20,CO,0.07761187165692275
GOT-003,control_20,Thl,0.33458722263298557
GOT-003,control_20,Dhl,0.4716900337559427
GOT-003,control_20,To,1.0415250875458772
GOT-003,control_20,Eo,0.7574440450499623
GOT-003,control_20,Toe,0.2674433961306423
GOT-003,control_20,Eb,0.3397228638626722
GOT-003,control_20,H,0
GOT-003,control_20,ve,1.598995104189599
GOT-003,control_20,Te,4.4847628816376
GOT-003,control_20,De,1.3146916792763987
GOT-003,control_20,khe,0.6236058683708653
GOT-003,control_20,Th,6.929904286261409
GOT-003,control_20,Kbh,0
GOT-003,control_20,Khe,0
GOT-003,control_20,kbh,0
GOT-003,control_20,CL,0.0
GOT-003,control_20,AUC_Cb,0
GOT-003,control_20,AUC_Cl,0
GOT-003,control_20,AUC35_Cb,0
GOT-003,control_20,AUC35_Cl,0
GOT-003,control_20,RE_R1b,0
GOT-003,control_20,RE_R1l,0
GOT-003,control_20,RE_Sb,0
GOT-003,control_20,RE_Sl,0
GOT-003,control_20,T1_1,0
GOT-003,control_20,T1_2,0
GOT-003,control_20,t1_MOLLI,0
GOT-003,control_20,t2_MOLLI,0
