subject,study,parameter,value
GOT-003,control,S02a,186246054.78536052
GOT-003,control,S02l,125091291.29456092
GOT-003,control,BAT2,114.17770766928177
GOT-003,control,BAT,1.1714179272984502
GOT-003,control,CO,8.896198147827995
GOT-003,control,Thl,12.509713304216875
GOT-003,control,Dhl,28.331722038628904
GOT-003,control,To,31.26957127924811
GOT-003,control,Eo,17.49911901341923
GOT-003,control,Toe,3.7770875300345903
GOT-003,control,Eb,7.1619031982170585
GOT-003,control,H,45.0
GOT-003,control,ve,32.741325063129985
GOT-003,control,Te,59.79239178888674
GOT-003,control,De,90.08296830358637
GOT-003,control,khe_i,6.64272307218043
GOT-003,control,khe_f,18.551868818049485
GOT-003,control,Th_i,40.582959878294254
GOT-003,control,Th_f,10.00634016779339
GOT-003,control,Th,25.294650023043822
GOT-003,control,khe,12.597295945114958
GOT-003,control,Kbh,3.9534051631035982
GOT-003,control,Khe,38.475217239453684
GOT-003,control,kbh,2.659007927589285
GOT-003,control,kbh_i,1.6573131959466374
GOT-003,control,kbh_f,6.721605882773219
GOT-003,control,CL,0.1254326358555528
GOT-003,control,AUC_Cb,31.78675528070844
GOT-003,control,AUC_Cl,98.08626558674355
GOT-003,control,AUC35_Cb,26.82891338559821
GOT-003,control,AUC35_Cl,53.5111776929621
GOT-003,control,RE_R1b,17.35603676105425
GOT-003,control,RE_R1l,26.035244542243163
GOT-003,control,RE_Sb,18.481987962919238
GOT-003,control,RE_Sl,20.107882400670555
GOT-003,control,T1_1,1.084219971
GOT-003,control,T1_2,0.871650024
GOT-003,control,t1_MOLLI,12.362388888888889
GOT-003,control,t2_MOLLI,13.050686111111112
GOT-003,control,T1_3,0.91125
GOT-003,control,t3_MOLLI,14.066166666666666
GOT-003,control,t0,12.66608941111111
GOT-003,control,t1,13.043294272222223
GOT-003,control,t2,14.399914280555555
GOT-003,control,t3,14.777119141666667
GOT-003,control,dt1,1.8163999999960652
GOT-003,control,dt2,1.8163999999960652
