subject,study,parameter,value
GOT-003,control,S02a,371213.57633790775
GOT-003,control,S02l,690828.4086583927
GOT-003,control,BAT2,0.002502805422414136
GOT-003,control,BAT,0.0021113455549596045
GOT-003,control,CO,0.08739311034705848
GOT-003,control,Thl,0.15794531406715223
GOT-003,control,Dhl,0.28912987648143623
GOT-003,control,To,0.9019441801190098
GOT-003,control,Eo,0.7080471486904848
GOT-003,control,Toe,0.3222384739904627
GOT-003,control,Eb,0.29443408485432804
GOT-003,control,H,0
GOT-003,control,ve,1.735971295060703
GOT-003,control,Te,4.391824566745808
GOT-003,control,De,1.3367595395180942
GOT-003,control,khe_i,0.5989054617014757
GOT-003,control,khe_f,0.9101213265511072
GOT-003,control,Th_i,11.033602039214513
GOT-003,control,Th_f,1.1837852580483392
GOT-003,control,Th,0.0
GOT-003,control,khe,0
GOT-003,control,Kbh,0
GOT-003,control,Khe,0
GOT-003,control,kbh,0
GOT-003,control,kbh_i,0
GOT-003,control,kbh_f,0
GOT-003,control,CL,0.0
GOT-003,control,AUC_Cb,0
GOT-003,control,AUC_Cl,0
GOT-003,control,AUC35_Cb,0
GOT-003,control,AUC35_Cl,0
GOT-003,control,RE_R1b,0
GOT-003,control,RE_R1l,0
GOT-003,control,RE_Sb,0
GOT-003,control,RE_Sl,0
GOT-003,control,T1_1,0
GOT-003,control,T1_2,0
GOT-003,control,t1_MOLLI,0
GOT-003,control,t2_MOLLI,0
GOT-003,control,T1_3,0
GOT-003,control,t3_MOLLI,0
GOT-003,control,t0,0
GOT-003,control,t1,0
GOT-003,control,t2,0
GOT-003,control,t3,0
GOT-003,control,dt1,0
GOT-003,control,dt2,0
