subject,study,parameter,value
SHF-009,drug_05,BAT,0.01997819509729208
SHF-009,drug_05,CO,0.3064187321842753
SHF-009,drug_05,Thl,1.1865178095715516
SHF-009,drug_05,Dhl,5.614289714809243
SHF-009,drug_05,To,19.351842315167495
SHF-009,drug_05,Eo,16.731697615996257
SHF-009,drug_05,Toe,3.845617442422556
SHF-009,drug_05,Eb,24.378647904679227
SHF-009,drug_05,H,0
SHF-009,drug_05,ve,38.96466309901967
SHF-009,drug_05,Te,61.235498057312725
SHF-009,drug_05,De,19.54509306009404
SHF-009,drug_05,khe,58.696814587654465
SHF-009,drug_05,Th,1012.8736063745865
SHF-009,drug_05,Kbh,0
SHF-009,drug_05,Khe,0
SHF-009,drug_05,kbh,0
SHF-009,drug_05,CL,0.0
SHF-009,drug_05,AUC_Cb,0
SHF-009,drug_05,AUC_Cl,0
SHF-009,drug_05,AUC35_Cb,0
SHF-009,drug_05,AUC35_Cl,0
SHF-009,drug_05,RE_R1b,0
SHF-009,drug_05,RE_R1l,0
SHF-009,drug_05,RE_Sb,0
SHF-009,drug_05,RE_Sl,0
SHF-009,drug_05,T1_1,0
SHF-009,drug_05,T1_2,0
SHF-009,drug_05,t1_MOLLI,0
SHF-009,drug_05,t2_MOLLI,0
