subject,study,parameter,value
GOT-001,control,BAT,1.2943784187710958
GOT-001,control,CO,10.746856654705358
GOT-001,control,Thl,14.479662159135943
GOT-001,control,Dhl,50.2183433533194
GOT-001,control,To,29.398770401356522
GOT-001,control,Eo,18.91473328770091
GOT-001,control,Toe,5.306634484769204
GOT-001,control,Eb,2.334675626533098
GOT-001,control,H,45.0
GOT-001,control,ve,22.578802815661533
GOT-001,control,Te,59.999999994
GOT-001,control,De,80.20188556490507
GOT-001,control,khe,1.7675666476383505
GOT-001,control,Th,65.8955028892254
GOT-001,control,Kbh,1.5175542429368276
GOT-001,control,Khe,7.828433872553676
GOT-001,control,kbh,1.1749086628034162
GOT-001,control,CL,0.01465658303808566
GOT-001,control,AUC_Cb,99.85183829019424
GOT-001,control,AUC_Cl,134.01648442840755
GOT-001,control,AUC35_Cb,40.874033464922036
GOT-001,control,AUC35_Cl,28.669190641602402
GOT-001,control,RE_R1b,30.431560249038466
GOT-001,control,RE_R1l,13.263361129508041
GOT-001,control,RE_Sb,27.018944753278728
GOT-001,control,RE_Sl,10.447547634171647
GOT-001,control,T1_1,0.991830017
GOT-001,control,T1_2,0.853159973
GOT-001,control,t1_MOLLI,12.486702777777777
GOT-001,control,t2_MOLLI,13.096444444444444
GOT-001,drug,BAT,1.2459384608713677
GOT-001,drug,CO,6.383308475482574
GOT-001,drug,Thl,14.441216853107031
GOT-001,drug,Dhl,43.21413931169633
GOT-001,drug,To,35.99259441643357
GOT-001,drug,Eo,21.69222124827713
GOT-001,drug,Toe,7.037677194078071
GOT-001,drug,Eb,1.1580662970399378
GOT-001,drug,H,45.0
GOT-001,drug,ve,11.915110734128803
GOT-001,drug,Te,56.459526606790305
GOT-001,drug,De,73.97657270810464
GOT-001,drug,khe,3.4682246744151204
GOT-001,drug,Th,12.557020134387072
GOT-001,drug,Kbh,7.963672824426921
GOT-001,drug,Khe,29.107783820094784
GOT-001,drug,kbh,7.0147923888927295
GOT-001,drug,CL,0.030320379663038174
GOT-001,drug,AUC_Cb,204.18928534025122
GOT-001,drug,AUC_Cl,129.05946805443608
GOT-001,drug,AUC35_Cb,59.12887073052321
GOT-001,drug,AUC35_Cl,30.902799988047594
GOT-001,drug,RE_R1b,45.595329247850856
GOT-001,drug,RE_R1l,13.292937091748126
GOT-001,drug,RE_Sb,31.63542162994608
GOT-001,drug,RE_Sl,9.614403361798225
GOT-001,drug,T1_1,0.903049988
GOT-001,drug,T1_2,0.766559998
GOT-001,drug,t1_MOLLI,12.369991666666667
GOT-001,drug,t2_MOLLI,13.056072222222223
GOT-002,control,BAT,1.3158232219391632
GOT-002,control,CO,8.555072070361343
GOT-002,control,Thl,23.26372972042495
GOT-002,control,Dhl,38.69552789931554
GOT-002,control,To,29.23307654379267
GOT-002,control,Eo,23.654977076313884
GOT-002,control,Toe,9.003912852939976
GOT-002,control,Eb,1.835083646167666
GOT-002,control,H,45.0
GOT-002,control,ve,39.80963604904068
GOT-002,control,Te,56.35914010286555
GOT-002,control,De,84.48898426722104
GOT-002,control,khe,10.776172813458594
GOT-002,control,Th,415.5127976814019
GOT-002,control,Kbh,0.24066647419287404
GOT-002,control,Khe,27.0692573028893
GOT-002,control,kbh,0.1448580267246325
GOT-002,control,CL,0.13784717370347985
GOT-002,control,AUC_Cb,82.0120676883475
GOT-002,control,AUC_Cl,889.0378500090331
GOT-002,control,AUC35_Cb,26.305409790337873
GOT-002,control,AUC35_Cl,76.72017720640262
GOT-002,control,RE_R1b,17.871671594042603
GOT-002,control,RE_R1l,33.138206878148914
GOT-002,control,RE_Sb,14.375515872871711
GOT-002,control,RE_Sl,26.307291068650578
GOT-002,control,T1_1,0.871559998
GOT-002,control,T1_2,0.655630005
GOT-002,control,t1_MOLLI,13.43755
GOT-002,control,t2_MOLLI,14.05385
GOT-002,drug,BAT,1.3753180320048541
GOT-002,drug,CO,9.534214460718342
GOT-002,drug,Thl,12.053797344701541
GOT-002,drug,Dhl,57.341224586416025
GOT-002,drug,To,26.790364685008793
GOT-002,drug,Eo,17.50535591954618
GOT-002,drug,Toe,8.515854402900896
GOT-002,drug,Eb,3.6661040537752765
GOT-002,drug,H,45.0
GOT-002,drug,ve,19.279626919620718
GOT-002,drug,Te,48.1401342474616
GOT-002,drug,De,70.10785246909062
GOT-002,drug,khe,6.5317666459305475
GOT-002,drug,Th,599.9930716418902
GOT-002,drug,Kbh,0.16666859123280953
GOT-002,drug,Khe,33.879113289703874
GOT-002,drug,kbh,0.13453550865093616
GOT-002,drug,CL,0.09232099246508019
GOT-002,drug,AUC_Cb,55.70649268434153
GOT-002,drug,AUC_Cl,452.61339598395404
GOT-002,drug,AUC35_Cb,27.28448518081118
GOT-002,drug,AUC35_Cl,48.41033162661245
GOT-002,drug,RE_R1b,17.77445499380902
GOT-002,drug,RE_R1l,20.60043561123045
GOT-002,drug,RE_Sb,12.44202051599571
GOT-002,drug,RE_Sl,13.652447828482842
GOT-002,drug,T1_1,0.844919983
GOT-002,drug,T1_2,0.694609985
GOT-002,drug,t1_MOLLI,13.244752777777778
GOT-002,drug,t2_MOLLI,13.923530555555555
GOT-003,control,BAT,1.204438535846362
GOT-003,control,CO,9.486835580911478
GOT-003,control,Thl,10.219485165792577
GOT-003,control,Dhl,30.50745400976903
GOT-003,control,To,34.58890210974644
GOT-003,control,Eo,21.081625361347413
GOT-003,control,Toe,3.8378016087494187
GOT-003,control,Eb,5.62387169423493
GOT-003,control,H,45.0
GOT-003,control,ve,32.72587394271055
GOT-003,control,Te,59.999999994
GOT-003,control,De,89.66600675427459
GOT-003,control,khe,8.202289642609252
GOT-003,control,Th,38.15501055276783
GOT-003,control,Kbh,2.620887756319749
GOT-003,control,Khe,25.063622921019814
GOT-003,control,kbh,1.763179333006613
GOT-003,control,CL,0.08167108357267303
GOT-003,control,AUC_Cb,38.00804049724746
GOT-003,control,AUC_Cl,138.98866803767856
GOT-003,control,AUC35_Cb,26.962941241343806
GOT-003,control,AUC35_Cl,51.08303732188158
GOT-003,control,RE_R1b,18.97529417181563
GOT-003,control,RE_R1l,27.781245110377277
GOT-003,control,RE_Sb,15.636747307205962
GOT-003,control,RE_Sl,22.71686948470883
GOT-003,control,T1_1,1.084219971
GOT-003,control,T1_2,0.871650024
GOT-003,control,t1_MOLLI,12.362388888888889
GOT-003,control,t2_MOLLI,13.050686111111112
GOT-003,drug,BAT,1.0711418542523288
GOT-003,drug,CO,7.83763572671128
GOT-003,drug,Thl,18.85412280402496
GOT-003,drug,Dhl,32.372511747878754
GOT-003,drug,To,21.577074281512203
GOT-003,drug,Eo,25.852125729549346
GOT-003,drug,Toe,2.7724752015065155
GOT-003,drug,Eb,3.9780585889792017
GOT-003,drug,H,45.0
GOT-003,drug,ve,21.888408671147225
GOT-003,drug,Te,59.99980560165264
GOT-003,drug,De,85.10591776407288
GOT-003,drug,khe,3.073032699749414
GOT-003,drug,Th,10.001898740922353
GOT-003,drug,Kbh,9.998101619530914
GOT-003,drug,Khe,14.039543696021227
GOT-003,drug,kbh,7.8096762776913975
GOT-003,drug,CL,0.03108964248293444
GOT-003,drug,AUC_Cb,65.0282371908001
GOT-003,drug,AUC_Cl,45.8636715137462
GOT-003,drug,AUC35_Cb,39.48338863539922
GOT-003,drug,AUC35_Cl,25.046491007478124
GOT-003,drug,RE_R1b,30.185654657524598
GOT-003,drug,RE_R1l,11.605699569187784
GOT-003,drug,RE_Sb,18.921402893821572
GOT-003,drug,RE_Sl,8.227378938991603
GOT-003,drug,T1_1,1.000679993
GOT-003,drug,T1_2,0.916929993
GOT-003,drug,t1_MOLLI,12.120336111111111
GOT-003,drug,t2_MOLLI,12.812519444444444
