subject,study,parameter,value
GOT-001,control,BAT,0.01332625673237392
GOT-001,control,CO,0.22927133406550163
GOT-001,control,Thl,1.0403307317221444
GOT-001,control,Dhl,1.8624190528357418
GOT-001,control,To,1.1263873106736815
GOT-001,control,Eo,0.5912464562414382
GOT-001,control,Toe,0.5102121291619179
GOT-001,control,Eb,0.5432678792338373
GOT-001,control,H,0.0
GOT-001,control,ve,1.3911418315024784
GOT-001,control,Te,6.110549357365055
GOT-001,control,De,3.438806154119057
GOT-001,control,khe,0.5223895920577419
GOT-001,control,Th,116.25929284184105
GOT-001,control,Kbh,0.0
GOT-001,control,Khe,0.0
GOT-001,control,kbh,0.0
GOT-001,control,CL,0.0
GOT-001,control,AUC_Cb,0.0
GOT-001,control,AUC_Cl,0.0
GOT-001,control,AUC35_Cb,0.0
GOT-001,control,AUC35_Cl,0.0
GOT-001,control,RE_R1b,0.0
GOT-001,control,RE_R1l,0.0
GOT-001,control,RE_Sb,0.0
GOT-001,control,RE_Sl,0.0
GOT-001,control,T1_1,0.0
GOT-001,control,T1_2,0.0
GOT-001,control,t1_MOLLI,0.0
GOT-001,control,t2_MOLLI,0.0
GOT-001,drug,BAT,0.007880266833240966
GOT-001,drug,CO,0.082419671927454
GOT-001,drug,Thl,0.5482945594033503
GOT-001,drug,Dhl,1.4506815388408745
GOT-001,drug,To,1.2870704083350502
GOT-001,drug,Eo,0.4938539210797949
GOT-001,drug,Toe,0.7013044955064222
GOT-001,drug,Eb,0.7898108625029355
GOT-001,drug,H,0.0
GOT-001,drug,ve,1.3002718924097816
GOT-001,drug,Te,8.278504389359338
GOT-001,drug,De,5.153156222560091
GOT-001,drug,khe,0.6302902834897979
GOT-001,drug,Th,2.9780866709749776
GOT-001,drug,Kbh,0.0
GOT-001,drug,Khe,0.0
GOT-001,drug,kbh,0.0
GOT-001,drug,CL,0.0
GOT-001,drug,AUC_Cb,0.0
GOT-001,drug,AUC_Cl,0.0
GOT-001,drug,AUC35_Cb,0.0
GOT-001,drug,AUC35_Cl,0.0
GOT-001,drug,RE_R1b,0.0
GOT-001,drug,RE_R1l,0.0
GOT-001,drug,RE_Sb,0.0
GOT-001,drug,RE_Sl,0.0
GOT-001,drug,T1_1,0.0
GOT-001,drug,T1_2,0.0
GOT-001,drug,t1_MOLLI,0.0
GOT-001,drug,t2_MOLLI,0.0
GOT-002,control,BAT,0.004924084641132268
GOT-002,control,CO,0.12192827860754277
GOT-002,control,Thl,0.36903527530678243
GOT-002,control,Dhl,0.7511882557271548
GOT-002,control,To,1.41672969796075
GOT-002,control,Eo,1.0769735096938495
GOT-002,control,Toe,1.4978219467363518
GOT-002,control,Eb,1.9449606143745402
GOT-002,control,H,0.0
GOT-002,control,ve,2.397385815765236
GOT-002,control,Te,6.6799951531666935
GOT-002,control,De,3.479512509941084
GOT-002,control,khe,0.9113545251277769
GOT-002,control,Th,1330.6636925442967
GOT-002,control,Kbh,0.0
GOT-002,control,Khe,0.0
GOT-002,control,kbh,0.0
GOT-002,control,CL,0.0
GOT-002,control,AUC_Cb,0.0
GOT-002,control,AUC_Cl,0.0
GOT-002,control,AUC35_Cb,0.0
GOT-002,control,AUC35_Cl,0.0
GOT-002,control,RE_R1b,0.0
GOT-002,control,RE_R1l,0.0
GOT-002,control,RE_Sb,0.0
GOT-002,control,RE_Sl,0.0
GOT-002,control,T1_1,0.0
GOT-002,control,T1_2,0.0
GOT-002,control,t1_MOLLI,0.0
GOT-002,control,t2_MOLLI,0.0
GOT-002,drug,BAT,0.024320191720545038
GOT-002,drug,CO,0.47473296841654056
GOT-002,drug,Thl,1.9863820858757582
GOT-002,drug,Dhl,4.368319932500175
GOT-002,drug,To,1.2680848775256288
GOT-002,drug,Eo,0.68430135220774
GOT-002,drug,Toe,1.237685990393379
GOT-002,drug,Eb,1.2124742124307486
GOT-002,drug,H,0.0
GOT-002,drug,ve,2.395393124994349
GOT-002,drug,Te,7.168856870724147
GOT-002,drug,De,6.547928933870267
GOT-002,drug,khe,0.6055112720258677
GOT-002,drug,Th,2891.774307345836
GOT-002,drug,Kbh,0.0
GOT-002,drug,Khe,0.0
GOT-002,drug,kbh,0.0
GOT-002,drug,CL,0.0
GOT-002,drug,AUC_Cb,0.0
GOT-002,drug,AUC_Cl,0.0
GOT-002,drug,AUC35_Cb,0.0
GOT-002,drug,AUC35_Cl,0.0
GOT-002,drug,RE_R1b,0.0
GOT-002,drug,RE_R1l,0.0
GOT-002,drug,RE_Sb,0.0
GOT-002,drug,RE_Sl,0.0
GOT-002,drug,T1_1,0.0
GOT-002,drug,T1_2,0.0
GOT-002,drug,t1_MOLLI,0.0
GOT-002,drug,t2_MOLLI,0.0
GOT-003,control,BAT,0.0017130573430346853
GOT-003,control,CO,0.07793085709167903
GOT-003,control,Thl,0.11028473689877005
GOT-003,control,Dhl,0.6128550311385612
GOT-003,control,To,1.034156606867053
GOT-003,control,Eo,0.7161042830459735
GOT-003,control,Toe,0.2714344538573808
GOT-003,control,Eb,0.2704435433714364
GOT-003,control,H,0.0
GOT-003,control,ve,1.4738479870382903
GOT-003,control,Te,4.250509687478305
GOT-003,control,De,1.2845422284691865
GOT-003,control,khe,0.5127519190040368
GOT-003,control,Th,8.002202603125486
GOT-003,control,Kbh,0.0
GOT-003,control,Khe,0.0
GOT-003,control,kbh,0.0
GOT-003,control,CL,0.0
GOT-003,control,AUC_Cb,0.0
GOT-003,control,AUC_Cl,0.0
GOT-003,control,AUC35_Cb,0.0
GOT-003,control,AUC35_Cl,0.0
GOT-003,control,RE_R1b,0.0
GOT-003,control,RE_R1l,0.0
GOT-003,control,RE_Sb,0.0
GOT-003,control,RE_Sl,0.0
GOT-003,control,T1_1,0.0
GOT-003,control,T1_2,0.0
GOT-003,control,t1_MOLLI,0.0
GOT-003,control,t2_MOLLI,0.0
GOT-003,drug,BAT,0.006785494867537257
GOT-003,drug,CO,0.07676402577066453
GOT-003,drug,Thl,0.4552132019034157
GOT-003,drug,Dhl,0.665926071847429
GOT-003,drug,To,1.0214437462156996
GOT-003,drug,Eo,0.942444140735277
GOT-003,drug,Toe,0.1709283085371285
GOT-003,drug,Eb,0.21369023740459184
GOT-003,drug,H,0.0
GOT-003,drug,ve,1.7138452740901577
GOT-003,drug,Te,6.827952644808545
GOT-003,drug,De,2.7868259185180504
GOT-003,drug,khe,0.9189079861571614
GOT-003,drug,Th,3.1673008064174635
GOT-003,drug,Kbh,0.0
GOT-003,drug,Khe,0.0
GOT-003,drug,kbh,0.0
GOT-003,drug,CL,0.0
GOT-003,drug,AUC_Cb,0.0
GOT-003,drug,AUC_Cl,0.0
GOT-003,drug,AUC35_Cb,0.0
GOT-003,drug,AUC35_Cl,0.0
GOT-003,drug,RE_R1b,0.0
GOT-003,drug,RE_R1l,0.0
GOT-003,drug,RE_Sb,0.0
GOT-003,drug,RE_Sl,0.0
GOT-003,drug,T1_1,0.0
GOT-003,drug,T1_2,0.0
GOT-003,drug,t1_MOLLI,0.0
GOT-003,drug,t2_MOLLI,0.0
