subject,study,parameter,description,value,unit
003,control,TR,Repetition time,0.0023,sec
003,control,FA_1,Flip angle - first scan,15,deg
003,control,FA_2,Flip angle - second scan,15,deg
003,control,weight,Subject body weight,85.0,kg
003,control,dose_1,Contrast agent dose - first scan,0.025,mL/kg
003,control,dose_2,Contrast agent dose - second scan,0.025,mL/kg
003,control,liver_volume,Whole liver volume,964.1781974236002,mL
003,control,kidney_volume,Both kidneys volume,81.4798476696,mL
003,control,T1_aorta_1,First aorta T1,1.681,sec
003,control,T1_aorta_2,Second aorta T1,0.0008399999999999999,sec
003,control,T1_aorta_3,Third aorta T1,0.15406999999999998,sec
003,control,T1_liver_1,First liver T1,0.72478,sec
003,control,T1_liver_2,Second liver T1,0.35727,sec
003,control,T1_liver_3,Third liver T1,0.4655,sec
003,control,T1_kidney_1,First kidney T1,nan,sec
003,control,T1_kidney_2,Second kidney T1,nan,sec
003,control,T1_kidney_3,Third kidney T1,nan,sec
003,control,T1_portal_1,First portal T1,1.35629,sec
003,control,T1_portal_2,Second portal T1,1.23631,sec
003,control,T1_portal_3,Third portal T1,1.2978900000000002,sec
003,control,T1_time_1,First T1 time,32031,sec
003,control,T1_time_2,Second T1 time,35135,sec
003,control,T1_time_3,Third T1 time,39215,sec
003,control,t0,Baseline length,60.0,sec
008,control,TR,Repetition time,0.0023,sec
008,control,FA_1,Flip angle - first scan,15,deg
008,control,FA_2,Flip angle - second scan,15,deg
008,control,weight,Subject body weight,60.0,kg
008,control,dose_1,Contrast agent dose - first scan,0.025,mL/kg
008,control,dose_2,Contrast agent dose - second scan,0.025,mL/kg
008,control,liver_volume,Whole liver volume,850.8845890066002,mL
008,control,kidney_volume,Both kidneys volume,40.816215827,mL
008,control,T1_aorta_1,First aorta T1,2.14357,sec
008,control,T1_aorta_2,Second aorta T1,0.35856,sec
008,control,T1_aorta_3,Third aorta T1,1.04088,sec
008,control,T1_liver_1,First liver T1,0.78759,sec
008,control,T1_liver_2,Second liver T1,0.4218,sec
008,control,T1_liver_3,Third liver T1,0.67413,sec
008,control,T1_kidney_1,First kidney T1,nan,sec
008,control,T1_kidney_2,Second kidney T1,nan,sec
008,control,T1_kidney_3,Third kidney T1,nan,sec
008,control,T1_portal_1,First portal T1,1.46375,sec
008,control,T1_portal_2,Second portal T1,1.3302,sec
008,control,T1_portal_3,Third portal T1,1.46767,sec
008,control,T1_time_1,First T1 time,32207,sec
008,control,T1_time_2,Second T1 time,35280,sec
008,control,T1_time_3,Third T1 time,43168,sec
008,control,t0,Baseline length,60.0,sec
011,control,TR,Repetition time,0.0023,sec
011,control,FA_1,Flip angle - first scan,15,deg
011,control,FA_2,Flip angle - second scan,15,deg
011,control,weight,Subject body weight,56.0,kg
011,control,dose_1,Contrast agent dose - first scan,0.025,mL/kg
011,control,dose_2,Contrast agent dose - second scan,0.025,mL/kg
011,control,liver_volume,Whole liver volume,809.0765772810001,mL
011,control,kidney_volume,Both kidneys volume,56.303490243599995,mL
011,control,T1_aorta_1,First aorta T1,1.681,sec
011,control,T1_aorta_2,Second aorta T1,1.681,sec
011,control,T1_aorta_3,Third aorta T1,1.681,sec
011,control,T1_liver_1,First liver T1,0.7606499999999999,sec
011,control,T1_liver_2,Second liver T1,0.49798000000000003,sec
011,control,T1_liver_3,Third liver T1,0.70743,sec
011,control,T1_kidney_1,First kidney T1,nan,sec
011,control,T1_kidney_2,Second kidney T1,nan,sec
011,control,T1_kidney_3,Third kidney T1,nan,sec
011,control,T1_portal_1,First portal T1,nan,sec
011,control,T1_portal_2,Second portal T1,nan,sec
011,control,T1_portal_3,Third portal T1,nan,sec
011,control,T1_time_1,First T1 time,52069,sec
011,control,T1_time_2,Second T1 time,55003,sec
011,control,T1_time_3,Third T1 time,59349,sec
011,control,t0,Baseline length,60.0,sec
014,control,TR,Repetition time,0.0023,sec
014,control,FA_1,Flip angle - first scan,15,deg
014,control,FA_2,Flip angle - second scan,15,deg
014,control,weight,Subject body weight,84.0,kg
014,control,dose_1,Contrast agent dose - first scan,0.025,mL/kg
014,control,dose_2,Contrast agent dose - second scan,0.025,mL/kg
014,control,liver_volume,Whole liver volume,1116.7621818236,mL
014,control,kidney_volume,Both kidneys volume,0.0,mL
014,control,T1_aorta_1,First aorta T1,1.681,sec
014,control,T1_aorta_2,Second aorta T1,1.681,sec
014,control,T1_aorta_3,Third aorta T1,0.06948,sec
014,control,T1_liver_1,First liver T1,0.72913,sec
014,control,T1_liver_2,Second liver T1,0.5561799999999999,sec
014,control,T1_liver_3,Third liver T1,0.69255,sec
014,control,T1_kidney_1,First kidney T1,nan,sec
014,control,T1_kidney_2,Second kidney T1,nan,sec
014,control,T1_kidney_3,Third kidney T1,nan,sec
014,control,T1_portal_1,First portal T1,1.32491,sec
014,control,T1_portal_2,Second portal T1,0.84005,sec
014,control,T1_portal_3,Third portal T1,nan,sec
014,control,T1_time_1,First T1 time,44772,sec
014,control,T1_time_2,Second T1 time,47825,sec
014,control,T1_time_3,Third T1 time,51670,sec
014,control,t0,Baseline length,60.0,sec
021,control,TR,Repetition time,0.0023,sec
021,control,FA_1,Flip angle - first scan,15,deg
021,control,FA_2,Flip angle - second scan,15,deg
021,control,weight,Subject body weight,70.0,kg
021,control,dose_1,Contrast agent dose - first scan,0.025,mL/kg
021,control,dose_2,Contrast agent dose - second scan,0.025,mL/kg
021,control,liver_volume,Whole liver volume,984.3955753566001,mL
021,control,kidney_volume,Both kidneys volume,0.0,mL
021,control,T1_aorta_1,First aorta T1,1.681,sec
021,control,T1_aorta_2,Second aorta T1,1.681,sec
021,control,T1_aorta_3,Third aorta T1,0.00067,sec
021,control,T1_liver_1,First liver T1,0.80253,sec
021,control,T1_liver_2,Second liver T1,0.47129000000000004,sec
021,control,T1_liver_3,Third liver T1,0.63949,sec
021,control,T1_kidney_1,First kidney T1,nan,sec
021,control,T1_kidney_2,Second kidney T1,nan,sec
021,control,T1_kidney_3,Third kidney T1,nan,sec
021,control,T1_portal_1,First portal T1,nan,sec
021,control,T1_portal_2,Second portal T1,nan,sec
021,control,T1_portal_3,Third portal T1,nan,sec
021,control,T1_time_1,First T1 time,40701,sec
021,control,T1_time_2,Second T1 time,43740,sec
021,control,T1_time_3,Third T1 time,47957,sec
021,control,t0,Baseline length,60.0,sec
022,control,TR,Repetition time,0.0023,sec
022,control,FA_1,Flip angle - first scan,15,deg
022,control,FA_2,Flip angle - second scan,15,deg
022,control,weight,Subject body weight,72.0,kg
022,control,dose_1,Contrast agent dose - first scan,0.025,mL/kg
022,control,dose_2,Contrast agent dose - second scan,0.025,mL/kg
022,control,liver_volume,Whole liver volume,1137.5136037020002,mL
022,control,kidney_volume,Both kidneys volume,0.0,mL
022,control,T1_aorta_1,First aorta T1,1.681,sec
022,control,T1_aorta_2,Second aorta T1,1.681,sec
022,control,T1_aorta_3,Third aorta T1,0.7277,sec
022,control,T1_liver_1,First liver T1,0.75858,sec
022,control,T1_liver_2,Second liver T1,0.36546,sec
022,control,T1_liver_3,Third liver T1,0.5474600000000001,sec
022,control,T1_kidney_1,First kidney T1,nan,sec
022,control,T1_kidney_2,Second kidney T1,nan,sec
022,control,T1_kidney_3,Third kidney T1,nan,sec
022,control,T1_portal_1,First portal T1,1.2595399999999999,sec
022,control,T1_portal_2,Second portal T1,nan,sec
022,control,T1_portal_3,Third portal T1,1.15697,sec
022,control,T1_time_1,First T1 time,49494,sec
022,control,T1_time_2,Second T1 time,52680,sec
022,control,T1_time_3,Third T1 time,57649,sec
022,control,t0,Baseline length,60.0,sec
003,drug,TR,Repetition time,0.0023,sec
003,drug,FA_1,Flip angle - first scan,15,deg
003,drug,FA_2,Flip angle - second scan,15,deg
003,drug,weight,Subject body weight,85.0,kg
003,drug,dose_1,Contrast agent dose - first scan,0.025,mL/kg
003,drug,dose_2,Contrast agent dose - second scan,0.025,mL/kg
003,drug,liver_volume,Whole liver volume,877.5867862766,mL
003,drug,kidney_volume,Both kidneys volume,60.7284257912,mL
003,drug,T1_aorta_1,First aorta T1,1.681,sec
003,drug,T1_aorta_2,Second aorta T1,0.37210000000000004,sec
003,drug,T1_aorta_3,Third aorta T1,1.681,sec
003,drug,T1_liver_1,First liver T1,0.75958,sec
003,drug,T1_liver_2,Second liver T1,0.39223,sec
003,drug,T1_liver_3,Third liver T1,0.58969,sec
003,drug,T1_kidney_1,First kidney T1,nan,sec
003,drug,T1_kidney_2,Second kidney T1,nan,sec
003,drug,T1_kidney_3,Third kidney T1,nan,sec
003,drug,T1_portal_1,First portal T1,nan,sec
003,drug,T1_portal_2,Second portal T1,nan,sec
003,drug,T1_portal_3,Third portal T1,nan,sec
003,drug,T1_time_1,First T1 time,37882,sec
003,drug,T1_time_2,Second T1 time,40789,sec
003,drug,T1_time_3,Third T1 time,44776,sec
003,drug,t0,Baseline length,60.0,sec
008,drug,TR,Repetition time,0.0023,sec
008,drug,FA_1,Flip angle - first scan,15,deg
008,drug,FA_2,Flip angle - second scan,15,deg
008,drug,weight,Subject body weight,58.0,kg
008,drug,dose_1,Contrast agent dose - first scan,0.025,mL/kg
008,drug,dose_2,Contrast agent dose - second scan,0.025,mL/kg
008,drug,liver_volume,Whole liver volume,787.7911114572001,mL
008,drug,kidney_volume,Both kidneys volume,53.022934579,mL
008,drug,T1_aorta_1,First aorta T1,1.5276500000000002,sec
008,drug,T1_aorta_2,Second aorta T1,1.22711,sec
008,drug,T1_aorta_3,Third aorta T1,1.43503,sec
008,drug,T1_liver_1,First liver T1,0.74224,sec
008,drug,T1_liver_2,Second liver T1,0.42768,sec
008,drug,T1_liver_3,Third liver T1,0.56417,sec
008,drug,T1_kidney_1,First kidney T1,nan,sec
008,drug,T1_kidney_2,Second kidney T1,nan,sec
008,drug,T1_kidney_3,Third kidney T1,nan,sec
008,drug,T1_portal_1,First portal T1,nan,sec
008,drug,T1_portal_2,Second portal T1,nan,sec
008,drug,T1_portal_3,Third portal T1,nan,sec
008,drug,T1_time_1,First T1 time,44744,sec
008,drug,T1_time_2,Second T1 time,47574,sec
008,drug,T1_time_3,Third T1 time,51847,sec
008,drug,t0,Baseline length,60.0,sec
011,drug,TR,Repetition time,0.0023,sec
011,drug,FA_1,Flip angle - first scan,15,deg
011,drug,FA_2,Flip angle - second scan,15,deg
011,drug,weight,Subject body weight,56.0,kg
011,drug,dose_1,Contrast agent dose - first scan,0.025,mL/kg
011,drug,dose_2,Contrast agent dose - second scan,0.025,mL/kg
011,drug,liver_volume,Whole liver volume,777.1865245414,mL
011,drug,kidney_volume,Both kidneys volume,74.07952442620001,mL
011,drug,T1_aorta_1,First aorta T1,1.681,sec
011,drug,T1_aorta_2,Second aorta T1,1.681,sec
011,drug,T1_aorta_3,Third aorta T1,1.681,sec
011,drug,T1_liver_1,First liver T1,0.71848,sec
011,drug,T1_liver_2,Second liver T1,0.42422000000000004,sec
011,drug,T1_liver_3,Third liver T1,0.48957999999999996,sec
011,drug,T1_kidney_1,First kidney T1,nan,sec
011,drug,T1_kidney_2,Second kidney T1,nan,sec
011,drug,T1_kidney_3,Third kidney T1,nan,sec
011,drug,T1_portal_1,First portal T1,nan,sec
011,drug,T1_portal_2,Second portal T1,nan,sec
011,drug,T1_portal_3,Third portal T1,nan,sec
011,drug,T1_time_1,First T1 time,51922,sec
011,drug,T1_time_2,Second T1 time,54780,sec
011,drug,T1_time_3,Third T1 time,58969,sec
011,drug,t0,Baseline length,60.0,sec
014,drug,TR,Repetition time,0.0023,sec
014,drug,FA_1,Flip angle - first scan,15,deg
014,drug,FA_2,Flip angle - second scan,15,deg
014,drug,weight,Subject body weight,84.0,kg
014,drug,dose_1,Contrast agent dose - first scan,0.025,mL/kg
014,drug,dose_2,Contrast agent dose - second scan,0.025,mL/kg
014,drug,liver_volume,Whole liver volume,1175.3544318332,mL
014,drug,kidney_volume,Both kidneys volume,0.0,mL
014,drug,T1_aorta_1,First aorta T1,1.681,sec
014,drug,T1_aorta_2,Second aorta T1,0.00561,sec
014,drug,T1_aorta_3,Third aorta T1,1.681,sec
014,drug,T1_liver_1,First liver T1,0.71842,sec
014,drug,T1_liver_2,Second liver T1,0.7176699999999999,sec
014,drug,T1_liver_3,Third liver T1,0.5550499999999999,sec
014,drug,T1_kidney_1,First kidney T1,nan,sec
014,drug,T1_kidney_2,Second kidney T1,nan,sec
014,drug,T1_kidney_3,Third kidney T1,nan,sec
014,drug,T1_portal_1,First portal T1,nan,sec
014,drug,T1_portal_2,Second portal T1,nan,sec
014,drug,T1_portal_3,Third portal T1,nan,sec
014,drug,T1_time_1,First T1 time,50107,sec
014,drug,T1_time_2,Second T1 time,50107,sec
014,drug,T1_time_3,Third T1 time,57464,sec
014,drug,t0,Baseline length,60.0,sec
021,drug,TR,Repetition time,0.0023,sec
021,drug,FA_1,Flip angle - first scan,15,deg
021,drug,FA_2,Flip angle - second scan,15,deg
021,drug,weight,Subject body weight,70.0,kg
021,drug,dose_1,Contrast agent dose - first scan,0.025,mL/kg
021,drug,dose_2,Contrast agent dose - second scan,0.025,mL/kg
021,drug,liver_volume,Whole liver volume,902.2290997572,mL
021,drug,kidney_volume,Both kidneys volume,0.0,mL
021,drug,T1_aorta_1,First aorta T1,1.681,sec
021,drug,T1_aorta_2,Second aorta T1,0.16519999999999999,sec
021,drug,T1_aorta_3,Third aorta T1,1.01616,sec
021,drug,T1_liver_1,First liver T1,0.77904,sec
021,drug,T1_liver_2,Second liver T1,0.42941,sec
021,drug,T1_liver_3,Third liver T1,0.56117,sec
021,drug,T1_kidney_1,First kidney T1,nan,sec
021,drug,T1_kidney_2,Second kidney T1,nan,sec
021,drug,T1_kidney_3,Third kidney T1,nan,sec
021,drug,T1_portal_1,First portal T1,nan,sec
021,drug,T1_portal_2,Second portal T1,nan,sec
021,drug,T1_portal_3,Third portal T1,nan,sec
021,drug,T1_time_1,First T1 time,38974,sec
021,drug,T1_time_2,Second T1 time,42027,sec
021,drug,T1_time_3,Third T1 time,46196,sec
021,drug,t0,Baseline length,60.0,sec
022,drug,TR,Repetition time,0.0023,sec
022,drug,FA_1,Flip angle - first scan,15,deg
022,drug,FA_2,Flip angle - second scan,15,deg
022,drug,weight,Subject body weight,72.0,kg
022,drug,dose_1,Contrast agent dose - first scan,0.025,mL/kg
022,drug,dose_2,Contrast agent dose - second scan,0.025,mL/kg
022,drug,liver_volume,Whole liver volume,1171.845000192,mL
022,drug,kidney_volume,Both kidneys volume,0.0,mL
022,drug,T1_aorta_1,First aorta T1,1.681,sec
022,drug,T1_aorta_2,Second aorta T1,0.6091,sec
022,drug,T1_aorta_3,Third aorta T1,1.681,sec
022,drug,T1_liver_1,First liver T1,0.7815700000000001,sec
022,drug,T1_liver_2,Second liver T1,0.42739,sec
022,drug,T1_liver_3,Third liver T1,0.64544,sec
022,drug,T1_kidney_1,First kidney T1,nan,sec
022,drug,T1_kidney_2,Second kidney T1,nan,sec
022,drug,T1_kidney_3,Third kidney T1,nan,sec
022,drug,T1_portal_1,First portal T1,1.32891,sec
022,drug,T1_portal_2,Second portal T1,1.50774,sec
022,drug,T1_portal_3,Third portal T1,nan,sec
022,drug,T1_time_1,First T1 time,38660,sec
022,drug,T1_time_2,Second T1 time,41555,sec
022,drug,T1_time_3,Third T1 time,45925,sec
022,drug,t0,Baseline length,60.0,sec
