subject,study,parameter,value
SHF-002,drug_25,BAT,0.009727435184358904
SHF-002,drug_25,CO,0.04251141679662932
SHF-002,drug_25,Thl,0.6658289077316485
SHF-002,drug_25,Dhl,1.0484799882082645
SHF-002,drug_25,To,1.6247950954758201
SHF-002,drug_25,Eo,1.4511737434785625
SHF-002,drug_25,Toe,0.23649351578351424
SHF-002,drug_25,Eb,0.37535392015769375
SHF-002,drug_25,H,0
SHF-002,drug_25,ve,1.4199856637396457
SHF-002,drug_25,Te,5.384946685260016
SHF-002,drug_25,De,3.130094195098
SHF-002,drug_25,khe,0.3637684837093072
SHF-002,drug_25,Th,3017.5981003353436
SHF-002,drug_25,Kbh,0
SHF-002,drug_25,Khe,0
SHF-002,drug_25,kbh,0
SHF-002,drug_25,CL,0.0
SHF-002,drug_25,AUC_Cb,0
SHF-002,drug_25,AUC_Cl,0
SHF-002,drug_25,AUC35_Cb,0
SHF-002,drug_25,AUC35_Cl,0
SHF-002,drug_25,RE_R1b,0
SHF-002,drug_25,RE_R1l,0
SHF-002,drug_25,RE_Sb,0
SHF-002,drug_25,RE_Sl,0
SHF-002,drug_25,T1_1,0
SHF-002,drug_25,T1_2,0
SHF-002,drug_25,t1_MOLLI,0
SHF-002,drug_25,t2_MOLLI,0
