subject,study,parameter,value
SHF-017,control_15,BAT,1.119158807195916
SHF-017,control_15,CO,8.646678744079123
SHF-017,control_15,Thl,19.478318055292014
SHF-017,control_15,Dhl,37.12857755207923
SHF-017,control_15,To,19.79451104046877
SHF-017,control_15,Eo,16.659509915083472
SHF-017,control_15,Toe,3.2377225694854714
SHF-017,control_15,Eb,9.573029749714502
SHF-017,control_15,H,45.0
SHF-017,control_15,ve,24.95755727602827
SHF-017,control_15,Te,58.210158826196334
SHF-017,control_15,De,90.4329601892511
SHF-017,control_15,khe,44.35511106651751
SHF-017,control_15,Th,59.96468556899643
SHF-017,control_15,Kbh,1.6676482007887496
SHF-017,control_15,Khe,177.72216477740224
SHF-017,control_15,kbh,1.2514439459142426
SHF-017,control_15,CL,0.44187485743284216
SHF-017,control_15,AUC_Cb,24.495955113976198
SHF-017,control_15,AUC_Cl,623.2824555655975
SHF-017,control_15,AUC35_Cb,23.376382315032675
SHF-017,control_15,AUC35_Cl,221.57225807210312
SHF-017,control_15,RE_R1b,10.205624169091914
SHF-017,control_15,RE_R1l,79.23065125805778
SHF-017,control_15,RE_Sb,22.785637578772292
SHF-017,control_15,RE_Sl,68.27355007094637
SHF-017,control_15,T1_1,0.64556
SHF-017,control_15,T1_2,0.37176
SHF-017,control_15,t1_MOLLI,12.851944444444445
SHF-017,control_15,t2_MOLLI,13.6625
