subject,study,parameter,value
SHF-017,control_15,BAT,0.01251020396808931
SHF-017,control_15,CO,0.1806701501654124
SHF-017,control_15,Thl,0.9444135374584441
SHF-017,control_15,Dhl,0.8788944655974162
SHF-017,control_15,To,1.5828772123815493
SHF-017,control_15,Eo,1.3379899435305398
SHF-017,control_15,Toe,0.693874482061836
SHF-017,control_15,Eb,0.8973011890954783
SHF-017,control_15,H,0
SHF-017,control_15,ve,64.05585182650015
SHF-017,control_15,Te,145.4324823315408
SHF-017,control_15,De,26.551206943148912
SHF-017,control_15,khe,4.285229220532427
SHF-017,control_15,Th,28.70614493838337
SHF-017,control_15,Kbh,0
SHF-017,control_15,Khe,0
SHF-017,control_15,kbh,0
SHF-017,control_15,CL,0.0
SHF-017,control_15,AUC_Cb,0
SHF-017,control_15,AUC_Cl,0
SHF-017,control_15,AUC35_Cb,0
SHF-017,control_15,AUC35_Cl,0
SHF-017,control_15,RE_R1b,0
SHF-017,control_15,RE_R1l,0
SHF-017,control_15,RE_Sb,0
SHF-017,control_15,RE_Sl,0
SHF-017,control_15,T1_1,0
SHF-017,control_15,T1_2,0
SHF-017,control_15,t1_MOLLI,0
SHF-017,control_15,t2_MOLLI,0
