subject,study,parameter,value
SHF-005,control_10,BAT,1.2969547021432735
SHF-005,control_10,CO,3.6165205083560417
SHF-005,control_10,Thl,11.60068576575349
SHF-005,control_10,Dhl,72.28408107459207
SHF-005,control_10,To,36.441703470736066
SHF-005,control_10,Eo,22.27013814894115
SHF-005,control_10,Toe,1.8468236821078952
SHF-005,control_10,Eb,11.219435503093269
SHF-005,control_10,H,45.0
SHF-005,control_10,ve,20.708722804415313
SHF-005,control_10,Te,39.69190675557059
SHF-005,control_10,De,76.4331213556028
SHF-005,control_10,khe,21.224562155927323
SHF-005,control_10,Th,58.029623200250974
SHF-005,control_10,Kbh,1.7232577860262153
SHF-005,control_10,Khe,102.49092788765336
SHF-005,control_10,kbh,1.3663931079125422
SHF-005,control_10,CL,0.19139702021815455
SHF-005,control_10,AUC_Cb,33.54701633666865
SHF-005,control_10,AUC_Cl,403.5730278050982
SHF-005,control_10,AUC35_Cb,32.3354306632866
SHF-005,control_10,AUC35_Cl,154.052038383503
SHF-005,control_10,RE_R1b,14.096851564472324
SHF-005,control_10,RE_R1l,65.95871472868488
SHF-005,control_10,RE_Sb,26.144320303776915
SHF-005,control_10,RE_Sl,45.866576216515206
SHF-005,control_10,T1_1,0.78715
SHF-005,control_10,T1_2,0.49327
SHF-005,control_10,t1_MOLLI,14.248888888888889
SHF-005,control_10,t2_MOLLI,15.06611111111111
