subject,study,parameter,value
SHF-005,control_10,BAT,0.021056275261835896
SHF-005,control_10,CO,0.14167610433088731
SHF-005,control_10,Thl,1.5483549117274498
SHF-005,control_10,Dhl,7.335182739569006
SHF-005,control_10,To,7.919896066851041
SHF-005,control_10,Eo,6.607695496229299
SHF-005,control_10,Toe,1.1692354606087205
SHF-005,control_10,Eb,2.7334871665663334
SHF-005,control_10,H,0
SHF-005,control_10,ve,5.87900558548777
SHF-005,control_10,Te,12.944613132897324
SHF-005,control_10,De,10.303975553543687
SHF-005,control_10,khe,3.3108890998170137
SHF-005,control_10,Th,107.93468998436903
SHF-005,control_10,Kbh,0
SHF-005,control_10,Khe,0
SHF-005,control_10,kbh,0
SHF-005,control_10,CL,0.0
SHF-005,control_10,AUC_Cb,0
SHF-005,control_10,AUC_Cl,0
SHF-005,control_10,AUC35_Cb,0
SHF-005,control_10,AUC35_Cl,0
SHF-005,control_10,RE_R1b,0
SHF-005,control_10,RE_R1l,0
SHF-005,control_10,RE_Sb,0
SHF-005,control_10,RE_Sl,0
SHF-005,control_10,T1_1,0
SHF-005,control_10,T1_2,0
SHF-005,control_10,t1_MOLLI,0
SHF-005,control_10,t2_MOLLI,0
