subject,study,parameter,value
LDS-010,control_35,BAT,1.2215482355838554
LDS-010,control_35,CO,6.3779404717353705
LDS-010,control_35,Thl,14.048031588718144
LDS-010,control_35,Dhl,40.639828880590215
LDS-010,control_35,To,41.39551405443349
LDS-010,control_35,Eo,12.527248722450151
LDS-010,control_35,Toe,8.238955755551848
LDS-010,control_35,Eb,6.397793264265207
LDS-010,control_35,H,45.0
LDS-010,control_35,ve,9.457622789186372
LDS-010,control_35,Te,44.24012450287107
LDS-010,control_35,De,70.24030762324671
LDS-010,control_35,khe,22.38927335478145
LDS-010,control_35,Th,48.34928466369
LDS-010,control_35,Kbh,2.0682829269467837
LDS-010,control_35,Khe,236.73256857294868
LDS-010,control_35,kbh,1.8726725295030138
LDS-010,control_35,CL,0.24088420228937057
LDS-010,control_35,AUC_Cb,49.682392755044766
LDS-010,control_35,AUC_Cl,520.4140309425138
LDS-010,control_35,AUC35_Cb,35.13177921663308
LDS-010,control_35,AUC35_Cl,146.9499824503279
LDS-010,control_35,RE_R1b,18.104165175471998
LDS-010,control_35,RE_R1l,64.59591132791434
LDS-010,control_35,RE_Sb,16.242849043838795
LDS-010,control_35,RE_Sl,51.65390957963404
LDS-010,control_35,T1_1,0.806320007
LDS-010,control_35,T1_2,0.561890015
LDS-010,control_35,t1_MOLLI,13.861661944444444
LDS-010,control_35,t2_MOLLI,15.021078611111111
