subject,study,parameter,value
LDS-010,control_35,BAT,0.012828808201755642
LDS-010,control_35,CO,0.10150733200613639
LDS-010,control_35,Thl,0.8892152738555495
LDS-010,control_35,Dhl,1.8278337111437966
LDS-010,control_35,To,1.5945852866910888
LDS-010,control_35,Eo,0.5945358547818551
LDS-010,control_35,Toe,0.9406036820085966
LDS-010,control_35,Eb,0.3843630186494295
LDS-010,control_35,H,0
LDS-010,control_35,ve,5.73292858513047
LDS-010,control_35,Te,24.404024143611377
LDS-010,control_35,De,18.270846590701765
LDS-010,control_35,khe,0.5037853800558358
LDS-010,control_35,Th,2.5051342860909
LDS-010,control_35,Kbh,0
LDS-010,control_35,Khe,0
LDS-010,control_35,kbh,0
LDS-010,control_35,CL,0.0
LDS-010,control_35,AUC_Cb,0
LDS-010,control_35,AUC_Cl,0
LDS-010,control_35,AUC35_Cb,0
LDS-010,control_35,AUC35_Cl,0
LDS-010,control_35,RE_R1b,0
LDS-010,control_35,RE_R1l,0
LDS-010,control_35,RE_Sb,0
LDS-010,control_35,RE_Sl,0
LDS-010,control_35,T1_1,0
LDS-010,control_35,T1_2,0
LDS-010,control_35,t1_MOLLI,0
LDS-010,control_35,t2_MOLLI,0
