subject,study,parameter,value
SHF-011,control_25,BAT,1.2997434560096768
SHF-011,control_25,CO,6.660212935132341
SHF-011,control_25,Thl,15.497234327621237
SHF-011,control_25,Dhl,50.918956405211915
SHF-011,control_25,To,25.904740153940008
SHF-011,control_25,Eo,17.156263158314918
SHF-011,control_25,Toe,5.81061826831409
SHF-011,control_25,Eb,6.96128154577895
SHF-011,control_25,H,45.0
SHF-011,control_25,ve,31.595168389919497
SHF-011,control_25,Te,32.40827073156902
SHF-011,control_25,De,87.58571475399253
SHF-011,control_25,khe,61.52053169514711
SHF-011,control_25,Th,15.381373083351546
SHF-011,control_25,Kbh,6.501370161044839
SHF-011,control_25,Khe,194.71499862230635
SHF-011,control_25,kbh,4.447251311010742
SHF-011,control_25,CL,0.49774821217585796
SHF-011,control_25,AUC_Cb,29.137956725813847
SHF-011,control_25,AUC_Cl,292.404982323913
SHF-011,control_25,AUC35_Cb,22.295263086151557
SHF-011,control_25,AUC35_Cl,167.87467464405788
SHF-011,control_25,RE_R1b,12.250011414587872
SHF-011,control_25,RE_R1l,66.48490306306097
SHF-011,control_25,RE_Sb,11.663172855158175
SHF-011,control_25,RE_Sl,53.38374774059095
SHF-011,control_25,T1_1,0.76065
SHF-011,control_25,T1_2,0.49798
SHF-011,control_25,t1_MOLLI,14.463611111111112
SHF-011,control_25,t2_MOLLI,15.278611111111111
