subject,study,parameter,value
SHF-011,control_25,BAT,0.07276079673929828
SHF-011,control_25,CO,1.2385492060150727
SHF-011,control_25,Thl,3.2529080759355233
SHF-011,control_25,Dhl,8.55317261966302
SHF-011,control_25,To,3.6461815937547835
SHF-011,control_25,Eo,1.754032761848107
SHF-011,control_25,Toe,1.2040028011890298
SHF-011,control_25,Eb,2.8763788853033714
SHF-011,control_25,H,0
SHF-011,control_25,ve,11.138292211946974
SHF-011,control_25,Te,14.205997704563755
SHF-011,control_25,De,9.460141283494417
SHF-011,control_25,khe,3.1963489737219444
SHF-011,control_25,Th,0.9367104957666138
SHF-011,control_25,Kbh,0
SHF-011,control_25,Khe,0
SHF-011,control_25,kbh,0
SHF-011,control_25,CL,0.0
SHF-011,control_25,AUC_Cb,0
SHF-011,control_25,AUC_Cl,0
SHF-011,control_25,AUC35_Cb,0
SHF-011,control_25,AUC35_Cl,0
SHF-011,control_25,RE_R1b,0
SHF-011,control_25,RE_R1l,0
SHF-011,control_25,RE_Sb,0
SHF-011,control_25,RE_Sl,0
SHF-011,control_25,T1_1,0
SHF-011,control_25,T1_2,0
SHF-011,control_25,t1_MOLLI,0
SHF-011,control_25,t2_MOLLI,0
