subject,study,parameter,description,value,unit
002,control,TR,Repetition time,0.0023,sec
002,control,FA_1,Flip angle - first scan,15,deg
002,control,FA_2,Flip angle - second scan,15,deg
002,control,weight,Subject body weight,65.0,kg
002,control,dose_1,Contrast agent dose - first scan,0.025,mL/kg
002,control,dose_2,Contrast agent dose - second scan,0.025,mL/kg
002,control,liver_volume,Whole liver volume,161.35756350300002,mL
002,control,kidney_volume,Both kidneys volume,19.549823001249997,mL
002,control,T1_aorta_1,First aorta T1,1.26167,sec
002,control,T1_aorta_2,Second aorta T1,1.43052,sec
002,control,T1_aorta_3,Third aorta T1,1.3043099999999999,sec
002,control,T1_liver_1,First liver T1,0.73111,sec
002,control,T1_liver_2,Second liver T1,0.33114,sec
002,control,T1_liver_3,Third liver T1,0.62402,sec
002,control,T1_kidney_1,First kidney T1,nan,sec
002,control,T1_kidney_2,Second kidney T1,nan,sec
002,control,T1_kidney_3,Third kidney T1,nan,sec
002,control,T1_portal_1,First portal T1,nan,sec
002,control,T1_portal_2,Second portal T1,nan,sec
002,control,T1_portal_3,Third portal T1,nan,sec
002,control,T1_time_1,First T1 time,40127,sec
002,control,T1_time_2,Second T1 time,43289,sec
002,control,T1_time_3,Third T1 time,49231,sec
002,control,t0,Baseline length,60.0,sec
004,control,TR,Repetition time,0.0023,sec
004,control,FA_1,Flip angle - first scan,15,deg
004,control,FA_2,Flip angle - second scan,15,deg
004,control,weight,Subject body weight,73.0,kg
004,control,dose_1,Contrast agent dose - first scan,0.025,mL/kg
004,control,dose_2,Contrast agent dose - second scan,0.025,mL/kg
004,control,liver_volume,Whole liver volume,872.3226388147999,mL
004,control,kidney_volume,Both kidneys volume,69.9597568474,mL
004,control,T1_aorta_1,First aorta T1,1.681,sec
004,control,T1_aorta_2,Second aorta T1,0.125,sec
004,control,T1_aorta_3,Third aorta T1,1.681,sec
004,control,T1_liver_1,First liver T1,0.79748,sec
004,control,T1_liver_2,Second liver T1,0.51401,sec
004,control,T1_liver_3,Third liver T1,0.69331,sec
004,control,T1_kidney_1,First kidney T1,nan,sec
004,control,T1_kidney_2,Second kidney T1,nan,sec
004,control,T1_kidney_3,Third kidney T1,nan,sec
004,control,T1_portal_1,First portal T1,1.4063800000000002,sec
004,control,T1_portal_2,Second portal T1,nan,sec
004,control,T1_portal_3,Third portal T1,nan,sec
004,control,T1_time_1,First T1 time,37927,sec
004,control,T1_time_2,Second T1 time,40955,sec
004,control,T1_time_3,Third T1 time,46606,sec
004,control,t0,Baseline length,60.0,sec
005,control,TR,Repetition time,0.0023,sec
005,control,FA_1,Flip angle - first scan,15,deg
005,control,FA_2,Flip angle - second scan,15,deg
005,control,weight,Subject body weight,59.0,kg
005,control,dose_1,Contrast agent dose - first scan,0.025,mL/kg
005,control,dose_2,Contrast agent dose - second scan,0.025,mL/kg
005,control,liver_volume,Whole liver volume,901.7713478039999,mL
005,control,kidney_volume,Both kidneys volume,64.23785743239999,mL
005,control,T1_aorta_1,First aorta T1,1.681,sec
005,control,T1_aorta_2,Second aorta T1,0.67234,sec
005,control,T1_aorta_3,Third aorta T1,0.92432,sec
005,control,T1_liver_1,First liver T1,0.78715,sec
005,control,T1_liver_2,Second liver T1,0.49327,sec
005,control,T1_liver_3,Third liver T1,0.57409,sec
005,control,T1_kidney_1,First kidney T1,nan,sec
005,control,T1_kidney_2,Second kidney T1,nan,sec
005,control,T1_kidney_3,Third kidney T1,nan,sec
005,control,T1_portal_1,First portal T1,nan,sec
005,control,T1_portal_2,Second portal T1,1.44661,sec
005,control,T1_portal_3,Third portal T1,nan,sec
005,control,T1_time_1,First T1 time,51296,sec
005,control,T1_time_2,Second T1 time,54238,sec
005,control,T1_time_3,Third T1 time,58197,sec
005,control,t0,Baseline length,60.0,sec
006,control,TR,Repetition time,0.0023,sec
006,control,FA_1,Flip angle - first scan,15,deg
006,control,FA_2,Flip angle - second scan,15,deg
006,control,weight,Subject body weight,66.0,kg
006,control,dose_1,Contrast agent dose - first scan,0.025,mL/kg
006,control,dose_2,Contrast agent dose - second scan,0.025,mL/kg
006,control,liver_volume,Whole liver volume,1087.5423488109998,mL
006,control,kidney_volume,Both kidneys volume,53.70956250880001,mL
006,control,T1_aorta_1,First aorta T1,1.681,sec
006,control,T1_aorta_2,Second aorta T1,0.00212,sec
006,control,T1_aorta_3,Third aorta T1,0.11362,sec
006,control,T1_liver_1,First liver T1,0.68025,sec
006,control,T1_liver_2,Second liver T1,0.68286,sec
006,control,T1_liver_3,Third liver T1,0.6430499999999999,sec
006,control,T1_kidney_1,First kidney T1,nan,sec
006,control,T1_kidney_2,Second kidney T1,nan,sec
006,control,T1_kidney_3,Third kidney T1,nan,sec
006,control,T1_portal_1,First portal T1,1.36828,sec
006,control,T1_portal_2,Second portal T1,1.3656300000000001,sec
006,control,T1_portal_3,Third portal T1,1.18008,sec
006,control,T1_time_1,First T1 time,32102,sec
006,control,T1_time_2,Second T1 time,32102,sec
006,control,T1_time_3,Third T1 time,42202,sec
006,control,t0,Baseline length,60.0,sec
009,control,TR,Repetition time,0.0023,sec
009,control,FA_1,Flip angle - first scan,15,deg
009,control,FA_2,Flip angle - second scan,15,deg
009,control,weight,Subject body weight,85.0,kg
009,control,dose_1,Contrast agent dose - first scan,0.025,mL/kg
009,control,dose_2,Contrast agent dose - second scan,0.025,mL/kg
009,control,liver_volume,Whole liver volume,796.9461505211979,mL
009,control,kidney_volume,Both kidneys volume,0.0,mL
009,control,T1_aorta_1,First aorta T1,1.681,sec
009,control,T1_aorta_2,Second aorta T1,1.681,sec
009,control,T1_aorta_3,Third aorta T1,1.681,sec
009,control,T1_liver_1,First liver T1,0.7608400000000001,sec
009,control,T1_liver_2,Second liver T1,0.42171,sec
009,control,T1_liver_3,Third liver T1,0.51971,sec
009,control,T1_kidney_1,First kidney T1,nan,sec
009,control,T1_kidney_2,Second kidney T1,nan,sec
009,control,T1_kidney_3,Third kidney T1,nan,sec
009,control,T1_portal_1,First portal T1,nan,sec
009,control,T1_portal_2,Second portal T1,nan,sec
009,control,T1_portal_3,Third portal T1,nan,sec
009,control,T1_time_1,First T1 time,32765,sec
009,control,T1_time_2,Second T1 time,35761,sec
009,control,T1_time_3,Third T1 time,41148,sec
009,control,t0,Baseline length,60.0,sec
017,control,TR,Repetition time,0.0023,sec
017,control,FA_1,Flip angle - first scan,15,deg
017,control,FA_2,Flip angle - second scan,15,deg
017,control,weight,Subject body weight,75.0,kg
017,control,dose_1,Contrast agent dose - first scan,0.025,mL/kg
017,control,dose_2,Contrast agent dose - second scan,0.025,mL/kg
017,control,liver_volume,Whole liver volume,996.2208341476,mL
017,control,kidney_volume,Both kidneys volume,0.4577519532,mL
017,control,T1_aorta_1,First aorta T1,1.681,sec
017,control,T1_aorta_2,Second aorta T1,1.681,sec
017,control,T1_aorta_3,Third aorta T1,1.89578,sec
017,control,T1_liver_1,First liver T1,0.6455599999999999,sec
017,control,T1_liver_2,Second liver T1,0.37176,sec
017,control,T1_liver_3,Third liver T1,0.69299,sec
017,control,T1_kidney_1,First kidney T1,nan,sec
017,control,T1_kidney_2,Second kidney T1,nan,sec
017,control,T1_kidney_3,Third kidney T1,nan,sec
017,control,T1_portal_1,First portal T1,1.50818,sec
017,control,T1_portal_2,Second portal T1,nan,sec
017,control,T1_portal_3,Third portal T1,nan,sec
017,control,T1_time_1,First T1 time,46267,sec
017,control,T1_time_2,Second T1 time,49185,sec
017,control,T1_time_3,Third T1 time,58507,sec
017,control,t0,Baseline length,60.0,sec
002,drug,TR,Repetition time,0.0023,sec
002,drug,FA_1,Flip angle - first scan,15,deg
002,drug,FA_2,Flip angle - second scan,15,deg
002,drug,weight,Subject body weight,65.0,kg
002,drug,dose_1,Contrast agent dose - first scan,0.025,mL/kg
002,drug,dose_2,Contrast agent dose - second scan,0.025,mL/kg
002,drug,liver_volume,Whole liver volume,706.9215997252,mL
002,drug,kidney_volume,Both kidneys volume,46.84328321080001,mL
002,drug,T1_aorta_1,First aorta T1,1.15364,sec
002,drug,T1_aorta_2,Second aorta T1,1.681,sec
002,drug,T1_aorta_3,Third aorta T1,1.6446800000000001,sec
002,drug,T1_liver_1,First liver T1,0.77562,sec
002,drug,T1_liver_2,Second liver T1,0.59264,sec
002,drug,T1_liver_3,Third liver T1,0.59412,sec
002,drug,T1_kidney_1,First kidney T1,nan,sec
002,drug,T1_kidney_2,Second kidney T1,nan,sec
002,drug,T1_kidney_3,Third kidney T1,nan,sec
002,drug,T1_portal_1,First portal T1,nan,sec
002,drug,T1_portal_2,Second portal T1,nan,sec
002,drug,T1_portal_3,Third portal T1,nan,sec
002,drug,T1_time_1,First T1 time,35409,sec
002,drug,T1_time_2,Second T1 time,38358,sec
002,drug,T1_time_3,Third T1 time,44680,sec
002,drug,t0,Baseline length,60.0,sec
004,drug,TR,Repetition time,0.0023,sec
004,drug,FA_1,Flip angle - first scan,15,deg
004,drug,FA_2,Flip angle - second scan,15,deg
004,drug,weight,Subject body weight,73.0,kg
004,drug,dose_1,Contrast agent dose - first scan,0.025,mL/kg
004,drug,dose_2,Contrast agent dose - second scan,0.025,mL/kg
004,drug,liver_volume,Whole liver volume,822.1225079472,mL
004,drug,kidney_volume,Both kidneys volume,52.031138680400005,mL
004,drug,T1_aorta_1,First aorta T1,1.4990999999999999,sec
004,drug,T1_aorta_2,Second aorta T1,1.4916099999999999,sec
004,drug,T1_aorta_3,Third aorta T1,0.20502,sec
004,drug,T1_liver_1,First liver T1,0.78004,sec
004,drug,T1_liver_2,Second liver T1,0.7800199999999999,sec
004,drug,T1_liver_3,Third liver T1,0.69465,sec
004,drug,T1_kidney_1,First kidney T1,nan,sec
004,drug,T1_kidney_2,Second kidney T1,nan,sec
004,drug,T1_kidney_3,Third kidney T1,nan,sec
004,drug,T1_portal_1,First portal T1,nan,sec
004,drug,T1_portal_2,Second portal T1,nan,sec
004,drug,T1_portal_3,Third portal T1,nan,sec
004,drug,T1_time_1,First T1 time,40364,sec
004,drug,T1_time_2,Second T1 time,40364,sec
004,drug,T1_time_3,Third T1 time,48829,sec
004,drug,t0,Baseline length,60.0,sec
005,drug,TR,Repetition time,0.0023,sec
005,drug,FA_1,Flip angle - first scan,15,deg
005,drug,FA_2,Flip angle - second scan,15,deg
005,drug,weight,Subject body weight,59.0,kg
005,drug,dose_1,Contrast agent dose - first scan,0.025,mL/kg
005,drug,dose_2,Contrast agent dose - second scan,0.025,mL/kg
005,drug,liver_volume,Whole liver volume,908.7139190942002,mL
005,drug,kidney_volume,Both kidneys volume,52.870350594600005,mL
005,drug,T1_aorta_1,First aorta T1,2.0802899999999998,sec
005,drug,T1_aorta_2,Second aorta T1,1.681,sec
005,drug,T1_aorta_3,Third aorta T1,1.31038,sec
005,drug,T1_liver_1,First liver T1,0.78973,sec
005,drug,T1_liver_2,Second liver T1,0.7094600000000001,sec
005,drug,T1_liver_3,Third liver T1,0.72449,sec
005,drug,T1_kidney_1,First kidney T1,nan,sec
005,drug,T1_kidney_2,Second kidney T1,nan,sec
005,drug,T1_kidney_3,Third kidney T1,nan,sec
005,drug,T1_portal_1,First portal T1,nan,sec
005,drug,T1_portal_2,Second portal T1,nan,sec
005,drug,T1_portal_3,Third portal T1,nan,sec
005,drug,T1_time_1,First T1 time,47929,sec
005,drug,T1_time_2,Second T1 time,50765,sec
005,drug,T1_time_3,Third T1 time,55100,sec
005,drug,t0,Baseline length,60.0,sec
006,drug,TR,Repetition time,0.0023,sec
006,drug,FA_1,Flip angle - first scan,15,deg
006,drug,FA_2,Flip angle - second scan,15,deg
006,drug,weight,Subject body weight,66.0,kg
006,drug,dose_1,Contrast agent dose - first scan,0.025,mL/kg
006,drug,dose_2,Contrast agent dose - second scan,0.025,mL/kg
006,drug,liver_volume,Whole liver volume,1050.7696085706,mL
006,drug,kidney_volume,Both kidneys volume,72.095932629,mL
006,drug,T1_aorta_1,First aorta T1,1.681,sec
006,drug,T1_aorta_2,Second aorta T1,0.00055,sec
006,drug,T1_aorta_3,Third aorta T1,0.48005000000000003,sec
006,drug,T1_liver_1,First liver T1,0.721,sec
006,drug,T1_liver_2,Second liver T1,0.5706,sec
006,drug,T1_liver_3,Third liver T1,0.6207699999999999,sec
006,drug,T1_kidney_1,First kidney T1,nan,sec
006,drug,T1_kidney_2,Second kidney T1,nan,sec
006,drug,T1_kidney_3,Third kidney T1,nan,sec
006,drug,T1_portal_1,First portal T1,nan,sec
006,drug,T1_portal_2,Second portal T1,nan,sec
006,drug,T1_portal_3,Third portal T1,nan,sec
006,drug,T1_time_1,First T1 time,37685,sec
006,drug,T1_time_2,Second T1 time,41603,sec
006,drug,T1_time_3,Third T1 time,47214,sec
006,drug,t0,Baseline length,60.0,sec
009,drug,TR,Repetition time,0.0023,sec
009,drug,FA_1,Flip angle - first scan,15,deg
009,drug,FA_2,Flip angle - second scan,15,deg
009,drug,weight,Subject body weight,85.0,kg
009,drug,dose_1,Contrast agent dose - first scan,0.025,mL/kg
009,drug,dose_2,Contrast agent dose - second scan,0.025,mL/kg
009,drug,liver_volume,Whole liver volume,831.7352989644,mL
009,drug,kidney_volume,Both kidneys volume,0.0,mL
009,drug,T1_aorta_1,First aorta T1,1.681,sec
009,drug,T1_aorta_2,Second aorta T1,0.18586000000000003,sec
009,drug,T1_aorta_3,Third aorta T1,0.9236,sec
009,drug,T1_liver_1,First liver T1,0.73764,sec
009,drug,T1_liver_2,Second liver T1,0.58453,sec
009,drug,T1_liver_3,Third liver T1,0.57185,sec
009,drug,T1_kidney_1,First kidney T1,nan,sec
009,drug,T1_kidney_2,Second kidney T1,nan,sec
009,drug,T1_kidney_3,Third kidney T1,nan,sec
009,drug,T1_portal_1,First portal T1,1.2761500000000001,sec
009,drug,T1_portal_2,Second portal T1,0.9481900000000001,sec
009,drug,T1_portal_3,Third portal T1,1.26391,sec
009,drug,T1_time_1,First T1 time,35799,sec
009,drug,T1_time_2,Second T1 time,38730,sec
009,drug,T1_time_3,Third T1 time,44953,sec
009,drug,t0,Baseline length,60.0,sec
017,drug,TR,Repetition time,0.0023,sec
017,drug,FA_1,Flip angle - first scan,15,deg
017,drug,FA_2,Flip angle - second scan,15,deg
017,drug,weight,Subject body weight,75.0,kg
017,drug,dose_1,Contrast agent dose - first scan,0.025,mL/kg
017,drug,dose_2,Contrast agent dose - second scan,0.025,mL/kg
017,drug,liver_volume,Whole liver volume,1088.7630206862,mL
017,drug,kidney_volume,Both kidneys volume,0.0,mL
017,drug,T1_aorta_1,First aorta T1,1.681,sec
017,drug,T1_aorta_2,Second aorta T1,0.00116,sec
017,drug,T1_aorta_3,Third aorta T1,1.681,sec
017,drug,T1_liver_1,First liver T1,0.70301,sec
017,drug,T1_liver_2,Second liver T1,0.53874,sec
017,drug,T1_liver_3,Third liver T1,0.53179,sec
017,drug,T1_kidney_1,First kidney T1,nan,sec
017,drug,T1_kidney_2,Second kidney T1,nan,sec
017,drug,T1_kidney_3,Third kidney T1,nan,sec
017,drug,T1_portal_1,First portal T1,nan,sec
017,drug,T1_portal_2,Second portal T1,nan,sec
017,drug,T1_portal_3,Third portal T1,nan,sec
017,drug,T1_time_1,First T1 time,40731,sec
017,drug,T1_time_2,Second T1 time,43829,sec
017,drug,T1_time_3,Third T1 time,48933,sec
017,drug,t0,Baseline length,60.0,sec
