subject,study,parameter,value
SHF-010,control_25,BAT,1.1359201211644687
SHF-010,control_25,CO,6.736695236847356
SHF-010,control_25,Thl,21.33684918602563
SHF-010,control_25,Dhl,39.79111965406841
SHF-010,control_25,To,27.365815041307386
SHF-010,control_25,Eo,24.119635673377584
SHF-010,control_25,Toe,5.989741277804441
SHF-010,control_25,Eb,6.724630526424358
SHF-010,control_25,H,45.0
SHF-010,control_25,ve,25.01564292113728
SHF-010,control_25,Te,41.908691188423056
SHF-010,control_25,De,88.35604953871771
SHF-010,control_25,khe,39.231071947733355
SHF-010,control_25,Th,46.68111919744029
SHF-010,control_25,Kbh,2.1421937117026832
SHF-010,control_25,Khe,156.82615902142
SHF-010,control_25,kbh,1.6063101821040828
SHF-010,control_25,CL,0.37077490075838276
SHF-010,control_25,AUC_Cb,44.65697577056378
SHF-010,control_25,AUC_Cl,795.2296064324677
SHF-010,control_25,AUC35_Cb,28.344828399151233
SHF-010,control_25,AUC35_Cl,206.29792202828838
SHF-010,control_25,RE_R1b,16.38883590344149
SHF-010,control_25,RE_R1l,84.67137961588753
SHF-010,control_25,RE_Sb,14.355279655349976
SHF-010,control_25,RE_Sl,69.50546173859524
SHF-010,control_25,T1_1,0.76626
SHF-010,control_25,T1_2,0.41884
SHF-010,control_25,t1_MOLLI,10.315555555555555
SHF-010,control_25,t2_MOLLI,11.1275
