subject,study,parameter,value
SHF-010,control_25,BAT,0.011754522480398561
SHF-010,control_25,CO,0.1298448486076868
SHF-010,control_25,Thl,0.9119648639720416
SHF-010,control_25,Dhl,1.0150695082461048
SHF-010,control_25,To,1.8641642061977817
SHF-010,control_25,Eo,1.0326639390237247
SHF-010,control_25,Toe,0.759559306010772
SHF-010,control_25,Eb,0.9161035630835263
SHF-010,control_25,H,0
SHF-010,control_25,ve,7.571813547629167
SHF-010,control_25,Te,15.7943758575887
SHF-010,control_25,De,7.08888209526283
SHF-010,control_25,khe,1.2752851494741815
SHF-010,control_25,Th,5.216393830444483
SHF-010,control_25,Kbh,0
SHF-010,control_25,Khe,0
SHF-010,control_25,kbh,0
SHF-010,control_25,CL,0.0
SHF-010,control_25,AUC_Cb,0
SHF-010,control_25,AUC_Cl,0
SHF-010,control_25,AUC35_Cb,0
SHF-010,control_25,AUC35_Cl,0
SHF-010,control_25,RE_R1b,0
SHF-010,control_25,RE_R1l,0
SHF-010,control_25,RE_Sb,0
SHF-010,control_25,RE_Sl,0
SHF-010,control_25,T1_1,0
SHF-010,control_25,T1_2,0
SHF-010,control_25,t1_MOLLI,0
SHF-010,control_25,t2_MOLLI,0
