subject,study,parameter,value
GOT-001,control_20,BAT,1.26569650180665
GOT-001,control_20,CO,10.97656870662517
GOT-001,control_20,Thl,15.884090488770946
GOT-001,control_20,Dhl,43.04981964371153
GOT-001,control_20,To,25.573446197375745
GOT-001,control_20,Eo,19.793713311099502
GOT-001,control_20,Toe,4.5704316424022435
GOT-001,control_20,Eb,2.655851637601736
GOT-001,control_20,H,45.0
GOT-001,control_20,ve,22.80554104313648
GOT-001,control_20,Te,59.999999994
GOT-001,control_20,De,80.33538917783898
GOT-001,control_20,khe,1.6817563396957673
GOT-001,control_20,Th,96.79877453918019
GOT-001,control_20,Kbh,1.0330709296275655
GOT-001,control_20,Khe,7.374332126191351
GOT-001,control_20,kbh,0.7974735147666394
GOT-001,control_20,CL,0.013945047829178787
GOT-001,control_20,AUC_Cb,89.96029304476771
GOT-001,control_20,AUC_Cl,141.25650211740924
GOT-001,control_20,AUC35_Cb,40.91308729964434
GOT-001,control_20,AUC35_Cl,28.974964524838278
GOT-001,control_20,RE_R1b,30.556043803271777
GOT-001,control_20,RE_R1l,13.43121717150224
GOT-001,control_20,RE_Sb,11.481751849095225
GOT-001,control_20,RE_Sl,10.297271033064192
GOT-001,control_20,T1_1,0.991830017
GOT-001,control_20,T1_2,0.853159973
GOT-001,control_20,t1_MOLLI,12.486702777777777
GOT-001,control_20,t2_MOLLI,13.096444444444444
