subject,study,parameter,value
GOT-001,control_20,BAT,0.0012056522501435365
GOT-001,control_20,CO,0.1428823297520099
GOT-001,control_20,Thl,0.16053555502435993
GOT-001,control_20,Dhl,0.7498709321650786
GOT-001,control_20,To,1.043067190403579
GOT-001,control_20,Eo,0.6342297745864119
GOT-001,control_20,Toe,0.43391352833322044
GOT-001,control_20,Eb,0.4847827181899615
GOT-001,control_20,H,0
GOT-001,control_20,ve,1.5381361594102951
GOT-001,control_20,Te,6.602129873029542
GOT-001,control_20,De,3.6131528455923663
GOT-001,control_20,khe,0.6159985584517484
GOT-001,control_20,Th,338.16716090393703
GOT-001,control_20,Kbh,0
GOT-001,control_20,Khe,0
GOT-001,control_20,kbh,0
GOT-001,control_20,CL,0.0
GOT-001,control_20,AUC_Cb,0
GOT-001,control_20,AUC_Cl,0
GOT-001,control_20,AUC35_Cb,0
GOT-001,control_20,AUC35_Cl,0
GOT-001,control_20,RE_R1b,0
GOT-001,control_20,RE_R1l,0
GOT-001,control_20,RE_Sb,0
GOT-001,control_20,RE_Sl,0
GOT-001,control_20,T1_1,0
GOT-001,control_20,T1_2,0
GOT-001,control_20,t1_MOLLI,0
GOT-001,control_20,t2_MOLLI,0
