subject,study,parameter,value
LDS-003,control,S02a,11060.089572730427
LDS-003,control,S02l,8740.671099616015
LDS-003,control,BAT2,0.19309786934742684
LDS-003,control,BAT,1.21321811119077
LDS-003,control,CO,7.364691309969706
LDS-003,control,Thl,10.604072552272793
LDS-003,control,Dhl,34.71721572250523
LDS-003,control,To,17.45896952250813
LDS-003,control,Eo,17.552244125496806
LDS-003,control,Toe,2.3141782126465755
LDS-003,control,Eb,7.0321310380626905
LDS-003,control,H,45.0
LDS-003,control,ve,36.624485643754966
LDS-003,control,Te,59.99959238425666
LDS-003,control,De,88.39867213426128
LDS-003,control,khe_i,43.50050867151811
LDS-003,control,khe_f,4.530252853829653
LDS-003,control,Th_i,51.190068172800004
LDS-003,control,Th_f,10.000020011952408
LDS-003,control,Th,30.595044092376206
LDS-003,control,khe,24.015380762673885
LDS-003,control,Kbh,3.2685032156864384
LDS-003,control,Khe,65.57192637808109
LDS-003,control,kbh,2.071430724691689
LDS-003,control,kbh_i,1.2380431716228852
LDS-003,control,kbh_f,6.337538752972113
LDS-003,control,CL,0.2099117827247702
LDS-003,control,AUC_Cb,13.077368659426789
LDS-003,control,AUC_Cl,219.64400482464555
LDS-003,control,AUC35_Cb,12.496261233676146
LDS-003,control,AUC35_Cl,78.23373874835323
LDS-003,control,RE_R1b,5.890019680800087
LDS-003,control,RE_R1l,41.64030572710024
LDS-003,control,RE_Sb,28.865642819683675
LDS-003,control,RE_Sl,36.02204550854229
LDS-003,control,T1_1,0.706900024
LDS-003,control,T1_2,0.529400024
LDS-003,control,t1_MOLLI,10.707445833333333
LDS-003,control,t2_MOLLI,11.655478055555555
LDS-003,control,T1_3,0.659650024
LDS-003,control,t3_MOLLI,13.256730833333334
LDS-003,control,t0,10.869368749999998
LDS-003,control,t1,11.573717361111113
LDS-003,control,t2,13.460626388888889
LDS-003,control,t3,14.262859722222226
LDS-003,control,dt1,2.1775000000052387
LDS-003,control,dt2,2.1775000000052387
