subject,study,parameter,value
LDS-003,control,S02a,14.527514852116312
LDS-003,control,S02l,15.854476668558684
LDS-003,control,BAT2,3.2086506223914835e-12
LDS-003,control,BAT,0.004684124421560019
LDS-003,control,CO,0.15160041700681043
LDS-003,control,Thl,0.38628528405735846
LDS-003,control,Dhl,1.1850734629506057
LDS-003,control,To,1.3316254091749011
LDS-003,control,Eo,1.6968876853425932
LDS-003,control,Toe,0.26194889150247846
LDS-003,control,Eb,0.23654941606653132
LDS-003,control,H,0
LDS-003,control,ve,10.163363288108808
LDS-003,control,Te,19.55639817588249
LDS-003,control,De,5.238299636440191
LDS-003,control,khe_i,1.7721113575862761
LDS-003,control,khe_f,56.27901671798342
LDS-003,control,Th_i,7.488650190385425
LDS-003,control,Th_f,10.059825049431089
LDS-003,control,Th,0.0
LDS-003,control,khe,0
LDS-003,control,Kbh,0
LDS-003,control,Khe,0
LDS-003,control,kbh,0
LDS-003,control,kbh_i,0
LDS-003,control,kbh_f,0
LDS-003,control,CL,0.0
LDS-003,control,AUC_Cb,0
LDS-003,control,AUC_Cl,0
LDS-003,control,AUC35_Cb,0
LDS-003,control,AUC35_Cl,0
LDS-003,control,RE_R1b,0
LDS-003,control,RE_R1l,0
LDS-003,control,RE_Sb,0
LDS-003,control,RE_Sl,0
LDS-003,control,T1_1,0
LDS-003,control,T1_2,0
LDS-003,control,t1_MOLLI,0
LDS-003,control,t2_MOLLI,0
LDS-003,control,T1_3,0
LDS-003,control,t3_MOLLI,0
LDS-003,control,t0,0
LDS-003,control,t1,0
LDS-003,control,t2,0
LDS-003,control,t3,0
LDS-003,control,dt1,0
LDS-003,control,dt2,0
