subject,study,parameter,value
SHF-009,drug_25,BAT,0.007528270341944921
SHF-009,drug_25,CO,0.1604033959745097
SHF-009,drug_25,Thl,0.45603237132345725
SHF-009,drug_25,Dhl,1.5710903074981641
SHF-009,drug_25,To,2.031243233773605
SHF-009,drug_25,Eo,2.0796089117861674
SHF-009,drug_25,Toe,0.27491488743569426
SHF-009,drug_25,Eb,0.26678822433853056
SHF-009,drug_25,H,0
SHF-009,drug_25,ve,3.05412865268503
SHF-009,drug_25,Te,6.266310763874534
SHF-009,drug_25,De,6.20264304957741
SHF-009,drug_25,khe,0.7962305674803926
SHF-009,drug_25,Th,3906.1220493233236
SHF-009,drug_25,Kbh,0
SHF-009,drug_25,Khe,0
SHF-009,drug_25,kbh,0
SHF-009,drug_25,CL,0.0
SHF-009,drug_25,AUC_Cb,0
SHF-009,drug_25,AUC_Cl,0
SHF-009,drug_25,AUC35_Cb,0
SHF-009,drug_25,AUC35_Cl,0
SHF-009,drug_25,RE_R1b,0
SHF-009,drug_25,RE_R1l,0
SHF-009,drug_25,RE_Sb,0
SHF-009,drug_25,RE_Sl,0
SHF-009,drug_25,T1_1,0
SHF-009,drug_25,T1_2,0
SHF-009,drug_25,t1_MOLLI,0
SHF-009,drug_25,t2_MOLLI,0
