subject,study,parameter,value
LDS-005,control_20,BAT,1.2287361338774787
LDS-005,control_20,CO,6.935350509601394
LDS-005,control_20,Thl,14.55505244487203
LDS-005,control_20,Dhl,47.094024678375774
LDS-005,control_20,To,14.182910405311068
LDS-005,control_20,Eo,28.22112278792987
LDS-005,control_20,Toe,1.8049722232578227
LDS-005,control_20,Eb,7.864207172293984
LDS-005,control_20,H,45.0
LDS-005,control_20,ve,33.682613130126015
LDS-005,control_20,Te,59.99968354764948
LDS-005,control_20,De,86.15674949833789
LDS-005,control_20,khe,35.68296141944522
LDS-005,control_20,Th,28.50467355230695
LDS-005,control_20,Kbh,3.508196640684094
LDS-005,control_20,Khe,105.93881561858414
LDS-005,control_20,kbh,2.326544338358394
LDS-005,control_20,CL,0.25167987191680496
LDS-005,control_20,AUC_Cb,37.41731298143366
LDS-005,control_20,AUC_Cl,402.33379377394454
LDS-005,control_20,AUC35_Cb,34.682711074567116
LDS-005,control_20,AUC35_Cl,216.6372621149906
LDS-005,control_20,RE_R1b,13.755515962109275
LDS-005,control_20,RE_R1l,95.74684293047655
LDS-005,control_20,RE_Sb,8.831513703838306
LDS-005,control_20,RE_Sl,76.56805443161304
LDS-005,control_20,T1_1,0.8025
LDS-005,control_20,T1_2,0.450480011
LDS-005,control_20,t1_MOLLI,10.870616388888887
LDS-005,control_20,t2_MOLLI,11.798355277777777
