subject,study,parameter,value
LDS-005,control_20,BAT,0.0182656116794133
LDS-005,control_20,CO,0.21455550166114482
LDS-005,control_20,Thl,1.3750965093988996
LDS-005,control_20,Dhl,2.686466621704575
LDS-005,control_20,To,1.5239604413364505
LDS-005,control_20,Eo,2.030493192101799
LDS-005,control_20,Toe,0.18510315096950974
LDS-005,control_20,Eb,0.5168705934592549
LDS-005,control_20,H,0
LDS-005,control_20,ve,5.650185887317341
LDS-005,control_20,Te,11.476209334572005
LDS-005,control_20,De,3.6749881466653624
LDS-005,control_20,khe,1.2569635845701517
LDS-005,control_20,Th,2.4915704763379045
LDS-005,control_20,Kbh,0
LDS-005,control_20,Khe,0
LDS-005,control_20,kbh,0
LDS-005,control_20,CL,0.0
LDS-005,control_20,AUC_Cb,0
LDS-005,control_20,AUC_Cl,0
LDS-005,control_20,AUC35_Cb,0
LDS-005,control_20,AUC35_Cl,0
LDS-005,control_20,RE_R1b,0
LDS-005,control_20,RE_R1l,0
LDS-005,control_20,RE_Sb,0
LDS-005,control_20,RE_Sl,0
LDS-005,control_20,T1_1,0
LDS-005,control_20,T1_2,0
LDS-005,control_20,t1_MOLLI,0
LDS-005,control_20,t2_MOLLI,0
