subject,study,parameter,value
SHF-022,control_35,BAT,1.2485343799521231
SHF-022,control_35,CO,11.513833190682295
SHF-022,control_35,Thl,14.142645953872687
SHF-022,control_35,Dhl,41.0474253266879
SHF-022,control_35,To,27.119100685676106
SHF-022,control_35,Eo,16.316668401285547
SHF-022,control_35,Toe,7.9659584158383465
SHF-022,control_35,Eb,4.203610920298245
SHF-022,control_35,H,45.0
SHF-022,control_35,ve,22.62934701419495
SHF-022,control_35,Te,28.47347313690337
SHF-022,control_35,De,81.53304465817283
SHF-022,control_35,khe,55.13926355500721
SHF-022,control_35,Th,41.34545382390134
SHF-022,control_35,Kbh,2.418645600697002
SHF-022,control_35,Khe,243.66263648888955
SHF-022,control_35,kbh,1.8713218946717174
SHF-022,control_35,CL,0.627216624083621
SHF-022,control_35,AUC_Cb,41.34132084126076
SHF-022,control_35,AUC_Cl,906.9849115708304
SHF-022,control_35,AUC35_Cb,22.62852528133104
SHF-022,control_35,AUC35_Cl,218.22570327971232
SHF-022,control_35,RE_R1b,13.216585728033134
SHF-022,control_35,RE_R1l,88.91133427440845
SHF-022,control_35,RE_Sb,13.819378659897023
SHF-022,control_35,RE_Sl,73.81165708234253
SHF-022,control_35,T1_1,0.75858
SHF-022,control_35,T1_2,0.36546
SHF-022,control_35,t1_MOLLI,13.748333333333333
SHF-022,control_35,t2_MOLLI,14.633333333333333
