subject,study,parameter,value
SHF-022,control_35,BAT,0.027391442164289
SHF-022,control_35,CO,0.6151780555647377
SHF-022,control_35,Thl,1.7082772338878793
SHF-022,control_35,Dhl,3.586967177071241
SHF-022,control_35,To,2.2250847835067904
SHF-022,control_35,Eo,1.1723392660899639
SHF-022,control_35,Toe,1.2220330219263276
SHF-022,control_35,Eb,0.837697468354549
SHF-022,control_35,H,0
SHF-022,control_35,ve,12.792553996361175
SHF-022,control_35,Te,19.90865044492821
SHF-022,control_35,De,18.109279628608697
SHF-022,control_35,khe,2.0614865232576443
SHF-022,control_35,Th,3.6890206661606024
SHF-022,control_35,Kbh,0
SHF-022,control_35,Khe,0
SHF-022,control_35,kbh,0
SHF-022,control_35,CL,0.0
SHF-022,control_35,AUC_Cb,0
SHF-022,control_35,AUC_Cl,0
SHF-022,control_35,AUC35_Cb,0
SHF-022,control_35,AUC35_Cl,0
SHF-022,control_35,RE_R1b,0
SHF-022,control_35,RE_R1l,0
SHF-022,control_35,RE_Sb,0
SHF-022,control_35,RE_Sl,0
SHF-022,control_35,T1_1,0
SHF-022,control_35,T1_2,0
SHF-022,control_35,t1_MOLLI,0
SHF-022,control_35,t2_MOLLI,0
