subject,study,parameter,value
LDS-008,drug_05,BAT,0.049254590175906006
LDS-008,drug_05,CO,1.3831083011198093
LDS-008,drug_05,Thl,3.8073804181498496
LDS-008,drug_05,Dhl,10.378159061992221
LDS-008,drug_05,To,15858.973895487256
LDS-008,drug_05,Eo,82710.78170797142
LDS-008,drug_05,Toe,68.15025268136701
LDS-008,drug_05,Eb,2.3824531103119044
LDS-008,drug_05,H,0
LDS-008,drug_05,ve,3.7541473359691864
LDS-008,drug_05,Te,8.92842700170498
LDS-008,drug_05,De,16.267315912480942
LDS-008,drug_05,khe,3.32418788216962
LDS-008,drug_05,Th,0.0
LDS-008,drug_05,Kbh,0
LDS-008,drug_05,Khe,0
LDS-008,drug_05,kbh,0
LDS-008,drug_05,CL,0.0
LDS-008,drug_05,AUC_Cb,0
LDS-008,drug_05,AUC_Cl,0
LDS-008,drug_05,AUC35_Cb,0
LDS-008,drug_05,AUC35_Cl,0
LDS-008,drug_05,RE_R1b,0
LDS-008,drug_05,RE_R1l,0
LDS-008,drug_05,RE_Sb,0
LDS-008,drug_05,RE_Sl,0
LDS-008,drug_05,T1_1,0
LDS-008,drug_05,T1_2,0
LDS-008,drug_05,t1_MOLLI,0
LDS-008,drug_05,t2_MOLLI,0
