subject,study,parameter,value
SHF-002,control_20,BAT,1.1803502960165793
SHF-002,control_20,CO,6.018784154235588
SHF-002,control_20,Thl,11.217911455107055
SHF-002,control_20,Dhl,31.774804200607033
SHF-002,control_20,To,19.709003034713795
SHF-002,control_20,Eo,22.09123048987634
SHF-002,control_20,Toe,3.2252342021486866
SHF-002,control_20,Eb,6.2950844852183305
SHF-002,control_20,H,45.0
SHF-002,control_20,ve,21.038886034707918
SHF-002,control_20,Te,27.241501672664697
SHF-002,control_20,De,78.50366429397938
SHF-002,control_20,khe,42.854397101858616
SHF-002,control_20,Th,30.22675887683886
SHF-002,control_20,Kbh,3.308326916804323
SHF-002,control_20,Khe,203.69137905477308
SHF-002,control_20,kbh,2.612291787122295
SHF-002,control_20,CL,0.06914881101617368
SHF-002,control_20,AUC_Cb,53.668039673418356
SHF-002,control_20,AUC_Cl,711.8075752109952
SHF-002,control_20,AUC35_Cb,43.97214512397961
SHF-002,control_20,AUC35_Cl,311.5098750327054
SHF-002,control_20,RE_R1b,19.00957004871284
SHF-002,control_20,RE_R1l,124.21231975873121
SHF-002,control_20,RE_Sb,19.561288482786825
SHF-002,control_20,RE_Sl,97.13628472797488
SHF-002,control_20,T1_1,0.73111
SHF-002,control_20,T1_2,0.33114
SHF-002,control_20,t1_MOLLI,11.14638888888889
SHF-002,control_20,t2_MOLLI,12.024722222222222
