subject,study,parameter,value
SHF-002,control_20,BAT,0.025160931867187344
SHF-002,control_20,CO,0.31521693944897083
SHF-002,control_20,Thl,1.4589723419876448
SHF-002,control_20,Dhl,3.242410684405554
SHF-002,control_20,To,2.2954760046198883
SHF-002,control_20,Eo,2.4357064547887743
SHF-002,control_20,Toe,0.6433705881403249
SHF-002,control_20,Eb,1.0410526787617451
SHF-002,control_20,H,0
SHF-002,control_20,ve,6.462787851512355
SHF-002,control_20,Te,10.469016220373007
SHF-002,control_20,De,11.522746052850295
SHF-002,control_20,khe,2.126224835123446
SHF-002,control_20,Th,4.578048063098559
SHF-002,control_20,Kbh,0
SHF-002,control_20,Khe,0
SHF-002,control_20,kbh,0
SHF-002,control_20,CL,0.0
SHF-002,control_20,AUC_Cb,0
SHF-002,control_20,AUC_Cl,0
SHF-002,control_20,AUC35_Cb,0
SHF-002,control_20,AUC35_Cl,0
SHF-002,control_20,RE_R1b,0
SHF-002,control_20,RE_R1l,0
SHF-002,control_20,RE_Sb,0
SHF-002,control_20,RE_Sl,0
SHF-002,control_20,T1_1,0
SHF-002,control_20,T1_2,0
SHF-002,control_20,t1_MOLLI,0
SHF-002,control_20,t2_MOLLI,0
