subject,study,parameter,value
SHF-003,drug_05,BAT,0.04854000925096104
SHF-003,drug_05,CO,0.8477468770611116
SHF-003,drug_05,Thl,3.8267670649238124
SHF-003,drug_05,Dhl,15.699005195919415
SHF-003,drug_05,To,17.88982968985314
SHF-003,drug_05,Eo,50.079542818370356
SHF-003,drug_05,Toe,22.077487262577968
SHF-003,drug_05,Eb,73.94822774249481
SHF-003,drug_05,H,0
SHF-003,drug_05,ve,59.69451865379026
SHF-003,drug_05,Te,67.70195905128095
SHF-003,drug_05,De,23.85717904052484
SHF-003,drug_05,khe,59.35779364779116
SHF-003,drug_05,Th,55.05881912400643
SHF-003,drug_05,Kbh,0
SHF-003,drug_05,Khe,0
SHF-003,drug_05,kbh,0
SHF-003,drug_05,CL,0.0
SHF-003,drug_05,AUC_Cb,0
SHF-003,drug_05,AUC_Cl,0
SHF-003,drug_05,AUC35_Cb,0
SHF-003,drug_05,AUC35_Cl,0
SHF-003,drug_05,RE_R1b,0
SHF-003,drug_05,RE_R1l,0
SHF-003,drug_05,RE_Sb,0
SHF-003,drug_05,RE_Sl,0
SHF-003,drug_05,T1_1,0
SHF-003,drug_05,T1_2,0
SHF-003,drug_05,t1_MOLLI,0
SHF-003,drug_05,t2_MOLLI,0
