subject,study,parameter,value
LDS-004,control,BAT,1.251603376202654
LDS-004,control,CO,3.8841581461124086
LDS-004,control,Thl,8.271387423865637
LDS-004,control,Dhl,64.1363004680199
LDS-004,control,To,39.850158062901095
LDS-004,control,Eo,30.19925224537785
LDS-004,control,Toe,7.975187534519361
LDS-004,control,Eb,14.892377878875877
LDS-004,control,H,45.0
LDS-004,control,ve,9.712696809110422
LDS-004,control,Te,59.999992138736324
LDS-004,control,De,86.80029281084008
LDS-004,control,khe,20.30205425444264
LDS-004,control,Th,196.41056192492974
LDS-004,control,Kbh,0.5091375892413621
LDS-004,control,Khe,209.0259240399587
LDS-004,control,kbh,0.4596865988571347
LDS-004,control,CL,0.1798858164172245
LDS-004,control,AUC_Cb,47.235647776453874
LDS-004,control,AUC_Cl,1048.9978099192813
LDS-004,control,AUC35_Cb,35.72295253571135
LDS-004,control,AUC35_Cl,179.4259265951646
LDS-004,control,RE_R1b,16.959454579600504
LDS-004,control,RE_R1l,75.88502294676317
LDS-004,control,RE_Sb,14.548525747878454
LDS-004,control,RE_Sl,63.379776803973755
LDS-004,control,T1_1,0.802359985
LDS-004,control,T1_2,0.502459991
LDS-004,control,t1_MOLLI,9.83225138888889
LDS-004,control,t2_MOLLI,10.700175833333335
