subject,study,parameter,value
LDS-004,control,BAT,0.0028697169694393743
LDS-004,control,CO,0.06603928654851533
LDS-004,control,Thl,0.2659192438336658
LDS-004,control,Dhl,0.889687536455568
LDS-004,control,To,1.8861119583554542
LDS-004,control,Eo,0.9058788620492894
LDS-004,control,Toe,0.5866451300954496
LDS-004,control,Eb,0.8047069211916412
LDS-004,control,H,0
LDS-004,control,ve,683.4463151556836
LDS-004,control,Te,3659.4377474743555
LDS-004,control,De,804.2480621233675
LDS-004,control,khe,6.184237644044376
LDS-004,control,Th,31.224024633458892
LDS-004,control,Kbh,0
LDS-004,control,Khe,0
LDS-004,control,kbh,0
LDS-004,control,CL,0.0
LDS-004,control,AUC_Cb,0
LDS-004,control,AUC_Cl,0
LDS-004,control,AUC35_Cb,0
LDS-004,control,AUC35_Cl,0
LDS-004,control,RE_R1b,0
LDS-004,control,RE_R1l,0
LDS-004,control,RE_Sb,0
LDS-004,control,RE_Sl,0
LDS-004,control,T1_1,0
LDS-004,control,T1_2,0
LDS-004,control,t1_MOLLI,0
LDS-004,control,t2_MOLLI,0
