subject,study,parameter,value
SHF-021,drug_20,BAT,0.08072810649715946
SHF-021,drug_20,CO,0.6020958836273824
SHF-021,drug_20,Thl,6.071338707327947
SHF-021,drug_20,Dhl,17.31129381346315
SHF-021,drug_20,To,2.124192317733431
SHF-021,drug_20,Eo,1.5475655716086814
SHF-021,drug_20,Toe,0.740433773500842
SHF-021,drug_20,Eb,2.282032641225501
SHF-021,drug_20,H,0
SHF-021,drug_20,ve,6.998851588463204
SHF-021,drug_20,Te,13.591923842111468
SHF-021,drug_20,De,11.110391555792386
SHF-021,drug_20,khe,1.2679314054321853
SHF-021,drug_20,Th,2.109114713955038
SHF-021,drug_20,Kbh,0
SHF-021,drug_20,Khe,0
SHF-021,drug_20,kbh,0
SHF-021,drug_20,CL,0.0
SHF-021,drug_20,AUC_Cb,0
SHF-021,drug_20,AUC_Cl,0
SHF-021,drug_20,AUC35_Cb,0
SHF-021,drug_20,AUC35_Cl,0
SHF-021,drug_20,RE_R1b,0
SHF-021,drug_20,RE_R1l,0
SHF-021,drug_20,RE_Sb,0
SHF-021,drug_20,RE_Sl,0
SHF-021,drug_20,T1_1,0
SHF-021,drug_20,T1_2,0
SHF-021,drug_20,t1_MOLLI,0
SHF-021,drug_20,t2_MOLLI,0
