subject,study,parameter,value
LDS-003,control,BAT,1.2049642595110002
LDS-003,control,CO,5.938931100891444
LDS-003,control,Thl,12.514941057386732
LDS-003,control,Dhl,55.66083141900903
LDS-003,control,To,33.4764261676948
LDS-003,control,Eo,13.113685835695488
LDS-003,control,Toe,5.403526232852411
LDS-003,control,Eb,9.554566321865462
LDS-003,control,H,45.0
LDS-003,control,ve,15.906712529160927
LDS-003,control,Te,30.84146308203943
LDS-003,control,De,69.33961466467996
LDS-003,control,khe,50.090546908780965
LDS-003,control,Th,45.79773988791325
LDS-003,control,Kbh,2.183513864324811
LDS-003,control,Khe,314.90194354711974
LDS-003,control,kbh,1.8361885908922906
LDS-003,control,CL,0.43782757821701257
LDS-003,control,AUC_Cb,11.904971793571319
LDS-003,control,AUC_Cl,269.1829499917255
LDS-003,control,AUC35_Cb,10.720043394503325
LDS-003,control,AUC35_Cl,106.16957218132198
LDS-003,control,RE_R1b,4.829170740312616
LDS-003,control,RE_R1l,41.110740373730934
LDS-003,control,RE_Sb,28.865642819683675
LDS-003,control,RE_Sl,36.02204550854229
LDS-003,control,T1_1,0.706900024
LDS-003,control,T1_2,0.529400024
LDS-003,control,t1_MOLLI,10.707445833333333
LDS-003,control,t2_MOLLI,11.655478055555555
