subject,study,parameter,value
LDS-003,control,BAT,0.037621135169330085
LDS-003,control,CO,0.1764858421696
LDS-003,control,Thl,2.757267619620354
LDS-003,control,Dhl,8.550585334886048
LDS-003,control,To,2.4199998013335007
LDS-003,control,Eo,1.0026433777155088
LDS-003,control,Toe,0.49177860896140346
LDS-003,control,Eb,0.5084142913984798
LDS-003,control,H,0
LDS-003,control,ve,7.326297628112783
LDS-003,control,Te,13.531572789943624
LDS-003,control,De,16.06588467387875
LDS-003,control,khe,0.9814962273100399
LDS-003,control,Th,2.0591569330147617
LDS-003,control,Kbh,0
LDS-003,control,Khe,0
LDS-003,control,kbh,0
LDS-003,control,CL,0.0
LDS-003,control,AUC_Cb,0
LDS-003,control,AUC_Cl,0
LDS-003,control,AUC35_Cb,0
LDS-003,control,AUC35_Cl,0
LDS-003,control,RE_R1b,0
LDS-003,control,RE_R1l,0
LDS-003,control,RE_Sb,0
LDS-003,control,RE_Sl,0
LDS-003,control,T1_1,0
LDS-003,control,T1_2,0
LDS-003,control,t1_MOLLI,0
LDS-003,control,t2_MOLLI,0
