subject,study,parameter,value
LDS-001,control,S02a,18.158758483828862
LDS-001,control,S02l,67.07081815407038
LDS-001,control,BAT2,0.008877251360779763
LDS-001,control,BAT,0.008787856126230413
LDS-001,control,CO,0.30408864261528157
LDS-001,control,Thl,1.1347646339643827
LDS-001,control,Dhl,0.9138338641937385
LDS-001,control,To,0.635861140352115
LDS-001,control,Eo,0.31952605109822413
LDS-001,control,Toe,0.2766381357992996
LDS-001,control,Eb,0.2438799826533406
LDS-001,control,H,0.0
LDS-001,control,ve,0.7758084416603622
LDS-001,control,Te,1.4017992939592416
LDS-001,control,De,1.922040288252173
LDS-001,control,khe_i,0.35831085628723225
LDS-001,control,khe_f,0.21146234387460458
LDS-001,control,Th_i,0.9334566461330355
LDS-001,control,Th_f,4.112308238009589
LDS-001,control,Th,0.0
LDS-001,control,khe,0.0
LDS-001,control,Kbh,0.0
LDS-001,control,Khe,0.0
LDS-001,control,kbh,0.0
LDS-001,control,kbh_i,0.0
LDS-001,control,kbh_f,0.0
LDS-001,control,CL,0.0
LDS-001,control,AUC_Cb,0.0
LDS-001,control,AUC_Cl,0.0
LDS-001,control,AUC35_Cb,0.0
LDS-001,control,AUC35_Cl,0.0
LDS-001,control,RE_R1b,0.0
LDS-001,control,RE_R1l,0.0
LDS-001,control,RE_Sb,0.0
LDS-001,control,RE_Sl,0.0
LDS-001,control,T1_1,0.0
LDS-001,control,T1_2,0.0
LDS-001,control,t1_MOLLI,0.0
LDS-001,control,t2_MOLLI,0.0
LDS-001,control,T1_3,0.0
LDS-001,control,t3_MOLLI,0.0
LDS-001,control,t0,0.0
LDS-001,control,t1,0.0
LDS-001,control,t2,0.0
LDS-001,control,t3,0.0
LDS-001,control,dt1,0.0
LDS-001,control,dt2,0.0
LDS-005,control,S02a,15.946824520875428
LDS-005,control,S02l,25.453092730092212
LDS-005,control,BAT2,0.004036455760650574
LDS-005,control,BAT,0.003974246626654654
LDS-005,control,CO,0.10572022946167446
LDS-005,control,Thl,0.3312255039989954
LDS-005,control,Dhl,1.3627884796834795
LDS-005,control,To,0.7846139358993028
LDS-005,control,Eo,0.5168291620925052
LDS-005,control,Toe,0.17849067343233563
LDS-005,control,Eb,0.1867206523592895
LDS-005,control,H,0.0
LDS-005,control,ve,1.8657275976101144
LDS-005,control,Te,4.804265357021695
LDS-005,control,De,3.562772132447688
LDS-005,control,khe_i,0.4319189065167609
LDS-005,control,khe_f,0.40465848669875915
LDS-005,control,Th_i,0.7656889911494278
LDS-005,control,Th_f,1.3035809563091436
LDS-005,control,Th,0.0
LDS-005,control,khe,0.0
LDS-005,control,Kbh,0.0
LDS-005,control,Khe,0.0
LDS-005,control,kbh,0.0
LDS-005,control,kbh_i,0.0
LDS-005,control,kbh_f,0.0
LDS-005,control,CL,0.0
LDS-005,control,AUC_Cb,0.0
LDS-005,control,AUC_Cl,0.0
LDS-005,control,AUC35_Cb,0.0
LDS-005,control,AUC35_Cl,0.0
LDS-005,control,RE_R1b,0.0
LDS-005,control,RE_R1l,0.0
LDS-005,control,RE_Sb,0.0
LDS-005,control,RE_Sl,0.0
LDS-005,control,T1_1,0.0
LDS-005,control,T1_2,0.0
LDS-005,control,t1_MOLLI,0.0
LDS-005,control,t2_MOLLI,0.0
LDS-005,control,T1_3,0.0
LDS-005,control,t3_MOLLI,0.0
LDS-005,control,t0,0.0
LDS-005,control,t1,0.0
LDS-005,control,t2,0.0
LDS-005,control,t3,0.0
LDS-005,control,dt1,0.0
LDS-005,control,dt2,0.0
SHF-007,control,S02a,71.0667065430262
SHF-007,control,S02l,198.08311305692897
SHF-007,control,BAT2,0.00533706559035912
SHF-007,control,BAT,0.0066422433478335995
SHF-007,control,CO,0.09168788942238225
SHF-007,control,Thl,0.4806833522015516
SHF-007,control,Dhl,0.6050863824441922
SHF-007,control,To,1.0681156604741624
SHF-007,control,Eo,0.747194747152997
SHF-007,control,Toe,0.29811673791728194
SHF-007,control,Eb,0.22088916296284594
SHF-007,control,H,0.0
SHF-007,control,ve,2.4936917668761556
SHF-007,control,Te,5.915225155006008
SHF-007,control,De,7.425340073809515
SHF-007,control,khe_i,0.5905021165242909
SHF-007,control,khe_f,0.7868263808258152
SHF-007,control,Th_i,1.7427085022081497
SHF-007,control,Th_f,2.311699288762449
SHF-007,control,Th,0.0
SHF-007,control,khe,0.0
SHF-007,control,Kbh,0.0
SHF-007,control,Khe,0.0
SHF-007,control,kbh,0.0
SHF-007,control,kbh_i,0.0
SHF-007,control,kbh_f,0.0
SHF-007,control,CL,0.0
SHF-007,control,AUC_Cb,0.0
SHF-007,control,AUC_Cl,0.0
SHF-007,control,AUC35_Cb,0.0
SHF-007,control,AUC35_Cl,0.0
SHF-007,control,RE_R1b,0.0
SHF-007,control,RE_R1l,0.0
SHF-007,control,RE_Sb,0.0
SHF-007,control,RE_Sl,0.0
SHF-007,control,T1_1,0.0
SHF-007,control,T1_2,0.0
SHF-007,control,t1_MOLLI,0.0
SHF-007,control,t2_MOLLI,0.0
SHF-007,control,T1_3,0.0
SHF-007,control,t3_MOLLI,0.0
SHF-007,control,t0,0.0
SHF-007,control,t1,0.0
SHF-007,control,t2,0.0
SHF-007,control,t3,0.0
SHF-007,control,dt1,0.0
SHF-007,control,dt2,0.0
SHF-010,control,S02a,127.2881510827145
SHF-010,control,S02l,253.67796256652124
SHF-010,control,BAT2,0.0036829072848690767
SHF-010,control,BAT,0.004521873297352278
SHF-010,control,CO,0.2135477909862569
SHF-010,control,Thl,0.24745353725144162
SHF-010,control,Dhl,1.0089787045413046
SHF-010,control,To,0.9085379266096244
SHF-010,control,Eo,0.6072197970891107
SHF-010,control,Toe,0.37357492181692875
SHF-010,control,Eb,0.15831324465580318
SHF-010,control,H,0.0
SHF-010,control,ve,3.127927377942752
SHF-010,control,Te,4.7286941919241166
SHF-010,control,De,6.803661642996009
SHF-010,control,khe_i,1.1376310230588729
SHF-010,control,khe_f,0.9475067541011519
SHF-010,control,Th_i,1.170979585605466
SHF-010,control,Th_f,3.9288974167043533
SHF-010,control,Th,0.0
SHF-010,control,khe,0.0
SHF-010,control,Kbh,0.0
SHF-010,control,Khe,0.0
SHF-010,control,kbh,0.0
SHF-010,control,kbh_i,0.0
SHF-010,control,kbh_f,0.0
SHF-010,control,CL,0.0
SHF-010,control,AUC_Cb,0.0
SHF-010,control,AUC_Cl,0.0
SHF-010,control,AUC35_Cb,0.0
SHF-010,control,AUC35_Cl,0.0
SHF-010,control,RE_R1b,0.0
SHF-010,control,RE_R1l,0.0
SHF-010,control,RE_Sb,0.0
SHF-010,control,RE_Sl,0.0
SHF-010,control,T1_1,0.0
SHF-010,control,T1_2,0.0
SHF-010,control,t1_MOLLI,0.0
SHF-010,control,t2_MOLLI,0.0
SHF-010,control,T1_3,0.0
SHF-010,control,t3_MOLLI,0.0
SHF-010,control,t0,0.0
SHF-010,control,t1,0.0
SHF-010,control,t2,0.0
SHF-010,control,t3,0.0
SHF-010,control,dt1,0.0
SHF-010,control,dt2,0.0
SHF-016,control,S02a,129.08647694730155
SHF-016,control,S02l,464.6913044985313
SHF-016,control,BAT2,0.005441771876601309
SHF-016,control,BAT,0.005590818512496899
SHF-016,control,CO,0.27046969061695647
SHF-016,control,Thl,0.4033818625756473
SHF-016,control,Dhl,1.6396273604855183
SHF-016,control,To,1.1223762426509323
SHF-016,control,Eo,0.48405826148947273
SHF-016,control,Toe,0.7595147485853854
SHF-016,control,Eb,0.34001743623048025
SHF-016,control,H,0.0
SHF-016,control,ve,5.250108365098143
SHF-016,control,Te,5.994458256714866
SHF-016,control,De,7501.176827562469
SHF-016,control,khe_i,1.40740920520286
SHF-016,control,khe_f,7.0304981486088645
SHF-016,control,Th_i,1.2232944796607161
SHF-016,control,Th_f,1.063819127339832
SHF-016,control,Th,0.0
SHF-016,control,khe,0.0
SHF-016,control,Kbh,0.0
SHF-016,control,Khe,0.0
SHF-016,control,kbh,0.0
SHF-016,control,kbh_i,0.0
SHF-016,control,kbh_f,0.0
SHF-016,control,CL,0.0
SHF-016,control,AUC_Cb,0.0
SHF-016,control,AUC_Cl,0.0
SHF-016,control,AUC35_Cb,0.0
SHF-016,control,AUC35_Cl,0.0
SHF-016,control,RE_R1b,0.0
SHF-016,control,RE_R1l,0.0
SHF-016,control,RE_Sb,0.0
SHF-016,control,RE_Sl,0.0
SHF-016,control,T1_1,0.0
SHF-016,control,T1_2,0.0
SHF-016,control,t1_MOLLI,0.0
SHF-016,control,t2_MOLLI,0.0
SHF-016,control,T1_3,0.0
SHF-016,control,t3_MOLLI,0.0
SHF-016,control,t0,0.0
SHF-016,control,t1,0.0
SHF-016,control,t2,0.0
SHF-016,control,t3,0.0
SHF-016,control,dt1,0.0
SHF-016,control,dt2,0.0
