subject,study,parameter,value
LDS-003,drug,S02a,17.339931759459084
LDS-003,drug,S02l,43.0034238101749
LDS-003,drug,BAT2,0.014864955729545503
LDS-003,drug,BAT,0.014435803773942706
LDS-003,drug,CO,0.15860472438613427
LDS-003,drug,Thl,1.0577089704614913
LDS-003,drug,Dhl,2.4811062787141225
LDS-003,drug,To,0.8902456760697651
LDS-003,drug,Eo,0.5288331560776398
LDS-003,drug,Toe,0.4205649565768527
LDS-003,drug,Eb,0.14992845532009316
LDS-003,drug,H,0
LDS-003,drug,ve,0.9107253086097293
LDS-003,drug,Te,2.0767413702319586
LDS-003,drug,De,3.8939112539286023
LDS-003,drug,khe_i,0.2392031059554315
LDS-003,drug,khe_f,0.5185433103844095
LDS-003,drug,Th_i,15.487043512742039
LDS-003,drug,Th_f,12.283328394151756
LDS-003,drug,Th,0.0
LDS-003,drug,khe,0
LDS-003,drug,Kbh,0
LDS-003,drug,Khe,0
LDS-003,drug,kbh,0
LDS-003,drug,kbh_i,0
LDS-003,drug,kbh_f,0
LDS-003,drug,CL,0.0
LDS-003,drug,AUC_Cb,0
LDS-003,drug,AUC_Cl,0
LDS-003,drug,AUC35_Cb,0
LDS-003,drug,AUC35_Cl,0
LDS-003,drug,RE_R1b,0
LDS-003,drug,RE_R1l,0
LDS-003,drug,RE_Sb,0
LDS-003,drug,RE_Sl,0
LDS-003,drug,T1_1,0
LDS-003,drug,T1_2,0
LDS-003,drug,t1_MOLLI,0
LDS-003,drug,t2_MOLLI,0
LDS-003,drug,T1_3,0
LDS-003,drug,t3_MOLLI,0
LDS-003,drug,t0,0
LDS-003,drug,t1,0
LDS-003,drug,t2,0
LDS-003,drug,t3,0
LDS-003,drug,dt1,0
LDS-003,drug,dt2,0
