subject,study,parameter,value
LDS-002,drug_20,BAT,0.017796366022470585
LDS-002,drug_20,CO,0.1615910021864979
LDS-002,drug_20,Thl,1.2680681606586697
LDS-002,drug_20,Dhl,1.8807843718706487
LDS-002,drug_20,To,2.1546273631928003
LDS-002,drug_20,Eo,2.953915647251661
LDS-002,drug_20,Toe,0.3164073282964149
LDS-002,drug_20,Eb,0.6201160820264533
LDS-002,drug_20,H,0
LDS-002,drug_20,ve,2.79335965246263
LDS-002,drug_20,Te,8.15828063513714
LDS-002,drug_20,De,6.665176710908782
LDS-002,drug_20,khe,0.8167303079496142
LDS-002,drug_20,Th,12628.755927660024
LDS-002,drug_20,Kbh,0
LDS-002,drug_20,Khe,0
LDS-002,drug_20,kbh,0
LDS-002,drug_20,CL,0.0
LDS-002,drug_20,AUC_Cb,0
LDS-002,drug_20,AUC_Cl,0
LDS-002,drug_20,AUC35_Cb,0
LDS-002,drug_20,AUC35_Cl,0
LDS-002,drug_20,RE_R1b,0
LDS-002,drug_20,RE_R1l,0
LDS-002,drug_20,RE_Sb,0
LDS-002,drug_20,RE_Sl,0
LDS-002,drug_20,T1_1,0
LDS-002,drug_20,T1_2,0
LDS-002,drug_20,t1_MOLLI,0
LDS-002,drug_20,t2_MOLLI,0
