subject,study,parameter,value
SHF-008,drug_40,BAT,0.005520922471259156
SHF-008,drug_40,CO,0.06603522015543796
SHF-008,drug_40,Thl,0.3448205390614019
SHF-008,drug_40,Dhl,1.542499446411269
SHF-008,drug_40,To,1.5691160614891593
SHF-008,drug_40,Eo,0.8834754529602697
SHF-008,drug_40,Toe,0.39290110722209215
SHF-008,drug_40,Eb,0.2723343970781078
SHF-008,drug_40,H,0
SHF-008,drug_40,ve,3.820570298362574
SHF-008,drug_40,Te,9.781792067655958
SHF-008,drug_40,De,6.243825682540002
SHF-008,drug_40,khe,0.6183424190171642
SHF-008,drug_40,Th,2.548402792077903
SHF-008,drug_40,Kbh,0
SHF-008,drug_40,Khe,0
SHF-008,drug_40,kbh,0
SHF-008,drug_40,CL,0.0
SHF-008,drug_40,AUC_Cb,0
SHF-008,drug_40,AUC_Cl,0
SHF-008,drug_40,AUC35_Cb,0
SHF-008,drug_40,AUC35_Cl,0
SHF-008,drug_40,RE_R1b,0
SHF-008,drug_40,RE_R1l,0
SHF-008,drug_40,RE_Sb,0
SHF-008,drug_40,RE_Sl,0
SHF-008,drug_40,T1_1,0
SHF-008,drug_40,T1_2,0
SHF-008,drug_40,t1_MOLLI,0
SHF-008,drug_40,t2_MOLLI,0
