subject,study,parameter,value
SHF-004,drug,S02a,54.98950851591435
SHF-004,drug,S02l,198.6537663195261
SHF-004,drug,BAT2,0.011245815824732214
SHF-004,drug,BAT,0.01043163665486047
SHF-004,drug,CO,0.14500416112668812
SHF-004,drug,Thl,1.0321352472287644
SHF-004,drug,Dhl,1.3460248945894115
SHF-004,drug,To,1.1518335228615555
SHF-004,drug,Eo,0.8217164204853861
SHF-004,drug,Toe,0.23844913868299747
SHF-004,drug,Eb,0.18274092253839785
SHF-004,drug,H,0
SHF-004,drug,ve,1.0029636310669368
SHF-004,drug,Te,3.0570210551333084
SHF-004,drug,De,4.1080254234663345
SHF-004,drug,khe_i,0.257292250585649
SHF-004,drug,khe_f,0.4095821394800412
SHF-004,drug,Th_i,17.41028958198899
SHF-004,drug,Th_f,4.021814263517014
SHF-004,drug,Th,0.0
SHF-004,drug,khe,0
SHF-004,drug,Kbh,0
SHF-004,drug,Khe,0
SHF-004,drug,kbh,0
SHF-004,drug,kbh_i,0
SHF-004,drug,kbh_f,0
SHF-004,drug,CL,0.0
SHF-004,drug,AUC_Cb,0
SHF-004,drug,AUC_Cl,0
SHF-004,drug,AUC35_Cb,0
SHF-004,drug,AUC35_Cl,0
SHF-004,drug,RE_R1b,0
SHF-004,drug,RE_R1l,0
SHF-004,drug,RE_Sb,0
SHF-004,drug,RE_Sl,0
SHF-004,drug,T1_1,0
SHF-004,drug,T1_2,0
SHF-004,drug,t1_MOLLI,0
SHF-004,drug,t2_MOLLI,0
SHF-004,drug,T1_3,0
SHF-004,drug,t3_MOLLI,0
SHF-004,drug,t0,0
SHF-004,drug,t1,0
SHF-004,drug,t2,0
SHF-004,drug,t3,0
SHF-004,drug,dt1,0
SHF-004,drug,dt2,0
