subject,study,parameter,value
SHF-003,drug_10,BAT,0.009413574046136181
SHF-003,drug_10,CO,0.43678817257305985
SHF-003,drug_10,Thl,0.8751443206859744
SHF-003,drug_10,Dhl,6.786324761178908
SHF-003,drug_10,To,3.9777825555912933
SHF-003,drug_10,Eo,10.794139505828486
SHF-003,drug_10,Toe,7.473535814695395
SHF-003,drug_10,Eb,16.358710225209887
SHF-003,drug_10,H,0
SHF-003,drug_10,ve,13.714993944462995
SHF-003,drug_10,Te,19.51032241265653
SHF-003,drug_10,De,5.42396039428911
SHF-003,drug_10,khe,6.549226335251408
SHF-003,drug_10,Th,103.41567724912153
SHF-003,drug_10,Kbh,0
SHF-003,drug_10,Khe,0
SHF-003,drug_10,kbh,0
SHF-003,drug_10,CL,0.0
SHF-003,drug_10,AUC_Cb,0
SHF-003,drug_10,AUC_Cl,0
SHF-003,drug_10,AUC35_Cb,0
SHF-003,drug_10,AUC35_Cl,0
SHF-003,drug_10,RE_R1b,0
SHF-003,drug_10,RE_R1l,0
SHF-003,drug_10,RE_Sb,0
SHF-003,drug_10,RE_Sl,0
SHF-003,drug_10,T1_1,0
SHF-003,drug_10,T1_2,0
SHF-003,drug_10,t1_MOLLI,0
SHF-003,drug_10,t2_MOLLI,0
