subject,study,parameter,value
LDS-003,drug_10,BAT,0.014799429700629547
LDS-003,drug_10,CO,0.23565122567409183
LDS-003,drug_10,Thl,0.9708087061102771
LDS-003,drug_10,Dhl,1.9885971033954932
LDS-003,drug_10,To,2.3400543064400465
LDS-003,drug_10,Eo,2.1781187478496244
LDS-003,drug_10,Toe,1.852430262160658
LDS-003,drug_10,Eb,3.258588485691364
LDS-003,drug_10,H,0
LDS-003,drug_10,ve,52.55799409622662
LDS-003,drug_10,Te,5.417695320220338
LDS-003,drug_10,De,10.264888249102878
LDS-003,drug_10,khe,2.409679277176461
LDS-003,drug_10,Th,70016.55441282692
LDS-003,drug_10,Kbh,0
LDS-003,drug_10,Khe,0
LDS-003,drug_10,kbh,0
LDS-003,drug_10,CL,0.0
LDS-003,drug_10,AUC_Cb,0
LDS-003,drug_10,AUC_Cl,0
LDS-003,drug_10,AUC35_Cb,0
LDS-003,drug_10,AUC35_Cl,0
LDS-003,drug_10,RE_R1b,0
LDS-003,drug_10,RE_R1l,0
LDS-003,drug_10,RE_Sb,0
LDS-003,drug_10,RE_Sl,0
LDS-003,drug_10,T1_1,0
LDS-003,drug_10,T1_2,0
LDS-003,drug_10,t1_MOLLI,0
LDS-003,drug_10,t2_MOLLI,0
