subject,study,parameter,value
SHF-010,control_15,BAT,1.0865989176502133
SHF-010,control_15,CO,6.54526640736919
SHF-010,control_15,Thl,24.775767975714725
SHF-010,control_15,Dhl,36.41675368881609
SHF-010,control_15,To,22.99709799245089
SHF-010,control_15,Eo,27.16489403241343
SHF-010,control_15,Toe,4.190032953219359
SHF-010,control_15,Eb,7.662084211806063
SHF-010,control_15,H,45.0
SHF-010,control_15,ve,26.138030510482018
SHF-010,control_15,Te,43.34840019512292
SHF-010,control_15,De,87.97580924760521
SHF-010,control_15,khe,38.55987417936531
SHF-010,control_15,Th,52.13518157211826
SHF-010,control_15,Kbh,1.9180905673392667
SHF-010,control_15,Khe,147.52402314283708
SHF-010,control_15,kbh,1.4167394696294515
SHF-010,control_15,CL,0.3644313757512796
SHF-010,control_15,AUC_Cb,40.41926370095745
SHF-010,control_15,AUC_Cl,786.8057181084882
SHF-010,control_15,AUC35_Cb,29.219342372358735
SHF-010,control_15,AUC35_Cl,215.69060813775403
SHF-010,control_15,RE_R1b,17.22803798675031
SHF-010,control_15,RE_R1l,89.51290520897476
SHF-010,control_15,RE_Sb,11.42058632522894
SHF-010,control_15,RE_Sl,68.63040849247601
SHF-010,control_15,T1_1,0.76626
SHF-010,control_15,T1_2,0.41884
SHF-010,control_15,t1_MOLLI,10.315555555555555
SHF-010,control_15,t2_MOLLI,11.1275
