subject,study,parameter,value
SHF-010,control_15,BAT,0.019696089795474134
SHF-010,control_15,CO,0.1319225947878121
SHF-010,control_15,Thl,1.3720022917266887
SHF-010,control_15,Dhl,1.44170260478284
SHF-010,control_15,To,2.5000904702895808
SHF-010,control_15,Eo,1.5129978673217157
SHF-010,control_15,Toe,0.9769923453665245
SHF-010,control_15,Eb,2.2108314908114197
SHF-010,control_15,H,0
SHF-010,control_15,ve,9.563226091425028
SHF-010,control_15,Te,19.026402638754956
SHF-010,control_15,De,8.1676721231208
SHF-010,control_15,khe,2.2272502820143956
SHF-010,control_15,Th,19.327112102181278
SHF-010,control_15,Kbh,0
SHF-010,control_15,Khe,0
SHF-010,control_15,kbh,0
SHF-010,control_15,CL,0.0
SHF-010,control_15,AUC_Cb,0
SHF-010,control_15,AUC_Cl,0
SHF-010,control_15,AUC35_Cb,0
SHF-010,control_15,AUC35_Cl,0
SHF-010,control_15,RE_R1b,0
SHF-010,control_15,RE_R1l,0
SHF-010,control_15,RE_Sb,0
SHF-010,control_15,RE_Sl,0
SHF-010,control_15,T1_1,0
SHF-010,control_15,T1_2,0
SHF-010,control_15,t1_MOLLI,0
SHF-010,control_15,t2_MOLLI,0
