subject,study,parameter,value
SHF-008,control,S02a,31606.019943177103
SHF-008,control,S02l,21325.92369347286
SHF-008,control,BAT2,185.72666825433598
SHF-008,control,BAT,1.192341399145591
SHF-008,control,CO,7.172202437606279
SHF-008,control,Thl,11.865954020897233
SHF-008,control,Dhl,37.191847643386964
SHF-008,control,To,20.90640578609534
SHF-008,control,Eo,15.758650229403647
SHF-008,control,Toe,6.5665387876884145
SHF-008,control,Eb,4.291231530610874
SHF-008,control,H,45.0
SHF-008,control,ve,29.08197816089839
SHF-008,control,Te,22.40323146399857
SHF-008,control,De,71.37993425061548
SHF-008,control,khe_i,52.83076864886298
SHF-008,control,khe_f,32.36909899648152
SHF-008,control,Th_i,33.54555524132327
SHF-008,control,Th_f,35.22319371285434
SHF-008,control,Th,34.384374477088805
SHF-008,control,khe,42.59993382267225
SHF-008,control,Kbh,2.9082977812096766
SHF-008,control,Khe,146.4822426692733
SHF-008,control,kbh,2.062507255624386
SHF-008,control,kbh_i,2.114081025904167
SHF-008,control,kbh_f,2.0133898821679197
SHF-008,control,CL,0.3624762718213168
SHF-008,control,AUC_Cb,43.94665956162886
SHF-008,control,AUC_Cl,745.2240404848948
SHF-008,control,AUC35_Cb,27.449531131443436
SHF-008,control,AUC35_Cl,221.89349729723966
SHF-008,control,RE_R1b,20.496149204200293
SHF-008,control,RE_R1l,100.42512123034457
SHF-008,control,RE_Sb,20.609894451722592
SHF-008,control,RE_Sl,85.95154129630251
SHF-008,control,T1_1,0.78759
SHF-008,control,T1_2,0.4218
SHF-008,control,t1_MOLLI,8.946388888888889
SHF-008,control,t2_MOLLI,9.8
SHF-008,control,T1_3,0.67413
SHF-008,control,t3_MOLLI,11.991111111111111
SHF-008,control,t0,9.112777777777778
SHF-008,control,t1,9.797222222222222
SHF-008,control,t2,12.121666666666666
SHF-008,control,t3,12.8075
SHF-008,control,dt1,2.0
SHF-008,control,dt2,2.0
