subject,study,parameter,value
SHF-008,control,S02a,100.49796577334898
SHF-008,control,S02l,114.94016731926389
SHF-008,control,BAT2,0.008384904929027317
SHF-008,control,BAT,0.008285224988069533
SHF-008,control,CO,0.12029469633332959
SHF-008,control,Thl,0.6356505502969357
SHF-008,control,Dhl,1.3072587647309555
SHF-008,control,To,0.7801215057743197
SHF-008,control,Eo,0.5231696541884284
SHF-008,control,Toe,0.3145720674821597
SHF-008,control,Eb,0.16998742496489674
SHF-008,control,H,0
SHF-008,control,ve,1.9714000522137085
SHF-008,control,Te,2.255766092458963
SHF-008,control,De,4.029299846559275
SHF-008,control,khe_i,0.7936786878872354
SHF-008,control,khe_f,0.9003180322785687
SHF-008,control,Th_i,1.0507544166258775
SHF-008,control,Th_f,1.6780929774827404
SHF-008,control,Th,0.0
SHF-008,control,khe,0
SHF-008,control,Kbh,0
SHF-008,control,Khe,0
SHF-008,control,kbh,0
SHF-008,control,kbh_i,0
SHF-008,control,kbh_f,0
SHF-008,control,CL,0.0
SHF-008,control,AUC_Cb,0
SHF-008,control,AUC_Cl,0
SHF-008,control,AUC35_Cb,0
SHF-008,control,AUC35_Cl,0
SHF-008,control,RE_R1b,0
SHF-008,control,RE_R1l,0
SHF-008,control,RE_Sb,0
SHF-008,control,RE_Sl,0
SHF-008,control,T1_1,0
SHF-008,control,T1_2,0
SHF-008,control,t1_MOLLI,0
SHF-008,control,t2_MOLLI,0
SHF-008,control,T1_3,0
SHF-008,control,t3_MOLLI,0
SHF-008,control,t0,0
SHF-008,control,t1,0
SHF-008,control,t2,0
SHF-008,control,t3,0
SHF-008,control,dt1,0
SHF-008,control,dt2,0
