subject,study,parameter,value
SHF-002,control_35,BAT,1.0893194502091328
SHF-002,control_35,CO,3.997424131082675
SHF-002,control_35,Thl,15.81250915148944
SHF-002,control_35,Dhl,31.955030935974975
SHF-002,control_35,To,30.02898797969236
SHF-002,control_35,Eo,27.076403399814332
SHF-002,control_35,Toe,4.6188070071676615
SHF-002,control_35,Eb,7.705261348691195
SHF-002,control_35,H,45.0
SHF-002,control_35,ve,14.414770137188734
SHF-002,control_35,Te,29.102351882748447
SHF-002,control_35,De,73.16449760152798
SHF-002,control_35,khe,41.29991797044475
SHF-002,control_35,Th,29.460338788184856
SHF-002,control_35,Kbh,3.394394094344402
SHF-002,control_35,Khe,286.51111032214726
SHF-002,control_35,kbh,2.9050999880943476
SHF-002,control_35,CL,0.06664054136460831
SHF-002,control_35,AUC_Cb,65.9068998279499
SHF-002,control_35,AUC_Cl,812.5633180938526
SHF-002,control_35,AUC35_Cb,46.61610262868405
SHF-002,control_35,AUC35_Cl,305.80440175038376
SHF-002,control_35,RE_R1b,20.13977969464065
SHF-002,control_35,RE_R1l,120.10170781691612
SHF-002,control_35,RE_Sb,19.003732569396405
SHF-002,control_35,RE_Sl,96.59511060743328
SHF-002,control_35,T1_1,0.73111
SHF-002,control_35,T1_2,0.33114
SHF-002,control_35,t1_MOLLI,11.14638888888889
SHF-002,control_35,t2_MOLLI,12.024722222222222
