subject,study,parameter,value
SHF-002,control_35,BAT,0.009127277232441585
SHF-002,control_35,CO,0.05266349661209716
SHF-002,control_35,Thl,0.6165648694423107
SHF-002,control_35,Dhl,1.077288962951366
SHF-002,control_35,To,1.721238355687487
SHF-002,control_35,Eo,1.0996090804390757
SHF-002,control_35,Toe,0.30336636801446304
SHF-002,control_35,Eb,0.3401260305051664
SHF-002,control_35,H,0
SHF-002,control_35,ve,4.188222173518237
SHF-002,control_35,Te,8.582092788480017
SHF-002,control_35,De,9.788524724372785
SHF-002,control_35,khe,0.856156869614397
SHF-002,control_35,Th,1.1221155172016521
SHF-002,control_35,Kbh,0
SHF-002,control_35,Khe,0
SHF-002,control_35,kbh,0
SHF-002,control_35,CL,0.0
SHF-002,control_35,AUC_Cb,0
SHF-002,control_35,AUC_Cl,0
SHF-002,control_35,AUC35_Cb,0
SHF-002,control_35,AUC35_Cl,0
SHF-002,control_35,RE_R1b,0
SHF-002,control_35,RE_R1l,0
SHF-002,control_35,RE_Sb,0
SHF-002,control_35,RE_Sl,0
SHF-002,control_35,T1_1,0
SHF-002,control_35,T1_2,0
SHF-002,control_35,t1_MOLLI,0
SHF-002,control_35,t2_MOLLI,0
