subject,study,parameter,value
SHF-022,drug_05,BAT,0.04969189201590576
SHF-022,drug_05,CO,0.42590874064534895
SHF-022,drug_05,Thl,3.7144448516773694
SHF-022,drug_05,Dhl,3.6858519380890638
SHF-022,drug_05,To,8.610615807608907
SHF-022,drug_05,Eo,9.702425471648333
SHF-022,drug_05,Toe,0.8237052671748947
SHF-022,drug_05,Eb,15.661813018512644
SHF-022,drug_05,H,0
SHF-022,drug_05,ve,302.36505066870836
SHF-022,drug_05,Te,386.7927804909808
SHF-022,drug_05,De,124.388012684557
SHF-022,drug_05,khe,151.7218134288795
SHF-022,drug_05,Th,73.64695582526834
SHF-022,drug_05,Kbh,0
SHF-022,drug_05,Khe,0
SHF-022,drug_05,kbh,0
SHF-022,drug_05,CL,0.0
SHF-022,drug_05,AUC_Cb,0
SHF-022,drug_05,AUC_Cl,0
SHF-022,drug_05,AUC35_Cb,0
SHF-022,drug_05,AUC35_Cl,0
SHF-022,drug_05,RE_R1b,0
SHF-022,drug_05,RE_R1l,0
SHF-022,drug_05,RE_Sb,0
SHF-022,drug_05,RE_Sl,0
SHF-022,drug_05,T1_1,0
SHF-022,drug_05,T1_2,0
SHF-022,drug_05,t1_MOLLI,0
SHF-022,drug_05,t2_MOLLI,0
