subject,study,parameter,value
SHF-005,drug_30,BAT,0.031394248730075354
SHF-005,drug_30,CO,0.1417352049552045
SHF-005,drug_30,Thl,2.1568355249588853
SHF-005,drug_30,Dhl,7.5364569006435564
SHF-005,drug_30,To,3.307822381705516
SHF-005,drug_30,Eo,1.0959361642240137
SHF-005,drug_30,Toe,1.0321786889902194
SHF-005,drug_30,Eb,0.8549704915296266
SHF-005,drug_30,H,0
SHF-005,drug_30,ve,1.766673910495376
SHF-005,drug_30,Te,5.455702928309531
SHF-005,drug_30,De,5.24342227131313
SHF-005,drug_30,khe,0.4662303966632067
SHF-005,drug_30,Th,324.50329805829466
SHF-005,drug_30,Kbh,0
SHF-005,drug_30,Khe,0
SHF-005,drug_30,kbh,0
SHF-005,drug_30,CL,0.0
SHF-005,drug_30,AUC_Cb,0
SHF-005,drug_30,AUC_Cl,0
SHF-005,drug_30,AUC35_Cb,0
SHF-005,drug_30,AUC35_Cl,0
SHF-005,drug_30,RE_R1b,0
SHF-005,drug_30,RE_R1l,0
SHF-005,drug_30,RE_Sb,0
SHF-005,drug_30,RE_Sl,0
SHF-005,drug_30,T1_1,0
SHF-005,drug_30,T1_2,0
SHF-005,drug_30,t1_MOLLI,0
SHF-005,drug_30,t2_MOLLI,0
