subject,study,parameter,value
LDS-008,drug_40,BAT,0.00573860701793596
LDS-008,drug_40,CO,0.19836189297012932
LDS-008,drug_40,Thl,0.416986006029923
LDS-008,drug_40,Dhl,1.9366736635098933
LDS-008,drug_40,To,1.0704793259928587
LDS-008,drug_40,Eo,0.5775811554760053
LDS-008,drug_40,Toe,0.4276682331565998
LDS-008,drug_40,Eb,0.18414341459247413
LDS-008,drug_40,H,0
LDS-008,drug_40,ve,0.8476406181552062
LDS-008,drug_40,Te,2.7412337901244643
LDS-008,drug_40,De,6.3334087340822425
LDS-008,drug_40,khe,0.17216999129004218
LDS-008,drug_40,Th,1990.165413831176
LDS-008,drug_40,Kbh,0
LDS-008,drug_40,Khe,0
LDS-008,drug_40,kbh,0
LDS-008,drug_40,CL,0.0
LDS-008,drug_40,AUC_Cb,0
LDS-008,drug_40,AUC_Cl,0
LDS-008,drug_40,AUC35_Cb,0
LDS-008,drug_40,AUC35_Cl,0
LDS-008,drug_40,RE_R1b,0
LDS-008,drug_40,RE_R1l,0
LDS-008,drug_40,RE_Sb,0
LDS-008,drug_40,RE_Sl,0
LDS-008,drug_40,T1_1,0
LDS-008,drug_40,T1_2,0
LDS-008,drug_40,t1_MOLLI,0
LDS-008,drug_40,t2_MOLLI,0
