subject,study,parameter,value
LDS-008,control_35,BAT,1.2206378114987693
LDS-008,control_35,CO,10.100746892676895
LDS-008,control_35,Thl,17.95662214579826
LDS-008,control_35,Dhl,40.7398790837625
LDS-008,control_35,To,21.543002284987523
LDS-008,control_35,Eo,18.711782522179103
LDS-008,control_35,Toe,4.9229543281533905
LDS-008,control_35,Eb,5.013907859816948
LDS-008,control_35,H,45.0
LDS-008,control_35,ve,19.118487991854423
LDS-008,control_35,Te,24.511295590934555
LDS-008,control_35,De,57.46230822000534
LDS-008,control_35,khe,38.95174770274509
LDS-008,control_35,Th,27.957985369652977
LDS-008,control_35,Kbh,3.5767956337993185
LDS-008,control_35,Khe,203.73864146234143
LDS-008,control_35,kbh,2.8929663900582225
LDS-008,control_35,CL,0.4009338767020815
LDS-008,control_35,AUC_Cb,40.03727601677213
LDS-008,control_35,AUC_Cl,446.55288072881405
LDS-008,control_35,AUC35_Cb,26.852843329804394
LDS-008,control_35,AUC35_Cl,162.6208957873818
LDS-008,control_35,RE_R1b,17.36441460576286
LDS-008,control_35,RE_R1l,65.41832274413439
LDS-008,control_35,RE_Sb,13.537712781529995
LDS-008,control_35,RE_Sl,52.31895866782066
LDS-008,control_35,T1_1,0.74397998
LDS-008,control_35,T1_2,0.46023999
LDS-008,control_35,t1_MOLLI,14.109626388888888
LDS-008,control_35,t2_MOLLI,15.427624999999999
