subject,study,parameter,value
LDS-008,control_35,BAT,0.013466405198130875
LDS-008,control_35,CO,0.19161775006826218
LDS-008,control_35,Thl,0.9409943287203063
LDS-008,control_35,Dhl,1.6735267598854415
LDS-008,control_35,To,1.3381887226249711
LDS-008,control_35,Eo,0.8362507140590222
LDS-008,control_35,Toe,0.3241592040183788
LDS-008,control_35,Eb,0.2619279755611372
LDS-008,control_35,H,0
LDS-008,control_35,ve,2.049273076289925
LDS-008,control_35,Te,3.1252643279172925
LDS-008,control_35,De,7.167862943483028
LDS-008,control_35,khe,0.6846428532195421
LDS-008,control_35,Th,0.938327513234248
LDS-008,control_35,Kbh,0
LDS-008,control_35,Khe,0
LDS-008,control_35,kbh,0
LDS-008,control_35,CL,0.0
LDS-008,control_35,AUC_Cb,0
LDS-008,control_35,AUC_Cl,0
LDS-008,control_35,AUC35_Cb,0
LDS-008,control_35,AUC35_Cl,0
LDS-008,control_35,RE_R1b,0
LDS-008,control_35,RE_R1l,0
LDS-008,control_35,RE_Sb,0
LDS-008,control_35,RE_Sl,0
LDS-008,control_35,T1_1,0
LDS-008,control_35,T1_2,0
LDS-008,control_35,t1_MOLLI,0
LDS-008,control_35,t2_MOLLI,0
