subject,study,parameter,value
SHF-003,control_30,BAT,1.204825290167814
SHF-003,control_30,CO,10.980446598532541
SHF-003,control_30,Thl,17.882467489749803
SHF-003,control_30,Dhl,51.78068355197614
SHF-003,control_30,To,20.560949722660823
SHF-003,control_30,Eo,18.60455576565658
SHF-003,control_30,Toe,5.5462575747257
SHF-003,control_30,Eb,5.016335845250244
SHF-003,control_30,H,45.0
SHF-003,control_30,ve,30.23440315652432
SHF-003,control_30,Te,26.1396464841208
SHF-003,control_30,De,83.95057838326085
SHF-003,control_30,khe,39.05875515880667
SHF-003,control_30,Th,59.39971110957352
SHF-003,control_30,Kbh,1.68350987121018
SHF-003,control_30,Khe,129.18646006206387
SHF-003,control_30,kbh,1.1745107095686107
SHF-003,control_30,CL,0.3765960014170616
SHF-003,control_30,AUC_Cb,49.084180615400314
SHF-003,control_30,AUC_Cl,1064.390380486172
SHF-003,control_30,AUC35_Cb,32.09029065046519
SHF-003,control_30,AUC35_Cl,246.59926270357158
SHF-003,control_30,RE_R1b,19.118212169584066
SHF-003,control_30,RE_R1l,95.49475549025294
SHF-003,control_30,RE_Sb,20.505215281018064
SHF-003,control_30,RE_Sl,85.6064658906066
SHF-003,control_30,T1_1,0.72478
SHF-003,control_30,T1_2,0.35727
SHF-003,control_30,t1_MOLLI,8.8975
SHF-003,control_30,t2_MOLLI,9.759722222222223
