subject,study,parameter,value
SHF-003,control_30,BAT,0.007772521987215129
SHF-003,control_30,CO,0.21110603817393234
SHF-003,control_30,Thl,0.5198455787102012
SHF-003,control_30,Dhl,1.831809377664069
SHF-003,control_30,To,1.1050731655792354
SHF-003,control_30,Eo,0.6196033645286193
SHF-003,control_30,Toe,0.3814533120048261
SHF-003,control_30,Eb,0.3319328077993371
SHF-003,control_30,H,0
SHF-003,control_30,ve,2.958397237383931
SHF-003,control_30,Te,4.4836002701998385
SHF-003,control_30,De,6.087246067813265
SHF-003,control_30,khe,0.752279696407181
SHF-003,control_30,Th,4.564685745613564
SHF-003,control_30,Kbh,0
SHF-003,control_30,Khe,0
SHF-003,control_30,kbh,0
SHF-003,control_30,CL,0.0
SHF-003,control_30,AUC_Cb,0
SHF-003,control_30,AUC_Cl,0
SHF-003,control_30,AUC35_Cb,0
SHF-003,control_30,AUC35_Cl,0
SHF-003,control_30,RE_R1b,0
SHF-003,control_30,RE_R1l,0
SHF-003,control_30,RE_Sb,0
SHF-003,control_30,RE_Sl,0
SHF-003,control_30,T1_1,0
SHF-003,control_30,T1_2,0
SHF-003,control_30,t1_MOLLI,0
SHF-003,control_30,t2_MOLLI,0
