subject,study,parameter,value
SHF-021,control_15,BAT,1.3154790250971977
SHF-021,control_15,CO,7.90973317803577
SHF-021,control_15,Thl,14.26170959908393
SHF-021,control_15,Dhl,53.53187352196791
SHF-021,control_15,To,32.57180474312399
SHF-021,control_15,Eo,25.167779541879558
SHF-021,control_15,Toe,5.978844906451474
SHF-021,control_15,Eb,2.444544139671217
SHF-021,control_15,H,45.0
SHF-021,control_15,ve,31.990274443672025
SHF-021,control_15,Te,45.8380093881705
SHF-021,control_15,De,89.5472340935732
SHF-021,control_15,khe,39.23565983001016
SHF-021,control_15,Th,29.02165474297488
SHF-021,control_15,Kbh,3.445702903078139
SHF-021,control_15,Khe,122.64871281143803
SHF-021,control_15,kbh,2.3434130878698687
SHF-021,control_15,CL,0.3862340993456151
SHF-021,control_15,AUC_Cb,87.32273919482367
SHF-021,control_15,AUC_Cl,969.9256978979648
SHF-021,control_15,AUC35_Cb,31.852455727320248
SHF-021,control_15,AUC35_Cl,191.9510698576395
SHF-021,control_15,RE_R1b,20.548106079285404
SHF-021,control_15,RE_R1l,81.41734082129007
SHF-021,control_15,RE_Sb,7.0258053829599545
SHF-021,control_15,RE_Sl,62.13790501633516
SHF-021,control_15,T1_1,0.80253
SHF-021,control_15,T1_2,0.47129
SHF-021,control_15,t1_MOLLI,11.305833333333334
SHF-021,control_15,t2_MOLLI,12.15
