subject,study,parameter,value
SHF-021,control_15,BAT,0.07557454396730687
SHF-021,control_15,CO,1.0257369213399474
SHF-021,control_15,Thl,4.287646632624307
SHF-021,control_15,Dhl,12.14655917358955
SHF-021,control_15,To,3.777830859242898
SHF-021,control_15,Eo,2.917163131115682
SHF-021,control_15,Toe,3.0155166835297247
SHF-021,control_15,Eb,6.895128957920016
SHF-021,control_15,H,0
SHF-021,control_15,ve,12.049843324193414
SHF-021,control_15,Te,21.104470920911407
SHF-021,control_15,De,7.996521998058692
SHF-021,control_15,khe,3.496015094094246
SHF-021,control_15,Th,9.126302675850347
SHF-021,control_15,Kbh,0
SHF-021,control_15,Khe,0
SHF-021,control_15,kbh,0
SHF-021,control_15,CL,0.0
SHF-021,control_15,AUC_Cb,0
SHF-021,control_15,AUC_Cl,0
SHF-021,control_15,AUC35_Cb,0
SHF-021,control_15,AUC35_Cl,0
SHF-021,control_15,RE_R1b,0
SHF-021,control_15,RE_R1l,0
SHF-021,control_15,RE_Sb,0
SHF-021,control_15,RE_Sl,0
SHF-021,control_15,T1_1,0
SHF-021,control_15,T1_2,0
SHF-021,control_15,t1_MOLLI,0
SHF-021,control_15,t2_MOLLI,0
