subject,study,parameter,value
SHF-005,control_30,BAT,1.2556383941154712
SHF-005,control_30,CO,3.7368386513233385
SHF-005,control_30,Thl,13.18587957389602
SHF-005,control_30,Dhl,56.22142765562048
SHF-005,control_30,To,32.361521770232834
SHF-005,control_30,Eo,21.41776741731542
SHF-005,control_30,Toe,3.852834035717719
SHF-005,control_30,Eb,8.610239075361392
SHF-005,control_30,H,45.0
SHF-005,control_30,ve,20.14282000121786
SHF-005,control_30,Te,38.141508894940976
SHF-005,control_30,De,74.50636355171298
SHF-005,control_30,khe,21.307475686195716
SHF-005,control_30,Th,85.64266902320905
SHF-005,control_30,Kbh,1.167642264545727
SHF-005,control_30,Khe,105.7819892393788
SHF-005,control_30,kbh,0.9324461849401372
SHF-005,control_30,CL,0.19214471067756442
SHF-005,control_30,AUC_Cb,42.133437411150496
SHF-005,control_30,AUC_Cl,668.5324500208134
SHF-005,control_30,AUC35_Cb,35.43469396885198
SHF-005,control_30,AUC35_Cl,168.44661651311858
SHF-005,control_30,RE_R1b,19.31412034913723
SHF-005,control_30,RE_R1l,71.24875031675745
SHF-005,control_30,RE_Sb,21.463315847755997
SHF-005,control_30,RE_Sl,58.8961207264849
SHF-005,control_30,T1_1,0.78715
SHF-005,control_30,T1_2,0.49327
SHF-005,control_30,t1_MOLLI,14.248888888888889
SHF-005,control_30,t2_MOLLI,15.06611111111111
