subject,study,parameter,value
SHF-005,control_30,BAT,0.01908537792017637
SHF-005,control_30,CO,0.09816518612237311
SHF-005,control_30,Thl,1.3653989655373262
SHF-005,control_30,Dhl,4.204538336629207
SHF-005,control_30,To,2.2294209610499522
SHF-005,control_30,Eo,1.4785925521975114
SHF-005,control_30,Toe,0.42440759881466356
SHF-005,control_30,Eb,0.5122443168264627
SHF-005,control_30,H,0
SHF-005,control_30,ve,2.4031719691159865
SHF-005,control_30,Te,6.25461046309846
SHF-005,control_30,De,6.05855831853953
SHF-005,control_30,khe,0.5733675600776114
SHF-005,control_30,Th,12.893609073411353
SHF-005,control_30,Kbh,0
SHF-005,control_30,Khe,0
SHF-005,control_30,kbh,0
SHF-005,control_30,CL,0.0
SHF-005,control_30,AUC_Cb,0
SHF-005,control_30,AUC_Cl,0
SHF-005,control_30,AUC35_Cb,0
SHF-005,control_30,AUC35_Cl,0
SHF-005,control_30,RE_R1b,0
SHF-005,control_30,RE_R1l,0
SHF-005,control_30,RE_Sb,0
SHF-005,control_30,RE_Sl,0
SHF-005,control_30,T1_1,0
SHF-005,control_30,T1_2,0
SHF-005,control_30,t1_MOLLI,0
SHF-005,control_30,t2_MOLLI,0
