subject,study,parameter,value
SHF-008,control_30,BAT,1.132090685601979
SHF-008,control_30,CO,7.1164028612362005
SHF-008,control_30,Thl,15.742529619731357
SHF-008,control_30,Dhl,29.996992901582654
SHF-008,control_30,To,13.153171508081973
SHF-008,control_30,Eo,16.865725109537706
SHF-008,control_30,Toe,5.445728522869186
SHF-008,control_30,Eb,4.427256084240604
SHF-008,control_30,H,45.0
SHF-008,control_30,ve,34.737019660154274
SHF-008,control_30,Te,24.031401285838246
SHF-008,control_30,De,85.08858862056799
SHF-008,control_30,khe,48.84518052722575
SHF-008,control_30,Th,34.11472313663723
SHF-008,control_30,Kbh,2.9312856973652472
SHF-008,control_30,Khe,140.61419489955406
SHF-008,control_30,kbh,1.913044408376191
SHF-008,control_30,CL,0.4156161135753929
SHF-008,control_30,AUC_Cb,42.87840408447453
SHF-008,control_30,AUC_Cl,729.6006635955301
SHF-008,control_30,AUC35_Cb,28.875981109998417
SHF-008,control_30,AUC35_Cl,242.54233933310195
SHF-008,control_30,RE_R1b,21.902955909771514
SHF-008,control_30,RE_R1l,102.20451265336825
SHF-008,control_30,RE_Sb,9.891334000371906
SHF-008,control_30,RE_Sl,89.43255584626463
SHF-008,control_30,T1_1,0.78759
SHF-008,control_30,T1_2,0.4218
SHF-008,control_30,t1_MOLLI,8.946388888888889
SHF-008,control_30,t2_MOLLI,9.8
