subject,study,parameter,value
SHF-008,control_30,BAT,0.0112308690305927
SHF-008,control_30,CO,0.13530476851992873
SHF-008,control_30,Thl,0.6626793141662625
SHF-008,control_30,Dhl,1.244006405102806
SHF-008,control_30,To,1.0128507150483603
SHF-008,control_30,Eo,0.6936014719476596
SHF-008,control_30,Toe,0.42061600685457784
SHF-008,control_30,Eb,0.3276500455584621
SHF-008,control_30,H,0
SHF-008,control_30,ve,3.781970936342617
SHF-008,control_30,Te,4.562128094613842
SHF-008,control_30,De,5.704893797086938
SHF-008,control_30,khe,1.2001913718906556
SHF-008,control_30,Th,2.0833424750835037
SHF-008,control_30,Kbh,0
SHF-008,control_30,Khe,0
SHF-008,control_30,kbh,0
SHF-008,control_30,CL,0.0
SHF-008,control_30,AUC_Cb,0
SHF-008,control_30,AUC_Cl,0
SHF-008,control_30,AUC35_Cb,0
SHF-008,control_30,AUC35_Cl,0
SHF-008,control_30,RE_R1b,0
SHF-008,control_30,RE_R1l,0
SHF-008,control_30,RE_Sb,0
SHF-008,control_30,RE_Sl,0
SHF-008,control_30,T1_1,0
SHF-008,control_30,T1_2,0
SHF-008,control_30,t1_MOLLI,0
SHF-008,control_30,t2_MOLLI,0
