subject,study,parameter,value
LDS-010,drug_30,BAT,0.0038873085727434004
LDS-010,drug_30,CO,0.15190751333146116
LDS-010,drug_30,Thl,0.4392486170172268
LDS-010,drug_30,Dhl,1.1944177790754311
LDS-010,drug_30,To,1.9963424060504278
LDS-010,drug_30,Eo,0.8550230578482823
LDS-010,drug_30,Toe,2.684580062764403
LDS-010,drug_30,Eb,1.4926545758208816
LDS-010,drug_30,H,0
LDS-010,drug_30,ve,1.3488158787221105
LDS-010,drug_30,Te,5.61475743215461
LDS-010,drug_30,De,5.445130598262743
LDS-010,drug_30,khe,0.3890043282838115
LDS-010,drug_30,Th,1452.902566791952
LDS-010,drug_30,Kbh,0
LDS-010,drug_30,Khe,0
LDS-010,drug_30,kbh,0
LDS-010,drug_30,CL,0.0
LDS-010,drug_30,AUC_Cb,0
LDS-010,drug_30,AUC_Cl,0
LDS-010,drug_30,AUC35_Cb,0
LDS-010,drug_30,AUC35_Cl,0
LDS-010,drug_30,RE_R1b,0
LDS-010,drug_30,RE_R1l,0
LDS-010,drug_30,RE_Sb,0
LDS-010,drug_30,RE_Sl,0
LDS-010,drug_30,T1_1,0
LDS-010,drug_30,T1_2,0
LDS-010,drug_30,t1_MOLLI,0
LDS-010,drug_30,t2_MOLLI,0
