subject,study,parameter,value
LDS-007,drug_15,BAT,0.008476242584634633
LDS-007,drug_15,CO,0.11032582478065692
LDS-007,drug_15,Thl,0.5749921222306682
LDS-007,drug_15,Dhl,1.2350355725853395
LDS-007,drug_15,To,1.2850583050673374
LDS-007,drug_15,Eo,1.1041170724545935
LDS-007,drug_15,Toe,0.37939891990551505
LDS-007,drug_15,Eb,0.7945595780099515
LDS-007,drug_15,H,0
LDS-007,drug_15,ve,1.64284068791773
LDS-007,drug_15,Te,6.7860854621397255
LDS-007,drug_15,De,4.926610950749128
LDS-007,drug_15,khe,1.1126345893101277
LDS-007,drug_15,Th,10.614119713076287
LDS-007,drug_15,Kbh,0
LDS-007,drug_15,Khe,0
LDS-007,drug_15,kbh,0
LDS-007,drug_15,CL,0.0
LDS-007,drug_15,AUC_Cb,0
LDS-007,drug_15,AUC_Cl,0
LDS-007,drug_15,AUC35_Cb,0
LDS-007,drug_15,AUC35_Cl,0
LDS-007,drug_15,RE_R1b,0
LDS-007,drug_15,RE_R1l,0
LDS-007,drug_15,RE_Sb,0
LDS-007,drug_15,RE_Sl,0
LDS-007,drug_15,T1_1,0
LDS-007,drug_15,T1_2,0
LDS-007,drug_15,t1_MOLLI,0
LDS-007,drug_15,t2_MOLLI,0
