subject,study,parameter,value
LDS-004,drug_10,BAT,0.02708822307124005
LDS-004,drug_10,CO,0.12974455891209485
LDS-004,drug_10,Thl,1.8741601193408326
LDS-004,drug_10,Dhl,3.9247131738020378
LDS-004,drug_10,To,3.933446458653162
LDS-004,drug_10,Eo,8.824051466120011
LDS-004,drug_10,Toe,4.936240479738882
LDS-004,drug_10,Eb,15.023837895342396
LDS-004,drug_10,H,0
LDS-004,drug_10,ve,3.7316458992026047
LDS-004,drug_10,Te,13.375289484227439
LDS-004,drug_10,De,5.534935698459044
LDS-004,drug_10,khe,3.2635129942023533
LDS-004,drug_10,Th,28.559626726284538
LDS-004,drug_10,Kbh,0
LDS-004,drug_10,Khe,0
LDS-004,drug_10,kbh,0
LDS-004,drug_10,CL,0.0
LDS-004,drug_10,AUC_Cb,0
LDS-004,drug_10,AUC_Cl,0
LDS-004,drug_10,AUC35_Cb,0
LDS-004,drug_10,AUC35_Cl,0
LDS-004,drug_10,RE_R1b,0
LDS-004,drug_10,RE_R1l,0
LDS-004,drug_10,RE_Sb,0
LDS-004,drug_10,RE_Sl,0
LDS-004,drug_10,T1_1,0
LDS-004,drug_10,T1_2,0
LDS-004,drug_10,t1_MOLLI,0
LDS-004,drug_10,t2_MOLLI,0
