subject,study,parameter,value
LDS-001,control_15,BAT,1.1957923185543478
LDS-001,control_15,CO,13.960908488639397
LDS-001,control_15,Thl,22.612212058029158
LDS-001,control_15,Dhl,57.68130700454422
LDS-001,control_15,To,21.08365252390945
LDS-001,control_15,Eo,15.778241076299441
LDS-001,control_15,Toe,6.570376448625017
LDS-001,control_15,Eb,4.2962461550781175
LDS-001,control_15,H,45.0
LDS-001,control_15,ve,40.62658880479791
LDS-001,control_15,Te,53.33805193972943
LDS-001,control_15,De,82.06269183122983
LDS-001,control_15,khe,33.90401886594388
LDS-001,control_15,Th,27.906053901574502
LDS-001,control_15,Kbh,3.583451832806711
LDS-001,control_15,Khe,83.45278268093206
LDS-001,control_15,kbh,2.127617591674334
LDS-001,control_15,CL,0.3750507927137553
LDS-001,control_15,AUC_Cb,201.97906798939024
LDS-001,control_15,AUC_Cl,2032.6010828473327
LDS-001,control_15,AUC35_Cb,120.236841825063
LDS-001,control_15,AUC35_Cl,667.5634832403159
LDS-001,control_15,RE_R1b,73.88629164673196
LDS-001,control_15,RE_R1l,270.20249596923634
LDS-001,control_15,RE_Sb,48.27375804538999
LDS-001,control_15,RE_Sl,161.41869792659912
LDS-001,control_15,T1_1,0.762049988
LDS-001,control_15,T1_2,0.164630005
LDS-001,control_15,t1_MOLLI,9.437863611111112
LDS-001,control_15,t2_MOLLI,10.4112
