subject,study,parameter,value
LDS-001,control_15,BAT,0.01785684168140499
LDS-001,control_15,CO,0.4091472755048911
LDS-001,control_15,Thl,1.4826447337017068
LDS-001,control_15,Dhl,2.497283779934169
LDS-001,control_15,To,1.209288057484747
LDS-001,control_15,Eo,0.8342934382757881
LDS-001,control_15,Toe,1.3971169359118898
LDS-001,control_15,Eb,1.7502406696891466
LDS-001,control_15,H,0
LDS-001,control_15,ve,3.230799317833266
LDS-001,control_15,Te,5.299598734095851
LDS-001,control_15,De,2.922116659314906
LDS-001,control_15,khe,1.151414027471412
LDS-001,control_15,Th,3.391617782570691
LDS-001,control_15,Kbh,0
LDS-001,control_15,Khe,0
LDS-001,control_15,kbh,0
LDS-001,control_15,CL,0.0
LDS-001,control_15,AUC_Cb,0
LDS-001,control_15,AUC_Cl,0
LDS-001,control_15,AUC35_Cb,0
LDS-001,control_15,AUC35_Cl,0
LDS-001,control_15,RE_R1b,0
LDS-001,control_15,RE_R1l,0
LDS-001,control_15,RE_Sb,0
LDS-001,control_15,RE_Sl,0
LDS-001,control_15,T1_1,0
LDS-001,control_15,T1_2,0
LDS-001,control_15,t1_MOLLI,0
LDS-001,control_15,t2_MOLLI,0
