subject,study,parameter,value
LDS-005,control_25,BAT,1.2529678892260967
LDS-005,control_25,CO,6.82313879334917
LDS-005,control_25,Thl,13.618340597028707
LDS-005,control_25,Dhl,54.918712110306835
LDS-005,control_25,To,16.619559500515773
LDS-005,control_25,Eo,26.869259122996255
LDS-005,control_25,Toe,1.8115981966823285
LDS-005,control_25,Eb,8.337314596151813
LDS-005,control_25,H,45.0
LDS-005,control_25,ve,34.53194162009634
LDS-005,control_25,Te,59.98990832313217
LDS-005,control_25,De,86.04091045234684
LDS-005,control_25,khe,34.53807019337945
LDS-005,control_25,Th,32.594923548600306
LDS-005,control_25,Kbh,3.0679624037435183
LDS-005,control_25,Khe,100.01774754906783
LDS-005,control_25,kbh,2.008535417556302
LDS-005,control_25,CL,0.24360469918246222
LDS-005,control_25,AUC_Cb,35.782071258782544
LDS-005,control_25,AUC_Cl,422.8557708473071
LDS-005,control_25,AUC35_Cb,33.972363700040134
LDS-005,control_25,AUC35_Cl,217.83475266819568
LDS-005,control_25,RE_R1b,12.76837677596341
LDS-005,control_25,RE_R1l,95.74379920684221
LDS-005,control_25,RE_Sb,7.977821493136528
LDS-005,control_25,RE_Sl,73.21366714564249
LDS-005,control_25,T1_1,0.8025
LDS-005,control_25,T1_2,0.450480011
LDS-005,control_25,t1_MOLLI,10.870616388888887
LDS-005,control_25,t2_MOLLI,11.798355277777777
