subject,study,parameter,value
LDS-005,control_25,BAT,0.021071603388293433
LDS-005,control_25,CO,0.25170279492926667
LDS-005,control_25,Thl,1.6133949693636496
LDS-005,control_25,Dhl,4.0202724647507635
LDS-005,control_25,To,1.6443232199934474
LDS-005,control_25,Eo,2.16169357834207
LDS-005,control_25,Toe,0.18586637095517708
LDS-005,control_25,Eb,0.5094005732035466
LDS-005,control_25,H,0
LDS-005,control_25,ve,4.496427341412314
LDS-005,control_25,Te,9.295262931559801
LDS-005,control_25,De,3.1862325592763767
LDS-005,control_25,khe,0.9094038973813733
LDS-005,control_25,Th,2.022353009863356
LDS-005,control_25,Kbh,0
LDS-005,control_25,Khe,0
LDS-005,control_25,kbh,0
LDS-005,control_25,CL,0.0
LDS-005,control_25,AUC_Cb,0
LDS-005,control_25,AUC_Cl,0
LDS-005,control_25,AUC35_Cb,0
LDS-005,control_25,AUC35_Cl,0
LDS-005,control_25,RE_R1b,0
LDS-005,control_25,RE_R1l,0
LDS-005,control_25,RE_Sb,0
LDS-005,control_25,RE_Sl,0
LDS-005,control_25,T1_1,0
LDS-005,control_25,T1_2,0
LDS-005,control_25,t1_MOLLI,0
LDS-005,control_25,t2_MOLLI,0
