subject,study,parameter,value
SHF-003,drug_30,BAT,0.01069412830968936
SHF-003,drug_30,CO,0.438418972906356
SHF-003,drug_30,Thl,0.6074344103929928
SHF-003,drug_30,Dhl,1.736341805425723
SHF-003,drug_30,To,1.674377311080652
SHF-003,drug_30,Eo,0.8496970589088947
SHF-003,drug_30,Toe,0.8249692382357698
SHF-003,drug_30,Eb,0.6221340003522668
SHF-003,drug_30,H,0
SHF-003,drug_30,ve,5.2168797504663145
SHF-003,drug_30,Te,8.560316749116106
SHF-003,drug_30,De,4.335439558908993
SHF-003,drug_30,khe,1.1501030685218951
SHF-003,drug_30,Th,12.04620393029902
SHF-003,drug_30,Kbh,0
SHF-003,drug_30,Khe,0
SHF-003,drug_30,kbh,0
SHF-003,drug_30,CL,0.0
SHF-003,drug_30,AUC_Cb,0
SHF-003,drug_30,AUC_Cl,0
SHF-003,drug_30,AUC35_Cb,0
SHF-003,drug_30,AUC35_Cl,0
SHF-003,drug_30,RE_R1b,0
SHF-003,drug_30,RE_R1l,0
SHF-003,drug_30,RE_Sb,0
SHF-003,drug_30,RE_Sl,0
SHF-003,drug_30,T1_1,0
SHF-003,drug_30,T1_2,0
SHF-003,drug_30,t1_MOLLI,0
SHF-003,drug_30,t2_MOLLI,0
