subject,study,parameter,value
SHF-017,control_25,BAT,1.1533064766634322
SHF-017,control_25,CO,8.90150412381539
SHF-017,control_25,Thl,17.50668612930787
SHF-017,control_25,Dhl,42.373545251582
SHF-017,control_25,To,23.894757847383847
SHF-017,control_25,Eo,13.898749022931375
SHF-017,control_25,Toe,10.682199489071019
SHF-017,control_25,Eb,5.755298587744983
SHF-017,control_25,H,45.0
SHF-017,control_25,ve,27.609333060698727
SHF-017,control_25,Te,59.954729340833715
SHF-017,control_25,De,90.49117870434806
SHF-017,control_25,khe,41.44712007173978
SHF-017,control_25,Th,232.3692996051694
SHF-017,control_25,Kbh,0.43034944878654424
SHF-017,control_25,Khe,150.11996117624022
SHF-017,control_25,kbh,0.31153283614618615
SHF-017,control_25,CL,0.4129048452891146
SHF-017,control_25,AUC_Cb,39.48161619235252
SHF-017,control_25,AUC_Cl,1799.7294772910254
SHF-017,control_25,AUC35_Cb,24.993987467625935
SHF-017,control_25,AUC35_Cl,244.28592551390227
SHF-017,control_25,RE_R1b,12.793274446354552
SHF-017,control_25,RE_R1l,84.73077856287459
SHF-017,control_25,RE_Sb,17.756360826738653
SHF-017,control_25,RE_Sl,68.94518544859544
SHF-017,control_25,T1_1,0.64556
SHF-017,control_25,T1_2,0.37176
SHF-017,control_25,t1_MOLLI,12.851944444444445
SHF-017,control_25,t2_MOLLI,13.6625
