subject,study,parameter,value
SHF-017,control_25,BAT,0.007830403064189403
SHF-017,control_25,CO,0.15453929373589623
SHF-017,control_25,Thl,0.5115927137610887
SHF-017,control_25,Dhl,1.5310418869810845
SHF-017,control_25,To,1.2032591926799203
SHF-017,control_25,Eo,0.7190513916547903
SHF-017,control_25,Toe,1.9269943503221685
SHF-017,control_25,Eb,1.080909140480073
SHF-017,control_25,H,0
SHF-017,control_25,ve,20.959471480137818
SHF-017,control_25,Te,49.26770811159753
SHF-017,control_25,De,10.582544193555417
SHF-017,control_25,khe,1.1773850217162787
SHF-017,control_25,Th,106.39391856093553
SHF-017,control_25,Kbh,0
SHF-017,control_25,Khe,0
SHF-017,control_25,kbh,0
SHF-017,control_25,CL,0.0
SHF-017,control_25,AUC_Cb,0
SHF-017,control_25,AUC_Cl,0
SHF-017,control_25,AUC35_Cb,0
SHF-017,control_25,AUC35_Cl,0
SHF-017,control_25,RE_R1b,0
SHF-017,control_25,RE_R1l,0
SHF-017,control_25,RE_Sb,0
SHF-017,control_25,RE_Sl,0
SHF-017,control_25,T1_1,0
SHF-017,control_25,T1_2,0
SHF-017,control_25,t1_MOLLI,0
SHF-017,control_25,t2_MOLLI,0
