subject,study,parameter,value
LDS-008,control,BAT,1.2106950468474018
LDS-008,control,CO,10.546760683072126
LDS-008,control,Thl,18.386905272684103
LDS-008,control,Dhl,38.73472575809807
LDS-008,control,To,19.786910125537215
LDS-008,control,Eo,17.40053610736873
LDS-008,control,Toe,6.0039281911432925
LDS-008,control,Eb,4.332213827861404
LDS-008,control,H,45.0
LDS-008,control,ve,18.56680676925333
LDS-008,control,Te,23.518400800191028
LDS-008,control,De,55.530113639470834
LDS-008,control,khe,39.59023957830619
LDS-008,control,Th,27.457327625906682
LDS-008,control,Kbh,3.6420150337444883
LDS-008,control,Khe,213.23127918726286
LDS-008,control,kbh,2.965809139921993
LDS-008,control,CL,0.4075059315650641
LDS-008,control,AUC_Cb,44.2981406743001
LDS-008,control,AUC_Cl,490.5621702058849
LDS-008,control,AUC35_Cb,26.765468825106915
LDS-008,control,AUC35_Cl,162.17643751901372
LDS-008,control,RE_R1b,17.236027493296145
LDS-008,control,RE_R1l,64.79326207147
LDS-008,control,RE_Sb,13.537712781529995
LDS-008,control,RE_Sl,52.31895866782066
LDS-008,control,T1_1,0.74397998
LDS-008,control,T1_2,0.46023999
LDS-008,control,t1_MOLLI,14.109626388888888
LDS-008,control,t2_MOLLI,15.427624999999999
