subject,study,parameter,value
LDS-008,control,BAT,0.01376927500295928
LDS-008,control,CO,0.226557001374255
LDS-008,control,Thl,1.0063704625251455
LDS-008,control,Dhl,1.323103352515629
LDS-008,control,To,1.145830648398163
LDS-008,control,Eo,0.7106477566223237
LDS-008,control,Toe,0.33362099125669903
LDS-008,control,Eb,0.235285693434438
LDS-008,control,H,0
LDS-008,control,ve,1.9805443599328856
LDS-008,control,Te,2.9916408248824355
LDS-008,control,De,7.411461681565652
LDS-008,control,khe,0.6528197055184444
LDS-008,control,Th,0.7641335159113027
LDS-008,control,Kbh,0
LDS-008,control,Khe,0
LDS-008,control,kbh,0
LDS-008,control,CL,0.0
LDS-008,control,AUC_Cb,0
LDS-008,control,AUC_Cl,0
LDS-008,control,AUC35_Cb,0
LDS-008,control,AUC35_Cl,0
LDS-008,control,RE_R1b,0
LDS-008,control,RE_R1l,0
LDS-008,control,RE_Sb,0
LDS-008,control,RE_Sl,0
LDS-008,control,T1_1,0
LDS-008,control,T1_2,0
LDS-008,control,t1_MOLLI,0
LDS-008,control,t2_MOLLI,0
