subject,study,parameter,value
SHF-010,control_10,BAT,1.2275689658446125
SHF-010,control_10,CO,6.952597116784824
SHF-010,control_10,Thl,15.30625228858264
SHF-010,control_10,Dhl,51.94270932885006
SHF-010,control_10,To,34.401053962298455
SHF-010,control_10,Eo,20.015935997134875
SHF-010,control_10,Toe,4.056277900772605
SHF-010,control_10,Eb,9.440327496210946
SHF-010,control_10,H,45.0
SHF-010,control_10,ve,30.919545297328476
SHF-010,control_10,Te,51.161615429444545
SHF-010,control_10,De,89.82606533334209
SHF-010,control_10,khe,35.87502279567841
SHF-010,control_10,Th,599.9541959739206
SHF-010,control_10,Kbh,0.16667939097861878
SHF-010,control_10,Khe,116.02700638284645
SHF-010,control_10,kbh,0.11514288118367352
SHF-010,control_10,CL,0.33905670572789187
SHF-010,control_10,AUC_Cb,31.107491642938196
SHF-010,control_10,AUC_Cl,1622.9843893557806
SHF-010,control_10,AUC35_Cb,26.7316829025375
SHF-010,control_10,AUC35_Cl,242.1312568916946
SHF-010,control_10,RE_R1b,14.100948967786008
SHF-010,control_10,RE_R1l,100.02466959485956
SHF-010,control_10,RE_Sb,6.826066635078422
SHF-010,control_10,RE_Sl,72.19259027871647
SHF-010,control_10,T1_1,0.76626
SHF-010,control_10,T1_2,0.41884
SHF-010,control_10,t1_MOLLI,10.315555555555555
SHF-010,control_10,t2_MOLLI,11.1275
