subject,study,parameter,value
SHF-010,control_10,BAT,0.016380000783085536
SHF-010,control_10,CO,0.21982255366395034
SHF-010,control_10,Thl,1.3325159155311637
SHF-010,control_10,Dhl,2.4521631966185495
SHF-010,control_10,To,4.8122273857924585
SHF-010,control_10,Eo,5.335984893788809
SHF-010,control_10,Toe,4.361921064761842
SHF-010,control_10,Eb,9.485701920528172
SHF-010,control_10,H,0
SHF-010,control_10,ve,44.06377683554405
SHF-010,control_10,Te,32.26483377243844
SHF-010,control_10,De,9.231231275934677
SHF-010,control_10,khe,5.714603131562303
SHF-010,control_10,Th,10802.665779441388
SHF-010,control_10,Kbh,0
SHF-010,control_10,Khe,0
SHF-010,control_10,kbh,0
SHF-010,control_10,CL,0.0
SHF-010,control_10,AUC_Cb,0
SHF-010,control_10,AUC_Cl,0
SHF-010,control_10,AUC35_Cb,0
SHF-010,control_10,AUC35_Cl,0
SHF-010,control_10,RE_R1b,0
SHF-010,control_10,RE_R1l,0
SHF-010,control_10,RE_Sb,0
SHF-010,control_10,RE_Sl,0
SHF-010,control_10,T1_1,0
SHF-010,control_10,T1_2,0
SHF-010,control_10,t1_MOLLI,0
SHF-010,control_10,t2_MOLLI,0
