subject,study,parameter,value
GOT-003,drug,BAT,0.006785494867537257
GOT-003,drug,CO,0.07676402577066453
GOT-003,drug,Thl,0.4552132019034157
GOT-003,drug,Dhl,0.665926071847429
GOT-003,drug,To,1.0214437462156996
GOT-003,drug,Eo,0.942444140735277
GOT-003,drug,Toe,0.1709283085371285
GOT-003,drug,Eb,0.21369023740459184
GOT-003,drug,H,0
GOT-003,drug,ve,1.7138452740901577
GOT-003,drug,Te,6.827952644808545
GOT-003,drug,De,2.7868259185180504
GOT-003,drug,khe,0.9189079861571614
GOT-003,drug,Th,3.1673008064174635
GOT-003,drug,Kbh,0
GOT-003,drug,Khe,0
GOT-003,drug,kbh,0
GOT-003,drug,CL,0.0
GOT-003,drug,AUC_Cb,0
GOT-003,drug,AUC_Cl,0
GOT-003,drug,AUC35_Cb,0
GOT-003,drug,AUC35_Cl,0
GOT-003,drug,RE_R1b,0
GOT-003,drug,RE_R1l,0
GOT-003,drug,RE_Sb,0
GOT-003,drug,RE_Sl,0
GOT-003,drug,T1_1,0
GOT-003,drug,T1_2,0
GOT-003,drug,t1_MOLLI,0
GOT-003,drug,t2_MOLLI,0
