subject,study,parameter,value
SHF-014,control_05,BAT,1.2717058781915376
SHF-014,control_05,CO,17.99999853704088
SHF-014,control_05,Thl,29.99949458555314
SHF-014,control_05,Dhl,85.69103774599212
SHF-014,control_05,To,59.999999994
SHF-014,control_05,Eo,49.99999999
SHF-014,control_05,Toe,0.19877239925741216
SHF-014,control_05,Eb,14.99999999
SHF-014,control_05,H,45.0
SHF-014,control_05,ve,4.881562106143903
SHF-014,control_05,Te,0.32428364355719447
SHF-014,control_05,De,0.18235139264428965
SHF-014,control_05,khe,43.72515587148204
SHF-014,control_05,Th,49.24094720424275
SHF-014,control_05,Kbh,2.030830146000597
SHF-014,control_05,Khe,895.7205689639763
SHF-014,control_05,kbh,1.9316939111532851
SHF-014,control_05,CL,0.4883060047932639
SHF-014,control_05,AUC_Cb,10.140509505875306
SHF-014,control_05,AUC_Cl,211.83402925992723
SHF-014,control_05,AUC35_Cb,9.355682852603458
SHF-014,control_05,AUC35_Cl,79.24781339334773
SHF-014,control_05,RE_R1b,4.986280048638223
SHF-014,control_05,RE_R1l,32.09689809773742
SHF-014,control_05,RE_Sb,4.3313766473709725
SHF-014,control_05,RE_Sl,15.80900886455402
SHF-014,control_05,T1_1,0.72913
SHF-014,control_05,T1_2,0.55618
SHF-014,control_05,t1_MOLLI,12.436666666666667
SHF-014,control_05,t2_MOLLI,13.284722222222221
