subject,study,parameter,value
SHF-014,control_05,BAT,0.5538641880449268
SHF-014,control_05,CO,6.65875520692098
SHF-014,control_05,Thl,37.070957031664996
SHF-014,control_05,Dhl,93.9072907542448
SHF-014,control_05,To,6206.75480898426
SHF-014,control_05,Eo,4611.322928546482
SHF-014,control_05,Toe,15.650356434904817
SHF-014,control_05,Eb,53.510736022075555
SHF-014,control_05,H,0
SHF-014,control_05,ve,6.695339122315044
SHF-014,control_05,Te,6.131147510180967
SHF-014,control_05,De,9800.429663882027
SHF-014,control_05,khe,13.106761915731845
SHF-014,control_05,Th,381.26108877049666
SHF-014,control_05,Kbh,0
SHF-014,control_05,Khe,0
SHF-014,control_05,kbh,0
SHF-014,control_05,CL,0.0
SHF-014,control_05,AUC_Cb,0
SHF-014,control_05,AUC_Cl,0
SHF-014,control_05,AUC35_Cb,0
SHF-014,control_05,AUC35_Cl,0
SHF-014,control_05,RE_R1b,0
SHF-014,control_05,RE_R1l,0
SHF-014,control_05,RE_Sb,0
SHF-014,control_05,RE_Sl,0
SHF-014,control_05,T1_1,0
SHF-014,control_05,T1_2,0
SHF-014,control_05,t1_MOLLI,0
SHF-014,control_05,t2_MOLLI,0
