subject,study,parameter,value
LDS-006,control_10,BAT,1.0892920809302524
LDS-006,control_10,CO,4.697244554235195
LDS-006,control_10,Thl,20.78590882144055
LDS-006,control_10,Dhl,29.533790659547606
LDS-006,control_10,To,10.598250399194328
LDS-006,control_10,Eo,43.299041829067555
LDS-006,control_10,Toe,0.9845546863848865
LDS-006,control_10,Eb,14.818831628657906
LDS-006,control_10,H,45.0
LDS-006,control_10,ve,29.31575076850208
LDS-006,control_10,Te,59.99993911992982
LDS-006,control_10,De,71.75320592607132
LDS-006,control_10,khe,40.85060260158071
LDS-006,control_10,Th,599.9927963403238
LDS-006,control_10,Kbh,0.16666866770726807
LDS-006,control_10,Khe,139.34694330077366
LDS-006,control_10,kbh,0.11780849647302247
LDS-006,control_10,CL,0.2823388999697864
LDS-006,control_10,AUC_Cb,19.605831939836992
LDS-006,control_10,AUC_Cl,1211.7222112683455
LDS-006,control_10,AUC35_Cb,19.588423748933128
LDS-006,control_10,AUC35_Cl,226.46859736601954
LDS-006,control_10,RE_R1b,4.9122497116863935
LDS-006,control_10,RE_R1l,103.38659709459787
LDS-006,control_10,RE_Sb,16.87806648063024
LDS-006,control_10,RE_Sl,75.06789442317022
LDS-006,control_10,T1_1,0.83976001
LDS-006,control_10,T1_2,0.498440002
LDS-006,control_10,t1_MOLLI,12.696229722222224
LDS-006,control_10,t2_MOLLI,13.722150833333334
