subject,study,parameter,value
LDS-006,control_10,BAT,0.003657840693934898
LDS-006,control_10,CO,0.07498245725428522
LDS-006,control_10,Thl,0.25219964446922033
LDS-006,control_10,Dhl,0.819238105823419
LDS-006,control_10,To,1.5189717782260173
LDS-006,control_10,Eo,2.9926692731341977
LDS-006,control_10,Toe,0.14765728528991698
LDS-006,control_10,Eb,0.9156460442471389
LDS-006,control_10,H,0
LDS-006,control_10,ve,16.260821612374396
LDS-006,control_10,Te,17.014045928471706
LDS-006,control_10,De,8.658527486738828
LDS-006,control_10,khe,2.839421974522798
LDS-006,control_10,Th,4834.49975327919
LDS-006,control_10,Kbh,0
LDS-006,control_10,Khe,0
LDS-006,control_10,kbh,0
LDS-006,control_10,CL,0.0
LDS-006,control_10,AUC_Cb,0
LDS-006,control_10,AUC_Cl,0
LDS-006,control_10,AUC35_Cb,0
LDS-006,control_10,AUC35_Cl,0
LDS-006,control_10,RE_R1b,0
LDS-006,control_10,RE_R1l,0
LDS-006,control_10,RE_Sb,0
LDS-006,control_10,RE_Sl,0
LDS-006,control_10,T1_1,0
LDS-006,control_10,T1_2,0
LDS-006,control_10,t1_MOLLI,0
LDS-006,control_10,t2_MOLLI,0
