subject,study,parameter,value
LDS-002,control,S02a,24.342655012107468
LDS-002,control,S02l,19.518711203819084
LDS-002,control,BAT2,0.0042469415548540045
LDS-002,control,BAT,0.004373182109167233
LDS-002,control,CO,0.09050797811073885
LDS-002,control,Thl,0.5677165666136458
LDS-002,control,Dhl,1.184907621978096
LDS-002,control,To,1.7952932966292707
LDS-002,control,Eo,0.7293563125313879
LDS-002,control,Toe,0.6148170862360806
LDS-002,control,Eb,0.4324000710700481
LDS-002,control,H,0.0
LDS-002,control,ve,1.6922298300352194
LDS-002,control,Te,3.623786483204037
LDS-002,control,De,958.1622175583093
LDS-002,control,khe_i,0.5443228458519457
LDS-002,control,khe_f,1.1696437627701572
LDS-002,control,Th_i,2.9405228245063397
LDS-002,control,Th_f,1.2248215243488894
LDS-002,control,Th,0.0
LDS-002,control,khe,0.0
LDS-002,control,Kbh,0.0
LDS-002,control,Khe,0.0
LDS-002,control,kbh,0.0
LDS-002,control,kbh_i,0.0
LDS-002,control,kbh_f,0.0
LDS-002,control,CL,0.0
LDS-002,control,AUC_Cb,0.0
LDS-002,control,AUC_Cl,0.0
LDS-002,control,AUC35_Cb,0.0
LDS-002,control,AUC35_Cl,0.0
LDS-002,control,RE_R1b,0.0
LDS-002,control,RE_R1l,0.0
LDS-002,control,RE_Sb,0.0
LDS-002,control,RE_Sl,0.0
LDS-002,control,T1_1,0.0
LDS-002,control,T1_2,0.0
LDS-002,control,t1_MOLLI,0.0
LDS-002,control,t2_MOLLI,0.0
LDS-002,control,T1_3,0.0
LDS-002,control,t3_MOLLI,0.0
LDS-002,control,t0,0.0
LDS-002,control,t1,0.0
LDS-002,control,t2,0.0
LDS-002,control,t3,0.0
LDS-002,control,dt1,0.0
LDS-002,control,dt2,0.0
LDS-002,drug,S02a,15.240761758611086
LDS-002,drug,S02l,147.8798132762707
LDS-002,drug,BAT2,0.0037348891987487496
LDS-002,drug,BAT,0.003561158879856757
LDS-002,drug,CO,0.12230482951151002
LDS-002,drug,Thl,0.323966391081483
LDS-002,drug,Dhl,1.8663489426867967
LDS-002,drug,To,1.116553646726714
LDS-002,drug,Eo,0.6575911655617985
LDS-002,drug,Toe,0.3635689376347396
LDS-002,drug,Eb,0.2143465140267564
LDS-002,drug,H,0.0
LDS-002,drug,ve,0.8777018154779391
LDS-002,drug,Te,3.203710596020568
LDS-002,drug,De,4.119808544822023
LDS-002,drug,khe_i,0.12631592331565125
LDS-002,drug,khe_f,0.4861437795161313
LDS-002,drug,Th_i,712.8029885992926
LDS-002,drug,Th_f,13.728826578195411
LDS-002,drug,Th,0.0
LDS-002,drug,khe,0.0
LDS-002,drug,Kbh,0.0
LDS-002,drug,Khe,0.0
LDS-002,drug,kbh,0.0
LDS-002,drug,kbh_i,0.0
LDS-002,drug,kbh_f,0.0
LDS-002,drug,CL,0.0
LDS-002,drug,AUC_Cb,0.0
LDS-002,drug,AUC_Cl,0.0
LDS-002,drug,AUC35_Cb,0.0
LDS-002,drug,AUC35_Cl,0.0
LDS-002,drug,RE_R1b,0.0
LDS-002,drug,RE_R1l,0.0
LDS-002,drug,RE_Sb,0.0
LDS-002,drug,RE_Sl,0.0
LDS-002,drug,T1_1,0.0
LDS-002,drug,T1_2,0.0
LDS-002,drug,t1_MOLLI,0.0
LDS-002,drug,t2_MOLLI,0.0
LDS-002,drug,T1_3,0.0
LDS-002,drug,t3_MOLLI,0.0
LDS-002,drug,t0,0.0
LDS-002,drug,t1,0.0
LDS-002,drug,t2,0.0
LDS-002,drug,t3,0.0
LDS-002,drug,dt1,0.0
LDS-002,drug,dt2,0.0
LDS-003,control,S02a,14.527514852116312
LDS-003,control,S02l,15.854476668558684
LDS-003,control,BAT2,3.2086506223914835e-12
LDS-003,control,BAT,0.004684124421560019
LDS-003,control,CO,0.15160041700681043
LDS-003,control,Thl,0.38628528405735846
LDS-003,control,Dhl,1.1850734629506057
LDS-003,control,To,1.3316254091749011
LDS-003,control,Eo,1.6968876853425932
LDS-003,control,Toe,0.26194889150247846
LDS-003,control,Eb,0.23654941606653132
LDS-003,control,H,0.0
LDS-003,control,ve,10.163363288108808
LDS-003,control,Te,19.55639817588249
LDS-003,control,De,5.238299636440191
LDS-003,control,khe_i,1.7721113575862761
LDS-003,control,khe_f,56.27901671798342
LDS-003,control,Th_i,7.488650190385425
LDS-003,control,Th_f,10.059825049431089
LDS-003,control,Th,0.0
LDS-003,control,khe,0.0
LDS-003,control,Kbh,0.0
LDS-003,control,Khe,0.0
LDS-003,control,kbh,0.0
LDS-003,control,kbh_i,0.0
LDS-003,control,kbh_f,0.0
LDS-003,control,CL,0.0
LDS-003,control,AUC_Cb,0.0
LDS-003,control,AUC_Cl,0.0
LDS-003,control,AUC35_Cb,0.0
LDS-003,control,AUC35_Cl,0.0
LDS-003,control,RE_R1b,0.0
LDS-003,control,RE_R1l,0.0
LDS-003,control,RE_Sb,0.0
LDS-003,control,RE_Sl,0.0
LDS-003,control,T1_1,0.0
LDS-003,control,T1_2,0.0
LDS-003,control,t1_MOLLI,0.0
LDS-003,control,t2_MOLLI,0.0
LDS-003,control,T1_3,0.0
LDS-003,control,t3_MOLLI,0.0
LDS-003,control,t0,0.0
LDS-003,control,t1,0.0
LDS-003,control,t2,0.0
LDS-003,control,t3,0.0
LDS-003,control,dt1,0.0
LDS-003,control,dt2,0.0
LDS-003,drug,S02a,17.339931759459084
LDS-003,drug,S02l,43.0034238101749
LDS-003,drug,BAT2,0.014864955729545503
LDS-003,drug,BAT,0.014435803773942706
LDS-003,drug,CO,0.15860472438613427
LDS-003,drug,Thl,1.0577089704614913
LDS-003,drug,Dhl,2.4811062787141225
LDS-003,drug,To,0.8902456760697651
LDS-003,drug,Eo,0.5288331560776398
LDS-003,drug,Toe,0.4205649565768527
LDS-003,drug,Eb,0.14992845532009316
LDS-003,drug,H,0.0
LDS-003,drug,ve,0.9107253086097293
LDS-003,drug,Te,2.0767413702319586
LDS-003,drug,De,3.8939112539286023
LDS-003,drug,khe_i,0.2392031059554315
LDS-003,drug,khe_f,0.5185433103844095
LDS-003,drug,Th_i,15.487043512742039
LDS-003,drug,Th_f,12.283328394151756
LDS-003,drug,Th,0.0
LDS-003,drug,khe,0.0
LDS-003,drug,Kbh,0.0
LDS-003,drug,Khe,0.0
LDS-003,drug,kbh,0.0
LDS-003,drug,kbh_i,0.0
LDS-003,drug,kbh_f,0.0
LDS-003,drug,CL,0.0
LDS-003,drug,AUC_Cb,0.0
LDS-003,drug,AUC_Cl,0.0
LDS-003,drug,AUC35_Cb,0.0
LDS-003,drug,AUC35_Cl,0.0
LDS-003,drug,RE_R1b,0.0
LDS-003,drug,RE_R1l,0.0
LDS-003,drug,RE_Sb,0.0
LDS-003,drug,RE_Sl,0.0
LDS-003,drug,T1_1,0.0
LDS-003,drug,T1_2,0.0
LDS-003,drug,t1_MOLLI,0.0
LDS-003,drug,t2_MOLLI,0.0
LDS-003,drug,T1_3,0.0
LDS-003,drug,t3_MOLLI,0.0
LDS-003,drug,t0,0.0
LDS-003,drug,t1,0.0
LDS-003,drug,t2,0.0
LDS-003,drug,t3,0.0
LDS-003,drug,dt1,0.0
LDS-003,drug,dt2,0.0
LDS-004,control,S02a,19.3137071438493
LDS-004,control,S02l,85.34483337172357
LDS-004,control,BAT2,0.0016363657078954804
LDS-004,control,BAT,0.0015820803808499415
LDS-004,control,CO,0.0394913659223264
LDS-004,control,Thl,0.13780548127474976
LDS-004,control,Dhl,0.32594499791923054
LDS-004,control,To,0.7976896210692709
LDS-004,control,Eo,0.5800546619311436
LDS-004,control,Toe,0.22746250645072102
LDS-004,control,Eb,0.3849348784344856
LDS-004,control,H,0.0
LDS-004,control,ve,1.1192996524841141
LDS-004,control,Te,4.137143036644367
LDS-004,control,De,8.497573040455968
LDS-004,control,khe_i,0.25110958405991063
LDS-004,control,khe_f,0.5990653867049156
LDS-004,control,Th_i,13.39297312206477
LDS-004,control,Th_f,28.475587007164393
LDS-004,control,Th,0.0
LDS-004,control,khe,0.0
LDS-004,control,Kbh,0.0
LDS-004,control,Khe,0.0
LDS-004,control,kbh,0.0
LDS-004,control,kbh_i,0.0
LDS-004,control,kbh_f,0.0
LDS-004,control,CL,0.0
LDS-004,control,AUC_Cb,0.0
LDS-004,control,AUC_Cl,0.0
LDS-004,control,AUC35_Cb,0.0
LDS-004,control,AUC35_Cl,0.0
LDS-004,control,RE_R1b,0.0
LDS-004,control,RE_R1l,0.0
LDS-004,control,RE_Sb,0.0
LDS-004,control,RE_Sl,0.0
LDS-004,control,T1_1,0.0
LDS-004,control,T1_2,0.0
LDS-004,control,t1_MOLLI,0.0
LDS-004,control,t2_MOLLI,0.0
LDS-004,control,T1_3,0.0
LDS-004,control,t3_MOLLI,0.0
LDS-004,control,t0,0.0
LDS-004,control,t1,0.0
LDS-004,control,t2,0.0
LDS-004,control,t3,0.0
LDS-004,control,dt1,0.0
LDS-004,control,dt2,0.0
LDS-004,drug,S02a,15.679434275843573
LDS-004,drug,S02l,82.05473075640285
LDS-004,drug,BAT2,0.00648969565832594
LDS-004,drug,BAT,0.006696492388478459
LDS-004,drug,CO,0.052392971240164704
LDS-004,drug,Thl,0.4275414781906846
LDS-004,drug,Dhl,0.6674247328757034
LDS-004,drug,To,1.171772573300232
LDS-004,drug,Eo,0.6172299454636737
LDS-004,drug,Toe,0.2849273711541238
LDS-004,drug,Eb,0.16960517618155707
LDS-004,drug,H,0.0
LDS-004,drug,ve,0.7730864508965903
LDS-004,drug,Te,3.165851230752418
LDS-004,drug,De,2.075376647884604
LDS-004,drug,khe_i,0.20990268487682093
LDS-004,drug,khe_f,0.24301179160345637
LDS-004,drug,Th_i,35.82196807054109
LDS-004,drug,Th_f,28.955476244572925
LDS-004,drug,Th,0.0
LDS-004,drug,khe,0.0
LDS-004,drug,Kbh,0.0
LDS-004,drug,Khe,0.0
LDS-004,drug,kbh,0.0
LDS-004,drug,kbh_i,0.0
LDS-004,drug,kbh_f,0.0
LDS-004,drug,CL,0.0
LDS-004,drug,AUC_Cb,0.0
LDS-004,drug,AUC_Cl,0.0
LDS-004,drug,AUC35_Cb,0.0
LDS-004,drug,AUC35_Cl,0.0
LDS-004,drug,RE_R1b,0.0
LDS-004,drug,RE_R1l,0.0
LDS-004,drug,RE_Sb,0.0
LDS-004,drug,RE_Sl,0.0
LDS-004,drug,T1_1,0.0
LDS-004,drug,T1_2,0.0
LDS-004,drug,t1_MOLLI,0.0
LDS-004,drug,t2_MOLLI,0.0
LDS-004,drug,T1_3,0.0
LDS-004,drug,t3_MOLLI,0.0
LDS-004,drug,t0,0.0
LDS-004,drug,t1,0.0
LDS-004,drug,t2,0.0
LDS-004,drug,t3,0.0
LDS-004,drug,dt1,0.0
LDS-004,drug,dt2,0.0
LDS-006,control,S02a,17.049405818630834
LDS-006,control,S02l,47.266612184466396
LDS-006,control,BAT2,0.0018584907389934163
LDS-006,control,BAT,0.0021513947972215002
LDS-006,control,CO,0.05058866834843434
LDS-006,control,Thl,0.14735876360755515
LDS-006,control,Dhl,0.5757799464535932
LDS-006,control,To,1.114160975434881
LDS-006,control,Eo,0.6710160327544625
LDS-006,control,Toe,0.3143541651826868
LDS-006,control,Eb,0.27578257712977317
LDS-006,control,H,0.0
LDS-006,control,ve,3.482855059173932
LDS-006,control,Te,7.805308350749825
LDS-006,control,De,5.677683908862026
LDS-006,control,khe_i,0.6166671870628476
LDS-006,control,khe_f,0.6412104463678345
LDS-006,control,Th_i,1.696240139432899
LDS-006,control,Th_f,1.9109996198108092
LDS-006,control,Th,0.0
LDS-006,control,khe,0.0
LDS-006,control,Kbh,0.0
LDS-006,control,Khe,0.0
LDS-006,control,kbh,0.0
LDS-006,control,kbh_i,0.0
LDS-006,control,kbh_f,0.0
LDS-006,control,CL,0.0
LDS-006,control,AUC_Cb,0.0
LDS-006,control,AUC_Cl,0.0
LDS-006,control,AUC35_Cb,0.0
LDS-006,control,AUC35_Cl,0.0
LDS-006,control,RE_R1b,0.0
LDS-006,control,RE_R1l,0.0
LDS-006,control,RE_Sb,0.0
LDS-006,control,RE_Sl,0.0
LDS-006,control,T1_1,0.0
LDS-006,control,T1_2,0.0
LDS-006,control,t1_MOLLI,0.0
LDS-006,control,t2_MOLLI,0.0
LDS-006,control,T1_3,0.0
LDS-006,control,t3_MOLLI,0.0
LDS-006,control,t0,0.0
LDS-006,control,t1,0.0
LDS-006,control,t2,0.0
LDS-006,control,t3,0.0
LDS-006,control,dt1,0.0
LDS-006,control,dt2,0.0
LDS-006,drug,S02a,12.303449301080537
LDS-006,drug,S02l,106.34859557462899
LDS-006,drug,BAT2,0.004601831545470046
LDS-006,drug,BAT,0.004595460617787326
LDS-006,drug,CO,0.0902816383894483
LDS-006,drug,Thl,0.29900613023726147
LDS-006,drug,Dhl,0.9604271955133208
LDS-006,drug,To,0.8473801707861529
LDS-006,drug,Eo,0.39379254865135394
LDS-006,drug,Toe,0.39751591192444624
LDS-006,drug,Eb,0.1304140125045616
LDS-006,drug,H,0.0
LDS-006,drug,ve,0.937244996455351
LDS-006,drug,Te,1.8026120519295128
LDS-006,drug,De,2.0617266930648572
LDS-006,drug,khe_i,0.2203898998011339
LDS-006,drug,khe_f,0.34366243954444187
LDS-006,drug,Th_i,115.24877059888864
LDS-006,drug,Th_f,47.96147307189697
LDS-006,drug,Th,0.0
LDS-006,drug,khe,0.0
LDS-006,drug,Kbh,0.0
LDS-006,drug,Khe,0.0
LDS-006,drug,kbh,0.0
LDS-006,drug,kbh_i,0.0
LDS-006,drug,kbh_f,0.0
LDS-006,drug,CL,0.0
LDS-006,drug,AUC_Cb,0.0
LDS-006,drug,AUC_Cl,0.0
LDS-006,drug,AUC35_Cb,0.0
LDS-006,drug,AUC35_Cl,0.0
LDS-006,drug,RE_R1b,0.0
LDS-006,drug,RE_R1l,0.0
LDS-006,drug,RE_Sb,0.0
LDS-006,drug,RE_Sl,0.0
LDS-006,drug,T1_1,0.0
LDS-006,drug,T1_2,0.0
LDS-006,drug,t1_MOLLI,0.0
LDS-006,drug,t2_MOLLI,0.0
LDS-006,drug,T1_3,0.0
LDS-006,drug,t3_MOLLI,0.0
LDS-006,drug,t0,0.0
LDS-006,drug,t1,0.0
LDS-006,drug,t2,0.0
LDS-006,drug,t3,0.0
LDS-006,drug,dt1,0.0
LDS-006,drug,dt2,0.0
LDS-007,control,S02a,18.533893510804187
LDS-007,control,S02l,51.12693374897452
LDS-007,control,BAT2,0.006350244825635957
LDS-007,control,BAT,0.006427299843141627
LDS-007,control,CO,0.15339408574311714
LDS-007,control,Thl,0.4218885306637373
LDS-007,control,Dhl,1.086706601580827
LDS-007,control,To,0.9251487918372252
LDS-007,control,Eo,0.7074517703276946
LDS-007,control,Toe,0.1696765102705843
LDS-007,control,Eb,0.10623734444332536
LDS-007,control,H,0.0
LDS-007,control,ve,9.526870005963763
LDS-007,control,Te,27.712596354065546
LDS-007,control,De,3.549709533581008
LDS-007,control,khe_i,0.9415774178840363
LDS-007,control,khe_f,1.093323934757859
LDS-007,control,Th_i,0.6774919746365746
LDS-007,control,Th_f,1.2872889631016913
LDS-007,control,Th,0.0
LDS-007,control,khe,0.0
LDS-007,control,Kbh,0.0
LDS-007,control,Khe,0.0
LDS-007,control,kbh,0.0
LDS-007,control,kbh_i,0.0
LDS-007,control,kbh_f,0.0
LDS-007,control,CL,0.0
LDS-007,control,AUC_Cb,0.0
LDS-007,control,AUC_Cl,0.0
LDS-007,control,AUC35_Cb,0.0
LDS-007,control,AUC35_Cl,0.0
LDS-007,control,RE_R1b,0.0
LDS-007,control,RE_R1l,0.0
LDS-007,control,RE_Sb,0.0
LDS-007,control,RE_Sl,0.0
LDS-007,control,T1_1,0.0
LDS-007,control,T1_2,0.0
LDS-007,control,t1_MOLLI,0.0
LDS-007,control,t2_MOLLI,0.0
LDS-007,control,T1_3,0.0
LDS-007,control,t3_MOLLI,0.0
LDS-007,control,t0,0.0
LDS-007,control,t1,0.0
LDS-007,control,t2,0.0
LDS-007,control,t3,0.0
LDS-007,control,dt1,0.0
LDS-007,control,dt2,0.0
LDS-007,drug,S02a,12.119555438428405
LDS-007,drug,S02l,56.76518264304397
LDS-007,drug,BAT2,0.002617296272495856
LDS-007,drug,BAT,0.0022095348641756733
LDS-007,drug,CO,0.12655820807540416
LDS-007,drug,Thl,0.18121520759269338
LDS-007,drug,Dhl,0.8409828634858717
LDS-007,drug,To,0.661572929955736
LDS-007,drug,Eo,0.6130415232211572
LDS-007,drug,Toe,0.17959541392057668
LDS-007,drug,Eb,0.08578045592855982
LDS-007,drug,H,0.0
LDS-007,drug,ve,0.9812447311725173
LDS-007,drug,Te,3.117168309150877
LDS-007,drug,De,3.0758113690458684
LDS-007,drug,khe_i,1.036049749721199
LDS-007,drug,khe_f,0.13613859145537174
LDS-007,drug,Th_i,28.757483867892002
LDS-007,drug,Th_f,129.2417302561852
LDS-007,drug,Th,0.0
LDS-007,drug,khe,0.0
LDS-007,drug,Kbh,0.0
LDS-007,drug,Khe,0.0
LDS-007,drug,kbh,0.0
LDS-007,drug,kbh_i,0.0
LDS-007,drug,kbh_f,0.0
LDS-007,drug,CL,0.0
LDS-007,drug,AUC_Cb,0.0
LDS-007,drug,AUC_Cl,0.0
LDS-007,drug,AUC35_Cb,0.0
LDS-007,drug,AUC35_Cl,0.0
LDS-007,drug,RE_R1b,0.0
LDS-007,drug,RE_R1l,0.0
LDS-007,drug,RE_Sb,0.0
LDS-007,drug,RE_Sl,0.0
LDS-007,drug,T1_1,0.0
LDS-007,drug,T1_2,0.0
LDS-007,drug,t1_MOLLI,0.0
LDS-007,drug,t2_MOLLI,0.0
LDS-007,drug,T1_3,0.0
LDS-007,drug,t3_MOLLI,0.0
LDS-007,drug,t0,0.0
LDS-007,drug,t1,0.0
LDS-007,drug,t2,0.0
LDS-007,drug,t3,0.0
LDS-007,drug,dt1,0.0
LDS-007,drug,dt2,0.0
LDS-008,control,S02a,16.125218212920895
LDS-008,control,S02l,27.84511985301842
LDS-008,control,BAT2,0.006650516265644538
LDS-008,control,BAT,0.007040423187878587
LDS-008,control,CO,0.15367419715603856
LDS-008,control,Thl,0.5240402696687155
LDS-008,control,Dhl,0.922078145868136
LDS-008,control,To,0.8044011543066185
LDS-008,control,Eo,0.5596021102001822
LDS-008,control,Toe,0.20436668216580378
LDS-008,control,Eb,0.12223067586244582
LDS-008,control,H,0.0
LDS-008,control,ve,1.0577392850514509
LDS-008,control,Te,1.935913351587446
LDS-008,control,De,7.197238496248318
LDS-008,control,khe_i,0.4846672687202476
LDS-008,control,khe_f,0.41827580668053677
LDS-008,control,Th_i,0.566619522828198
LDS-008,control,Th_f,1.6934293111935161
LDS-008,control,Th,0.0
LDS-008,control,khe,0.0
LDS-008,control,Kbh,0.0
LDS-008,control,Khe,0.0
LDS-008,control,kbh,0.0
LDS-008,control,kbh_i,0.0
LDS-008,control,kbh_f,0.0
LDS-008,control,CL,0.0
LDS-008,control,AUC_Cb,0.0
LDS-008,control,AUC_Cl,0.0
LDS-008,control,AUC35_Cb,0.0
LDS-008,control,AUC35_Cl,0.0
LDS-008,control,RE_R1b,0.0
LDS-008,control,RE_R1l,0.0
LDS-008,control,RE_Sb,0.0
LDS-008,control,RE_Sl,0.0
LDS-008,control,T1_1,0.0
LDS-008,control,T1_2,0.0
LDS-008,control,t1_MOLLI,0.0
LDS-008,control,t2_MOLLI,0.0
LDS-008,control,T1_3,0.0
LDS-008,control,t3_MOLLI,0.0
LDS-008,control,t0,0.0
LDS-008,control,t1,0.0
LDS-008,control,t2,0.0
LDS-008,control,t3,0.0
LDS-008,control,dt1,0.0
LDS-008,control,dt2,0.0
LDS-008,drug,S02a,12.505826599997654
LDS-008,drug,S02l,95.20784242394792
LDS-008,drug,BAT2,0.00766797843716729
LDS-008,drug,BAT,0.007913874428141766
LDS-008,drug,CO,0.13081719125088856
LDS-008,drug,Thl,0.5474237299667374
LDS-008,drug,Dhl,1.279271426497888
LDS-008,drug,To,0.7133235778851272
LDS-008,drug,Eo,0.2688561403255611
LDS-008,drug,Toe,0.4386277020379419
LDS-008,drug,Eb,0.0904930896940754
LDS-008,drug,H,0.0
LDS-008,drug,ve,0.5903684554182567
LDS-008,drug,Te,2.011879932550813
LDS-008,drug,De,3.675696945600576
LDS-008,drug,khe_i,0.0959539763838134
LDS-008,drug,khe_f,0.27886301858217816
LDS-008,drug,Th_i,320.42796376361395
LDS-008,drug,Th_f,16.678543107463156
LDS-008,drug,Th,0.0
LDS-008,drug,khe,0.0
LDS-008,drug,Kbh,0.0
LDS-008,drug,Khe,0.0
LDS-008,drug,kbh,0.0
LDS-008,drug,kbh_i,0.0
LDS-008,drug,kbh_f,0.0
LDS-008,drug,CL,0.0
LDS-008,drug,AUC_Cb,0.0
LDS-008,drug,AUC_Cl,0.0
LDS-008,drug,AUC35_Cb,0.0
LDS-008,drug,AUC35_Cl,0.0
LDS-008,drug,RE_R1b,0.0
LDS-008,drug,RE_R1l,0.0
LDS-008,drug,RE_Sb,0.0
LDS-008,drug,RE_Sl,0.0
LDS-008,drug,T1_1,0.0
LDS-008,drug,T1_2,0.0
LDS-008,drug,t1_MOLLI,0.0
LDS-008,drug,t2_MOLLI,0.0
LDS-008,drug,T1_3,0.0
LDS-008,drug,t3_MOLLI,0.0
LDS-008,drug,t0,0.0
LDS-008,drug,t1,0.0
LDS-008,drug,t2,0.0
LDS-008,drug,t3,0.0
LDS-008,drug,dt1,0.0
LDS-008,drug,dt2,0.0
LDS-009,control,S02a,12.785715023225615
LDS-009,control,S02l,16.08185808509723
LDS-009,control,BAT2,0.002073404467331203
LDS-009,control,BAT,0.0020799709346869004
LDS-009,control,CO,0.1609355948227359
LDS-009,control,Thl,0.16751075554297865
LDS-009,control,Dhl,1.081273418945372
LDS-009,control,To,1.1724682640608848
LDS-009,control,Eo,0.5645368587837506
LDS-009,control,Toe,0.4034779538112272
LDS-009,control,Eb,0.1766908378145779
LDS-009,control,H,0.0
LDS-009,control,ve,1.980078058830908
LDS-009,control,Te,5.8686214719536265
LDS-009,control,De,5.857298503529205
LDS-009,control,khe_i,0.46897129204171883
LDS-009,control,khe_f,0.6024579504474132
LDS-009,control,Th_i,1.0035368591882154
LDS-009,control,Th_f,1.1618694143905488
LDS-009,control,Th,0.0
LDS-009,control,khe,0.0
LDS-009,control,Kbh,0.0
LDS-009,control,Khe,0.0
LDS-009,control,kbh,0.0
LDS-009,control,kbh_i,0.0
LDS-009,control,kbh_f,0.0
LDS-009,control,CL,0.0
LDS-009,control,AUC_Cb,0.0
LDS-009,control,AUC_Cl,0.0
LDS-009,control,AUC35_Cb,0.0
LDS-009,control,AUC35_Cl,0.0
LDS-009,control,RE_R1b,0.0
LDS-009,control,RE_R1l,0.0
LDS-009,control,RE_Sb,0.0
LDS-009,control,RE_Sl,0.0
LDS-009,control,T1_1,0.0
LDS-009,control,T1_2,0.0
LDS-009,control,t1_MOLLI,0.0
LDS-009,control,t2_MOLLI,0.0
LDS-009,control,T1_3,0.0
LDS-009,control,t3_MOLLI,0.0
LDS-009,control,t0,0.0
LDS-009,control,t1,0.0
LDS-009,control,t2,0.0
LDS-009,control,t3,0.0
LDS-009,control,dt1,0.0
LDS-009,control,dt2,0.0
LDS-009,drug,S02a,11.33358705187073
LDS-009,drug,S02l,30.57132817853888
LDS-009,drug,BAT2,0.0021751256335293383
LDS-009,drug,BAT,0.00230252067155687
LDS-009,drug,CO,0.12422539634779191
LDS-009,drug,Thl,0.19805886509755455
LDS-009,drug,Dhl,0.9254525437346242
LDS-009,drug,To,1.1775109054174904
LDS-009,drug,Eo,0.39035463468430975
LDS-009,drug,Toe,0.48291480178978613
LDS-009,drug,Eb,0.10397694046426027
LDS-009,drug,H,0.0
LDS-009,drug,ve,0.7911607032911516
LDS-009,drug,Te,3.320639945739459
LDS-009,drug,De,2.5871963602426673
LDS-009,drug,khe_i,0.18193120030119025
LDS-009,drug,khe_f,0.257970272027876
LDS-009,drug,Th_i,29.915307261339173
LDS-009,drug,Th_f,14.366400418912129
LDS-009,drug,Th,0.0
LDS-009,drug,khe,0.0
LDS-009,drug,Kbh,0.0
LDS-009,drug,Khe,0.0
LDS-009,drug,kbh,0.0
LDS-009,drug,kbh_i,0.0
LDS-009,drug,kbh_f,0.0
LDS-009,drug,CL,0.0
LDS-009,drug,AUC_Cb,0.0
LDS-009,drug,AUC_Cl,0.0
LDS-009,drug,AUC35_Cb,0.0
LDS-009,drug,AUC35_Cl,0.0
LDS-009,drug,RE_R1b,0.0
LDS-009,drug,RE_R1l,0.0
LDS-009,drug,RE_Sb,0.0
LDS-009,drug,RE_Sl,0.0
LDS-009,drug,T1_1,0.0
LDS-009,drug,T1_2,0.0
LDS-009,drug,t1_MOLLI,0.0
LDS-009,drug,t2_MOLLI,0.0
LDS-009,drug,T1_3,0.0
LDS-009,drug,t3_MOLLI,0.0
LDS-009,drug,t0,0.0
LDS-009,drug,t1,0.0
LDS-009,drug,t2,0.0
LDS-009,drug,t3,0.0
LDS-009,drug,dt1,0.0
LDS-009,drug,dt2,0.0
LDS-010,control,S02a,17.80706232003846
LDS-010,control,S02l,69.64524427381045
LDS-010,control,BAT2,0.003116722373188543
LDS-010,control,BAT,0.003078762269301305
LDS-010,control,CO,0.09516224089681495
LDS-010,control,Thl,0.23436195715272132
LDS-010,control,Dhl,1.3260813204671205
LDS-010,control,To,1.4410714605241424
LDS-010,control,Eo,0.5074930499346064
LDS-010,control,Toe,0.5032473763798057
LDS-010,control,Eb,0.15715777135643785
LDS-010,control,H,0.0
LDS-010,control,ve,2.931517977796643
LDS-010,control,Te,8.401428987901951
LDS-010,control,De,6.747359919934082
LDS-010,control,khe_i,0.5809566077876346
LDS-010,control,khe_f,0.9788664768229651
LDS-010,control,Th_i,0.8122225657311085
LDS-010,control,Th_f,0.816541982618482
LDS-010,control,Th,0.0
LDS-010,control,khe,0.0
LDS-010,control,Kbh,0.0
LDS-010,control,Khe,0.0
LDS-010,control,kbh,0.0
LDS-010,control,kbh_i,0.0
LDS-010,control,kbh_f,0.0
LDS-010,control,CL,0.0
LDS-010,control,AUC_Cb,0.0
LDS-010,control,AUC_Cl,0.0
LDS-010,control,AUC35_Cb,0.0
LDS-010,control,AUC35_Cl,0.0
LDS-010,control,RE_R1b,0.0
LDS-010,control,RE_R1l,0.0
LDS-010,control,RE_Sb,0.0
LDS-010,control,RE_Sl,0.0
LDS-010,control,T1_1,0.0
LDS-010,control,T1_2,0.0
LDS-010,control,t1_MOLLI,0.0
LDS-010,control,t2_MOLLI,0.0
LDS-010,control,T1_3,0.0
LDS-010,control,t3_MOLLI,0.0
LDS-010,control,t0,0.0
LDS-010,control,t1,0.0
LDS-010,control,t2,0.0
LDS-010,control,t3,0.0
LDS-010,control,dt1,0.0
LDS-010,control,dt2,0.0
LDS-010,drug,S02a,25.108958215831564
LDS-010,drug,S02l,66.65219850635728
LDS-010,drug,BAT2,0.008804912703127553
LDS-010,drug,BAT,0.008714147919314191
LDS-010,drug,CO,0.1025850985837204
LDS-010,drug,Thl,0.6562222062457297
LDS-010,drug,Dhl,1.62952316954038
LDS-010,drug,To,1.1893183366169973
LDS-010,drug,Eo,0.4362526590870409
LDS-010,drug,Toe,0.4976660143248525
LDS-010,drug,Eb,0.15379488169665612
LDS-010,drug,H,0.0
LDS-010,drug,ve,0.9597265380832651
LDS-010,drug,Te,3.626849362768
LDS-010,drug,De,2.7536323511641503
LDS-010,drug,khe_i,0.32620515770098013
LDS-010,drug,khe_f,0.4316722629009403
LDS-010,drug,Th_i,133.46458058054606
LDS-010,drug,Th_f,362.8871067796538
LDS-010,drug,Th,0.0
LDS-010,drug,khe,0.0
LDS-010,drug,Kbh,0.0
LDS-010,drug,Khe,0.0
LDS-010,drug,kbh,0.0
LDS-010,drug,kbh_i,0.0
LDS-010,drug,kbh_f,0.0
LDS-010,drug,CL,0.0
LDS-010,drug,AUC_Cb,0.0
LDS-010,drug,AUC_Cl,0.0
LDS-010,drug,AUC35_Cb,0.0
LDS-010,drug,AUC35_Cl,0.0
LDS-010,drug,RE_R1b,0.0
LDS-010,drug,RE_R1l,0.0
LDS-010,drug,RE_Sb,0.0
LDS-010,drug,RE_Sl,0.0
LDS-010,drug,T1_1,0.0
LDS-010,drug,T1_2,0.0
LDS-010,drug,t1_MOLLI,0.0
LDS-010,drug,t2_MOLLI,0.0
LDS-010,drug,T1_3,0.0
LDS-010,drug,t3_MOLLI,0.0
LDS-010,drug,t0,0.0
LDS-010,drug,t1,0.0
LDS-010,drug,t2,0.0
LDS-010,drug,t3,0.0
LDS-010,drug,dt1,0.0
LDS-010,drug,dt2,0.0
