subject,study,parameter,value
SHF-009,control_40,BAT,1.1190338901937416
SHF-009,control_40,CO,10.446706682563107
SHF-009,control_40,Thl,25.982818700418388
SHF-009,control_40,Dhl,53.76699561774934
SHF-009,control_40,To,29.173439461772144
SHF-009,control_40,Eo,21.461955482872998
SHF-009,control_40,Toe,7.812113583095302
SHF-009,control_40,Eb,1.922359510970608
SHF-009,control_40,H,45.0
SHF-009,control_40,ve,17.69527326966304
SHF-009,control_40,Te,27.378900234802327
SHF-009,control_40,De,78.76454304974445
SHF-009,control_40,khe,30.203520523028043
SHF-009,control_40,Th,39.762553959147546
SHF-009,control_40,Kbh,2.5149289983420338
SHF-009,control_40,Khe,170.68694030743944
SHF-009,control_40,kbh,2.0699054395474112
SHF-009,control_40,CL,0.24070579412374943
SHF-009,control_40,AUC_Cb,96.975219273085
SHF-009,control_40,AUC_Cl,1037.503944732667
SHF-009,control_40,AUC35_Cb,32.3489395344499
SHF-009,control_40,AUC35_Cl,161.35164026229532
SHF-009,control_40,RE_R1b,20.425096006814336
SHF-009,control_40,RE_R1l,65.10291289297896
SHF-009,control_40,RE_Sb,23.06193180772952
SHF-009,control_40,RE_Sl,56.03555881929345
SHF-009,control_40,T1_1,0.76084
SHF-009,control_40,T1_2,0.42171
SHF-009,control_40,t1_MOLLI,9.10138888888889
SHF-009,control_40,t2_MOLLI,9.93361111111111
