subject,study,parameter,value
SHF-009,control_40,BAT,0.008197245037297877
SHF-009,control_40,CO,0.21846687111033897
SHF-009,control_40,Thl,0.6179889580774981
SHF-009,control_40,Dhl,1.6310998354565815
SHF-009,control_40,To,1.6995401736847287
SHF-009,control_40,Eo,0.6775825452712682
SHF-009,control_40,Toe,0.5595579559633208
SHF-009,control_40,Eb,0.3693302056118614
SHF-009,control_40,H,0
SHF-009,control_40,ve,3.57137168591162
SHF-009,control_40,Te,8.55268785950379
SHF-009,control_40,De,12.785808070204904
SHF-009,control_40,khe,0.6684982959017334
SHF-009,control_40,Th,1.8920027929111798
SHF-009,control_40,Kbh,0
SHF-009,control_40,Khe,0
SHF-009,control_40,kbh,0
SHF-009,control_40,CL,0.0
SHF-009,control_40,AUC_Cb,0
SHF-009,control_40,AUC_Cl,0
SHF-009,control_40,AUC35_Cb,0
SHF-009,control_40,AUC35_Cl,0
SHF-009,control_40,RE_R1b,0
SHF-009,control_40,RE_R1l,0
SHF-009,control_40,RE_Sb,0
SHF-009,control_40,RE_Sl,0
SHF-009,control_40,T1_1,0
SHF-009,control_40,T1_2,0
SHF-009,control_40,t1_MOLLI,0
SHF-009,control_40,t2_MOLLI,0
