subject,study,parameter,value
LDS-006,drug_10,BAT,0.013817958891133715
LDS-006,drug_10,CO,0.24394004347278794
LDS-006,drug_10,Thl,0.9016243167422373
LDS-006,drug_10,Dhl,1.7863132985459815
LDS-006,drug_10,To,2.2190937817710794
LDS-006,drug_10,Eo,1.9839095416554025
LDS-006,drug_10,Toe,1.5334814063794553
LDS-006,drug_10,Eb,3.5117157510439148
LDS-006,drug_10,H,0
LDS-006,drug_10,ve,61.49494077760534
LDS-006,drug_10,Te,7.564097229098621
LDS-006,drug_10,De,6.504464146180125
LDS-006,drug_10,khe,3.0133346951109052
LDS-006,drug_10,Th,451119.4828270114
LDS-006,drug_10,Kbh,0
LDS-006,drug_10,Khe,0
LDS-006,drug_10,kbh,0
LDS-006,drug_10,CL,0.0
LDS-006,drug_10,AUC_Cb,0
LDS-006,drug_10,AUC_Cl,0
LDS-006,drug_10,AUC35_Cb,0
LDS-006,drug_10,AUC35_Cl,0
LDS-006,drug_10,RE_R1b,0
LDS-006,drug_10,RE_R1l,0
LDS-006,drug_10,RE_Sb,0
LDS-006,drug_10,RE_Sl,0
LDS-006,drug_10,T1_1,0
LDS-006,drug_10,T1_2,0
LDS-006,drug_10,t1_MOLLI,0
LDS-006,drug_10,t2_MOLLI,0
