subject,study,parameter,value
SHF-006,control,S02a,37009.81202875745
SHF-006,control,S02l,17136.65305191271
SHF-006,control,BAT2,170.6077130052998
SHF-006,control,BAT,1.3846813035798569
SHF-006,control,CO,9.774073263309727
SHF-006,control,Thl,9.84386725973164
SHF-006,control,Dhl,70.75872409544888
SHF-006,control,To,37.769393773765245
SHF-006,control,Eo,20.020007650105896
SHF-006,control,Toe,8.113368695607681
SHF-006,control,Eb,3.3247972359313813
SHF-006,control,H,45.0
SHF-006,control,ve,14.113382013437265
SHF-006,control,Te,24.883662243879016
SHF-006,control,De,61.80389865251347
SHF-006,control,khe_i,54.97976668835074
SHF-006,control,khe_f,67.99111171014142
SHF-006,control,Th_i,20.186229189426424
SHF-006,control,Th_f,22.17447546571254
SHF-006,control,Th,21.180352327569484
SHF-006,control,khe,61.48543919924609
SHF-006,control,Kbh,4.721356776951941
SHF-006,control,Khe,435.653475125283
SHF-006,control,kbh,4.055013658803405
SHF-006,control,kbh_i,4.254713308791236
SHF-006,control,kbh_f,3.873219825170864
SHF-006,control,CL,0.6686801897604477
SHF-006,control,AUC_Cb,57.12600256812836
SHF-006,control,AUC_Cl,693.5303425088077
SHF-006,control,AUC35_Cb,24.697379191634056
SHF-006,control,AUC35_Cl,190.1579964243476
SHF-006,control,RE_R1b,14.75196074409654
SHF-006,control,RE_R1l,63.539374895570546
SHF-006,control,RE_Sb,8.847053595141226
SHF-006,control,RE_Sl,55.716313221062265
SHF-006,control,T1_1,0.68025
SHF-006,control,T1_2,0.68286
SHF-006,control,t1_MOLLI,8.917222222222222
SHF-006,control,t2_MOLLI,8.917222222222222
SHF-006,control,T1_3,0.64305
SHF-006,control,t3_MOLLI,11.722777777777777
SHF-006,control,t0,9.10388888888889
SHF-006,control,t1,9.787777777777778
SHF-006,control,t2,11.857777777777779
SHF-006,control,t3,12.544166666666667
SHF-006,control,dt1,2.0
SHF-006,control,dt2,2.0
