subject,study,parameter,value
SHF-006,control,S02a,103.24002644946935
SHF-006,control,S02l,352.24022023617295
SHF-006,control,BAT2,0.005504304474656576
SHF-006,control,BAT,0.00557140254725376
SHF-006,control,CO,0.1723924135883045
SHF-006,control,Thl,0.41894357519962844
SHF-006,control,Dhl,2.325547938847265
SHF-006,control,To,1.5248559499961112
SHF-006,control,Eo,0.6400620036181202
SHF-006,control,Toe,0.4875137769574396
SHF-006,control,Eb,0.2630540625625071
SHF-006,control,H,0
SHF-006,control,ve,6.868694169695552
SHF-006,control,Te,10.485877530974696
SHF-006,control,De,19.34629186942904
SHF-006,control,khe_i,1.4727877342402922
SHF-006,control,khe_f,3.06792738916626
SHF-006,control,Th_i,0.7124110841570811
SHF-006,control,Th_f,0.8096423134970198
SHF-006,control,Th,0.0
SHF-006,control,khe,0
SHF-006,control,Kbh,0
SHF-006,control,Khe,0
SHF-006,control,kbh,0
SHF-006,control,kbh_i,0
SHF-006,control,kbh_f,0
SHF-006,control,CL,0.0
SHF-006,control,AUC_Cb,0
SHF-006,control,AUC_Cl,0
SHF-006,control,AUC35_Cb,0
SHF-006,control,AUC35_Cl,0
SHF-006,control,RE_R1b,0
SHF-006,control,RE_R1l,0
SHF-006,control,RE_Sb,0
SHF-006,control,RE_Sl,0
SHF-006,control,T1_1,0
SHF-006,control,T1_2,0
SHF-006,control,t1_MOLLI,0
SHF-006,control,t2_MOLLI,0
SHF-006,control,T1_3,0
SHF-006,control,t3_MOLLI,0
SHF-006,control,t0,0
SHF-006,control,t1,0
SHF-006,control,t2,0
SHF-006,control,t3,0
SHF-006,control,dt1,0
SHF-006,control,dt2,0
