subject,study,parameter,value
SHF-021,drug,BAT,0.007152237799114754
SHF-021,drug,CO,0.08699186350219215
SHF-021,drug,Thl,0.5726392352733825
SHF-021,drug,Dhl,1.818562075705799
SHF-021,drug,To,1.567304015786107
SHF-021,drug,Eo,0.5695496755319605
SHF-021,drug,Toe,0.34968614089503924
SHF-021,drug,Eb,0.27748396772953704
SHF-021,drug,H,0
SHF-021,drug,ve,6.394056258188854
SHF-021,drug,Te,12.617982920787735
SHF-021,drug,De,17.05084406827037
SHF-021,drug,khe,0.8929328334642673
SHF-021,drug,Th,0.5214447892695923
SHF-021,drug,Kbh,0
SHF-021,drug,Khe,0
SHF-021,drug,kbh,0
SHF-021,drug,CL,0.0
SHF-021,drug,AUC_Cb,0
SHF-021,drug,AUC_Cl,0
SHF-021,drug,AUC35_Cb,0
SHF-021,drug,AUC35_Cl,0
SHF-021,drug,RE_R1b,0
SHF-021,drug,RE_R1l,0
SHF-021,drug,RE_Sb,0
SHF-021,drug,RE_Sl,0
SHF-021,drug,T1_1,0
SHF-021,drug,T1_2,0
SHF-021,drug,t1_MOLLI,0
SHF-021,drug,t2_MOLLI,0
