subject,study,parameter,value
SHF-017,control_10,BAT,1.0754936435244837
SHF-017,control_10,CO,8.705753505947449
SHF-017,control_10,Thl,22.03936060722389
SHF-017,control_10,Dhl,33.28168829301217
SHF-017,control_10,To,10.630652276785138
SHF-017,control_10,Eo,24.62938460348653
SHF-017,control_10,Toe,1.9393362472313715
SHF-017,control_10,Eb,9.61375213757022
SHF-017,control_10,H,45.0
SHF-017,control_10,ve,25.366347528570753
SHF-017,control_10,Te,59.99490629689473
SHF-017,control_10,De,90.88584177731293
SHF-017,control_10,khe,43.88904615811729
SHF-017,control_10,Th,75.39899116879162
SHF-017,control_10,Kbh,1.326277692179401
SHF-017,control_10,Khe,173.02075558447646
SHF-017,control_10,kbh,0.9898494835872663
SHF-017,control_10,CL,0.43723182171493
SHF-017,control_10,AUC_Cb,24.254056549650304
SHF-017,control_10,AUC_Cl,729.0936654834346
SHF-017,control_10,AUC35_Cb,23.726501548790353
SHF-017,control_10,AUC35_Cl,234.00772558643902
SHF-017,control_10,RE_R1b,9.937644687133417
SHF-017,control_10,RE_R1l,84.1717207064715
SHF-017,control_10,RE_Sb,14.625504823228056
SHF-017,control_10,RE_Sl,53.42776572570113
SHF-017,control_10,T1_1,0.64556
SHF-017,control_10,T1_2,0.37176
SHF-017,control_10,t1_MOLLI,12.851944444444445
SHF-017,control_10,t2_MOLLI,13.6625
