subject,study,parameter,value
SHF-017,control_10,BAT,0.008888665263956085
SHF-017,control_10,CO,0.18046964988147668
SHF-017,control_10,Thl,0.718248517283503
SHF-017,control_10,Dhl,0.6829325374900204
SHF-017,control_10,To,1.2890822949620488
SHF-017,control_10,Eo,1.8509374883721188
SHF-017,control_10,Toe,0.430839614067548
SHF-017,control_10,Eb,1.3612360842665088
SHF-017,control_10,H,0
SHF-017,control_10,ve,110.677978545094
SHF-017,control_10,Te,250.21892233737353
SHF-017,control_10,De,40.87836492982562
SHF-017,control_10,khe,9.444423419572978
SHF-017,control_10,Th,179.1743318105393
SHF-017,control_10,Kbh,0
SHF-017,control_10,Khe,0
SHF-017,control_10,kbh,0
SHF-017,control_10,CL,0.0
SHF-017,control_10,AUC_Cb,0
SHF-017,control_10,AUC_Cl,0
SHF-017,control_10,AUC35_Cb,0
SHF-017,control_10,AUC35_Cl,0
SHF-017,control_10,RE_R1b,0
SHF-017,control_10,RE_R1l,0
SHF-017,control_10,RE_Sb,0
SHF-017,control_10,RE_Sl,0
SHF-017,control_10,T1_1,0
SHF-017,control_10,T1_2,0
SHF-017,control_10,t1_MOLLI,0
SHF-017,control_10,t2_MOLLI,0
