subject,study,parameter,value
SHF-006,drug,S02a,666.4388297534758
SHF-006,drug,S02l,636.6681666236859
SHF-006,drug,BAT2,0.015984091899359107
SHF-006,drug,BAT,0.020079516029602666
SHF-006,drug,CO,0.2899038939315021
SHF-006,drug,Thl,1.2599695358379785
SHF-006,drug,Dhl,1.5555360351771867
SHF-006,drug,To,1.8118621661094547
SHF-006,drug,Eo,0.9281998863596547
SHF-006,drug,Toe,0.5996783122913725
SHF-006,drug,Eb,0.2911975337960388
SHF-006,drug,H,0
SHF-006,drug,ve,3.019749363066583
SHF-006,drug,Te,4.671693128819027
SHF-006,drug,De,6.193140314592028
SHF-006,drug,khe_i,0.8796361979751947
SHF-006,drug,khe_f,2.150223405241611
SHF-006,drug,Th_i,3.341832009790236
SHF-006,drug,Th_f,1.803716295652112
SHF-006,drug,Th,0.0
SHF-006,drug,khe,0
SHF-006,drug,Kbh,0
SHF-006,drug,Khe,0
SHF-006,drug,kbh,0
SHF-006,drug,kbh_i,0
SHF-006,drug,kbh_f,0
SHF-006,drug,CL,0.0
SHF-006,drug,AUC_Cb,0
SHF-006,drug,AUC_Cl,0
SHF-006,drug,AUC35_Cb,0
SHF-006,drug,AUC35_Cl,0
SHF-006,drug,RE_R1b,0
SHF-006,drug,RE_R1l,0
SHF-006,drug,RE_Sb,0
SHF-006,drug,RE_Sl,0
SHF-006,drug,T1_1,0
SHF-006,drug,T1_2,0
SHF-006,drug,t1_MOLLI,0
SHF-006,drug,t2_MOLLI,0
SHF-006,drug,T1_3,0
SHF-006,drug,t3_MOLLI,0
SHF-006,drug,t0,0
SHF-006,drug,t1,0
SHF-006,drug,t2,0
SHF-006,drug,t3,0
SHF-006,drug,dt1,0
SHF-006,drug,dt2,0
