subject,study,parameter,value
SHF-011,control,S02a,39599.51672360236
SHF-011,control,S02l,20342.150642588203
SHF-011,control,BAT2,128.72427138277558
SHF-011,control,BAT,1.28566236747805
SHF-011,control,CO,6.7499753433575
SHF-011,control,Thl,16.745985097284542
SHF-011,control,Dhl,49.8660571429
SHF-011,control,To,24.140898218267086
SHF-011,control,Eo,15.593163538923301
SHF-011,control,Toe,6.82316449868511
SHF-011,control,Eb,7.0519247499527555
SHF-011,control,H,45.0
SHF-011,control,ve,25.532380856256133
SHF-011,control,Te,24.989757480601753
SHF-011,control,De,74.00155234010359
SHF-011,control,khe_i,65.83936233274596
SHF-011,control,khe_f,58.90665950227118
SHF-011,control,Th_i,12.831299212037836
SHF-011,control,Th_f,27.92245887064327
SHF-011,control,Th,20.37687904134055
SHF-011,control,khe,62.37301091750857
SHF-011,control,Kbh,4.907522874190906
SHF-011,control,Khe,244.28983442108367
SHF-011,control,kbh,3.654515443344596
SHF-011,control,kbh_i,5.803591508012001
SHF-011,control,kbh_f,2.6669434625629123
SHF-011,control,CL,0.5046454218903338
SHF-011,control,AUC_Cb,28.476643423219794
SHF-011,control,AUC_Cl,307.3419043470653
SHF-011,control,AUC35_Cb,21.652071026773083
SHF-011,control,AUC35_Cl,188.28566324261703
SHF-011,control,RE_R1b,11.472028187381229
SHF-011,control,RE_R1l,63.32279619606032
SHF-011,control,RE_Sb,11.663172855158175
SHF-011,control,RE_Sl,53.38374774059095
SHF-011,control,T1_1,0.76065
SHF-011,control,T1_2,0.49798
SHF-011,control,t1_MOLLI,14.463611111111112
SHF-011,control,t2_MOLLI,15.278611111111111
SHF-011,control,T1_3,0.70743
SHF-011,control,t3_MOLLI,16.485833333333332
SHF-011,control,t0,14.58361111111111
SHF-011,control,t1,15.27
SHF-011,control,t2,16.64138888888889
SHF-011,control,t3,17.32611111111111
SHF-011,control,dt1,2.0
SHF-011,control,dt2,2.0
