subject,study,parameter,value
SHF-011,control,S02a,91.06055168308046
SHF-011,control,S02l,103.96745284235547
SHF-011,control,BAT2,0.009843588849840622
SHF-011,control,BAT,0.006976281284153404
SHF-011,control,CO,0.11525497743491035
SHF-011,control,Thl,0.7298216966446253
SHF-011,control,Dhl,1.3819336060988037
SHF-011,control,To,1.0596101060130203
SHF-011,control,Eo,0.5372311903707355
SHF-011,control,Toe,0.34503126977026244
SHF-011,control,Eb,0.2478074881291939
SHF-011,control,H,0
SHF-011,control,ve,3.947410480764551
SHF-011,control,Te,4.736824826773409
SHF-011,control,De,7.0126026980281715
SHF-011,control,khe_i,1.4305795517782895
SHF-011,control,khe_f,1.5150900095209343
SHF-011,control,Th_i,0.3464665630533189
SHF-011,control,Th_f,0.9351598725047068
SHF-011,control,Th,0.0
SHF-011,control,khe,0
SHF-011,control,Kbh,0
SHF-011,control,Khe,0
SHF-011,control,kbh,0
SHF-011,control,kbh_i,0
SHF-011,control,kbh_f,0
SHF-011,control,CL,0.0
SHF-011,control,AUC_Cb,0
SHF-011,control,AUC_Cl,0
SHF-011,control,AUC35_Cb,0
SHF-011,control,AUC35_Cl,0
SHF-011,control,RE_R1b,0
SHF-011,control,RE_R1l,0
SHF-011,control,RE_Sb,0
SHF-011,control,RE_Sl,0
SHF-011,control,T1_1,0
SHF-011,control,T1_2,0
SHF-011,control,t1_MOLLI,0
SHF-011,control,t2_MOLLI,0
SHF-011,control,T1_3,0
SHF-011,control,t3_MOLLI,0
SHF-011,control,t0,0
SHF-011,control,t1,0
SHF-011,control,t2,0
SHF-011,control,t3,0
SHF-011,control,dt1,0
SHF-011,control,dt2,0
