subject,study,parameter,value
LDS-002,drug_15,BAT,0.02409919422773336
LDS-002,drug_15,CO,0.08869347631930374
LDS-002,drug_15,Thl,1.7804173211412349
LDS-002,drug_15,Dhl,2.5934849227591688
LDS-002,drug_15,To,3.3867583383719655
LDS-002,drug_15,Eo,2.807591812673001
LDS-002,drug_15,Toe,0.406825777454402
LDS-002,drug_15,Eb,0.972643271140019
LDS-002,drug_15,H,0
LDS-002,drug_15,ve,2.237698965473803
LDS-002,drug_15,Te,8.034029810544864
LDS-002,drug_15,De,6.9653031481299905
LDS-002,drug_15,khe,1.5181317717796592
LDS-002,drug_15,Th,8.533897894347628
LDS-002,drug_15,Kbh,0
LDS-002,drug_15,Khe,0
LDS-002,drug_15,kbh,0
LDS-002,drug_15,CL,0.0
LDS-002,drug_15,AUC_Cb,0
LDS-002,drug_15,AUC_Cl,0
LDS-002,drug_15,AUC35_Cb,0
LDS-002,drug_15,AUC35_Cl,0
LDS-002,drug_15,RE_R1b,0
LDS-002,drug_15,RE_R1l,0
LDS-002,drug_15,RE_Sb,0
LDS-002,drug_15,RE_Sl,0
LDS-002,drug_15,T1_1,0
LDS-002,drug_15,T1_2,0
LDS-002,drug_15,t1_MOLLI,0
LDS-002,drug_15,t2_MOLLI,0
