subject,study,parameter,value
SHF-002,control_10,BAT,1.149574078147882
SHF-002,control_10,CO,5.960133425136232
SHF-002,control_10,Thl,13.225287738754835
SHF-002,control_10,Dhl,28.153761040473157
SHF-002,control_10,To,15.439095227551848
SHF-002,control_10,Eo,27.308826557649034
SHF-002,control_10,Toe,2.6884757424777126
SHF-002,control_10,Eb,4.454754945883342
SHF-002,control_10,H,45.0
SHF-002,control_10,ve,23.060169710181555
SHF-002,control_10,Te,29.429639924882252
SHF-002,control_10,De,80.4743228584154
SHF-002,control_10,khe,41.330935643594024
SHF-002,control_10,Th,36.13357375863862
SHF-002,control_10,Kbh,2.767509260721617
SHF-002,control_10,Khe,179.23083898790884
SHF-002,control_10,kbh,2.1293169284542213
SHF-002,control_10,CL,0.06669059072625635
SHF-002,control_10,AUC_Cb,76.4487011583037
SHF-002,control_10,AUC_Cl,1152.9281270909114
SHF-002,control_10,AUC35_Cb,52.61520566563602
SHF-002,control_10,AUC35_Cl,362.79781626525664
SHF-002,control_10,RE_R1b,25.24541523804693
SHF-002,control_10,RE_R1l,144.89310886189165
SHF-002,control_10,RE_Sb,35.88921521526585
SHF-002,control_10,RE_Sl,80.69636332735195
SHF-002,control_10,T1_1,0.73111
SHF-002,control_10,T1_2,0.33114
SHF-002,control_10,t1_MOLLI,11.14638888888889
SHF-002,control_10,t2_MOLLI,12.024722222222222
