subject,study,parameter,value
SHF-002,control_10,BAT,0.036866176691423856
SHF-002,control_10,CO,0.6273274180919345
SHF-002,control_10,Thl,1.6579242489445705
SHF-002,control_10,Dhl,3.6488738575369433
SHF-002,control_10,To,2.7822681482859166
SHF-002,control_10,Eo,3.2958338337470563
SHF-002,control_10,Toe,1.3787415688844606
SHF-002,control_10,Eb,5.587999620704986
SHF-002,control_10,H,0
SHF-002,control_10,ve,11.054138252371622
SHF-002,control_10,Te,16.80251588345715
SHF-002,control_10,De,15.175507993522128
SHF-002,control_10,khe,5.451587632962503
SHF-002,control_10,Th,34.64123179463399
SHF-002,control_10,Kbh,0
SHF-002,control_10,Khe,0
SHF-002,control_10,kbh,0
SHF-002,control_10,CL,0.0
SHF-002,control_10,AUC_Cb,0
SHF-002,control_10,AUC_Cl,0
SHF-002,control_10,AUC35_Cb,0
SHF-002,control_10,AUC35_Cl,0
SHF-002,control_10,RE_R1b,0
SHF-002,control_10,RE_R1l,0
SHF-002,control_10,RE_Sb,0
SHF-002,control_10,RE_Sl,0
SHF-002,control_10,T1_1,0
SHF-002,control_10,T1_2,0
SHF-002,control_10,t1_MOLLI,0
SHF-002,control_10,t2_MOLLI,0
