subject,study,parameter,value
GOT-001,control,S02a,163286585.60965317
GOT-001,control,S02l,107959241.63215013
GOT-001,control,BAT2,127.35455558060524
GOT-001,control,BAT,1.2798592426735358
GOT-001,control,CO,10.354399177345655
GOT-001,control,Thl,15.817886738093923
GOT-001,control,Dhl,47.28496884758154
GOT-001,control,To,30.690641290821905
GOT-001,control,Eo,17.158502639786562
GOT-001,control,Toe,4.516562556928219
GOT-001,control,Eb,4.375584095984034
GOT-001,control,H,45.0
GOT-001,control,ve,19.98686366645771
GOT-001,control,Te,54.082407572102824
GOT-001,control,De,83.12908032084033
GOT-001,control,khe_i,2.8921801344840845
GOT-001,control,khe_f,2.1732731844865443
GOT-001,control,Th_i,15.43973350016413
GOT-001,control,Th_f,25.28801024708439
GOT-001,control,Th,20.36387187362426
GOT-001,control,khe,2.532726659485314
GOT-001,control,Kbh,4.910657492867171
GOT-001,control,Khe,12.671956449754438
GOT-001,control,kbh,3.9291710746411193
GOT-001,control,kbh_i,5.182287397168593
GOT-001,control,kbh_f,3.1640740236874705
GOT-001,control,CL,0.021001255396574388
GOT-001,control,AUC_Cb,59.74816603532718
GOT-001,control,AUC_Cl,51.46359324852372
GOT-001,control,AUC35_Cb,37.823069789123494
GOT-001,control,AUC35_Cl,25.836795661690353
GOT-001,control,RE_R1b,26.890789688870953
GOT-001,control,RE_R1l,11.730600334833245
GOT-001,control,RE_Sb,11.535540546725679
GOT-001,control,RE_Sl,10.284435784154477
GOT-001,control,T1_1,0.991830017
GOT-001,control,T1_2,0.853159973
GOT-001,control,t1_MOLLI,12.486702777777777
GOT-001,control,t2_MOLLI,13.096444444444444
GOT-001,control,T1_3,0.861320007
GOT-001,control,t3_MOLLI,14.436383333333334
GOT-001,control,t0,12.703739149999999
GOT-001,control,t1,13.072752822222222
GOT-001,control,t2,14.655594619444445
GOT-001,control,t3,15.024608288888889
GOT-001,control,dt1,1.7695300000050338
GOT-001,control,dt2,1.7695300000050338
