subject,study,parameter,value
GOT-001,control,S02a,263658.44620298134
GOT-001,control,S02l,944770.5483173822
GOT-001,control,BAT2,0.0073876665837232965
GOT-001,control,BAT,0.007251189839897742
GOT-001,control,CO,0.12465417744989339
GOT-001,control,Thl,0.5711452803533983
GOT-001,control,Dhl,0.8677432702865902
GOT-001,control,To,0.8304486785947242
GOT-001,control,Eo,0.5219544905961166
GOT-001,control,Toe,0.3212566101593416
GOT-001,control,Eb,0.2869370412012716
GOT-001,control,H,0
GOT-001,control,ve,1.1902250281820583
GOT-001,control,Te,4.5896127877086865
GOT-001,control,De,2.6044009908032644
GOT-001,control,khe_i,0.6065571494799996
GOT-001,control,khe_f,0.533187899938767
GOT-001,control,Th_i,6.431690052168848
GOT-001,control,Th_f,30.692114594412626
GOT-001,control,Th,0.0
GOT-001,control,khe,0
GOT-001,control,Kbh,0
GOT-001,control,Khe,0
GOT-001,control,kbh,0
GOT-001,control,kbh_i,0
GOT-001,control,kbh_f,0
GOT-001,control,CL,0.0
GOT-001,control,AUC_Cb,0
GOT-001,control,AUC_Cl,0
GOT-001,control,AUC35_Cb,0
GOT-001,control,AUC35_Cl,0
GOT-001,control,RE_R1b,0
GOT-001,control,RE_R1l,0
GOT-001,control,RE_Sb,0
GOT-001,control,RE_Sl,0
GOT-001,control,T1_1,0
GOT-001,control,T1_2,0
GOT-001,control,t1_MOLLI,0
GOT-001,control,t2_MOLLI,0
GOT-001,control,T1_3,0
GOT-001,control,t3_MOLLI,0
GOT-001,control,t0,0
GOT-001,control,t1,0
GOT-001,control,t2,0
GOT-001,control,t3,0
GOT-001,control,dt1,0
GOT-001,control,dt2,0
