subject,study,parameter,value
LDS-007,drug_40,BAT,0.010789237527861878
LDS-007,drug_40,CO,0.11001084230451513
LDS-007,drug_40,Thl,0.7457013748077841
LDS-007,drug_40,Dhl,1.536459140080505
LDS-007,drug_40,To,1.1711559217837362
LDS-007,drug_40,Eo,1.0473987803176388
LDS-007,drug_40,Toe,0.21110431744693378
LDS-007,drug_40,Eb,0.1796525248033354
LDS-007,drug_40,H,0
LDS-007,drug_40,ve,0.7996263582296518
LDS-007,drug_40,Te,4.100331689773041
LDS-007,drug_40,De,3.226501660199198
LDS-007,drug_40,khe,0.15145719845652134
LDS-007,drug_40,Th,1691.4168069111217
LDS-007,drug_40,Kbh,0
LDS-007,drug_40,Khe,0
LDS-007,drug_40,kbh,0
LDS-007,drug_40,CL,0.0
LDS-007,drug_40,AUC_Cb,0
LDS-007,drug_40,AUC_Cl,0
LDS-007,drug_40,AUC35_Cb,0
LDS-007,drug_40,AUC35_Cl,0
LDS-007,drug_40,RE_R1b,0
LDS-007,drug_40,RE_R1l,0
LDS-007,drug_40,RE_Sb,0
LDS-007,drug_40,RE_Sl,0
LDS-007,drug_40,T1_1,0
LDS-007,drug_40,T1_2,0
LDS-007,drug_40,t1_MOLLI,0
LDS-007,drug_40,t2_MOLLI,0
