subject,study,parameter,value
SHF-002,control,BAT,1.1490647070079893
SHF-002,control,CO,3.973804304050037
SHF-002,control,Thl,12.239690781648315
SHF-002,control,Dhl,40.7189822598474
SHF-002,control,To,38.31632001783872
SHF-002,control,Eo,24.563399105250046
SHF-002,control,Toe,5.943943193972529
SHF-002,control,Eb,6.9651117052483915
SHF-002,control,H,45.0
SHF-002,control,ve,15.412894480338712
SHF-002,control,Te,31.093054715696194
SHF-002,control,De,74.50718868104693
SHF-002,control,khe,40.31087972035832
SHF-002,control,Th,31.9980948936702
SHF-002,control,Kbh,3.125186056616821
SHF-002,control,Khe,261.5399707808319
SHF-002,control,kbh,2.643504427396212
SHF-002,control,CL,0.0650446533421858
SHF-002,control,AUC_Cb,73.19466028591327
SHF-002,control,AUC_Cl,948.1085340914408
SHF-002,control,AUC35_Cb,46.695100345786564
SHF-002,control,AUC35_Cl,306.78284360919906
SHF-002,control,RE_R1b,19.96027825850479
SHF-002,control,RE_R1l,119.3696030609553
SHF-002,control,RE_Sb,7.128120025226939
SHF-002,control,RE_Sl,100.47917102738278
SHF-002,control,T1_1,0.73111
SHF-002,control,T1_2,0.33114
SHF-002,control,t1_MOLLI,11.14638888888889
SHF-002,control,t2_MOLLI,12.024722222222222
