subject,study,parameter,value
SHF-002,control,BAT,0.0063160820226083785
SHF-002,control,CO,0.05274561463413053
SHF-002,control,Thl,0.4600664661132983
SHF-002,control,Dhl,1.2599189519164071
SHF-002,control,To,1.8069077217946417
SHF-002,control,Eo,0.9491231845222051
SHF-002,control,Toe,0.3628534404282713
SHF-002,control,Eb,0.31529841441576945
SHF-002,control,H,0
SHF-002,control,ve,4.050536272938777
SHF-002,control,Te,8.426248283070729
SHF-002,control,De,8.542143601975592
SHF-002,control,khe,0.7866900120232418
SHF-002,control,Th,1.100238738259675
SHF-002,control,Kbh,0
SHF-002,control,Khe,0
SHF-002,control,kbh,0
SHF-002,control,CL,0.0
SHF-002,control,AUC_Cb,0
SHF-002,control,AUC_Cl,0
SHF-002,control,AUC35_Cb,0
SHF-002,control,AUC35_Cl,0
SHF-002,control,RE_R1b,0
SHF-002,control,RE_R1l,0
SHF-002,control,RE_Sb,0
SHF-002,control,RE_Sl,0
SHF-002,control,T1_1,0
SHF-002,control,T1_2,0
SHF-002,control,t1_MOLLI,0
SHF-002,control,t2_MOLLI,0
