subject,study,parameter,value
LDS-006,control,BAT,1.184970841974605
LDS-006,control,CO,4.832118341614008
LDS-006,control,Thl,14.959238275095686
LDS-006,control,Dhl,37.22191099474049
LDS-006,control,To,35.42201085285431
LDS-006,control,Eo,22.38232022433439
LDS-006,control,Toe,5.465361911688136
LDS-006,control,Eb,7.718346069766481
LDS-006,control,H,45.0
LDS-006,control,ve,29.046793618687524
LDS-006,control,Te,59.616385318637775
LDS-006,control,De,79.05675021975944
LDS-006,control,khe,44.78382001851782
LDS-006,control,Th,38.47551711594687
LDS-006,control,Kbh,2.59905538627714
LDS-006,control,Khe,154.17818781108335
LDS-006,control,kbh,1.8441131321898376
LDS-006,control,CL,0.3095233283041938
LDS-006,control,AUC_Cb,36.302366674677586
LDS-006,control,AUC_Cl,630.6114106932866
LDS-006,control,AUC35_Cb,25.906432726394417
LDS-006,control,AUC35_Cl,206.5227665015942
LDS-006,control,RE_R1b,15.368916147614847
LDS-006,control,RE_R1l,93.67380634686833
LDS-006,control,RE_Sb,11.88252782126125
LDS-006,control,RE_Sl,75.72988976666915
LDS-006,control,T1_1,0.83976001
LDS-006,control,T1_2,0.498440002
LDS-006,control,t1_MOLLI,12.696229722222224
LDS-006,control,t2_MOLLI,13.722150833333334
