subject,study,parameter,value
LDS-006,control,BAT,0.001784991704602485
LDS-006,control,CO,0.08437125075442711
LDS-006,control,Thl,0.23047545287753043
LDS-006,control,Dhl,0.7546138105122321
LDS-006,control,To,2.0885546381020066
LDS-006,control,Eo,1.1773081748121486
LDS-006,control,Toe,0.41096630065198647
LDS-006,control,Eb,0.3926389578444084
LDS-006,control,H,0
LDS-006,control,ve,9.731691946807732
LDS-006,control,Te,19.369244430045963
LDS-006,control,De,7.541259104989767
LDS-006,control,khe,1.21207553729214
LDS-006,control,Th,1.878895524865325
LDS-006,control,Kbh,0
LDS-006,control,Khe,0
LDS-006,control,kbh,0
LDS-006,control,CL,0.0
LDS-006,control,AUC_Cb,0
LDS-006,control,AUC_Cl,0
LDS-006,control,AUC35_Cb,0
LDS-006,control,AUC35_Cl,0
LDS-006,control,RE_R1b,0
LDS-006,control,RE_R1l,0
LDS-006,control,RE_Sb,0
LDS-006,control,RE_Sl,0
LDS-006,control,T1_1,0
LDS-006,control,T1_2,0
LDS-006,control,t1_MOLLI,0
LDS-006,control,t2_MOLLI,0
