subject,study,parameter,value
SHF-021,drug_40,BAT,0.014620742876608884
SHF-021,drug_40,CO,0.16600742786352327
SHF-021,drug_40,Thl,1.1078081335466108
SHF-021,drug_40,Dhl,4.216810309435385
SHF-021,drug_40,To,1.5729591027862613
SHF-021,drug_40,Eo,0.6428054518460801
SHF-021,drug_40,Toe,0.3726105287864222
SHF-021,drug_40,Eb,0.38296381884896163
SHF-021,drug_40,H,0
SHF-021,drug_40,ve,7.471721588382439
SHF-021,drug_40,Te,14.927625424415751
SHF-021,drug_40,De,18.793489043155446
SHF-021,drug_40,khe,0.9737387959304873
SHF-021,drug_40,Th,0.5399668323798907
SHF-021,drug_40,Kbh,0
SHF-021,drug_40,Khe,0
SHF-021,drug_40,kbh,0
SHF-021,drug_40,CL,0.0
SHF-021,drug_40,AUC_Cb,0
SHF-021,drug_40,AUC_Cl,0
SHF-021,drug_40,AUC35_Cb,0
SHF-021,drug_40,AUC35_Cl,0
SHF-021,drug_40,RE_R1b,0
SHF-021,drug_40,RE_R1l,0
SHF-021,drug_40,RE_Sb,0
SHF-021,drug_40,RE_Sl,0
SHF-021,drug_40,T1_1,0
SHF-021,drug_40,T1_2,0
SHF-021,drug_40,t1_MOLLI,0
SHF-021,drug_40,t2_MOLLI,0
