subject,study,parameter,value
SHF-004,drug,BAT,0.0031863051141369832
SHF-004,drug,CO,0.17710409452623202
SHF-004,drug,Thl,0.3685065170448237
SHF-004,drug,Dhl,1.3774349058598157
SHF-004,drug,To,1.0086334007113102
SHF-004,drug,Eo,0.5548550314053654
SHF-004,drug,Toe,0.401143391417235
SHF-004,drug,Eb,0.17475328755554523
SHF-004,drug,H,0
SHF-004,drug,ve,0.8919220926166155
SHF-004,drug,Te,2.867792048839061
SHF-004,drug,De,5.2273627595994725
SHF-004,drug,khe,0.1908189145000615
SHF-004,drug,Th,353.30642687836604
SHF-004,drug,Kbh,0
SHF-004,drug,Khe,0
SHF-004,drug,kbh,0
SHF-004,drug,CL,0.0
SHF-004,drug,AUC_Cb,0
SHF-004,drug,AUC_Cl,0
SHF-004,drug,AUC35_Cb,0
SHF-004,drug,AUC35_Cl,0
SHF-004,drug,RE_R1b,0
SHF-004,drug,RE_R1l,0
SHF-004,drug,RE_Sb,0
SHF-004,drug,RE_Sl,0
SHF-004,drug,T1_1,0
SHF-004,drug,T1_2,0
SHF-004,drug,t1_MOLLI,0
SHF-004,drug,t2_MOLLI,0
