subject,study,parameter,value
SHF-006,control_25,BAT,1.3877499055546083
SHF-006,control_25,CO,9.914879409511373
SHF-006,control_25,Thl,9.246603444133878
SHF-006,control_25,Dhl,70.97577626535549
SHF-006,control_25,To,39.112160884777644
SHF-006,control_25,Eo,20.269386703978697
SHF-006,control_25,Toe,8.652915390627152
SHF-006,control_25,Eb,1.8940630447072722
SHF-006,control_25,H,45.0
SHF-006,control_25,ve,19.915681407055924
SHF-006,control_25,Te,35.516064099936855
SHF-006,control_25,De,67.68398167932477
SHF-006,control_25,khe,49.373593593945294
SHF-006,control_25,Th,26.072968017605508
SHF-006,control_25,Kbh,3.835389969123424
SHF-006,control_25,Khe,247.91315237877188
SHF-006,control_25,kbh,3.0715459221546215
SHF-006,control_25,CL,0.5369587395573062
SHF-006,control_25,AUC_Cb,77.25909068182408
SHF-006,control_25,AUC_Cl,943.608441685171
SHF-006,control_25,AUC35_Cb,25.967191081202692
SHF-006,control_25,AUC35_Cl,183.9043831429578
SHF-006,control_25,RE_R1b,16.043426661593514
SHF-006,control_25,RE_R1l,66.21477163057067
SHF-006,control_25,RE_Sb,8.847053595141226
SHF-006,control_25,RE_Sl,55.716313221062265
SHF-006,control_25,T1_1,0.68025
SHF-006,control_25,T1_2,0.68286
SHF-006,control_25,t1_MOLLI,8.917222222222222
SHF-006,control_25,t2_MOLLI,8.917222222222222
