subject,study,parameter,value
SHF-006,control_25,BAT,0.07275070144502037
SHF-006,control_25,CO,0.7919180779510437
SHF-006,control_25,Thl,4.873769293037966
SHF-006,control_25,Dhl,32.013452450824495
SHF-006,control_25,To,2.8407219699918596
SHF-006,control_25,Eo,1.1707252308120202
SHF-006,control_25,Toe,2.028921137649123
SHF-006,control_25,Eb,2.1801621054644715
SHF-006,control_25,H,0
SHF-006,control_25,ve,10.167659462061643
SHF-006,control_25,Te,17.37909195351422
SHF-006,control_25,De,18.461462823075347
SHF-006,control_25,khe,2.041531893702788
SHF-006,control_25,Th,2.188412179531132
SHF-006,control_25,Kbh,0
SHF-006,control_25,Khe,0
SHF-006,control_25,kbh,0
SHF-006,control_25,CL,0.0
SHF-006,control_25,AUC_Cb,0
SHF-006,control_25,AUC_Cl,0
SHF-006,control_25,AUC35_Cb,0
SHF-006,control_25,AUC35_Cl,0
SHF-006,control_25,RE_R1b,0
SHF-006,control_25,RE_R1l,0
SHF-006,control_25,RE_Sb,0
SHF-006,control_25,RE_Sl,0
SHF-006,control_25,T1_1,0
SHF-006,control_25,T1_2,0
SHF-006,control_25,t1_MOLLI,0
SHF-006,control_25,t2_MOLLI,0
