subject,study,parameter,value
SHF-009,control_30,BAT,1.2040314065128972
SHF-009,control_30,CO,10.03383523381715
SHF-009,control_30,Thl,21.94968323315269
SHF-009,control_30,Dhl,69.90653691639135
SHF-009,control_30,To,37.874051123487746
SHF-009,control_30,Eo,21.835284106616186
SHF-009,control_30,Toe,8.680782932894667
SHF-009,control_30,Eb,1.000209027233088
SHF-009,control_30,H,45.0
SHF-009,control_30,ve,21.533994655498322
SHF-009,control_30,Te,33.126932235086734
SHF-009,control_30,De,80.94499999402406
SHF-009,control_30,khe,28.011330804996348
SHF-009,control_30,Th,55.46286981852976
SHF-009,control_30,Kbh,1.8030080363167702
SHF-009,control_30,Khe,130.07958464336366
SHF-009,control_30,kbh,1.4147483821381115
SHF-009,control_30,CL,0.22323522255423908
SHF-009,control_30,AUC_Cb,118.36807572571
SHF-009,control_30,AUC_Cl,1438.3830867070055
SHF-009,control_30,AUC35_Cb,32.923616299212895
SHF-009,control_30,AUC35_Cl,166.09488633041278
SHF-009,control_30,RE_R1b,20.80655660666891
SHF-009,control_30,RE_R1l,66.53394515228315
SHF-009,control_30,RE_Sb,17.4749332790774
SHF-009,control_30,RE_Sl,55.44582103831909
SHF-009,control_30,T1_1,0.76084
SHF-009,control_30,T1_2,0.42171
SHF-009,control_30,t1_MOLLI,9.10138888888889
SHF-009,control_30,t2_MOLLI,9.93361111111111
