subject,study,parameter,value
SHF-009,control_30,BAT,0.013188773806343502
SHF-009,control_30,CO,0.2491021533880703
SHF-009,control_30,Thl,0.9357605886733227
SHF-009,control_30,Dhl,2.9404588568843724
SHF-009,control_30,To,2.350875920269992
SHF-009,control_30,Eo,0.6315833284456637
SHF-009,control_30,Toe,0.9770183483668627
SHF-009,control_30,Eb,0.8497772725881967
SHF-009,control_30,H,0
SHF-009,control_30,ve,3.551540483773826
SHF-009,control_30,Te,8.454706612956363
SHF-009,control_30,De,10.078394134491488
SHF-009,control_30,khe,0.7304159857524584
SHF-009,control_30,Th,5.36624350235101
SHF-009,control_30,Kbh,0
SHF-009,control_30,Khe,0
SHF-009,control_30,kbh,0
SHF-009,control_30,CL,0.0
SHF-009,control_30,AUC_Cb,0
SHF-009,control_30,AUC_Cl,0
SHF-009,control_30,AUC35_Cb,0
SHF-009,control_30,AUC35_Cl,0
SHF-009,control_30,RE_R1b,0
SHF-009,control_30,RE_R1l,0
SHF-009,control_30,RE_Sb,0
SHF-009,control_30,RE_Sl,0
SHF-009,control_30,T1_1,0
SHF-009,control_30,T1_2,0
SHF-009,control_30,t1_MOLLI,0
SHF-009,control_30,t2_MOLLI,0
