subject,study,parameter,value
LDS-004,control_35,BAT,1.2007093727996077
LDS-004,control_35,CO,3.6656513812356994
LDS-004,control_35,Thl,11.673876953937425
LDS-004,control_35,Dhl,48.82084439565112
LDS-004,control_35,To,39.27199519571248
LDS-004,control_35,Eo,32.5018895569955
LDS-004,control_35,Toe,11.005909455662504
LDS-004,control_35,Eb,14.999998853060736
LDS-004,control_35,H,45.0
LDS-004,control_35,ve,7.865216317231185
LDS-004,control_35,Te,59.99999341843496
LDS-004,control_35,De,88.20153467337472
LDS-004,control_35,khe,21.028754104701434
LDS-004,control_35,Th,599.9909324820459
LDS-004,control_35,Kbh,0.16666918545971923
LDS-004,control_35,Khe,267.3639637683131
LDS-004,control_35,kbh,0.1535602934891451
LDS-004,control_35,CL,0.18632472127954758
LDS-004,control_35,AUC_Cb,48.80151072585621
LDS-004,control_35,AUC_Cl,1386.260293496
LDS-004,control_35,AUC35_Cb,33.319072178636866
LDS-004,control_35,AUC35_Cl,182.2196516361106
LDS-004,control_35,RE_R1b,14.708004961762477
LDS-004,control_35,RE_R1l,76.38024847597777
LDS-004,control_35,RE_Sb,8.190399279545057
LDS-004,control_35,RE_Sl,61.55090623422181
LDS-004,control_35,T1_1,0.802359985
LDS-004,control_35,T1_2,0.502459991
LDS-004,control_35,t1_MOLLI,9.83225138888889
LDS-004,control_35,t2_MOLLI,10.700175833333335
