subject,study,parameter,value
LDS-004,control_35,BAT,0.0026744532336643685
LDS-004,control_35,CO,0.0585408599988128
LDS-004,control_35,Thl,0.25204012647269264
LDS-004,control_35,Dhl,0.7200884620719569
LDS-004,control_35,To,1.7811962971068886
LDS-004,control_35,Eo,1.24596424794561
LDS-004,control_35,Toe,1.1784820327334065
LDS-004,control_35,Eb,1.5903056462604246
LDS-004,control_35,H,0
LDS-004,control_35,ve,6.503376849833366
LDS-004,control_35,Te,37.27202121110887
LDS-004,control_35,De,6.7956121576725925
LDS-004,control_35,khe,0.3738040094966254
LDS-004,control_35,Th,335.28910297525596
LDS-004,control_35,Kbh,0
LDS-004,control_35,Khe,0
LDS-004,control_35,kbh,0
LDS-004,control_35,CL,0.0
LDS-004,control_35,AUC_Cb,0
LDS-004,control_35,AUC_Cl,0
LDS-004,control_35,AUC35_Cb,0
LDS-004,control_35,AUC35_Cl,0
LDS-004,control_35,RE_R1b,0
LDS-004,control_35,RE_R1l,0
LDS-004,control_35,RE_Sb,0
LDS-004,control_35,RE_Sl,0
LDS-004,control_35,T1_1,0
LDS-004,control_35,T1_2,0
LDS-004,control_35,t1_MOLLI,0
LDS-004,control_35,t2_MOLLI,0
