subject,study,parameter,value
SHF-017,control,S02a,37732.6049237432
SHF-017,control,S02l,18975.592182804652
SHF-017,control,BAT2,209.62271788173751
SHF-017,control,BAT,1.205556018907146
SHF-017,control,CO,10.113398973106214
SHF-017,control,Thl,14.130094613774723
SHF-017,control,Dhl,48.46029962925704
SHF-017,control,To,26.62690247650592
SHF-017,control,Eo,14.595138919075668
SHF-017,control,Toe,9.001582322818203
SHF-017,control,Eb,5.114761044109927
SHF-017,control,H,45.0
SHF-017,control,ve,15.941271557273746
SHF-017,control,Te,33.07604743135499
SHF-017,control,De,88.79614155602398
SHF-017,control,khe_i,50.68162896344912
SHF-017,control,khe_f,39.484542375842835
SHF-017,control,Th_i,56.803849715358936
SHF-017,control,Th_f,38.553666547885065
SHF-017,control,Th,47.678758131622
SHF-017,control,khe,45.083085669645975
SHF-017,control,Kbh,2.0973700641266695
SHF-017,control,Khe,282.8073375933132
SHF-017,control,kbh,1.763022606643271
SHF-017,control,kbh_i,1.4798068944964131
SHF-017,control,kbh_f,2.1803043904610795
SHF-017,control,CL,0.44912709209616475
SHF-017,control,AUC_Cb,39.11424932646042
SHF-017,control,AUC_Cl,903.9064474926727
SHF-017,control,AUC35_Cb,24.196758837159674
SHF-017,control,AUC35_Cl,214.72537135496384
SHF-017,control,RE_R1b,13.16445863082268
SHF-017,control,RE_R1l,80.54405051806704
SHF-017,control,RE_Sb,23.496863712411447
SHF-017,control,RE_Sl,70.41733275216761
SHF-017,control,T1_1,0.64556
SHF-017,control,T1_2,0.37176
SHF-017,control,t1_MOLLI,12.851944444444445
SHF-017,control,t2_MOLLI,13.6625
SHF-017,control,T1_3,0.69299
SHF-017,control,t3_MOLLI,16.251944444444444
SHF-017,control,t0,12.972222222222221
SHF-017,control,t1,13.658055555555556
SHF-017,control,t2,16.379166666666666
SHF-017,control,t3,17.064722222222223
SHF-017,control,dt1,2.0
SHF-017,control,dt2,2.0
