subject,study,parameter,value
SHF-017,control,S02a,83.16541504101268
SHF-017,control,S02l,132.6122288907409
SHF-017,control,BAT2,0.008234761462290704
SHF-017,control,BAT,0.00839362562417606
SHF-017,control,CO,0.15018131296312334
SHF-017,control,Thl,0.5467730702770828
SHF-017,control,Dhl,1.8636234319165608
SHF-017,control,To,0.958026971240434
SHF-017,control,Eo,0.42595245775893925
SHF-017,control,Toe,0.5564124597077742
SHF-017,control,Eb,0.24557673927511
SHF-017,control,H,0
SHF-017,control,ve,11.161890392217364
SHF-017,control,Te,24.353200564352722
SHF-017,control,De,12.26091181449041
SHF-017,control,khe_i,0.7889758374915874
SHF-017,control,khe_f,1.1324603663072708
SHF-017,control,Th_i,2.480422765624813
SHF-017,control,Th_f,2.0148619080156704
SHF-017,control,Th,0.0
SHF-017,control,khe,0
SHF-017,control,Kbh,0
SHF-017,control,Khe,0
SHF-017,control,kbh,0
SHF-017,control,kbh_i,0
SHF-017,control,kbh_f,0
SHF-017,control,CL,0.0
SHF-017,control,AUC_Cb,0
SHF-017,control,AUC_Cl,0
SHF-017,control,AUC35_Cb,0
SHF-017,control,AUC35_Cl,0
SHF-017,control,RE_R1b,0
SHF-017,control,RE_R1l,0
SHF-017,control,RE_Sb,0
SHF-017,control,RE_Sl,0
SHF-017,control,T1_1,0
SHF-017,control,T1_2,0
SHF-017,control,t1_MOLLI,0
SHF-017,control,t2_MOLLI,0
SHF-017,control,T1_3,0
SHF-017,control,t3_MOLLI,0
SHF-017,control,t0,0
SHF-017,control,t1,0
SHF-017,control,t2,0
SHF-017,control,t3,0
SHF-017,control,dt1,0
SHF-017,control,dt2,0
