subject,study,parameter,value
SHF-021,drug_10,BAT,0.028410588895378935
SHF-021,drug_10,CO,0.3423151925187731
SHF-021,drug_10,Thl,2.2175923138681624
SHF-021,drug_10,Dhl,6.864482211769224
SHF-021,drug_10,To,3.669407623651599
SHF-021,drug_10,Eo,2.016431623407819
SHF-021,drug_10,Toe,1.0532671585120872
SHF-021,drug_10,Eb,4.354115342730479
SHF-021,drug_10,H,0
SHF-021,drug_10,ve,15.707521456695368
SHF-021,drug_10,Te,29.147563645452202
SHF-021,drug_10,De,10.195278133251803
SHF-021,drug_10,khe,4.407359075273222
SHF-021,drug_10,Th,70.30528638202715
SHF-021,drug_10,Kbh,0
SHF-021,drug_10,Khe,0
SHF-021,drug_10,kbh,0
SHF-021,drug_10,CL,0.0
SHF-021,drug_10,AUC_Cb,0
SHF-021,drug_10,AUC_Cl,0
SHF-021,drug_10,AUC35_Cb,0
SHF-021,drug_10,AUC35_Cl,0
SHF-021,drug_10,RE_R1b,0
SHF-021,drug_10,RE_R1l,0
SHF-021,drug_10,RE_Sb,0
SHF-021,drug_10,RE_Sl,0
SHF-021,drug_10,T1_1,0
SHF-021,drug_10,T1_2,0
SHF-021,drug_10,t1_MOLLI,0
SHF-021,drug_10,t2_MOLLI,0
