subject,study,parameter,value
SHF-017,control_20,BAT,1.1732022692085353
SHF-017,control_20,CO,9.372428055645635
SHF-017,control_20,Thl,15.865156038700556
SHF-017,control_20,Dhl,43.31092930824314
SHF-017,control_20,To,22.633378571845512
SHF-017,control_20,Eo,12.178626991045375
SHF-017,control_20,Toe,3.476265252399046
SHF-017,control_20,Eb,9.863708681169289
SHF-017,control_20,H,45.0
SHF-017,control_20,ve,29.590571062787095
SHF-017,control_20,Te,59.999999988251844
SHF-017,control_20,De,89.27929952711203
SHF-017,control_20,khe,41.75205432367973
SHF-017,control_20,Th,187.5554432176406
SHF-017,control_20,Kbh,0.5331756748001141
SHF-017,control_20,Khe,141.09918404442973
SHF-017,control_20,kbh,0.3754059478588917
SHF-017,control_20,CL,0.4159426638372474
SHF-017,control_20,AUC_Cb,22.10481144947362
SHF-017,control_20,AUC_Cl,1045.4292257390402
SHF-017,control_20,AUC35_Cb,21.346123482955058
SHF-017,control_20,AUC35_Cl,230.499888570025
SHF-017,control_20,RE_R1b,7.666482292188262
SHF-017,control_20,RE_R1l,81.69745721021798
SHF-017,control_20,RE_Sb,24.09637899721352
SHF-017,control_20,RE_Sl,70.21132502134492
SHF-017,control_20,T1_1,0.64556
SHF-017,control_20,T1_2,0.37176
SHF-017,control_20,t1_MOLLI,12.851944444444445
SHF-017,control_20,t2_MOLLI,13.6625
