subject,study,parameter,value
SHF-017,control_20,BAT,0.01858775431085671
SHF-017,control_20,CO,0.2435172184401667
SHF-017,control_20,Thl,1.376259349265692
SHF-017,control_20,Dhl,2.2174379687164856
SHF-017,control_20,To,1.6372025414428002
SHF-017,control_20,Eo,1.2324427386220353
SHF-017,control_20,Toe,0.6295245239558628
SHF-017,control_20,Eb,0.5849379895036935
SHF-017,control_20,H,0
SHF-017,control_20,ve,19.63303146875672
SHF-017,control_20,Te,43.51322992486347
SHF-017,control_20,De,10.364325717760646
SHF-017,control_20,khe,1.6607955615684302
SHF-017,control_20,Th,123.65357819742539
SHF-017,control_20,Kbh,0
SHF-017,control_20,Khe,0
SHF-017,control_20,kbh,0
SHF-017,control_20,CL,0.0
SHF-017,control_20,AUC_Cb,0
SHF-017,control_20,AUC_Cl,0
SHF-017,control_20,AUC35_Cb,0
SHF-017,control_20,AUC35_Cl,0
SHF-017,control_20,RE_R1b,0
SHF-017,control_20,RE_R1l,0
SHF-017,control_20,RE_Sb,0
SHF-017,control_20,RE_Sl,0
SHF-017,control_20,T1_1,0
SHF-017,control_20,T1_2,0
SHF-017,control_20,t1_MOLLI,0
SHF-017,control_20,t2_MOLLI,0
