subject,study,parameter,value
LDS-010,drug_15,BAT,0.003281577839485228
LDS-010,drug_15,CO,0.15243871668530412
LDS-010,drug_15,Thl,0.43214839409900163
LDS-010,drug_15,Dhl,1.0993033186909864
LDS-010,drug_15,To,2.5434705598180263
LDS-010,drug_15,Eo,4.169710573139885
LDS-010,drug_15,Toe,0.21881492031071118
LDS-010,drug_15,Eb,0.6159318235391341
LDS-010,drug_15,H,0
LDS-010,drug_15,ve,4.685086297288833
LDS-010,drug_15,Te,8.866593808211052
LDS-010,drug_15,De,7.59095690568891
LDS-010,drug_15,khe,1.4728327928158085
LDS-010,drug_15,Th,69196.31765306971
LDS-010,drug_15,Kbh,0
LDS-010,drug_15,Khe,0
LDS-010,drug_15,kbh,0
LDS-010,drug_15,CL,0.0
LDS-010,drug_15,AUC_Cb,0
LDS-010,drug_15,AUC_Cl,0
LDS-010,drug_15,AUC35_Cb,0
LDS-010,drug_15,AUC35_Cl,0
LDS-010,drug_15,RE_R1b,0
LDS-010,drug_15,RE_R1l,0
LDS-010,drug_15,RE_Sb,0
LDS-010,drug_15,RE_Sl,0
LDS-010,drug_15,T1_1,0
LDS-010,drug_15,T1_2,0
LDS-010,drug_15,t1_MOLLI,0
LDS-010,drug_15,t2_MOLLI,0
