subject,study,parameter,value
SHF-005,control,S02a,30274.11084292007
SHF-005,control,S02l,22245.093569666846
SHF-005,control,BAT2,120.09096219598197
SHF-005,control,BAT,1.2957117489807486
SHF-005,control,CO,5.342021991571686
SHF-005,control,Thl,9.36930851473655
SHF-005,control,Dhl,42.17275117176137
SHF-005,control,To,24.58344648957983
SHF-005,control,Eo,18.654317144161226
SHF-005,control,Toe,4.093464625381689
SHF-005,control,Eb,5.797014228412032
SHF-005,control,H,45.0
SHF-005,control,ve,18.832930695418472
SHF-005,control,Te,24.50580209635839
SHF-005,control,De,64.2695186476621
SHF-005,control,khe_i,24.667838250402063
SHF-005,control,khe_f,26.967595662705417
SHF-005,control,Th_i,49.84613547510141
SHF-005,control,Th_f,74.63082508963042
SHF-005,control,Th,62.23848028236592
SHF-005,control,khe,25.817716956553742
SHF-005,control,Kbh,1.6067230360753695
SHF-005,control,Khe,137.08815358639043
SHF-005,control,kbh,1.3041300002239717
SHF-005,control,kbh_i,1.6283522991491528
SHF-005,control,kbh_f,1.087581025763834
SHF-005,control,CL,0.23281677417030383
SHF-005,control,AUC_Cb,43.72002342827383
SHF-005,control,AUC_Cl,601.7430829054343
SHF-005,control,AUC35_Cb,33.83925656294244
SHF-005,control,AUC35_Cl,173.42562360372676
SHF-005,control,RE_R1b,19.72255565287701
SHF-005,control,RE_R1l,69.98013439305777
SHF-005,control,RE_Sb,19.431923236754695
SHF-005,control,RE_Sl,65.70848273956494
SHF-005,control,T1_1,0.78715
SHF-005,control,T1_2,0.49327
SHF-005,control,t1_MOLLI,14.248888888888889
SHF-005,control,t2_MOLLI,15.06611111111111
SHF-005,control,T1_3,0.57409
SHF-005,control,t3_MOLLI,16.16583333333333
SHF-005,control,t0,14.379722222222222
SHF-005,control,t1,15.063888888888888
SHF-005,control,t2,16.29361111111111
SHF-005,control,t3,16.980555555555554
SHF-005,control,dt1,2.0
SHF-005,control,dt2,2.0
