subject,study,parameter,value
SHF-005,control,S02a,116.07215927708783
SHF-005,control,S02l,288.49991213370623
SHF-005,control,BAT2,0.00589773056245847
SHF-005,control,BAT,0.005607069424921066
SHF-005,control,CO,0.0922695955642885
SHF-005,control,Thl,0.4154437021527717
SHF-005,control,Dhl,1.6062677863032389
SHF-005,control,To,1.193238807864706
SHF-005,control,Eo,0.9583980296619032
SHF-005,control,Toe,0.29350108889233534
SHF-005,control,Eb,0.21416734303972484
SHF-005,control,H,0
SHF-005,control,ve,1.7873375001861609
SHF-005,control,Te,3.0355121883361114
SHF-005,control,De,5.9676972481108645
SHF-005,control,khe_i,0.6244632812639145
SHF-005,control,khe_f,0.8363489074148823
SHF-005,control,Th_i,3.782944513460944
SHF-005,control,Th_f,6.821001744533173
SHF-005,control,Th,0.0
SHF-005,control,khe,0
SHF-005,control,Kbh,0
SHF-005,control,Khe,0
SHF-005,control,kbh,0
SHF-005,control,kbh_i,0
SHF-005,control,kbh_f,0
SHF-005,control,CL,0.0
SHF-005,control,AUC_Cb,0
SHF-005,control,AUC_Cl,0
SHF-005,control,AUC35_Cb,0
SHF-005,control,AUC35_Cl,0
SHF-005,control,RE_R1b,0
SHF-005,control,RE_R1l,0
SHF-005,control,RE_Sb,0
SHF-005,control,RE_Sl,0
SHF-005,control,T1_1,0
SHF-005,control,T1_2,0
SHF-005,control,t1_MOLLI,0
SHF-005,control,t2_MOLLI,0
SHF-005,control,T1_3,0
SHF-005,control,t3_MOLLI,0
SHF-005,control,t0,0
SHF-005,control,t1,0
SHF-005,control,t2,0
SHF-005,control,t3,0
SHF-005,control,dt1,0
SHF-005,control,dt2,0
