subject,study,parameter,value
SHF-002,control,S02a,21231.02361627762
SHF-002,control,S02l,21352.993386832033
SHF-002,control,BAT2,155.79755090283925
SHF-002,control,BAT,1.1737719549379186
SHF-002,control,CO,8.774442236432938
SHF-002,control,Thl,11.122148349640145
SHF-002,control,Dhl,26.358411201420733
SHF-002,control,To,15.851177242957442
SHF-002,control,Eo,15.361723019345563
SHF-002,control,Toe,3.785242607769867
SHF-002,control,Eb,3.914168310751905
SHF-002,control,H,45.0
SHF-002,control,ve,28.159969152715853
SHF-002,control,Te,21.341820936454866
SHF-002,control,De,90.97138219054443
SHF-002,control,khe_i,44.111560876639906
SHF-002,control,khe_f,35.95920875988233
SHF-002,control,Th_i,28.256501282953522
SHF-002,control,Th_f,25.61872639898915
SHF-002,control,Th,26.937613840971334
SHF-002,control,khe,40.03538481826112
SHF-002,control,Kbh,3.7122812952312385
SHF-002,control,Khe,142.17126659884838
SHF-002,control,kbh,2.666904027632081
SHF-002,control,kbh_i,2.542424843327066
SHF-002,control,kbh_f,2.804199932831898
SHF-002,control,CL,0.06460012148059505
SHF-002,control,AUC_Cb,59.04741674248524
SHF-002,control,AUC_Cl,727.5937310499086
SHF-002,control,AUC35_Cb,43.88061895732876
SHF-002,control,AUC35_Cl,289.16092439372596
SHF-002,control,RE_R1b,20.210428416298324
SHF-002,control,RE_R1l,120.91741201679741
SHF-002,control,RE_Sb,7.446479596807694
SHF-002,control,RE_Sl,93.64859567702659
SHF-002,control,T1_1,0.73111
SHF-002,control,T1_2,0.33114
SHF-002,control,t1_MOLLI,11.14638888888889
SHF-002,control,t2_MOLLI,12.024722222222222
SHF-002,control,T1_3,0.62402
SHF-002,control,t3_MOLLI,13.675277777777778
SHF-002,control,t0,11.338888888888889
SHF-002,control,t1,12.022777777777778
SHF-002,control,t2,13.848611111111111
SHF-002,control,t3,14.533055555555556
SHF-002,control,dt1,2.0
SHF-002,control,dt2,2.0
SHF-002,drug,S02a,14363.933432989948
SHF-002,drug,S02l,12811.230676994908
SHF-002,drug,BAT2,158.4468208920362
SHF-002,drug,BAT,1.153850369801479
SHF-002,drug,CO,3.033895801218637
SHF-002,drug,Thl,18.751439118741253
SHF-002,drug,Dhl,36.860234918282075
SHF-002,drug,To,34.904002318012594
SHF-002,drug,Eo,21.680516926665334
SHF-002,drug,Toe,4.8809268962642784
SHF-002,drug,Eb,4.78911302065599
SHF-002,drug,H,45.0
SHF-002,drug,ve,19.24615711064816
SHF-002,drug,Te,48.35988823557087
SHF-002,drug,De,88.80515843823169
SHF-002,drug,khe_i,2.781618898324562
SHF-002,drug,khe_f,13.765703993298656
SHF-002,drug,Th_i,599.9304262761415
SHF-002,drug,Th_f,42.07940670662363
SHF-002,drug,Th,321.0049164913826
SHF-002,drug,khe,8.273661445811609
SHF-002,drug,Kbh,0.3115217084305452
SHF-002,drug,Khe,42.98864130769311
SHF-002,drug,kbh,0.2515657509922272
SHF-002,drug,kbh_i,0.1346053464742622
SHF-002,drug,kbh_f,1.919082259223977
SHF-002,drug,CL,0.05848829984649358
SHF-002,drug,AUC_Cb,139.34678946636575
SHF-002,drug,AUC_Cl,782.2974151801523
SHF-002,drug,AUC35_Cb,79.31090280463488
SHF-002,drug,AUC35_Cl,121.2344182443106
SHF-002,drug,RE_R1b,34.38957207607952
SHF-002,drug,RE_R1l,31.807137973730942
SHF-002,drug,RE_Sb,30.22633541132761
SHF-002,drug,RE_Sl,30.056432254528048
SHF-002,drug,T1_1,0.77562
SHF-002,drug,T1_2,0.59264
SHF-002,drug,t1_MOLLI,9.835833333333333
SHF-002,drug,t2_MOLLI,10.655
SHF-002,drug,T1_3,0.59412
SHF-002,drug,t3_MOLLI,12.411111111111111
SHF-002,drug,t0,9.965555555555556
SHF-002,drug,t1,10.651666666666667
SHF-002,drug,t2,12.520555555555555
SHF-002,drug,t3,13.206388888888888
SHF-002,drug,dt1,2.0
SHF-002,drug,dt2,2.0
SHF-004,control,S02a,36030.93450452464
SHF-004,control,S02l,21587.74154260211
SHF-004,control,BAT2,148.7567094661195
SHF-004,control,BAT,1.2924957329986277
SHF-004,control,CO,10.661712848348598
SHF-004,control,Thl,12.62326984024804
SHF-004,control,Dhl,76.16431973323469
SHF-004,control,To,23.851076727019766
SHF-004,control,Eo,12.530104211009666
SHF-004,control,Toe,5.0006562788667726
SHF-004,control,Eb,5.289780549985571
SHF-004,control,H,45.0
SHF-004,control,ve,22.191758354998672
SHF-004,control,Te,20.704054550037274
SHF-004,control,De,91.53584155610488
SHF-004,control,khe_i,20.798034185833064
SHF-004,control,khe_f,29.371409853360348
SHF-004,control,Th_i,75.45500958999807
SHF-004,control,Th_f,47.96375847199818
SHF-004,control,Th,61.70938403099812
SHF-004,control,khe,25.084722019596704
SHF-004,control,Kbh,1.6204990791962461
SHF-004,control,Khe,113.036207488923
SHF-004,control,kbh,1.2608818393960368
SHF-004,control,kbh_i,1.0311872209385444
SHF-004,control,kbh_f,1.6222298694633515
SHF-004,control,CL,0.21881970905699066
SHF-004,control,AUC_Cb,36.04030443884481
SHF-004,control,AUC_Cl,483.6670720093793
SHF-004,control,AUC35_Cb,28.561724619595108
SHF-004,control,AUC35_Cl,136.94110527815906
SHF-004,control,RE_R1b,16.309277417128413
SHF-004,control,RE_R1l,55.92951375288816
SHF-004,control,RE_Sb,21.42846689454542
SHF-004,control,RE_Sl,49.08440698137722
SHF-004,control,T1_1,0.79748
SHF-004,control,T1_2,0.51401
SHF-004,control,t1_MOLLI,10.535277777777777
SHF-004,control,t2_MOLLI,11.376388888888888
SHF-004,control,T1_3,0.69331
SHF-004,control,t3_MOLLI,12.946111111111112
SHF-004,control,t0,10.675555555555556
SHF-004,control,t1,11.373888888888889
SHF-004,control,t2,13.066666666666666
SHF-004,control,t3,13.751944444444444
SHF-004,control,dt1,2.0
SHF-004,control,dt2,2.0
SHF-004,drug,S02a,22034.644069677393
SHF-004,drug,S02l,16968.08388134747
SHF-004,drug,BAT2,147.10314421923326
SHF-004,drug,BAT,1.2204565103591885
SHF-004,drug,CO,5.915574358990942
SHF-004,drug,Thl,17.038335624635224
SHF-004,drug,Dhl,57.16984112071035
SHF-004,drug,To,25.348686627178765
SHF-004,drug,Eo,20.486995477533444
SHF-004,drug,Toe,4.3068072447685335
SHF-004,drug,Eb,4.848175971813333
SHF-004,drug,H,45.0
SHF-004,drug,ve,19.030861620726192
SHF-004,drug,Te,30.82676945650147
SHF-004,drug,De,84.66451648076834
SHF-004,drug,khe_i,3.399060151626813
SHF-004,drug,khe_f,11.469692873450835
SHF-004,drug,Th_i,73.7893745829758
SHF-004,drug,Th_f,44.12003235266673
SHF-004,drug,Th,58.95470346782126
SHF-004,drug,khe,7.434376512538824
SHF-004,drug,Kbh,1.696217504589471
SHF-004,drug,Khe,39.06484457036969
SHF-004,drug,kbh,1.3734126985045136
SHF-004,drug,kbh_i,1.0973007812693196
SHF-004,drug,kbh_f,1.8352012467275496
SHF-004,drug,CL,0.061119682631612736
SHF-004,drug,AUC_Cb,70.86058648193367
SHF-004,drug,AUC_Cl,209.49962649497598
SHF-004,drug,AUC35_Cb,46.15940901000224
SHF-004,drug,AUC35_Cl,61.963012165542985
SHF-004,drug,RE_R1b,25.60764424453581
SHF-004,drug,RE_R1l,18.65024646443844
SHF-004,drug,RE_Sb,27.572611805438523
SHF-004,drug,RE_Sl,15.628420872982579
SHF-004,drug,T1_1,0.78004
SHF-004,drug,T1_2,0.78002
SHF-004,drug,t1_MOLLI,11.212222222222222
SHF-004,drug,t2_MOLLI,11.212222222222222
SHF-004,drug,T1_3,0.69465
SHF-004,drug,t3_MOLLI,13.563611111111111
SHF-004,drug,t0,11.324444444444444
SHF-004,drug,t1,12.011944444444444
SHF-004,drug,t2,13.689444444444444
SHF-004,drug,t3,14.375833333333333
SHF-004,drug,dt1,2.0
SHF-004,drug,dt2,2.0
SHF-005,control,S02a,30274.11084292007
SHF-005,control,S02l,22245.093569666846
SHF-005,control,BAT2,120.09096219598197
SHF-005,control,BAT,1.2957117489807486
SHF-005,control,CO,5.342021991571686
SHF-005,control,Thl,9.36930851473655
SHF-005,control,Dhl,42.17275117176137
SHF-005,control,To,24.58344648957983
SHF-005,control,Eo,18.654317144161226
SHF-005,control,Toe,4.093464625381689
SHF-005,control,Eb,5.797014228412032
SHF-005,control,H,45.0
SHF-005,control,ve,18.832930695418472
SHF-005,control,Te,24.50580209635839
SHF-005,control,De,64.2695186476621
SHF-005,control,khe_i,24.667838250402063
SHF-005,control,khe_f,26.967595662705417
SHF-005,control,Th_i,49.84613547510141
SHF-005,control,Th_f,74.63082508963042
SHF-005,control,Th,62.23848028236592
SHF-005,control,khe,25.817716956553742
SHF-005,control,Kbh,1.6067230360753695
SHF-005,control,Khe,137.08815358639043
SHF-005,control,kbh,1.3041300002239717
SHF-005,control,kbh_i,1.6283522991491528
SHF-005,control,kbh_f,1.087581025763834
SHF-005,control,CL,0.23281677417030383
SHF-005,control,AUC_Cb,43.72002342827383
SHF-005,control,AUC_Cl,601.7430829054343
SHF-005,control,AUC35_Cb,33.83925656294244
SHF-005,control,AUC35_Cl,173.42562360372676
SHF-005,control,RE_R1b,19.72255565287701
SHF-005,control,RE_R1l,69.98013439305777
SHF-005,control,RE_Sb,19.431923236754695
SHF-005,control,RE_Sl,65.70848273956494
SHF-005,control,T1_1,0.78715
SHF-005,control,T1_2,0.49327
SHF-005,control,t1_MOLLI,14.248888888888889
SHF-005,control,t2_MOLLI,15.06611111111111
SHF-005,control,T1_3,0.57409
SHF-005,control,t3_MOLLI,16.16583333333333
SHF-005,control,t0,14.379722222222222
SHF-005,control,t1,15.063888888888888
SHF-005,control,t2,16.29361111111111
SHF-005,control,t3,16.980555555555554
SHF-005,control,dt1,2.0
SHF-005,control,dt2,2.0
SHF-005,drug,S02a,40436.046530283296
SHF-005,drug,S02l,21414.607409134034
SHF-005,drug,BAT2,124.93759327257135
SHF-005,drug,BAT,1.270438624793951
SHF-005,drug,CO,4.821335543893139
SHF-005,drug,Thl,18.662670033090873
SHF-005,drug,Dhl,56.36090790777055
SHF-005,drug,To,32.18949283732226
SHF-005,drug,Eo,23.529435279668757
SHF-005,drug,Toe,5.419897582325408
SHF-005,drug,Eb,5.556642952943122
SHF-005,drug,H,45.0
SHF-005,drug,ve,23.817649362916487
SHF-005,drug,Te,27.19707737626548
SHF-005,drug,De,57.84757353879313
SHF-005,drug,khe_i,4.482171874744181
SHF-005,drug,khe_f,15.09145633248036
SHF-005,drug,Th_i,63.99898729028567
SHF-005,drug,Th_f,156.50106589755433
SHF-005,drug,Th,110.25002659392
SHF-005,drug,khe,9.78681410361227
SHF-005,drug,Kbh,0.9070292596692646
SHF-005,drug,Khe,41.0905961141997
SHF-005,drug,kbh,0.690996210982182
SHF-005,drug,kbh_i,1.1903680645997838
SHF-005,drug,kbh_f,0.486784867567308
SHF-005,drug,CL,0.08893414199596661
SHF-005,drug,AUC_Cb,50.26862799210104
SHF-005,drug,AUC_Cl,260.13361257656464
SHF-005,drug,AUC35_Cb,29.784790084773874
SHF-005,drug,AUC35_Cl,55.42354302374443
SHF-005,drug,RE_R1b,22.24978148131333
SHF-005,drug,RE_R1l,15.668837560714993
SHF-005,drug,RE_Sb,12.565130197420563
SHF-005,drug,RE_Sl,20.386972741445668
SHF-005,drug,T1_1,0.78973
SHF-005,drug,T1_2,0.70946
SHF-005,drug,t1_MOLLI,13.313611111111111
SHF-005,drug,t2_MOLLI,14.10138888888889
SHF-005,drug,T1_3,0.72449
SHF-005,drug,t3_MOLLI,15.305555555555555
SHF-005,drug,t0,13.412777777777778
SHF-005,drug,t1,14.098055555555556
SHF-005,drug,t2,15.409166666666666
SHF-005,drug,t3,16.096944444444443
SHF-005,drug,dt1,2.0
SHF-005,drug,dt2,2.0
SHF-006,control,S02a,37009.81202875745
SHF-006,control,S02l,17136.65305191271
SHF-006,control,BAT2,170.6077130052998
SHF-006,control,BAT,1.3846813035798569
SHF-006,control,CO,9.774073263309727
SHF-006,control,Thl,9.84386725973164
SHF-006,control,Dhl,70.75872409544888
SHF-006,control,To,37.769393773765245
SHF-006,control,Eo,20.020007650105896
SHF-006,control,Toe,8.113368695607681
SHF-006,control,Eb,3.3247972359313813
SHF-006,control,H,45.0
SHF-006,control,ve,14.113382013437265
SHF-006,control,Te,24.883662243879016
SHF-006,control,De,61.80389865251347
SHF-006,control,khe_i,54.97976668835074
SHF-006,control,khe_f,67.99111171014142
SHF-006,control,Th_i,20.186229189426424
SHF-006,control,Th_f,22.17447546571254
SHF-006,control,Th,21.180352327569484
SHF-006,control,khe,61.48543919924609
SHF-006,control,Kbh,4.721356776951941
SHF-006,control,Khe,435.653475125283
SHF-006,control,kbh,4.055013658803405
SHF-006,control,kbh_i,4.254713308791236
SHF-006,control,kbh_f,3.873219825170864
SHF-006,control,CL,0.6686801897604477
SHF-006,control,AUC_Cb,57.12600256812836
SHF-006,control,AUC_Cl,693.5303425088077
SHF-006,control,AUC35_Cb,24.697379191634056
SHF-006,control,AUC35_Cl,190.1579964243476
SHF-006,control,RE_R1b,14.75196074409654
SHF-006,control,RE_R1l,63.539374895570546
SHF-006,control,RE_Sb,8.847053595141226
SHF-006,control,RE_Sl,55.716313221062265
SHF-006,control,T1_1,0.68025
SHF-006,control,T1_2,0.68286
SHF-006,control,t1_MOLLI,8.917222222222222
SHF-006,control,t2_MOLLI,8.917222222222222
SHF-006,control,T1_3,0.64305
SHF-006,control,t3_MOLLI,11.722777777777777
SHF-006,control,t0,9.10388888888889
SHF-006,control,t1,9.787777777777778
SHF-006,control,t2,11.857777777777779
SHF-006,control,t3,12.544166666666667
SHF-006,control,dt1,2.0
SHF-006,control,dt2,2.0
SHF-006,drug,S02a,51482.29939003018
SHF-006,drug,S02l,20625.988276882967
SHF-006,drug,BAT2,150.62927619523091
SHF-006,drug,BAT,1.2388664027337746
SHF-006,drug,CO,9.540313136163348
SHF-006,drug,Thl,29.959081265772213
SHF-006,drug,Dhl,46.53824837434172
SHF-006,drug,To,25.234657429472747
SHF-006,drug,Eo,21.03743393360345
SHF-006,drug,Toe,7.71500004900292
SHF-006,drug,Eb,1.0153048201692616
SHF-006,drug,H,45.0
SHF-006,drug,ve,40.14187019673966
SHF-006,drug,Te,35.441523607596395
SHF-006,drug,De,75.7904570327845
SHF-006,drug,khe_i,12.890979552683447
SHF-006,drug,khe_f,34.3206657006531
SHF-006,drug,Th_i,30.117979292008027
SHF-006,drug,Th_f,23.779951115776004
SHF-006,drug,Th,26.948965203892012
SHF-006,drug,khe,23.605822626668274
SHF-006,drug,Kbh,3.7107176191521387
SHF-006,drug,Khe,58.80598614607037
SHF-006,drug,kbh,2.2211661691045386
SHF-006,drug,kbh_i,1.987455042149658
SHF-006,drug,kbh_f,2.517167908034491
SHF-006,drug,CL,0.24804281011547577
SHF-006,drug,AUC_Cb,103.68676367101814
SHF-006,drug,AUC_Cl,597.3042021843509
SHF-006,drug,AUC35_Cb,29.072687945783965
SHF-006,drug,AUC35_Cl,96.43589788881465
SHF-006,drug,RE_R1b,18.923009231486322
SHF-006,drug,RE_R1l,28.002049621958804
SHF-006,drug,RE_Sb,15.369704093072741
SHF-006,drug,RE_Sl,23.274567016267277
SHF-006,drug,T1_1,0.721
SHF-006,drug,T1_2,0.5706
SHF-006,drug,t1_MOLLI,10.468055555555555
SHF-006,drug,t2_MOLLI,11.55638888888889
SHF-006,drug,T1_3,0.62077
SHF-006,drug,t3_MOLLI,13.115
SHF-006,drug,t0,10.855
SHF-006,drug,t1,11.54138888888889
SHF-006,drug,t2,13.278888888888888
SHF-006,drug,t3,13.964444444444444
SHF-006,drug,dt1,2.0
SHF-006,drug,dt2,2.0
SHF-009,control,S02a,47592.01746910636
SHF-009,control,S02l,22640.249200921455
SHF-009,control,BAT2,143.88511850630798
SHF-009,control,BAT,1.31334685074248
SHF-009,control,CO,13.458027926786382
SHF-009,control,Thl,9.708568700625376
SHF-009,control,Dhl,83.04361736614034
SHF-009,control,To,28.031205280862064
SHF-009,control,Eo,16.281645791934878
SHF-009,control,Toe,7.60871207721218
SHF-009,control,Eb,3.2023185677967247
SHF-009,control,H,45.0
SHF-009,control,ve,18.36878063763954
SHF-009,control,Te,18.88322514029061
SHF-009,control,De,59.370040896442156
SHF-009,control,khe_i,29.642590230881382
SHF-009,control,khe_f,40.82070344202129
SHF-009,control,Th_i,47.45416284443946
SHF-009,control,Th_f,41.871017415687234
SHF-009,control,Th,44.66259013006335
SHF-009,control,khe,35.23164683645134
SHF-009,control,Kbh,2.2390103150933887
SHF-009,control,Khe,191.80177242825815
SHF-009,control,kbh,1.8277314218597622
SHF-009,control,kbh_i,1.7202119786615468
SHF-009,control,kbh_f,1.9495876718719718
SHF-009,control,CL,0.28077725322085395
SHF-009,control,AUC_Cb,60.57985148639913
SHF-009,control,AUC_Cl,827.2766085328245
SHF-009,control,AUC35_Cb,29.470466513968223
SHF-009,control,AUC35_Cl,171.6682577753439
SHF-009,control,RE_R1b,17.78575189977458
SHF-009,control,RE_R1l,65.18507091248796
SHF-009,control,RE_Sb,15.103180160129066
SHF-009,control,RE_Sl,60.056761262114975
SHF-009,control,T1_1,0.76084
SHF-009,control,T1_2,0.42171
SHF-009,control,t1_MOLLI,9.10138888888889
SHF-009,control,t2_MOLLI,9.93361111111111
SHF-009,control,T1_3,0.51971
SHF-009,control,t3_MOLLI,11.43
SHF-009,control,t0,9.248611111111112
SHF-009,control,t1,9.93138888888889
SHF-009,control,t2,11.559444444444445
SHF-009,control,t3,12.243055555555555
SHF-009,control,dt1,2.0
SHF-009,control,dt2,2.0
SHF-009,drug,S02a,46576.28190161413
SHF-009,drug,S02l,18705.7507392916
SHF-009,drug,BAT2,157.37363916607183
SHF-009,drug,BAT,1.1932948000427328
SHF-009,drug,CO,11.430800205434313
SHF-009,drug,Thl,13.588157774576882
SHF-009,drug,Dhl,43.62171135237106
SHF-009,drug,To,24.911070246031116
SHF-009,drug,Eo,14.610387466039313
SHF-009,drug,Toe,3.5796094609248024
SHF-009,drug,Eb,4.110690821733236
SHF-009,drug,H,45.0
SHF-009,drug,ve,24.070653922375882
SHF-009,drug,Te,18.937585161420557
SHF-009,drug,De,64.96392034183074
SHF-009,drug,khe_i,5.596003374188635
SHF-009,drug,khe_f,19.366386247137648
SHF-009,drug,Th_i,599.9971073952834
SHF-009,drug,Th_f,95.22755037072544
SHF-009,drug,Th,347.61232888300435
SHF-009,drug,khe,12.48119481066314
SHF-009,drug,Kbh,0.2876767930566034
SHF-009,drug,Khe,51.85232960813219
SHF-009,drug,kbh,0.21843110778495892
SHF-009,drug,kbh_i,0.12654952022560534
SHF-009,drug,kbh_f,0.7973464168932993
SHF-009,drug,CL,0.10381050297724155
SHF-009,drug,AUC_Cb,57.49956188946284
SHF-009,drug,AUC_Cl,554.6197828528435
SHF-009,drug,AUC35_Cb,41.60100635089211
SHF-009,drug,AUC35_Cl,100.53747370707836
SHF-009,drug,RE_R1b,26.356188971670264
SHF-009,drug,RE_R1l,28.20510870136411
SHF-009,drug,RE_Sb,26.8479279862472
SHF-009,drug,RE_Sl,22.761230957736178
SHF-009,drug,T1_1,0.73764
SHF-009,drug,T1_2,0.58453
SHF-009,drug,t1_MOLLI,9.944166666666666
SHF-009,drug,t2_MOLLI,10.758333333333333
SHF-009,drug,T1_3,0.57185
SHF-009,drug,t3_MOLLI,12.486944444444445
SHF-009,drug,t0,10.06638888888889
SHF-009,drug,t1,10.751666666666667
SHF-009,drug,t2,12.603055555555555
SHF-009,drug,t3,13.289166666666667
SHF-009,drug,dt1,2.0
SHF-009,drug,dt2,2.0
SHF-017,control,S02a,37732.6049237432
SHF-017,control,S02l,18975.592182804652
SHF-017,control,BAT2,209.62271788173751
SHF-017,control,BAT,1.205556018907146
SHF-017,control,CO,10.113398973106214
SHF-017,control,Thl,14.130094613774723
SHF-017,control,Dhl,48.46029962925704
SHF-017,control,To,26.62690247650592
SHF-017,control,Eo,14.595138919075668
SHF-017,control,Toe,9.001582322818203
SHF-017,control,Eb,5.114761044109927
SHF-017,control,H,45.0
SHF-017,control,ve,15.941271557273746
SHF-017,control,Te,33.07604743135499
SHF-017,control,De,88.79614155602398
SHF-017,control,khe_i,50.68162896344912
SHF-017,control,khe_f,39.484542375842835
SHF-017,control,Th_i,56.803849715358936
SHF-017,control,Th_f,38.553666547885065
SHF-017,control,Th,47.678758131622
SHF-017,control,khe,45.083085669645975
SHF-017,control,Kbh,2.0973700641266695
SHF-017,control,Khe,282.8073375933132
SHF-017,control,kbh,1.763022606643271
SHF-017,control,kbh_i,1.4798068944964131
SHF-017,control,kbh_f,2.1803043904610795
SHF-017,control,CL,0.44912709209616475
SHF-017,control,AUC_Cb,39.11424932646042
SHF-017,control,AUC_Cl,903.9064474926727
SHF-017,control,AUC35_Cb,24.196758837159674
SHF-017,control,AUC35_Cl,214.72537135496384
SHF-017,control,RE_R1b,13.16445863082268
SHF-017,control,RE_R1l,80.54405051806704
SHF-017,control,RE_Sb,23.496863712411447
SHF-017,control,RE_Sl,70.41733275216761
SHF-017,control,T1_1,0.64556
SHF-017,control,T1_2,0.37176
SHF-017,control,t1_MOLLI,12.851944444444445
SHF-017,control,t2_MOLLI,13.6625
SHF-017,control,T1_3,0.69299
SHF-017,control,t3_MOLLI,16.251944444444444
SHF-017,control,t0,12.972222222222221
SHF-017,control,t1,13.658055555555556
SHF-017,control,t2,16.379166666666666
SHF-017,control,t3,17.064722222222223
SHF-017,control,dt1,2.0
SHF-017,control,dt2,2.0
SHF-017,drug,S02a,57408.426487312034
SHF-017,drug,S02l,27973.92793680284
SHF-017,drug,BAT2,138.22527174876686
SHF-017,drug,BAT,1.2184935580551681
SHF-017,drug,CO,12.434345856613358
SHF-017,drug,Thl,15.878986062212933
SHF-017,drug,Dhl,42.394084341742335
SHF-017,drug,To,27.59150369484832
SHF-017,drug,Eo,14.83222053436263
SHF-017,drug,Toe,4.816465142120353
SHF-017,drug,Eb,3.654157055294775
SHF-017,drug,H,45.0
SHF-017,drug,ve,28.69577065036144
SHF-017,drug,Te,33.11692216109273
SHF-017,drug,De,73.96356294000348
SHF-017,drug,khe_i,9.353243178254084
SHF-017,drug,khe_f,25.163319288440384
SHF-017,drug,Th_i,108.44011443694899
SHF-017,drug,Th_f,26.894234619019212
SHF-017,drug,Th,67.6671745279841
SHF-017,drug,khe,17.258281233347233
SHF-017,drug,Kbh,1.4778214207635416
SHF-017,drug,Khe,60.142246896337866
SHF-017,drug,kbh,1.0537491752393227
SHF-017,drug,kbh_i,0.6575447630230732
SHF-017,drug,kbh_f,2.651283085751518
SHF-017,drug,CL,0.1879017841288674
SHF-017,drug,AUC_Cb,44.58824319396949
SHF-017,drug,AUC_Cl,357.85114883289174
SHF-017,drug,AUC35_Cb,27.073980382125512
SHF-017,drug,AUC35_Cl,80.20024716677227
SHF-017,drug,RE_R1b,17.288952198105044
SHF-017,drug,RE_R1l,24.041811223283574
SHF-017,drug,RE_Sb,14.629116797895994
SHF-017,drug,RE_Sl,21.939770999931437
SHF-017,drug,T1_1,0.70301
SHF-017,drug,T1_2,0.53874
SHF-017,drug,t1_MOLLI,11.314166666666667
SHF-017,drug,t2_MOLLI,12.174722222222222
SHF-017,drug,T1_3,0.53179
SHF-017,drug,t3_MOLLI,13.5925
SHF-017,drug,t0,11.481388888888889
SHF-017,drug,t1,12.1675
SHF-017,drug,t2,13.699166666666667
SHF-017,drug,t3,14.384722222222223
SHF-017,drug,dt1,2.0
SHF-017,drug,dt2,2.0
