subject,study,parameter,value
SHF-002,control,S02a,90.51991719884394
SHF-002,control,S02l,137.68573740068175
SHF-002,control,BAT2,0.007068233640825673
SHF-002,control,BAT,0.00847134121790168
SHF-002,control,CO,0.19746494923357988
SHF-002,control,Thl,0.4409048795069226
SHF-002,control,Dhl,1.3680791771754555
SHF-002,control,To,1.0189345152185314
SHF-002,control,Eo,0.9621573219873648
SHF-002,control,Toe,0.2640308784331508
SHF-002,control,Eb,0.16797825114449927
SHF-002,control,H,0.0
SHF-002,control,ve,2.6937590397319315
SHF-002,control,Te,3.5700884271161133
SHF-002,control,De,3.6886304655710225
SHF-002,control,khe_i,1.0429162614115224
SHF-002,control,khe_f,1.1513691183991168
SHF-002,control,Th_i,1.177157851159239
SHF-002,control,Th_f,1.1920685763915844
SHF-002,control,Th,0.0
SHF-002,control,khe,0.0
SHF-002,control,Kbh,0.0
SHF-002,control,Khe,0.0
SHF-002,control,kbh,0.0
SHF-002,control,kbh_i,0.0
SHF-002,control,kbh_f,0.0
SHF-002,control,CL,0.0
SHF-002,control,AUC_Cb,0.0
SHF-002,control,AUC_Cl,0.0
SHF-002,control,AUC35_Cb,0.0
SHF-002,control,AUC35_Cl,0.0
SHF-002,control,RE_R1b,0.0
SHF-002,control,RE_R1l,0.0
SHF-002,control,RE_Sb,0.0
SHF-002,control,RE_Sl,0.0
SHF-002,control,T1_1,0.0
SHF-002,control,T1_2,0.0
SHF-002,control,t1_MOLLI,0.0
SHF-002,control,t2_MOLLI,0.0
SHF-002,control,T1_3,0.0
SHF-002,control,t3_MOLLI,0.0
SHF-002,control,t0,0.0
SHF-002,control,t1,0.0
SHF-002,control,t2,0.0
SHF-002,control,t3,0.0
SHF-002,control,dt1,0.0
SHF-002,control,dt2,0.0
SHF-002,drug,S02a,34.95376123101157
SHF-002,drug,S02l,264.62725731279215
SHF-002,drug,BAT2,0.007691027058889521
SHF-002,drug,BAT,0.007883323222206823
SHF-002,drug,CO,0.03102580026318272
SHF-002,drug,Thl,0.5497779324963071
SHF-002,drug,Dhl,0.7234122320531328
SHF-002,drug,To,1.1534803175955375
SHF-002,drug,Eo,0.6822512008216474
SHF-002,drug,Toe,0.23514832608421019
SHF-002,drug,Eb,0.1287845418313816
SHF-002,drug,H,0.0
SHF-002,drug,ve,0.6160397767252354
SHF-002,drug,Te,3.00386377639166
SHF-002,drug,De,1.7850075991080505
SHF-002,drug,khe_i,0.06595055071242387
SHF-002,drug,khe_f,0.3458524408408084
SHF-002,drug,Th_i,137.1732102369148
SHF-002,drug,Th_f,4.219351092710386
SHF-002,drug,Th,0.0
SHF-002,drug,khe,0.0
SHF-002,drug,Kbh,0.0
SHF-002,drug,Khe,0.0
SHF-002,drug,kbh,0.0
SHF-002,drug,kbh_i,0.0
SHF-002,drug,kbh_f,0.0
SHF-002,drug,CL,0.0
SHF-002,drug,AUC_Cb,0.0
SHF-002,drug,AUC_Cl,0.0
SHF-002,drug,AUC35_Cb,0.0
SHF-002,drug,AUC35_Cl,0.0
SHF-002,drug,RE_R1b,0.0
SHF-002,drug,RE_R1l,0.0
SHF-002,drug,RE_Sb,0.0
SHF-002,drug,RE_Sl,0.0
SHF-002,drug,T1_1,0.0
SHF-002,drug,T1_2,0.0
SHF-002,drug,t1_MOLLI,0.0
SHF-002,drug,t2_MOLLI,0.0
SHF-002,drug,T1_3,0.0
SHF-002,drug,t3_MOLLI,0.0
SHF-002,drug,t0,0.0
SHF-002,drug,t1,0.0
SHF-002,drug,t2,0.0
SHF-002,drug,t3,0.0
SHF-002,drug,dt1,0.0
SHF-002,drug,dt2,0.0
SHF-004,control,S02a,103.95143468399183
SHF-004,control,S02l,241.97023710232136
SHF-004,control,BAT2,0.0034053685371963262
SHF-004,control,BAT,0.005278623617927796
SHF-004,control,CO,0.35797062635712584
SHF-004,control,Thl,0.536029002177398
SHF-004,control,Dhl,2.4341002075418823
SHF-004,control,To,1.4801000469846524
SHF-004,control,Eo,0.7360073005096812
SHF-004,control,Toe,0.4029702899591135
SHF-004,control,Eb,0.28493281018402694
SHF-004,control,H,0.0
SHF-004,control,ve,1.9697549549594833
SHF-004,control,Te,4.084257332798575
SHF-004,control,De,7.919185139449699
SHF-004,control,khe_i,0.49648101974759357
SHF-004,control,khe_f,0.8228861199772913
SHF-004,control,Th_i,6.192313656960968
SHF-004,control,Th_f,3.3112342296113444
SHF-004,control,Th,0.0
SHF-004,control,khe,0.0
SHF-004,control,Kbh,0.0
SHF-004,control,Khe,0.0
SHF-004,control,kbh,0.0
SHF-004,control,kbh_i,0.0
SHF-004,control,kbh_f,0.0
SHF-004,control,CL,0.0
SHF-004,control,AUC_Cb,0.0
SHF-004,control,AUC_Cl,0.0
SHF-004,control,AUC35_Cb,0.0
SHF-004,control,AUC35_Cl,0.0
SHF-004,control,RE_R1b,0.0
SHF-004,control,RE_R1l,0.0
SHF-004,control,RE_Sb,0.0
SHF-004,control,RE_Sl,0.0
SHF-004,control,T1_1,0.0
SHF-004,control,T1_2,0.0
SHF-004,control,t1_MOLLI,0.0
SHF-004,control,t2_MOLLI,0.0
SHF-004,control,T1_3,0.0
SHF-004,control,t3_MOLLI,0.0
SHF-004,control,t0,0.0
SHF-004,control,t1,0.0
SHF-004,control,t2,0.0
SHF-004,control,t3,0.0
SHF-004,control,dt1,0.0
SHF-004,control,dt2,0.0
SHF-004,drug,S02a,54.98950851591435
SHF-004,drug,S02l,198.6537663195261
SHF-004,drug,BAT2,0.011245815824732214
SHF-004,drug,BAT,0.01043163665486047
SHF-004,drug,CO,0.14500416112668812
SHF-004,drug,Thl,1.0321352472287644
SHF-004,drug,Dhl,1.3460248945894115
SHF-004,drug,To,1.1518335228615555
SHF-004,drug,Eo,0.8217164204853861
SHF-004,drug,Toe,0.23844913868299747
SHF-004,drug,Eb,0.18274092253839785
SHF-004,drug,H,0.0
SHF-004,drug,ve,1.0029636310669368
SHF-004,drug,Te,3.0570210551333084
SHF-004,drug,De,4.1080254234663345
SHF-004,drug,khe_i,0.257292250585649
SHF-004,drug,khe_f,0.4095821394800412
SHF-004,drug,Th_i,17.41028958198899
SHF-004,drug,Th_f,4.021814263517014
SHF-004,drug,Th,0.0
SHF-004,drug,khe,0.0
SHF-004,drug,Kbh,0.0
SHF-004,drug,Khe,0.0
SHF-004,drug,kbh,0.0
SHF-004,drug,kbh_i,0.0
SHF-004,drug,kbh_f,0.0
SHF-004,drug,CL,0.0
SHF-004,drug,AUC_Cb,0.0
SHF-004,drug,AUC_Cl,0.0
SHF-004,drug,AUC35_Cb,0.0
SHF-004,drug,AUC35_Cl,0.0
SHF-004,drug,RE_R1b,0.0
SHF-004,drug,RE_R1l,0.0
SHF-004,drug,RE_Sb,0.0
SHF-004,drug,RE_Sl,0.0
SHF-004,drug,T1_1,0.0
SHF-004,drug,T1_2,0.0
SHF-004,drug,t1_MOLLI,0.0
SHF-004,drug,t2_MOLLI,0.0
SHF-004,drug,T1_3,0.0
SHF-004,drug,t3_MOLLI,0.0
SHF-004,drug,t0,0.0
SHF-004,drug,t1,0.0
SHF-004,drug,t2,0.0
SHF-004,drug,t3,0.0
SHF-004,drug,dt1,0.0
SHF-004,drug,dt2,0.0
SHF-005,control,S02a,116.07215927708783
SHF-005,control,S02l,288.49991213370623
SHF-005,control,BAT2,0.00589773056245847
SHF-005,control,BAT,0.005607069424921066
SHF-005,control,CO,0.0922695955642885
SHF-005,control,Thl,0.4154437021527717
SHF-005,control,Dhl,1.6062677863032389
SHF-005,control,To,1.193238807864706
SHF-005,control,Eo,0.9583980296619032
SHF-005,control,Toe,0.29350108889233534
SHF-005,control,Eb,0.21416734303972484
SHF-005,control,H,0.0
SHF-005,control,ve,1.7873375001861609
SHF-005,control,Te,3.0355121883361114
SHF-005,control,De,5.9676972481108645
SHF-005,control,khe_i,0.6244632812639145
SHF-005,control,khe_f,0.8363489074148823
SHF-005,control,Th_i,3.782944513460944
SHF-005,control,Th_f,6.821001744533173
SHF-005,control,Th,0.0
SHF-005,control,khe,0.0
SHF-005,control,Kbh,0.0
SHF-005,control,Khe,0.0
SHF-005,control,kbh,0.0
SHF-005,control,kbh_i,0.0
SHF-005,control,kbh_f,0.0
SHF-005,control,CL,0.0
SHF-005,control,AUC_Cb,0.0
SHF-005,control,AUC_Cl,0.0
SHF-005,control,AUC35_Cb,0.0
SHF-005,control,AUC35_Cl,0.0
SHF-005,control,RE_R1b,0.0
SHF-005,control,RE_R1l,0.0
SHF-005,control,RE_Sb,0.0
SHF-005,control,RE_Sl,0.0
SHF-005,control,T1_1,0.0
SHF-005,control,T1_2,0.0
SHF-005,control,t1_MOLLI,0.0
SHF-005,control,t2_MOLLI,0.0
SHF-005,control,T1_3,0.0
SHF-005,control,t3_MOLLI,0.0
SHF-005,control,t0,0.0
SHF-005,control,t1,0.0
SHF-005,control,t2,0.0
SHF-005,control,t3,0.0
SHF-005,control,dt1,0.0
SHF-005,control,dt2,0.0
SHF-005,drug,S02a,111.23949036850102
SHF-005,drug,S02l,300.5169586746598
SHF-005,drug,BAT2,0.0042223609230047565
SHF-005,drug,BAT,0.004151029631338339
SHF-005,drug,CO,0.0730411992426119
SHF-005,drug,Thl,0.34435480013088443
SHF-005,drug,Dhl,1.08603576416207
SHF-005,drug,To,1.5014515008546185
SHF-005,drug,Eo,0.769374360970042
SHF-005,drug,Toe,0.3347056980482184
SHF-005,drug,Eb,0.2368836859879154
SHF-005,drug,H,0.0
SHF-005,drug,ve,1.2307916818587676
SHF-005,drug,Te,1.8411217793778438
SHF-005,drug,De,4.40297282218728
SHF-005,drug,khe_i,0.4376261077524601
SHF-005,drug,khe_f,0.6428853586669223
SHF-005,drug,Th_i,27.186367966025305
SHF-005,drug,Th_f,37.842008685135966
SHF-005,drug,Th,0.0
SHF-005,drug,khe,0.0
SHF-005,drug,Kbh,0.0
SHF-005,drug,Khe,0.0
SHF-005,drug,kbh,0.0
SHF-005,drug,kbh_i,0.0
SHF-005,drug,kbh_f,0.0
SHF-005,drug,CL,0.0
SHF-005,drug,AUC_Cb,0.0
SHF-005,drug,AUC_Cl,0.0
SHF-005,drug,AUC35_Cb,0.0
SHF-005,drug,AUC35_Cl,0.0
SHF-005,drug,RE_R1b,0.0
SHF-005,drug,RE_R1l,0.0
SHF-005,drug,RE_Sb,0.0
SHF-005,drug,RE_Sl,0.0
SHF-005,drug,T1_1,0.0
SHF-005,drug,T1_2,0.0
SHF-005,drug,t1_MOLLI,0.0
SHF-005,drug,t2_MOLLI,0.0
SHF-005,drug,T1_3,0.0
SHF-005,drug,t3_MOLLI,0.0
SHF-005,drug,t0,0.0
SHF-005,drug,t1,0.0
SHF-005,drug,t2,0.0
SHF-005,drug,t3,0.0
SHF-005,drug,dt1,0.0
SHF-005,drug,dt2,0.0
SHF-006,control,S02a,103.24002644946935
SHF-006,control,S02l,352.24022023617295
SHF-006,control,BAT2,0.005504304474656576
SHF-006,control,BAT,0.00557140254725376
SHF-006,control,CO,0.1723924135883045
SHF-006,control,Thl,0.41894357519962844
SHF-006,control,Dhl,2.325547938847265
SHF-006,control,To,1.5248559499961112
SHF-006,control,Eo,0.6400620036181202
SHF-006,control,Toe,0.4875137769574396
SHF-006,control,Eb,0.2630540625625071
SHF-006,control,H,0.0
SHF-006,control,ve,6.868694169695552
SHF-006,control,Te,10.485877530974696
SHF-006,control,De,19.34629186942904
SHF-006,control,khe_i,1.4727877342402922
SHF-006,control,khe_f,3.06792738916626
SHF-006,control,Th_i,0.7124110841570811
SHF-006,control,Th_f,0.8096423134970198
SHF-006,control,Th,0.0
SHF-006,control,khe,0.0
SHF-006,control,Kbh,0.0
SHF-006,control,Khe,0.0
SHF-006,control,kbh,0.0
SHF-006,control,kbh_i,0.0
SHF-006,control,kbh_f,0.0
SHF-006,control,CL,0.0
SHF-006,control,AUC_Cb,0.0
SHF-006,control,AUC_Cl,0.0
SHF-006,control,AUC35_Cb,0.0
SHF-006,control,AUC35_Cl,0.0
SHF-006,control,RE_R1b,0.0
SHF-006,control,RE_R1l,0.0
SHF-006,control,RE_Sb,0.0
SHF-006,control,RE_Sl,0.0
SHF-006,control,T1_1,0.0
SHF-006,control,T1_2,0.0
SHF-006,control,t1_MOLLI,0.0
SHF-006,control,t2_MOLLI,0.0
SHF-006,control,T1_3,0.0
SHF-006,control,t3_MOLLI,0.0
SHF-006,control,t0,0.0
SHF-006,control,t1,0.0
SHF-006,control,t2,0.0
SHF-006,control,t3,0.0
SHF-006,control,dt1,0.0
SHF-006,control,dt2,0.0
SHF-006,drug,S02a,666.4388297534758
SHF-006,drug,S02l,636.6681666236859
SHF-006,drug,BAT2,0.015984091899359107
SHF-006,drug,BAT,0.020079516029602666
SHF-006,drug,CO,0.2899038939315021
SHF-006,drug,Thl,1.2599695358379785
SHF-006,drug,Dhl,1.5555360351771867
SHF-006,drug,To,1.8118621661094547
SHF-006,drug,Eo,0.9281998863596547
SHF-006,drug,Toe,0.5996783122913725
SHF-006,drug,Eb,0.2911975337960388
SHF-006,drug,H,0.0
SHF-006,drug,ve,3.019749363066583
SHF-006,drug,Te,4.671693128819027
SHF-006,drug,De,6.193140314592028
SHF-006,drug,khe_i,0.8796361979751947
SHF-006,drug,khe_f,2.150223405241611
SHF-006,drug,Th_i,3.341832009790236
SHF-006,drug,Th_f,1.803716295652112
SHF-006,drug,Th,0.0
SHF-006,drug,khe,0.0
SHF-006,drug,Kbh,0.0
SHF-006,drug,Khe,0.0
SHF-006,drug,kbh,0.0
SHF-006,drug,kbh_i,0.0
SHF-006,drug,kbh_f,0.0
SHF-006,drug,CL,0.0
SHF-006,drug,AUC_Cb,0.0
SHF-006,drug,AUC_Cl,0.0
SHF-006,drug,AUC35_Cb,0.0
SHF-006,drug,AUC35_Cl,0.0
SHF-006,drug,RE_R1b,0.0
SHF-006,drug,RE_R1l,0.0
SHF-006,drug,RE_Sb,0.0
SHF-006,drug,RE_Sl,0.0
SHF-006,drug,T1_1,0.0
SHF-006,drug,T1_2,0.0
SHF-006,drug,t1_MOLLI,0.0
SHF-006,drug,t2_MOLLI,0.0
SHF-006,drug,T1_3,0.0
SHF-006,drug,t3_MOLLI,0.0
SHF-006,drug,t0,0.0
SHF-006,drug,t1,0.0
SHF-006,drug,t2,0.0
SHF-006,drug,t3,0.0
SHF-006,drug,dt1,0.0
SHF-006,drug,dt2,0.0
SHF-009,control,S02a,126.27723103450761
SHF-009,control,S02l,497.7625071227233
SHF-009,control,BAT2,0.00737461549561921
SHF-009,control,BAT,0.007517579392464501
SHF-009,control,CO,0.34805182403036866
SHF-009,control,Thl,0.6149169058000411
SHF-009,control,Dhl,3.6664521470470044
SHF-009,control,To,1.1737812365032692
SHF-009,control,Eo,0.5349789819388018
SHF-009,control,Toe,0.415409555267489
SHF-009,control,Eb,0.1997046470257655
SHF-009,control,H,0.0
SHF-009,control,ve,1.8822306452559754
SHF-009,control,Te,2.809094927317791
SHF-009,control,De,9.50464218514929
SHF-009,control,khe_i,0.5962020459445888
SHF-009,control,khe_f,1.7682099783912728
SHF-009,control,Th_i,2.56192958898154
SHF-009,control,Th_f,2.3464583367187783
SHF-009,control,Th,0.0
SHF-009,control,khe,0.0
SHF-009,control,Kbh,0.0
SHF-009,control,Khe,0.0
SHF-009,control,kbh,0.0
SHF-009,control,kbh_i,0.0
SHF-009,control,kbh_f,0.0
SHF-009,control,CL,0.0
SHF-009,control,AUC_Cb,0.0
SHF-009,control,AUC_Cl,0.0
SHF-009,control,AUC35_Cb,0.0
SHF-009,control,AUC35_Cl,0.0
SHF-009,control,RE_R1b,0.0
SHF-009,control,RE_R1l,0.0
SHF-009,control,RE_Sb,0.0
SHF-009,control,RE_Sl,0.0
SHF-009,control,T1_1,0.0
SHF-009,control,T1_2,0.0
SHF-009,control,t1_MOLLI,0.0
SHF-009,control,t2_MOLLI,0.0
SHF-009,control,T1_3,0.0
SHF-009,control,t3_MOLLI,0.0
SHF-009,control,t0,0.0
SHF-009,control,t1,0.0
SHF-009,control,t2,0.0
SHF-009,control,t3,0.0
SHF-009,control,dt1,0.0
SHF-009,control,dt2,0.0
SHF-009,drug,S02a,135.25125741681794
SHF-009,drug,S02l,981.7337408471167
SHF-009,drug,BAT2,0.00775263278539726
SHF-009,drug,BAT,0.0063487895652114944
SHF-009,drug,CO,0.23081273313382067
SHF-009,drug,Thl,0.4654157572199328
SHF-009,drug,Dhl,1.1281665057445804
SHF-009,drug,To,1.1774620692180793
SHF-009,drug,Eo,0.9922122588317088
SHF-009,drug,Toe,0.29591553944951193
SHF-009,drug,Eb,0.1382103641726423
SHF-009,drug,H,0.0
SHF-009,drug,ve,1.8067172243531593
SHF-009,drug,Te,2.3240445381179176
SHF-009,drug,De,7.307504093866239
SHF-009,drug,khe_i,0.3165052794889241
SHF-009,drug,khe_f,0.9383995690043108
SHF-009,drug,Th_i,561.4097499561208
SHF-009,drug,Th_f,22.91615779302274
SHF-009,drug,Th,0.0
SHF-009,drug,khe,0.0
SHF-009,drug,Kbh,0.0
SHF-009,drug,Khe,0.0
SHF-009,drug,kbh,0.0
SHF-009,drug,kbh_i,0.0
SHF-009,drug,kbh_f,0.0
SHF-009,drug,CL,0.0
SHF-009,drug,AUC_Cb,0.0
SHF-009,drug,AUC_Cl,0.0
SHF-009,drug,AUC35_Cb,0.0
SHF-009,drug,AUC35_Cl,0.0
SHF-009,drug,RE_R1b,0.0
SHF-009,drug,RE_R1l,0.0
SHF-009,drug,RE_Sb,0.0
SHF-009,drug,RE_Sl,0.0
SHF-009,drug,T1_1,0.0
SHF-009,drug,T1_2,0.0
SHF-009,drug,t1_MOLLI,0.0
SHF-009,drug,t2_MOLLI,0.0
SHF-009,drug,T1_3,0.0
SHF-009,drug,t3_MOLLI,0.0
SHF-009,drug,t0,0.0
SHF-009,drug,t1,0.0
SHF-009,drug,t2,0.0
SHF-009,drug,t3,0.0
SHF-009,drug,dt1,0.0
SHF-009,drug,dt2,0.0
SHF-017,control,S02a,83.16541504101268
SHF-017,control,S02l,132.6122288907409
SHF-017,control,BAT2,0.008234761462290704
SHF-017,control,BAT,0.00839362562417606
SHF-017,control,CO,0.15018131296312334
SHF-017,control,Thl,0.5467730702770828
SHF-017,control,Dhl,1.8636234319165608
SHF-017,control,To,0.958026971240434
SHF-017,control,Eo,0.42595245775893925
SHF-017,control,Toe,0.5564124597077742
SHF-017,control,Eb,0.24557673927511
SHF-017,control,H,0.0
SHF-017,control,ve,11.161890392217364
SHF-017,control,Te,24.353200564352722
SHF-017,control,De,12.26091181449041
SHF-017,control,khe_i,0.7889758374915874
SHF-017,control,khe_f,1.1324603663072708
SHF-017,control,Th_i,2.480422765624813
SHF-017,control,Th_f,2.0148619080156704
SHF-017,control,Th,0.0
SHF-017,control,khe,0.0
SHF-017,control,Kbh,0.0
SHF-017,control,Khe,0.0
SHF-017,control,kbh,0.0
SHF-017,control,kbh_i,0.0
SHF-017,control,kbh_f,0.0
SHF-017,control,CL,0.0
SHF-017,control,AUC_Cb,0.0
SHF-017,control,AUC_Cl,0.0
SHF-017,control,AUC35_Cb,0.0
SHF-017,control,AUC35_Cl,0.0
SHF-017,control,RE_R1b,0.0
SHF-017,control,RE_R1l,0.0
SHF-017,control,RE_Sb,0.0
SHF-017,control,RE_Sl,0.0
SHF-017,control,T1_1,0.0
SHF-017,control,T1_2,0.0
SHF-017,control,t1_MOLLI,0.0
SHF-017,control,t2_MOLLI,0.0
SHF-017,control,T1_3,0.0
SHF-017,control,t3_MOLLI,0.0
SHF-017,control,t0,0.0
SHF-017,control,t1,0.0
SHF-017,control,t2,0.0
SHF-017,control,t3,0.0
SHF-017,control,dt1,0.0
SHF-017,control,dt2,0.0
SHF-017,drug,S02a,104.6571396519569
SHF-017,drug,S02l,501.5876337795614
SHF-017,drug,BAT2,0.014098403269213073
SHF-017,drug,BAT,0.014128032321040382
SHF-017,drug,CO,0.22230258950229217
SHF-017,drug,Thl,1.0584848076669686
SHF-017,drug,Dhl,1.5303832537766067
SHF-017,drug,To,1.2531101249151722
SHF-017,drug,Eo,0.7731424560411756
SHF-017,drug,Toe,0.3355330968580657
SHF-017,drug,Eb,0.13479306094593088
SHF-017,drug,H,0.0
SHF-017,drug,ve,1.9598444550048149
SHF-017,drug,Te,3.5418523734960408
SHF-017,drug,De,4.596316020468449
SHF-017,drug,khe_i,0.43761184224304184
SHF-017,drug,khe_f,0.7814681554954621
SHF-017,drug,Th_i,19.84042013206946
SHF-017,drug,Th_f,1.472605548163159
SHF-017,drug,Th,0.0
SHF-017,drug,khe,0.0
SHF-017,drug,Kbh,0.0
SHF-017,drug,Khe,0.0
SHF-017,drug,kbh,0.0
SHF-017,drug,kbh_i,0.0
SHF-017,drug,kbh_f,0.0
SHF-017,drug,CL,0.0
SHF-017,drug,AUC_Cb,0.0
SHF-017,drug,AUC_Cl,0.0
SHF-017,drug,AUC35_Cb,0.0
SHF-017,drug,AUC35_Cl,0.0
SHF-017,drug,RE_R1b,0.0
SHF-017,drug,RE_R1l,0.0
SHF-017,drug,RE_Sb,0.0
SHF-017,drug,RE_Sl,0.0
SHF-017,drug,T1_1,0.0
SHF-017,drug,T1_2,0.0
SHF-017,drug,t1_MOLLI,0.0
SHF-017,drug,t2_MOLLI,0.0
SHF-017,drug,T1_3,0.0
SHF-017,drug,t3_MOLLI,0.0
SHF-017,drug,t0,0.0
SHF-017,drug,t1,0.0
SHF-017,drug,t2,0.0
SHF-017,drug,t3,0.0
SHF-017,drug,dt1,0.0
SHF-017,drug,dt2,0.0
