subject,study,parameter,value
SHF-016,control_30,BAT,1.1715809011159553
SHF-016,control_30,CO,14.851520738820776
SHF-016,control_30,Thl,17.230056594374126
SHF-016,control_30,Dhl,49.328451760110134
SHF-016,control_30,To,24.39514034638011
SHF-016,control_30,Eo,18.23179045067318
SHF-016,control_30,Toe,10.36338604851233
SHF-016,control_30,Eb,3.0460673602797463
SHF-016,control_30,H,45.0
SHF-016,control_30,ve,16.355779588899207
SHF-016,control_30,Te,19.16743773451064
SHF-016,control_30,De,67.42907402644364
SHF-016,control_30,khe,76.72768239590027
SHF-016,control_30,Th,36.488170894902865
SHF-016,control_30,Kbh,2.74061421955161
SHF-016,control_30,Khe,469.11663231250645
SHF-016,control_30,kbh,2.2923653984197188
SHF-016,control_30,CL,0.7211182573281203
SHF-016,control_30,AUC_Cb,39.31125802597613
SHF-016,control_30,AUC_Cl,1017.1259957595809
SHF-016,control_30,AUC35_Cb,16.49623873175737
SHF-016,control_30,AUC35_Cl,208.19842587609844
SHF-016,control_30,RE_R1b,9.278036796914197
SHF-016,control_30,RE_R1l,72.53609856651512
SHF-016,control_30,RE_Sb,7.722945120103658
SHF-016,control_30,RE_Sl,61.45453378717352
SHF-016,control_30,T1_1,0.65575
SHF-016,control_30,T1_2,0.41641
SHF-016,control_30,t1_MOLLI,11.832777777777778
SHF-016,control_30,t2_MOLLI,12.673333333333334
