subject,study,parameter,value
SHF-016,control_30,BAT,0.022093021923217285
SHF-016,control_30,CO,0.4514578657531409
SHF-016,control_30,Thl,1.5609945792938311
SHF-016,control_30,Dhl,3.294186096564506
SHF-016,control_30,To,1.5918066363754042
SHF-016,control_30,Eo,0.6417223364935913
SHF-016,control_30,Toe,1.2421777439896877
SHF-016,control_30,Eb,0.8960718026793256
SHF-016,control_30,H,0
SHF-016,control_30,ve,9.945725689734088
SHF-016,control_30,Te,11.967444318386342
SHF-016,control_30,De,26.40255151089066
SHF-016,control_30,khe,1.6967764943477104
SHF-016,control_30,Th,2.0220057090760486
SHF-016,control_30,Kbh,0
SHF-016,control_30,Khe,0
SHF-016,control_30,kbh,0
SHF-016,control_30,CL,0.0
SHF-016,control_30,AUC_Cb,0
SHF-016,control_30,AUC_Cl,0
SHF-016,control_30,AUC35_Cb,0
SHF-016,control_30,AUC35_Cl,0
SHF-016,control_30,RE_R1b,0
SHF-016,control_30,RE_R1l,0
SHF-016,control_30,RE_Sb,0
SHF-016,control_30,RE_Sl,0
SHF-016,control_30,T1_1,0
SHF-016,control_30,T1_2,0
SHF-016,control_30,t1_MOLLI,0
SHF-016,control_30,t2_MOLLI,0
