subject,study,parameter,value
LDS-002,control_40,BAT,1.246457245016832
LDS-002,control_40,CO,3.7185526294096025
LDS-002,control_40,Thl,21.516236713176113
LDS-002,control_40,Dhl,56.695227673180426
LDS-002,control_40,To,39.544031652553464
LDS-002,control_40,Eo,37.55674141011166
LDS-002,control_40,Toe,6.135161569583441
LDS-002,control_40,Eb,1.026018716005516
LDS-002,control_40,H,45.0
LDS-002,control_40,ve,14.323678655162647
LDS-002,control_40,Te,56.36676733816275
LDS-002,control_40,De,77.86176775653554
LDS-002,control_40,khe,39.03936291862268
LDS-002,control_40,Th,26.795014457655352
LDS-002,control_40,Kbh,3.7320375459409365
LDS-002,control_40,Khe,272.5512339286655
LDS-002,control_40,kbh,3.1974724805703394
LDS-002,control_40,CL,0.2669040037748212
LDS-002,control_40,AUC_Cb,60.70302627892571
LDS-002,control_40,AUC_Cl,574.493087061705
LDS-002,control_40,AUC35_Cb,15.997012330504267
LDS-002,control_40,AUC35_Cl,86.8652909359363
LDS-002,control_40,RE_R1b,10.2718290896756
LDS-002,control_40,RE_R1l,34.64861074240357
LDS-002,control_40,RE_Sb,9.329765927518007
LDS-002,control_40,RE_Sl,27.30540679904843
LDS-002,control_40,T1_1,0.756169983
LDS-002,control_40,T1_2,0.582789978
LDS-002,control_40,t1_MOLLI,10.691066388888888
LDS-002,control_40,t2_MOLLI,11.615237777777777
