subject,study,parameter,value
LDS-002,control_40,BAT,0.05044209704724298
LDS-002,control_40,CO,0.14670494586440422
LDS-002,control_40,Thl,3.6749931154939954
LDS-002,control_40,Dhl,6.784402499246925
LDS-002,control_40,To,3.9912100433692923
LDS-002,control_40,Eo,1.9672737000125413
LDS-002,control_40,Toe,0.626831518370323
LDS-002,control_40,Eb,0.8266529809217963
LDS-002,control_40,H,0
LDS-002,control_40,ve,39.22338084589183
LDS-002,control_40,Te,111.01670379568698
LDS-002,control_40,De,41.24872516872641
LDS-002,control_40,khe,2.3932083261865476
LDS-002,control_40,Th,1.3463356509277018
LDS-002,control_40,Kbh,0
LDS-002,control_40,Khe,0
LDS-002,control_40,kbh,0
LDS-002,control_40,CL,0.0
LDS-002,control_40,AUC_Cb,0
LDS-002,control_40,AUC_Cl,0
LDS-002,control_40,AUC35_Cb,0
LDS-002,control_40,AUC35_Cl,0
LDS-002,control_40,RE_R1b,0
LDS-002,control_40,RE_R1l,0
LDS-002,control_40,RE_Sb,0
LDS-002,control_40,RE_Sl,0
LDS-002,control_40,T1_1,0
LDS-002,control_40,T1_2,0
LDS-002,control_40,t1_MOLLI,0
LDS-002,control_40,t2_MOLLI,0
