subject,study,parameter,value
SHF-002,control,BAT,1.1490647070079893
SHF-002,control,CO,3.973804304050037
SHF-002,control,Thl,12.239690781648315
SHF-002,control,Dhl,40.7189822598474
SHF-002,control,To,38.31632001783872
SHF-002,control,Eo,24.563399105250046
SHF-002,control,Toe,5.943943193972529
SHF-002,control,Eb,6.9651117052483915
SHF-002,control,H,45.0
SHF-002,control,ve,15.412894480338712
SHF-002,control,Te,31.093054715696194
SHF-002,control,De,74.50718868104693
SHF-002,control,khe,40.31087972035832
SHF-002,control,Th,31.9980948936702
SHF-002,control,Kbh,3.125186056616821
SHF-002,control,Khe,261.5399707808319
SHF-002,control,kbh,2.643504427396212
SHF-002,control,CL,0.0650446533421858
SHF-002,control,AUC_Cb,73.19466028591327
SHF-002,control,AUC_Cl,948.1085340914408
SHF-002,control,AUC35_Cb,46.695100345786564
SHF-002,control,AUC35_Cl,306.78284360919906
SHF-002,control,RE_R1b,19.96027825850479
SHF-002,control,RE_R1l,119.3696030609553
SHF-002,control,RE_Sb,7.128120025226939
SHF-002,control,RE_Sl,100.47917102738278
SHF-002,control,T1_1,0.73111
SHF-002,control,T1_2,0.33114
SHF-002,control,t1_MOLLI,11.14638888888889
SHF-002,control,t2_MOLLI,12.024722222222222
SHF-002,drug,BAT,1.2601762975315445
SHF-002,drug,CO,2.9321007068287637
SHF-002,drug,Thl,12.394765410868915
SHF-002,drug,Dhl,56.730832625011374
SHF-002,drug,To,40.07207395490203
SHF-002,drug,Eo,23.133881184373397
SHF-002,drug,Toe,5.5658794417294795
SHF-002,drug,Eb,3.6311654571624503
SHF-002,drug,H,45.0
SHF-002,drug,ve,17.687855107816226
SHF-002,drug,Te,47.16415693493079
SHF-002,drug,De,87.80515088443074
SHF-002,drug,khe,3.414831117245042
SHF-002,drug,Th,599.9999921454005
SHF-002,drug,Kbh,0.16666666884849987
SHF-002,drug,Khe,19.306078076906203
SHF-002,drug,kbh,0.13718690994955332
SHF-002,drug,CL,0.024140178761082032
SHF-002,drug,AUC_Cb,182.5372303388943
SHF-002,drug,AUC_Cl,779.3432790681738
SHF-002,drug,AUC35_Cb,83.03265219608285
SHF-002,drug,AUC35_Cl,85.28853545444336
SHF-002,drug,RE_R1b,36.182968570222556
SHF-002,drug,RE_R1l,32.51288361076808
SHF-002,drug,RE_Sb,21.7630855806966
SHF-002,drug,RE_Sl,27.413149963823535
SHF-002,drug,T1_1,0.77562
SHF-002,drug,T1_2,0.59264
SHF-002,drug,t1_MOLLI,9.835833333333333
SHF-002,drug,t2_MOLLI,10.655
SHF-004,control,BAT,1.2998366685302387
SHF-004,control,CO,10.46059010698748
SHF-004,control,Thl,14.706432586079904
SHF-004,control,Dhl,84.13821474970268
SHF-004,control,To,30.60165852248288
SHF-004,control,Eo,15.057040927955834
SHF-004,control,Toe,7.448329900847944
SHF-004,control,Eb,3.1274767913160377
SHF-004,control,H,45.0
SHF-004,control,ve,20.227254832139497
SHF-004,control,Te,24.832846684703448
SHF-004,control,De,91.67636718531266
SHF-004,control,khe,26.01006213933416
SHF-004,control,Th,40.05329288652797
SHF-004,control,Kbh,2.496673626393281
SHF-004,control,Khe,128.5891850139063
SHF-004,control,kbh,1.9916650896558936
SHF-004,control,CL,0.2268916604073595
SHF-004,control,AUC_Cb,59.993600106656295
SHF-004,control,AUC_Cl,603.2734962280592
SHF-004,control,AUC35_Cb,28.867937495881513
SHF-004,control,AUC35_Cl,130.80338927234024
SHF-004,control,RE_R1b,17.801745473600498
SHF-004,control,RE_R1l,55.44313043932433
SHF-004,control,RE_Sb,21.42846689454542
SHF-004,control,RE_Sl,49.08440698137722
SHF-004,control,T1_1,0.79748
SHF-004,control,T1_2,0.51401
SHF-004,control,t1_MOLLI,10.535277777777777
SHF-004,control,t2_MOLLI,11.376388888888888
SHF-004,drug,BAT,1.240056047788406
SHF-004,drug,CO,8.12866968585493
SHF-004,drug,Thl,14.209024456557483
SHF-004,drug,Dhl,56.52594658423985
SHF-004,drug,To,23.207515925734977
SHF-004,drug,Eo,12.99271698521032
SHF-004,drug,Toe,5.850400767464226
SHF-004,drug,Eb,2.6844915629062305
SHF-004,drug,H,45.0
SHF-004,drug,ve,20.434430851016405
SHF-004,drug,Te,29.290427732610677
SHF-004,drug,De,70.40740466629654
SHF-004,drug,khe,3.1371364583729435
SHF-004,drug,Th,346.1803172403921
SHF-004,drug,Kbh,0.28886679865903153
SHF-004,drug,Khe,15.352208638670758
SHF-004,drug,kbh,0.22983851243550693
SHF-004,drug,CL,0.025791104927820878
SHF-004,drug,AUC_Cb,92.11305373688353
SHF-004,drug,AUC_Cl,359.7667241767433
SHF-004,drug,AUC35_Cb,47.99405618603964
SHF-004,drug,AUC35_Cl,48.63387433809774
SHF-004,drug,RE_R1b,27.50403077576583
SHF-004,drug,RE_R1l,18.458200312157206
SHF-004,drug,RE_Sb,27.581459215860754
SHF-004,drug,RE_Sl,15.67061532414595
SHF-004,drug,T1_1,0.78004
SHF-004,drug,T1_2,0.78002
SHF-004,drug,t1_MOLLI,11.212222222222222
SHF-004,drug,t2_MOLLI,11.212222222222222
SHF-005,control,BAT,1.2468815088297103
SHF-005,control,CO,3.531579854065786
SHF-005,control,Thl,14.58390964470816
SHF-005,control,Dhl,56.87839274056907
SHF-005,control,To,44.219915623379805
SHF-005,control,Eo,16.507710757851456
SHF-005,control,Toe,9.54850602551724
SHF-005,control,Eb,6.637148992979645
SHF-005,control,H,45.0
SHF-005,control,ve,18.255974337924762
SHF-005,control,Te,34.803994802858526
SHF-005,control,De,71.56513289091696
SHF-005,control,khe,21.93377986129212
SHF-005,control,Th,73.32965048046216
SHF-005,control,Kbh,1.3637048498771154
SHF-005,control,Khe,120.145764095029
SHF-005,control,kbh,1.1147472424385139
SHF-005,control,CL,0.1977925422786589
SHF-005,control,AUC_Cb,57.682142942144836
SHF-005,control,AUC_Cl,807.6067457485266
SHF-005,control,AUC35_Cb,35.93475017598172
SHF-005,control,AUC35_Cl,166.9298102853301
SHF-005,control,RE_R1b,19.01363651974063
SHF-005,control,RE_R1l,69.42928738256064
SHF-005,control,RE_Sb,22.927915979818202
SHF-005,control,RE_Sl,57.64127655903992
SHF-005,control,T1_1,0.78715
SHF-005,control,T1_2,0.49327
SHF-005,control,t1_MOLLI,14.248888888888889
SHF-005,control,t2_MOLLI,15.06611111111111
SHF-005,drug,BAT,1.3513370700381333
SHF-005,drug,CO,5.286150631456557
SHF-005,drug,Thl,15.703699394185666
SHF-005,drug,Dhl,79.77679505883279
SHF-005,drug,To,52.89755609974894
SHF-005,drug,Eo,19.31830113223886
SHF-005,drug,Toe,8.7007586797226
SHF-005,drug,Eb,2.398430498944938
SHF-005,drug,H,45.0
SHF-005,drug,ve,23.525155811794374
SHF-005,drug,Te,49.89740973371482
SHF-005,drug,De,67.40106592987526
SHF-005,drug,khe,5.196423525642282
SHF-005,drug,Th,128.81196826368054
SHF-005,drug,Kbh,0.7763253783631199
SHF-005,drug,Khe,22.088795361079168
SHF-005,drug,kbh,0.5936936234966937
SHF-005,drug,CL,0.047220623872898375
SHF-005,drug,AUC_Cb,82.66331278851155
SHF-005,drug,AUC_Cl,343.4568800233674
SHF-005,drug,AUC35_Cb,29.24428970501632
SHF-005,drug,AUC35_Cl,41.28041241412171
SHF-005,drug,RE_R1b,22.435203834777678
SHF-005,drug,RE_R1l,16.032854333336196
SHF-005,drug,RE_Sb,21.246964953996343
SHF-005,drug,RE_Sl,13.425348200661604
SHF-005,drug,T1_1,0.78973
SHF-005,drug,T1_2,0.70946
SHF-005,drug,t1_MOLLI,13.313611111111111
SHF-005,drug,t2_MOLLI,14.10138888888889
SHF-006,control,BAT,1.2292330358558137
SHF-006,control,CO,8.91862360758054
SHF-006,control,Thl,19.96407971073979
SHF-006,control,Dhl,39.315927128264896
SHF-006,control,To,34.31727217993193
SHF-006,control,Eo,22.25187341706459
SHF-006,control,Toe,8.26081913632115
SHF-006,control,Eb,2.611665080609131
SHF-006,control,H,45.0
SHF-006,control,ve,13.155896740937155
SHF-006,control,Te,28.116763983108353
SHF-006,control,De,62.7510261604595
SHF-006,control,khe,53.591143308379415
SHF-006,control,Th,20.458452248335565
SHF-006,control,Kbh,4.887955295256301
SHF-006,control,Khe,407.3545449898527
SHF-006,control,kbh,4.244900943869212
SHF-006,control,CL,0.5828263787919058
SHF-006,control,AUC_Cb,70.09613681131803
SHF-006,control,AUC_Cl,747.1973772293785
SHF-006,control,AUC35_Cb,25.611519071076877
SHF-006,control,AUC35_Cl,174.92886888407583
SHF-006,control,RE_R1b,15.690397978735735
SHF-006,control,RE_R1l,62.9043740268974
SHF-006,control,RE_Sb,7.811013365708389
SHF-006,control,RE_Sl,55.06207259955952
SHF-006,control,T1_1,0.68025
SHF-006,control,T1_2,0.68286
SHF-006,control,t1_MOLLI,8.917222222222222
SHF-006,control,t2_MOLLI,8.917222222222222
SHF-006,drug,BAT,1.3178532848497062
SHF-006,drug,CO,6.505323588584555
SHF-006,drug,Thl,23.700652601457726
SHF-006,drug,Dhl,50.91168544743212
SHF-006,drug,To,40.32649339640489
SHF-006,drug,Eo,20.957908342235605
SHF-006,drug,Toe,11.333417912629272
SHF-006,drug,Eb,1.7126632966543185
SHF-006,drug,H,45.0
SHF-006,drug,ve,31.476812389894693
SHF-006,drug,Te,44.38095278153944
SHF-006,drug,De,69.82481662476849
SHF-006,drug,khe,9.69092781020822
SHF-006,drug,Th,95.63290219004884
SHF-006,drug,Kbh,1.0456652230554766
SHF-006,drug,Khe,30.78751332939733
SHF-006,drug,kbh,0.7165231425679304
SHF-006,drug,CL,0.10182932425979717
SHF-006,drug,AUC_Cb,103.76605137837475
SHF-006,drug,AUC_Cl,659.9813262458493
SHF-006,drug,AUC35_Cb,32.698212973576474
SHF-006,drug,AUC35_Cl,78.24723303270257
SHF-006,drug,RE_R1b,19.263963228142327
SHF-006,drug,RE_R1l,28.046859136104374
SHF-006,drug,RE_Sb,19.642751264879347
SHF-006,drug,RE_Sl,24.899642249557807
SHF-006,drug,T1_1,0.721
SHF-006,drug,T1_2,0.5706
SHF-006,drug,t1_MOLLI,10.468055555555555
SHF-006,drug,t2_MOLLI,11.55638888888889
SHF-009,control,BAT,1.2457795815236719
SHF-009,control,CO,10.242780691163697
SHF-009,control,Thl,20.257001243832985
SHF-009,control,Dhl,79.83361026913322
SHF-009,control,To,39.6570837764636
SHF-009,control,Eo,19.85935951079128
SHF-009,control,Toe,7.199999505202231
SHF-009,control,Eb,2.9689145203986524
SHF-009,control,H,45.0
SHF-009,control,ve,19.307533950770818
SHF-009,control,Te,28.641447791157987
SHF-009,control,De,79.71199248772508
SHF-009,control,khe,29.76219622642403
SHF-009,control,Th,41.17341487307856
SHF-009,control,Kbh,2.4287516667796596
SHF-009,control,Khe,154.14809732982928
SHF-009,control,kbh,1.959819614136265
SHF-009,control,CL,0.23718867713074257
SHF-009,control,AUC_Cb,79.36178348100283
SHF-009,control,AUC_Cl,898.358247602191
SHF-009,control,AUC35_Cb,31.953216681088527
SHF-009,control,AUC35_Cl,161.78943810972876
SHF-009,control,RE_R1b,20.1751532718116
SHF-009,control,RE_R1l,65.59256291501393
SHF-009,control,RE_Sb,21.88061176982886
SHF-009,control,RE_Sl,60.518622585975365
SHF-009,control,T1_1,0.76084
SHF-009,control,T1_2,0.42171
SHF-009,control,t1_MOLLI,9.10138888888889
SHF-009,control,t2_MOLLI,9.93361111111111
SHF-009,drug,BAT,1.119901235311407
SHF-009,drug,CO,8.452140071704566
SHF-009,drug,Thl,19.779972947861268
SHF-009,drug,Dhl,41.09392752827347
SHF-009,drug,To,22.22571502916419
SHF-009,drug,Eo,30.98950634857724
SHF-009,drug,Toe,2.4445147552398576
SHF-009,drug,Eb,4.274785275973315
SHF-009,drug,H,45.0
SHF-009,drug,ve,25.96712693563156
SHF-009,drug,Te,36.80283274348567
SHF-009,drug,De,87.69715109596284
SHF-009,drug,khe,5.961039459623137
SHF-009,drug,Th,599.9999988433514
SHF-009,drug,Kbh,0.16666666698795796
SHF-009,drug,Khe,22.956099357466925
SHF-009,drug,kbh,0.1233881220118086
SHF-009,drug,CL,0.049580069373004486
SHF-009,drug,AUC_Cb,74.83304424961429
SHF-009,drug,AUC_Cl,612.5352173244166
SHF-009,drug,AUC35_Cb,44.73612626684047
SHF-009,drug,AUC35_Cl,75.74121758214022
SHF-009,drug,RE_R1b,29.803227932869387
SHF-009,drug,RE_R1l,28.291099220149274
SHF-009,drug,RE_Sb,31.171059205517242
SHF-009,drug,RE_Sl,25.146377153336285
SHF-009,drug,T1_1,0.73764
SHF-009,drug,T1_2,0.58453
SHF-009,drug,t1_MOLLI,9.944166666666666
SHF-009,drug,t2_MOLLI,10.758333333333333
SHF-017,control,BAT,1.0870025230100218
SHF-017,control,CO,8.750447871010815
SHF-017,control,Thl,21.595630012310526
SHF-017,control,Dhl,35.128265882311496
SHF-017,control,To,19.376632410340147
SHF-017,control,Eo,15.66321403989994
SHF-017,control,Toe,13.252587937639573
SHF-017,control,Eb,4.4697754142380255
SHF-017,control,H,45.0
SHF-017,control,ve,20.89167616709122
SHF-017,control,Te,59.95955367748561
SHF-017,control,De,99.96856636051062
SHF-017,control,khe,46.19059746111684
SHF-017,control,Th,72.7738920262306
SHF-017,control,Kbh,1.374119168505596
SHF-017,control,Khe,221.09569903192707
SHF-017,control,kbh,1.0870426416714802
SHF-017,control,CL,0.4601603553029116
SHF-017,control,AUC_Cb,49.03142314959307
SHF-017,control,AUC_Cl,1349.3610123946296
SHF-017,control,AUC35_Cb,24.759399477611947
SHF-017,control,AUC35_Cl,233.09128983215584
SHF-017,control,RE_R1b,12.661517741192597
SHF-017,control,RE_R1l,81.19897838177769
SHF-017,control,RE_Sb,23.138287603390253
SHF-017,control,RE_Sl,69.25887294413121
SHF-017,control,T1_1,0.64556
SHF-017,control,T1_2,0.37176
SHF-017,control,t1_MOLLI,12.851944444444445
SHF-017,control,t2_MOLLI,13.6625
SHF-017,drug,BAT,1.2503249094329438
SHF-017,drug,CO,9.989867370900418
SHF-017,drug,Thl,15.07536476792616
SHF-017,drug,Dhl,57.792926702248145
SHF-017,drug,To,38.12342259237586
SHF-017,drug,Eo,15.781732939974836
SHF-017,drug,Toe,7.003073759919161
SHF-017,drug,Eb,3.17383503916613
SHF-017,drug,H,45.0
SHF-017,drug,ve,25.067601573941722
SHF-017,drug,Te,42.767969109128714
SHF-017,drug,De,76.29855612100988
SHF-017,drug,khe,9.031705700927102
SHF-017,drug,Th,599.999954514397
SHF-017,drug,Kbh,0.16666667930155732
SHF-017,drug,Khe,36.0293970457698
SHF-017,drug,kbh,0.12488734017772375
SHF-017,drug,CL,0.09833387183724314
SHF-017,drug,AUC_Cb,61.547062023887385
SHF-017,drug,AUC_Cl,676.0960222196088
SHF-017,drug,AUC35_Cb,28.644956786760567
SHF-017,drug,AUC35_Cl,66.72910846626847
SHF-017,drug,RE_R1b,18.009840823821012
SHF-017,drug,RE_R1l,23.938694834323016
SHF-017,drug,RE_Sb,14.629116797895994
SHF-017,drug,RE_Sl,21.939770999931437
SHF-017,drug,T1_1,0.70301
SHF-017,drug,T1_2,0.53874
SHF-017,drug,t1_MOLLI,11.314166666666667
SHF-017,drug,t2_MOLLI,12.174722222222222
