subject,study,parameter,value
SHF-002,control,BAT,0.0063160820226083785
SHF-002,control,CO,0.05274561463413053
SHF-002,control,Thl,0.4600664661132983
SHF-002,control,Dhl,1.2599189519164071
SHF-002,control,To,1.8069077217946417
SHF-002,control,Eo,0.9491231845222051
SHF-002,control,Toe,0.3628534404282713
SHF-002,control,Eb,0.31529841441576945
SHF-002,control,H,0.0
SHF-002,control,ve,4.050536272938777
SHF-002,control,Te,8.426248283070729
SHF-002,control,De,8.542143601975592
SHF-002,control,khe,0.7866900120232418
SHF-002,control,Th,1.100238738259675
SHF-002,control,Kbh,0.0
SHF-002,control,Khe,0.0
SHF-002,control,kbh,0.0
SHF-002,control,CL,0.0
SHF-002,control,AUC_Cb,0.0
SHF-002,control,AUC_Cl,0.0
SHF-002,control,AUC35_Cb,0.0
SHF-002,control,AUC35_Cl,0.0
SHF-002,control,RE_R1b,0.0
SHF-002,control,RE_R1l,0.0
SHF-002,control,RE_Sb,0.0
SHF-002,control,RE_Sl,0.0
SHF-002,control,T1_1,0.0
SHF-002,control,T1_2,0.0
SHF-002,control,t1_MOLLI,0.0
SHF-002,control,t2_MOLLI,0.0
SHF-002,drug,BAT,0.006368635318080662
SHF-002,drug,CO,0.04932031221784934
SHF-002,drug,Thl,0.5059138077243756
SHF-002,drug,Dhl,1.3509871588609692
SHF-002,drug,To,1.6839871050718225
SHF-002,drug,Eo,0.8243911651218976
SHF-002,drug,Toe,0.3596944425774868
SHF-002,drug,Eb,0.2487604506424205
SHF-002,drug,H,0.0
SHF-002,drug,ve,0.8710237063930358
SHF-002,drug,Te,4.134976884126445
SHF-002,drug,De,2.6562524076596734
SHF-002,drug,khe,0.16061104436266585
SHF-002,drug,Th,796.1119827516363
SHF-002,drug,Kbh,0.0
SHF-002,drug,Khe,0.0
SHF-002,drug,kbh,0.0
SHF-002,drug,CL,0.0
SHF-002,drug,AUC_Cb,0.0
SHF-002,drug,AUC_Cl,0.0
SHF-002,drug,AUC35_Cb,0.0
SHF-002,drug,AUC35_Cl,0.0
SHF-002,drug,RE_R1b,0.0
SHF-002,drug,RE_R1l,0.0
SHF-002,drug,RE_Sb,0.0
SHF-002,drug,RE_Sl,0.0
SHF-002,drug,T1_1,0.0
SHF-002,drug,T1_2,0.0
SHF-002,drug,t1_MOLLI,0.0
SHF-002,drug,t2_MOLLI,0.0
SHF-004,control,BAT,0.026967049424880506
SHF-004,control,CO,0.651338261350435
SHF-004,control,Thl,1.894789715604686
SHF-004,control,Dhl,7.391197781138286
SHF-004,control,To,2.189649447020775
SHF-004,control,Eo,0.9329170913207254
SHF-004,control,Toe,0.77194792956659
SHF-004,control,Eb,0.5889764034983128
SHF-004,control,H,0.0
SHF-004,control,ve,2.915466785235384
SHF-004,control,Te,7.117358021760131
SHF-004,control,De,10.936693445395909
SHF-004,control,khe,0.6296692374488645
SHF-004,control,Th,2.038251135498358
SHF-004,control,Kbh,0.0
SHF-004,control,Khe,0.0
SHF-004,control,kbh,0.0
SHF-004,control,CL,0.0
SHF-004,control,AUC_Cb,0.0
SHF-004,control,AUC_Cl,0.0
SHF-004,control,AUC35_Cb,0.0
SHF-004,control,AUC35_Cl,0.0
SHF-004,control,RE_R1b,0.0
SHF-004,control,RE_R1l,0.0
SHF-004,control,RE_Sb,0.0
SHF-004,control,RE_Sl,0.0
SHF-004,control,T1_1,0.0
SHF-004,control,T1_2,0.0
SHF-004,control,t1_MOLLI,0.0
SHF-004,control,t2_MOLLI,0.0
SHF-004,drug,BAT,0.0031863051141369832
SHF-004,drug,CO,0.17710409452623202
SHF-004,drug,Thl,0.3685065170448237
SHF-004,drug,Dhl,1.3774349058598157
SHF-004,drug,To,1.0086334007113102
SHF-004,drug,Eo,0.5548550314053654
SHF-004,drug,Toe,0.401143391417235
SHF-004,drug,Eb,0.17475328755554523
SHF-004,drug,H,0.0
SHF-004,drug,ve,0.8919220926166155
SHF-004,drug,Te,2.867792048839061
SHF-004,drug,De,5.2273627595994725
SHF-004,drug,khe,0.1908189145000615
SHF-004,drug,Th,353.30642687836604
SHF-004,drug,Kbh,0.0
SHF-004,drug,Khe,0.0
SHF-004,drug,kbh,0.0
SHF-004,drug,CL,0.0
SHF-004,drug,AUC_Cb,0.0
SHF-004,drug,AUC_Cl,0.0
SHF-004,drug,AUC35_Cb,0.0
SHF-004,drug,AUC35_Cl,0.0
SHF-004,drug,RE_R1b,0.0
SHF-004,drug,RE_R1l,0.0
SHF-004,drug,RE_Sb,0.0
SHF-004,drug,RE_Sl,0.0
SHF-004,drug,T1_1,0.0
SHF-004,drug,T1_2,0.0
SHF-004,drug,t1_MOLLI,0.0
SHF-004,drug,t2_MOLLI,0.0
SHF-005,control,BAT,0.034527874930576914
SHF-005,control,CO,0.11551498972925682
SHF-005,control,Thl,2.4361565443715967
SHF-005,control,Dhl,6.946397356144909
SHF-005,control,To,2.0742512940944726
SHF-005,control,Eo,0.7507051936419418
SHF-005,control,Toe,0.9787116055420143
SHF-005,control,Eb,0.6194759345410589
SHF-005,control,H,0.0
SHF-005,control,ve,1.9806482773305965
SHF-005,control,Te,5.206252790096368
SHF-005,control,De,6.051464770622383
SHF-005,control,khe,0.4319851546052981
SHF-005,control,Th,5.262859283304859
SHF-005,control,Kbh,0.0
SHF-005,control,Khe,0.0
SHF-005,control,kbh,0.0
SHF-005,control,CL,0.0
SHF-005,control,AUC_Cb,0.0
SHF-005,control,AUC_Cl,0.0
SHF-005,control,AUC35_Cb,0.0
SHF-005,control,AUC35_Cl,0.0
SHF-005,control,RE_R1b,0.0
SHF-005,control,RE_R1l,0.0
SHF-005,control,RE_Sb,0.0
SHF-005,control,RE_Sl,0.0
SHF-005,control,T1_1,0.0
SHF-005,control,T1_2,0.0
SHF-005,control,t1_MOLLI,0.0
SHF-005,control,t2_MOLLI,0.0
SHF-005,drug,BAT,0.04323068649719717
SHF-005,drug,CO,0.2775336242719628
SHF-005,drug,Thl,3.4630903996090012
SHF-005,drug,Dhl,11.439694240663115
SHF-005,drug,To,2.852979178510877
SHF-005,drug,Eo,0.9234059846951344
SHF-005,drug,Toe,1.0096769409998556
SHF-005,drug,Eb,0.7455326819059326
SHF-005,drug,H,0.0
SHF-005,drug,ve,1.4749624732729913
SHF-005,drug,Te,4.934909076502043
SHF-005,drug,De,4.944665940248768
SHF-005,drug,khe,0.315708266620626
SHF-005,drug,Th,49.737027017420466
SHF-005,drug,Kbh,0.0
SHF-005,drug,Khe,0.0
SHF-005,drug,kbh,0.0
SHF-005,drug,CL,0.0
SHF-005,drug,AUC_Cb,0.0
SHF-005,drug,AUC_Cl,0.0
SHF-005,drug,AUC35_Cb,0.0
SHF-005,drug,AUC35_Cl,0.0
SHF-005,drug,RE_R1b,0.0
SHF-005,drug,RE_R1l,0.0
SHF-005,drug,RE_Sb,0.0
SHF-005,drug,RE_Sl,0.0
SHF-005,drug,T1_1,0.0
SHF-005,drug,T1_2,0.0
SHF-005,drug,t1_MOLLI,0.0
SHF-005,drug,t2_MOLLI,0.0
SHF-006,control,BAT,0.01788073241713535
SHF-006,control,CO,0.16938750756374787
SHF-006,control,Thl,1.1185719911800673
SHF-006,control,Dhl,2.2026533831728883
SHF-006,control,To,2.189166988463361
SHF-006,control,Eo,0.9149629435562121
SHF-006,control,Toe,0.7391499857848364
SHF-006,control,Eb,0.4509347130454835
SHF-006,control,H,0.0
SHF-006,control,ve,12.233637836458312
SHF-006,control,Te,21.53724693835879
SHF-006,control,De,32.2270974508263
SHF-006,control,khe,1.9274850765507807
SHF-006,control,Th,0.7695762555293529
SHF-006,control,Kbh,0.0
SHF-006,control,Khe,0.0
SHF-006,control,kbh,0.0
SHF-006,control,CL,0.0
SHF-006,control,AUC_Cb,0.0
SHF-006,control,AUC_Cl,0.0
SHF-006,control,AUC35_Cb,0.0
SHF-006,control,AUC35_Cl,0.0
SHF-006,control,RE_R1b,0.0
SHF-006,control,RE_R1l,0.0
SHF-006,control,RE_Sb,0.0
SHF-006,control,RE_Sl,0.0
SHF-006,control,T1_1,0.0
SHF-006,control,T1_2,0.0
SHF-006,control,t1_MOLLI,0.0
SHF-006,control,t2_MOLLI,0.0
SHF-006,drug,BAT,0.04450199927147785
SHF-006,drug,CO,0.2409181728569861
SHF-006,drug,Thl,3.3704672240759925
SHF-006,drug,Dhl,4.246527826073313
SHF-006,drug,To,2.481911401608638
SHF-006,drug,Eo,0.7890693946755022
SHF-006,drug,Toe,1.2933454456520606
SHF-006,drug,Eb,0.8746528285911304
SHF-006,drug,H,0.0
SHF-006,drug,ve,1.932342130938123
SHF-006,drug,Te,4.529148464000568
SHF-006,drug,De,4.919992587103082
SHF-006,drug,khe,0.4373420246004325
SHF-006,drug,Th,20.6816754823277
SHF-006,drug,Kbh,0.0
SHF-006,drug,Khe,0.0
SHF-006,drug,kbh,0.0
SHF-006,drug,CL,0.0
SHF-006,drug,AUC_Cb,0.0
SHF-006,drug,AUC_Cl,0.0
SHF-006,drug,AUC35_Cb,0.0
SHF-006,drug,AUC35_Cl,0.0
SHF-006,drug,RE_R1b,0.0
SHF-006,drug,RE_R1l,0.0
SHF-006,drug,RE_Sb,0.0
SHF-006,drug,RE_Sl,0.0
SHF-006,drug,T1_1,0.0
SHF-006,drug,T1_2,0.0
SHF-006,drug,t1_MOLLI,0.0
SHF-006,drug,t2_MOLLI,0.0
SHF-009,control,BAT,0.012790939406382944
SHF-009,control,CO,0.2840348669887441
SHF-009,control,Thl,0.9262785051256579
SHF-009,control,Dhl,3.5141230565844577
SHF-009,control,To,2.480617988015865
SHF-009,control,Eo,0.798018404090285
SHF-009,control,Toe,0.5717694782044244
SHF-009,control,Eb,0.38229774501650304
SHF-009,control,H,0.0
SHF-009,control,ve,3.4159615724518186
SHF-009,control,Te,8.011587816934862
SHF-009,control,De,11.910045006187952
SHF-009,control,khe,0.6374080810969366
SHF-009,control,Th,1.9064428679990644
SHF-009,control,Kbh,0.0
SHF-009,control,Khe,0.0
SHF-009,control,kbh,0.0
SHF-009,control,CL,0.0
SHF-009,control,AUC_Cb,0.0
SHF-009,control,AUC_Cl,0.0
SHF-009,control,AUC35_Cb,0.0
SHF-009,control,AUC35_Cl,0.0
SHF-009,control,RE_R1b,0.0
SHF-009,control,RE_R1l,0.0
SHF-009,control,RE_Sb,0.0
SHF-009,control,RE_Sl,0.0
SHF-009,control,T1_1,0.0
SHF-009,control,T1_2,0.0
SHF-009,control,t1_MOLLI,0.0
SHF-009,control,t2_MOLLI,0.0
SHF-009,drug,BAT,0.01296353363995362
SHF-009,drug,CO,0.13051430769327652
SHF-009,drug,Thl,0.864522760759448
SHF-009,drug,Dhl,1.5931605456335134
SHF-009,drug,To,1.8374943256654215
SHF-009,drug,Eo,1.7162377401382192
SHF-009,drug,Toe,0.1855033898607052
SHF-009,drug,Eb,0.16547027136727083
SHF-009,drug,H,0.0
SHF-009,drug,ve,1.4785888426323686
SHF-009,drug,Te,5.634627899147267
SHF-009,drug,De,5.299861755583502
SHF-009,drug,khe,0.3554291696663348
SHF-009,drug,Th,1054.4694618759152
SHF-009,drug,Kbh,0.0
SHF-009,drug,Khe,0.0
SHF-009,drug,kbh,0.0
SHF-009,drug,CL,0.0
SHF-009,drug,AUC_Cb,0.0
SHF-009,drug,AUC_Cl,0.0
SHF-009,drug,AUC35_Cb,0.0
SHF-009,drug,AUC35_Cl,0.0
SHF-009,drug,RE_R1b,0.0
SHF-009,drug,RE_R1l,0.0
SHF-009,drug,RE_Sb,0.0
SHF-009,drug,RE_Sl,0.0
SHF-009,drug,T1_1,0.0
SHF-009,drug,T1_2,0.0
SHF-009,drug,t1_MOLLI,0.0
SHF-009,drug,t2_MOLLI,0.0
SHF-017,control,BAT,0.004333329234813843
SHF-017,control,CO,0.1313713323230332
SHF-017,control,Thl,0.28117929117480195
SHF-017,control,Dhl,0.9371974149369044
SHF-017,control,To,0.8809937796734973
SHF-017,control,Eo,0.41480308848324926
SHF-017,control,Toe,1.0147002760060713
SHF-017,control,Eb,0.46284056647388017
SHF-017,control,H,0.0
SHF-017,control,ve,29.184506278670824
SHF-017,control,Te,71.68996050259527
SHF-017,control,De,6.821098838162099
SHF-017,control,khe,0.7953356665603887
SHF-017,control,Th,4.626108693175932
SHF-017,control,Kbh,0.0
SHF-017,control,Khe,0.0
SHF-017,control,kbh,0.0
SHF-017,control,CL,0.0
SHF-017,control,AUC_Cb,0.0
SHF-017,control,AUC_Cl,0.0
SHF-017,control,AUC35_Cb,0.0
SHF-017,control,AUC35_Cl,0.0
SHF-017,control,RE_R1b,0.0
SHF-017,control,RE_R1l,0.0
SHF-017,control,RE_Sb,0.0
SHF-017,control,RE_Sl,0.0
SHF-017,control,T1_1,0.0
SHF-017,control,T1_2,0.0
SHF-017,control,t1_MOLLI,0.0
SHF-017,control,t2_MOLLI,0.0
SHF-017,drug,BAT,0.004735568485910829
SHF-017,drug,CO,0.19730394690899206
SHF-017,drug,Thl,0.5739445417412445
SHF-017,drug,Dhl,0.670646010802313
SHF-017,drug,To,1.5930902288486795
SHF-017,drug,Eo,0.6614774998160731
SHF-017,drug,Toe,0.572082318775454
SHF-017,drug,Eb,0.2687011878577649
SHF-017,drug,H,0.0
SHF-017,drug,ve,1.8196346103554237
SHF-017,drug,Te,5.454274502179738
SHF-017,drug,De,5.324108927173701
SHF-017,drug,khe,0.3203729903157765
SHF-017,drug,Th,608.4370681270441
SHF-017,drug,Kbh,0.0
SHF-017,drug,Khe,0.0
SHF-017,drug,kbh,0.0
SHF-017,drug,CL,0.0
SHF-017,drug,AUC_Cb,0.0
SHF-017,drug,AUC_Cl,0.0
SHF-017,drug,AUC35_Cb,0.0
SHF-017,drug,AUC35_Cl,0.0
SHF-017,drug,RE_R1b,0.0
SHF-017,drug,RE_R1l,0.0
SHF-017,drug,RE_Sb,0.0
SHF-017,drug,RE_Sl,0.0
SHF-017,drug,T1_1,0.0
SHF-017,drug,T1_2,0.0
SHF-017,drug,t1_MOLLI,0.0
SHF-017,drug,t2_MOLLI,0.0
