subject,study,parameter,value
SHF-004,drug_30,BAT,0.01748649786253061
SHF-004,drug_30,CO,0.3872676761075005
SHF-004,drug_30,Thl,1.6467846962596344
SHF-004,drug_30,Dhl,6.119998819518001
SHF-004,drug_30,To,1.3326459584623649
SHF-004,drug_30,Eo,0.8485145264545746
SHF-004,drug_30,Toe,0.5156177264723605
SHF-004,drug_30,Eb,0.45107675233853584
SHF-004,drug_30,H,0
SHF-004,drug_30,ve,1.1745684841610449
SHF-004,drug_30,Te,3.0438942990086817
SHF-004,drug_30,De,5.421797719367897
SHF-004,drug_30,khe,0.28547408581520756
SHF-004,drug_30,Th,2188.2334630789805
SHF-004,drug_30,Kbh,0
SHF-004,drug_30,Khe,0
SHF-004,drug_30,kbh,0
SHF-004,drug_30,CL,0.0
SHF-004,drug_30,AUC_Cb,0
SHF-004,drug_30,AUC_Cl,0
SHF-004,drug_30,AUC35_Cb,0
SHF-004,drug_30,AUC35_Cl,0
SHF-004,drug_30,RE_R1b,0
SHF-004,drug_30,RE_R1l,0
SHF-004,drug_30,RE_Sb,0
SHF-004,drug_30,RE_Sl,0
SHF-004,drug_30,T1_1,0
SHF-004,drug_30,T1_2,0
SHF-004,drug_30,t1_MOLLI,0
SHF-004,drug_30,t2_MOLLI,0
