subject,study,parameter,value
GOT-001,control_15,BAT,1.1968391843282582
GOT-001,control_15,CO,10.287098302609284
GOT-001,control_15,Thl,20.873404193068918
GOT-001,control_15,Dhl,37.54407388297213
GOT-001,control_15,To,18.938935905774766
GOT-001,control_15,Eo,25.14272948686747
GOT-001,control_15,Toe,3.3008171412902927
GOT-001,control_15,Eb,3.135769253788645
GOT-001,control_15,H,45.0
GOT-001,control_15,ve,22.065447320283074
GOT-001,control_15,Te,59.99999997154433
GOT-001,control_15,De,80.36342631962486
GOT-001,control_15,khe,2.312200144482356
GOT-001,control_15,Th,15.78862614263222
GOT-001,control_15,Kbh,6.33367330992666
GOT-001,control_15,Khe,10.478827421535787
GOT-001,control_15,kbh,4.9361199622859635
GOT-001,control_15,CL,0.01917265946580199
GOT-001,control_15,AUC_Cb,83.21290560015062
GOT-001,control_15,AUC_Cl,63.57542523110918
GOT-001,control_15,AUC35_Cb,42.08197776127563
GOT-001,control_15,AUC35_Cl,26.65227740874826
GOT-001,control_15,RE_R1b,31.8346955749171
GOT-001,control_15,RE_R1l,12.36991336682818
GOT-001,control_15,RE_Sb,29.157894194371526
GOT-001,control_15,RE_Sl,9.949796642684397
GOT-001,control_15,T1_1,0.991830017
GOT-001,control_15,T1_2,0.853159973
GOT-001,control_15,t1_MOLLI,12.486702777777777
GOT-001,control_15,t2_MOLLI,13.096444444444444
