subject,study,parameter,value
GOT-001,control_15,BAT,0.0019398155076048122
GOT-001,control_15,CO,0.12847298216903427
GOT-001,control_15,Thl,0.1891100287350505
GOT-001,control_15,Dhl,0.6611766691579833
GOT-001,control_15,To,0.9778629373565575
GOT-001,control_15,Eo,0.8074646638331847
GOT-001,control_15,Toe,0.34108073673021644
GOT-001,control_15,Eb,0.7079956373873135
GOT-001,control_15,H,0
GOT-001,control_15,ve,2.322461626754139
GOT-001,control_15,Te,8.755572818662712
GOT-001,control_15,De,4.381821255048855
GOT-001,control_15,khe,1.4190252305686013
GOT-001,control_15,Th,21.310649564378533
GOT-001,control_15,Kbh,0
GOT-001,control_15,Khe,0
GOT-001,control_15,kbh,0
GOT-001,control_15,CL,0.0
GOT-001,control_15,AUC_Cb,0
GOT-001,control_15,AUC_Cl,0
GOT-001,control_15,AUC35_Cb,0
GOT-001,control_15,AUC35_Cl,0
GOT-001,control_15,RE_R1b,0
GOT-001,control_15,RE_R1l,0
GOT-001,control_15,RE_Sb,0
GOT-001,control_15,RE_Sl,0
GOT-001,control_15,T1_1,0
GOT-001,control_15,T1_2,0
GOT-001,control_15,t1_MOLLI,0
GOT-001,control_15,t2_MOLLI,0
