subject,study,parameter,value
LDS-007,control_35,BAT,1.1305198251199826
LDS-007,control_35,CO,7.459542321251963
LDS-007,control_35,Thl,12.268811926347505
LDS-007,control_35,Dhl,23.12036571425657
LDS-007,control_35,To,16.32783820646009
LDS-007,control_35,Eo,22.882858713817267
LDS-007,control_35,Toe,5.221477567845091
LDS-007,control_35,Eb,4.361627983972554
LDS-007,control_35,H,45.0
LDS-007,control_35,ve,6.731352067702974
LDS-007,control_35,Te,59.99892676696675
LDS-007,control_35,De,99.99999974385378
LDS-007,control_35,khe,34.3050269579048
LDS-007,control_35,Th,29.55379522534478
LDS-007,control_35,Kbh,3.383660177568054
LDS-007,control_35,Khe,509.63055583588203
LDS-007,control_35,kbh,3.155894098241284
LDS-007,control_35,CL,0.32389607119036734
LDS-007,control_35,AUC_Cb,62.29754338057761
LDS-007,control_35,AUC_Cl,627.5777547989168
LDS-007,control_35,AUC35_Cb,36.33174970766219
LDS-007,control_35,AUC35_Cl,185.8705997097238
LDS-007,control_35,RE_R1b,23.380456969486012
LDS-007,control_35,RE_R1l,86.68275366257639
LDS-007,control_35,RE_Sb,19.07316135544974
LDS-007,control_35,RE_Sl,72.97111999670273
LDS-007,control_35,T1_1,0.855419983
LDS-007,control_35,T1_2,0.537539978
LDS-007,control_35,t1_MOLLI,14.784960833333333
LDS-007,control_35,t2_MOLLI,16.253286111111112
