subject,study,parameter,value
LDS-007,control_35,BAT,0.004773793960467372
LDS-007,control_35,CO,0.16929023570608195
LDS-007,control_35,Thl,0.3413194224209106
LDS-007,control_35,Dhl,0.7822162237747893
LDS-007,control_35,To,1.12287032779836
LDS-007,control_35,Eo,0.9747156910804466
LDS-007,control_35,Toe,0.36570645836060667
LDS-007,control_35,Eb,0.37870155991272575
LDS-007,control_35,H,0
LDS-007,control_35,ve,4.601762803184436
LDS-007,control_35,Te,17.990168313327356
LDS-007,control_35,De,8.217672104880416
LDS-007,control_35,khe,0.8228696197751949
LDS-007,control_35,Th,1.620355301540479
LDS-007,control_35,Kbh,0
LDS-007,control_35,Khe,0
LDS-007,control_35,kbh,0
LDS-007,control_35,CL,0.0
LDS-007,control_35,AUC_Cb,0
LDS-007,control_35,AUC_Cl,0
LDS-007,control_35,AUC35_Cb,0
LDS-007,control_35,AUC35_Cl,0
LDS-007,control_35,RE_R1b,0
LDS-007,control_35,RE_R1l,0
LDS-007,control_35,RE_Sb,0
LDS-007,control_35,RE_Sl,0
LDS-007,control_35,T1_1,0
LDS-007,control_35,T1_2,0
LDS-007,control_35,t1_MOLLI,0
LDS-007,control_35,t2_MOLLI,0
