subject,study,parameter,value
SHF-006,drug_20,BAT,0.0762353998449177
SHF-006,drug_20,CO,0.6452271835666218
SHF-006,drug_20,Thl,6.444199420731165
SHF-006,drug_20,Dhl,9.493710814922993
SHF-006,drug_20,To,3.3567610548276536
SHF-006,drug_20,Eo,1.6178070478421185
SHF-006,drug_20,Toe,1.511722216558559
SHF-006,drug_20,Eb,2.576990851142527
SHF-006,drug_20,H,0
SHF-006,drug_20,ve,5.130569282925174
SHF-006,drug_20,Te,6.894194470209701
SHF-006,drug_20,De,6.129328018441774
SHF-006,drug_20,khe,1.253964610950407
SHF-006,drug_20,Th,5093.919616101753
SHF-006,drug_20,Kbh,0
SHF-006,drug_20,Khe,0
SHF-006,drug_20,kbh,0
SHF-006,drug_20,CL,0.0
SHF-006,drug_20,AUC_Cb,0
SHF-006,drug_20,AUC_Cl,0
SHF-006,drug_20,AUC35_Cb,0
SHF-006,drug_20,AUC35_Cl,0
SHF-006,drug_20,RE_R1b,0
SHF-006,drug_20,RE_R1l,0
SHF-006,drug_20,RE_Sb,0
SHF-006,drug_20,RE_Sl,0
SHF-006,drug_20,T1_1,0
SHF-006,drug_20,T1_2,0
SHF-006,drug_20,t1_MOLLI,0
SHF-006,drug_20,t2_MOLLI,0
