subject,study,parameter,value
LDS-007,drug_20,BAT,0.017537717255652972
LDS-007,drug_20,CO,0.19257031671519764
LDS-007,drug_20,Thl,1.2382172755653293
LDS-007,drug_20,Dhl,1.7304768304490916
LDS-007,drug_20,To,1.3911992468461996
LDS-007,drug_20,Eo,1.278569023758754
LDS-007,drug_20,Toe,0.4014208828925081
LDS-007,drug_20,Eb,0.6027280453345082
LDS-007,drug_20,H,0
LDS-007,drug_20,ve,1.4828031998644777
LDS-007,drug_20,Te,5.200945932880869
LDS-007,drug_20,De,3.907765482291631
LDS-007,drug_20,khe,0.434575591611752
LDS-007,drug_20,Th,9350.180861719926
LDS-007,drug_20,Kbh,0
LDS-007,drug_20,Khe,0
LDS-007,drug_20,kbh,0
LDS-007,drug_20,CL,0.0
LDS-007,drug_20,AUC_Cb,0
LDS-007,drug_20,AUC_Cl,0
LDS-007,drug_20,AUC35_Cb,0
LDS-007,drug_20,AUC35_Cl,0
LDS-007,drug_20,RE_R1b,0
LDS-007,drug_20,RE_R1l,0
LDS-007,drug_20,RE_Sb,0
LDS-007,drug_20,RE_Sl,0
LDS-007,drug_20,T1_1,0
LDS-007,drug_20,T1_2,0
LDS-007,drug_20,t1_MOLLI,0
LDS-007,drug_20,t2_MOLLI,0
