subject,study,parameter,value
LDS-008,drug_30,BAT,0.014838190178444398
LDS-008,drug_30,CO,0.3581402377733585
LDS-008,drug_30,Thl,1.0822040689564465
LDS-008,drug_30,Dhl,2.7141845040280193
LDS-008,drug_30,To,1.185705341863448
LDS-008,drug_30,Eo,0.721135089627394
LDS-008,drug_30,Toe,0.5967639223729085
LDS-008,drug_30,Eb,0.3256245886809371
LDS-008,drug_30,H,0
LDS-008,drug_30,ve,1.2153435331068572
LDS-008,drug_30,Te,3.439462435355667
LDS-008,drug_30,De,7.848319525612939
LDS-008,drug_30,khe,0.3068687036487253
LDS-008,drug_30,Th,6058.773606511819
LDS-008,drug_30,Kbh,0
LDS-008,drug_30,Khe,0
LDS-008,drug_30,kbh,0
LDS-008,drug_30,CL,0.0
LDS-008,drug_30,AUC_Cb,0
LDS-008,drug_30,AUC_Cl,0
LDS-008,drug_30,AUC35_Cb,0
LDS-008,drug_30,AUC35_Cl,0
LDS-008,drug_30,RE_R1b,0
LDS-008,drug_30,RE_R1l,0
LDS-008,drug_30,RE_Sb,0
LDS-008,drug_30,RE_Sl,0
LDS-008,drug_30,T1_1,0
LDS-008,drug_30,T1_2,0
LDS-008,drug_30,t1_MOLLI,0
LDS-008,drug_30,t2_MOLLI,0
