subject,study,parameter,value
SHF-009,drug_15,BAT,0.014045228819697364
SHF-009,drug_15,CO,0.2424105928201483
SHF-009,drug_15,Thl,0.876144305954289
SHF-009,drug_15,Dhl,4.597234201649636
SHF-009,drug_15,To,3.3539408391122967
SHF-009,drug_15,Eo,1.9784705044786866
SHF-009,drug_15,Toe,1.0605715640236635
SHF-009,drug_15,Eb,1.735461333910433
SHF-009,drug_15,H,0
SHF-009,drug_15,ve,6.923321109313546
SHF-009,drug_15,Te,9.180767752842375
SHF-009,drug_15,De,7.64344238025108
SHF-009,drug_15,khe,2.145668263814301
SHF-009,drug_15,Th,18477.358669657922
SHF-009,drug_15,Kbh,0
SHF-009,drug_15,Khe,0
SHF-009,drug_15,kbh,0
SHF-009,drug_15,CL,0.0
SHF-009,drug_15,AUC_Cb,0
SHF-009,drug_15,AUC_Cl,0
SHF-009,drug_15,AUC35_Cb,0
SHF-009,drug_15,AUC35_Cl,0
SHF-009,drug_15,RE_R1b,0
SHF-009,drug_15,RE_R1l,0
SHF-009,drug_15,RE_Sb,0
SHF-009,drug_15,RE_Sl,0
SHF-009,drug_15,T1_1,0
SHF-009,drug_15,T1_2,0
SHF-009,drug_15,t1_MOLLI,0
SHF-009,drug_15,t2_MOLLI,0
