subject,study,parameter,value
LDS-007,control,BAT,1.1720758796673632
LDS-007,control,CO,5.670888715527948
LDS-007,control,Thl,9.906647059069604
LDS-007,control,Dhl,45.720272045560186
LDS-007,control,To,31.973719775996987
LDS-007,control,Eo,24.89047746126657
LDS-007,control,Toe,6.952914246294728
LDS-007,control,Eb,4.919545617873738
LDS-007,control,H,45.0
LDS-007,control,ve,5.248185503211738
LDS-007,control,Te,59.99758566205263
LDS-007,control,De,99.99999750451597
LDS-007,control,khe,32.648372243932286
LDS-007,control,Th,33.366656887903744
LDS-007,control,Kbh,2.9970038753343773
LDS-007,control,Khe,622.0887623722983
LDS-007,control,kbh,2.8397155524183844
LDS-007,control,CL,0.3082545165624368
LDS-007,control,AUC_Cb,70.84680446595378
LDS-007,control,AUC_Cl,744.408430324992
LDS-007,control,AUC35_Cb,36.0684120152884
LDS-007,control,AUC35_Cl,184.07422017742843
LDS-007,control,RE_R1b,22.29464141326917
LDS-007,control,RE_R1l,84.8638519277056
LDS-007,control,RE_Sb,2.3115946442358135
LDS-007,control,RE_Sl,72.82212118207042
LDS-007,control,T1_1,0.855419983
LDS-007,control,T1_2,0.537539978
LDS-007,control,t1_MOLLI,14.784960833333333
LDS-007,control,t2_MOLLI,16.253286111111112
