subject,study,parameter,value
LDS-007,control,BAT,0.01489496360943051
LDS-007,control,CO,0.1289634363332306
LDS-007,control,Thl,1.0422409720896473
LDS-007,control,Dhl,3.3364936580154456
LDS-007,control,To,1.4677734487172465
LDS-007,control,Eo,0.8846323683654058
LDS-007,control,Toe,0.3187121750062151
LDS-007,control,Eb,0.3169824243379638
LDS-007,control,H,0
LDS-007,control,ve,3.06129269290245
LDS-007,control,Te,12.40513618291552
LDS-007,control,De,7.59340844762629
LDS-007,control,khe,0.53669792816275
LDS-007,control,Th,1.078761266796615
LDS-007,control,Kbh,0
LDS-007,control,Khe,0
LDS-007,control,kbh,0
LDS-007,control,CL,0.0
LDS-007,control,AUC_Cb,0
LDS-007,control,AUC_Cl,0
LDS-007,control,AUC35_Cb,0
LDS-007,control,AUC35_Cl,0
LDS-007,control,RE_R1b,0
LDS-007,control,RE_R1l,0
LDS-007,control,RE_Sb,0
LDS-007,control,RE_Sl,0
LDS-007,control,T1_1,0
LDS-007,control,T1_2,0
LDS-007,control,t1_MOLLI,0
LDS-007,control,t2_MOLLI,0
