subject,study,parameter,value
LDS-003,control_30,BAT,1.1237153628843677
LDS-003,control_30,CO,5.723450573020883
LDS-003,control_30,Thl,17.766968502999386
LDS-003,control_30,Dhl,41.477193362456596
LDS-003,control_30,To,26.143656806960845
LDS-003,control_30,Eo,16.781459164117322
LDS-003,control_30,Toe,5.243708801539189
LDS-003,control_30,Eb,9.155319062662041
LDS-003,control_30,H,45.0
LDS-003,control_30,ve,14.48613396239136
LDS-003,control_30,Te,29.33947824684152
LDS-003,control_30,De,68.78140211272277
LDS-003,control_30,khe,50.51161005552485
LDS-003,control_30,Th,46.154375388927974
LDS-003,control_30,Kbh,2.1666418223046544
LDS-003,control_30,Khe,348.68937555501134
LDS-003,control_30,kbh,1.852779185440405
LDS-003,control_30,CL,0.4415079744033635
LDS-003,control_30,AUC_Cb,12.884347400093368
LDS-003,control_30,AUC_Cl,294.89293224734837
LDS-003,control_30,AUC35_Cb,11.164611559880623
LDS-003,control_30,AUC35_Cl,108.7004473402922
LDS-003,control_30,RE_R1b,5.478022641603005
LDS-003,control_30,RE_R1l,41.97680715967919
LDS-003,control_30,RE_Sb,4.933627520762346
LDS-003,control_30,RE_Sl,33.40205560489671
LDS-003,control_30,T1_1,0.706900024
LDS-003,control_30,T1_2,0.529400024
LDS-003,control_30,t1_MOLLI,10.707445833333333
LDS-003,control_30,t2_MOLLI,11.655478055555555
