subject,study,parameter,value
LDS-003,control_30,BAT,0.020865332075338954
LDS-003,control_30,CO,0.13985952179733488
LDS-003,control_30,Thl,1.447909636659479
LDS-003,control_30,Dhl,2.4016180859420175
LDS-003,control_30,To,1.9247772050308383
LDS-003,control_30,Eo,1.0831948267475615
LDS-003,control_30,Toe,0.5529242725178329
LDS-003,control_30,Eb,0.5532555627565208
LDS-003,control_30,H,0
LDS-003,control_30,ve,8.53099888354935
LDS-003,control_30,Te,15.93876233610814
LDS-003,control_30,De,20.13771084986655
LDS-003,control_30,khe,1.1268181690208996
LDS-003,control_30,Th,2.998224031716271
LDS-003,control_30,Kbh,0
LDS-003,control_30,Khe,0
LDS-003,control_30,kbh,0
LDS-003,control_30,CL,0.0
LDS-003,control_30,AUC_Cb,0
LDS-003,control_30,AUC_Cl,0
LDS-003,control_30,AUC35_Cb,0
LDS-003,control_30,AUC35_Cl,0
LDS-003,control_30,RE_R1b,0
LDS-003,control_30,RE_R1l,0
LDS-003,control_30,RE_Sb,0
LDS-003,control_30,RE_Sl,0
LDS-003,control_30,T1_1,0
LDS-003,control_30,T1_2,0
LDS-003,control_30,t1_MOLLI,0
LDS-003,control_30,t2_MOLLI,0
