subject,study,parameter,value
SHF-014,drug_35,BAT,0.017829993035810086
SHF-014,drug_35,CO,0.2970622050623045
SHF-014,drug_35,Thl,1.523152792760057
SHF-014,drug_35,Dhl,1.531936453051117
SHF-014,drug_35,To,1.8503401579682757
SHF-014,drug_35,Eo,0.550338560012722
SHF-014,drug_35,Toe,1.018940517775955
SHF-014,drug_35,Eb,0.7098548957217163
SHF-014,drug_35,H,0
SHF-014,drug_35,ve,7.142164826628965
SHF-014,drug_35,Te,13.186337969343718
SHF-014,drug_35,De,10.97601822207527
SHF-014,drug_35,khe,1.2658939532442162
SHF-014,drug_35,Th,0.8383425867211806
SHF-014,drug_35,Kbh,0
SHF-014,drug_35,Khe,0
SHF-014,drug_35,kbh,0
SHF-014,drug_35,CL,0.0
SHF-014,drug_35,AUC_Cb,0
SHF-014,drug_35,AUC_Cl,0
SHF-014,drug_35,AUC35_Cb,0
SHF-014,drug_35,AUC35_Cl,0
SHF-014,drug_35,RE_R1b,0
SHF-014,drug_35,RE_R1l,0
SHF-014,drug_35,RE_Sb,0
SHF-014,drug_35,RE_Sl,0
SHF-014,drug_35,T1_1,0
SHF-014,drug_35,T1_2,0
SHF-014,drug_35,t1_MOLLI,0
SHF-014,drug_35,t2_MOLLI,0
