subject,study,parameter,value
LDS-008,drug,S02a,12.505826599997654
LDS-008,drug,S02l,95.20784242394792
LDS-008,drug,BAT2,0.00766797843716729
LDS-008,drug,BAT,0.007913874428141766
LDS-008,drug,CO,0.13081719125088856
LDS-008,drug,Thl,0.5474237299667374
LDS-008,drug,Dhl,1.279271426497888
LDS-008,drug,To,0.7133235778851272
LDS-008,drug,Eo,0.2688561403255611
LDS-008,drug,Toe,0.4386277020379419
LDS-008,drug,Eb,0.0904930896940754
LDS-008,drug,H,0
LDS-008,drug,ve,0.5903684554182567
LDS-008,drug,Te,2.011879932550813
LDS-008,drug,De,3.675696945600576
LDS-008,drug,khe_i,0.0959539763838134
LDS-008,drug,khe_f,0.27886301858217816
LDS-008,drug,Th_i,320.42796376361395
LDS-008,drug,Th_f,16.678543107463156
LDS-008,drug,Th,0.0
LDS-008,drug,khe,0
LDS-008,drug,Kbh,0
LDS-008,drug,Khe,0
LDS-008,drug,kbh,0
LDS-008,drug,kbh_i,0
LDS-008,drug,kbh_f,0
LDS-008,drug,CL,0.0
LDS-008,drug,AUC_Cb,0
LDS-008,drug,AUC_Cl,0
LDS-008,drug,AUC35_Cb,0
LDS-008,drug,AUC35_Cl,0
LDS-008,drug,RE_R1b,0
LDS-008,drug,RE_R1l,0
LDS-008,drug,RE_Sb,0
LDS-008,drug,RE_Sl,0
LDS-008,drug,T1_1,0
LDS-008,drug,T1_2,0
LDS-008,drug,t1_MOLLI,0
LDS-008,drug,t2_MOLLI,0
LDS-008,drug,T1_3,0
LDS-008,drug,t3_MOLLI,0
LDS-008,drug,t0,0
LDS-008,drug,t1,0
LDS-008,drug,t2,0
LDS-008,drug,t3,0
LDS-008,drug,dt1,0
LDS-008,drug,dt2,0
