subject,study,parameter,value
GOT-002,drug_15,BAT,0.00660810848118741
GOT-002,drug_15,CO,0.21253110769521577
GOT-002,drug_15,Thl,0.538940771727116
GOT-002,drug_15,Dhl,1.6557586342751438
GOT-002,drug_15,To,1.6070047188961383
GOT-002,drug_15,Eo,0.8468922562250271
GOT-002,drug_15,Toe,1.0402793389243574
GOT-002,drug_15,Eb,1.3336865633626922
GOT-002,drug_15,H,0
GOT-002,drug_15,ve,4.14059243960696
GOT-002,drug_15,Te,8.793231057735976
GOT-002,drug_15,De,7.722579390087228
GOT-002,drug_15,khe,1.2175803930061126
GOT-002,drug_15,Th,9224.732347967887
GOT-002,drug_15,Kbh,0
GOT-002,drug_15,Khe,0
GOT-002,drug_15,kbh,0
GOT-002,drug_15,CL,0.0
GOT-002,drug_15,AUC_Cb,0
GOT-002,drug_15,AUC_Cl,0
GOT-002,drug_15,AUC35_Cb,0
GOT-002,drug_15,AUC35_Cl,0
GOT-002,drug_15,RE_R1b,0
GOT-002,drug_15,RE_R1l,0
GOT-002,drug_15,RE_Sb,0
GOT-002,drug_15,RE_Sl,0
GOT-002,drug_15,T1_1,0
GOT-002,drug_15,T1_2,0
GOT-002,drug_15,t1_MOLLI,0
GOT-002,drug_15,t2_MOLLI,0
