subject,study,parameter,value
LDS-007,control_10,BAT,1.1030201022521413
LDS-007,control_10,CO,7.430658684003938
LDS-007,control_10,Thl,14.149231960397508
LDS-007,control_10,Dhl,20.747238342422776
LDS-007,control_10,To,11.832609347794103
LDS-007,control_10,Eo,27.41108964158936
LDS-007,control_10,Toe,2.8414501753805785
LDS-007,control_10,Eb,5.963965594310978
LDS-007,control_10,H,45.0
LDS-007,control_10,ve,1.0126906860998055
LDS-007,control_10,Te,11.388648101991304
LDS-007,control_10,De,35.95660253487789
LDS-007,control_10,khe,28.2511681381976
LDS-007,control_10,Th,599.9770077443355
LDS-007,control_10,Kbh,0.16667305364910312
LDS-007,control_10,Khe,2789.713436291376
LDS-007,control_10,kbh,0.1649851711585605
LDS-007,control_10,CL,0.2667376526982201
LDS-007,control_10,AUC_Cb,45.864648364285564
LDS-007,control_10,AUC_Cl,1828.3832536119871
LDS-007,control_10,AUC35_Cb,36.27619699670443
LDS-007,control_10,AUC35_Cl,235.878754568258
LDS-007,control_10,RE_R1b,22.80214388422762
LDS-007,control_10,RE_R1l,110.085479646788
LDS-007,control_10,RE_Sb,14.433889250848624
LDS-007,control_10,RE_Sl,75.06638305879936
LDS-007,control_10,T1_1,0.855419983
LDS-007,control_10,T1_2,0.537539978
LDS-007,control_10,t1_MOLLI,14.784960833333333
LDS-007,control_10,t2_MOLLI,16.253286111111112
