subject,study,parameter,value
LDS-007,control_10,BAT,0.01059129091448075
LDS-007,control_10,CO,0.2577838914401001
LDS-007,control_10,Thl,0.6717516745905814
LDS-007,control_10,Dhl,1.352699420272125
LDS-007,control_10,To,1.9314001992534255
LDS-007,control_10,Eo,2.307982347733709
LDS-007,control_10,Toe,1.0373285301843516
LDS-007,control_10,Eb,3.81504865454297
LDS-007,control_10,H,0
LDS-007,control_10,ve,67.46225603923884
LDS-007,control_10,Te,269.70959927782985
LDS-007,control_10,De,1487.4778072965546
LDS-007,control_10,khe,1.5785124891036129
LDS-007,control_10,Th,4408.727562486214
LDS-007,control_10,Kbh,0
LDS-007,control_10,Khe,0
LDS-007,control_10,kbh,0
LDS-007,control_10,CL,0.0
LDS-007,control_10,AUC_Cb,0
LDS-007,control_10,AUC_Cl,0
LDS-007,control_10,AUC35_Cb,0
LDS-007,control_10,AUC35_Cl,0
LDS-007,control_10,RE_R1b,0
LDS-007,control_10,RE_R1l,0
LDS-007,control_10,RE_Sb,0
LDS-007,control_10,RE_Sl,0
LDS-007,control_10,T1_1,0
LDS-007,control_10,T1_2,0
LDS-007,control_10,t1_MOLLI,0
LDS-007,control_10,t2_MOLLI,0
