subject,study,parameter,value
SHF-017,drug,BAT,0.004735568485910829
SHF-017,drug,CO,0.19730394690899206
SHF-017,drug,Thl,0.5739445417412445
SHF-017,drug,Dhl,0.670646010802313
SHF-017,drug,To,1.5930902288486795
SHF-017,drug,Eo,0.6614774998160731
SHF-017,drug,Toe,0.572082318775454
SHF-017,drug,Eb,0.2687011878577649
SHF-017,drug,H,0
SHF-017,drug,ve,1.8196346103554237
SHF-017,drug,Te,5.454274502179738
SHF-017,drug,De,5.324108927173701
SHF-017,drug,khe,0.3203729903157765
SHF-017,drug,Th,608.4370681270441
SHF-017,drug,Kbh,0
SHF-017,drug,Khe,0
SHF-017,drug,kbh,0
SHF-017,drug,CL,0.0
SHF-017,drug,AUC_Cb,0
SHF-017,drug,AUC_Cl,0
SHF-017,drug,AUC35_Cb,0
SHF-017,drug,AUC35_Cl,0
SHF-017,drug,RE_R1b,0
SHF-017,drug,RE_R1l,0
SHF-017,drug,RE_Sb,0
SHF-017,drug,RE_Sl,0
SHF-017,drug,T1_1,0
SHF-017,drug,T1_2,0
SHF-017,drug,t1_MOLLI,0
SHF-017,drug,t2_MOLLI,0
