subject,study,parameter,value
LDS-006,control_40,BAT,0.001784991704602485
LDS-006,control_40,CO,0.08437125075442711
LDS-006,control_40,Thl,0.23047545287753043
LDS-006,control_40,Dhl,0.7546138105122321
LDS-006,control_40,To,2.0885546381020066
LDS-006,control_40,Eo,1.1773081748121486
LDS-006,control_40,Toe,0.41096630065198647
LDS-006,control_40,Eb,0.3926389578444084
LDS-006,control_40,H,0
LDS-006,control_40,ve,9.731691946807732
LDS-006,control_40,Te,19.369244430045963
LDS-006,control_40,De,7.541259104989767
LDS-006,control_40,khe,1.21207553729214
LDS-006,control_40,Th,1.878895524865325
LDS-006,control_40,Kbh,0
LDS-006,control_40,Khe,0
LDS-006,control_40,kbh,0
LDS-006,control_40,CL,0.0
LDS-006,control_40,AUC_Cb,0
LDS-006,control_40,AUC_Cl,0
LDS-006,control_40,AUC35_Cb,0
LDS-006,control_40,AUC35_Cl,0
LDS-006,control_40,RE_R1b,0
LDS-006,control_40,RE_R1l,0
LDS-006,control_40,RE_Sb,0
LDS-006,control_40,RE_Sl,0
LDS-006,control_40,T1_1,0
LDS-006,control_40,T1_2,0
LDS-006,control_40,t1_MOLLI,0
LDS-006,control_40,t2_MOLLI,0
