subject,study,parameter,value
SHF-009,control,BAT,1.2457795815236719
SHF-009,control,CO,10.242780691163697
SHF-009,control,Thl,20.257001243832985
SHF-009,control,Dhl,79.83361026913322
SHF-009,control,To,39.6570837764636
SHF-009,control,Eo,19.85935951079128
SHF-009,control,Toe,7.199999505202231
SHF-009,control,Eb,2.9689145203986524
SHF-009,control,H,45.0
SHF-009,control,ve,19.307533950770818
SHF-009,control,Te,28.641447791157987
SHF-009,control,De,79.71199248772508
SHF-009,control,khe,29.76219622642403
SHF-009,control,Th,41.17341487307856
SHF-009,control,Kbh,2.4287516667796596
SHF-009,control,Khe,154.14809732982928
SHF-009,control,kbh,1.959819614136265
SHF-009,control,CL,0.23718867713074257
SHF-009,control,AUC_Cb,79.36178348100283
SHF-009,control,AUC_Cl,898.358247602191
SHF-009,control,AUC35_Cb,31.953216681088527
SHF-009,control,AUC35_Cl,161.78943810972876
SHF-009,control,RE_R1b,20.1751532718116
SHF-009,control,RE_R1l,65.59256291501393
SHF-009,control,RE_Sb,21.88061176982886
SHF-009,control,RE_Sl,60.518622585975365
SHF-009,control,T1_1,0.76084
SHF-009,control,T1_2,0.42171
SHF-009,control,t1_MOLLI,9.10138888888889
SHF-009,control,t2_MOLLI,9.93361111111111
