subject,study,parameter,value
SHF-009,control,BAT,0.012790939406382944
SHF-009,control,CO,0.2840348669887441
SHF-009,control,Thl,0.9262785051256579
SHF-009,control,Dhl,3.5141230565844577
SHF-009,control,To,2.480617988015865
SHF-009,control,Eo,0.798018404090285
SHF-009,control,Toe,0.5717694782044244
SHF-009,control,Eb,0.38229774501650304
SHF-009,control,H,0
SHF-009,control,ve,3.4159615724518186
SHF-009,control,Te,8.011587816934862
SHF-009,control,De,11.910045006187952
SHF-009,control,khe,0.6374080810969366
SHF-009,control,Th,1.9064428679990644
SHF-009,control,Kbh,0
SHF-009,control,Khe,0
SHF-009,control,kbh,0
SHF-009,control,CL,0.0
SHF-009,control,AUC_Cb,0
SHF-009,control,AUC_Cl,0
SHF-009,control,AUC35_Cb,0
SHF-009,control,AUC35_Cl,0
SHF-009,control,RE_R1b,0
SHF-009,control,RE_R1l,0
SHF-009,control,RE_Sb,0
SHF-009,control,RE_Sl,0
SHF-009,control,T1_1,0
SHF-009,control,T1_2,0
SHF-009,control,t1_MOLLI,0
SHF-009,control,t2_MOLLI,0
