subject,study,parameter,value
SHF-007,control_15,BAT,1.0929671212575576
SHF-007,control_15,CO,5.053416963838206
SHF-007,control_15,Thl,12.72509913788252
SHF-007,control_15,Dhl,46.92938444621692
SHF-007,control_15,To,33.220389158687766
SHF-007,control_15,Eo,22.74097349373686
SHF-007,control_15,Toe,3.171312050042723
SHF-007,control_15,Eb,8.659497071688989
SHF-007,control_15,H,45.0
SHF-007,control_15,ve,22.61078466380016
SHF-007,control_15,Te,59.94008741947229
SHF-007,control_15,De,90.8117957654382
SHF-007,control_15,khe,28.688246425834947
SHF-007,control_15,Th,102.04886885562829
SHF-007,control_15,Kbh,0.9799226696130569
SHF-007,control_15,Khe,126.87859732601316
SHF-007,control_15,kbh,0.7583544649150867
SHF-007,control_15,CL,0.20159963466985578
SHF-007,control_15,AUC_Cb,46.537510876572206
SHF-007,control_15,AUC_Cl,1105.8988545813174
SHF-007,control_15,AUC35_Cb,39.81812328734549
SHF-007,control_15,AUC35_Cl,254.4190503338315
SHF-007,control_15,RE_R1b,17.26718316713111
SHF-007,control_15,RE_R1l,103.60187307401168
SHF-007,control_15,RE_Sb,19.208914209607826
SHF-007,control_15,RE_Sl,76.57669202853062
SHF-007,control_15,T1_1,0.74539
SHF-007,control_15,T1_2,0.37404
SHF-007,control_15,t1_MOLLI,13.813055555555556
SHF-007,control_15,t2_MOLLI,14.628055555555555
