subject,study,parameter,value
SHF-007,control_15,BAT,0.017067299097310404
SHF-007,control_15,CO,0.16319850190887103
SHF-007,control_15,Thl,1.3645387560331017
SHF-007,control_15,Dhl,1.4515550978094158
SHF-007,control_15,To,2.999746573071093
SHF-007,control_15,Eo,2.0957283012914294
SHF-007,control_15,Toe,0.7952807621027191
SHF-007,control_15,Eb,1.4262882228314777
SHF-007,control_15,H,0
SHF-007,control_15,ve,12.029899472678984
SHF-007,control_15,Te,35.23926486013237
SHF-007,control_15,De,7.023947049449647
SHF-007,control_15,khe,1.8596886973840758
SHF-007,control_15,Th,79.09233655248146
SHF-007,control_15,Kbh,0
SHF-007,control_15,Khe,0
SHF-007,control_15,kbh,0
SHF-007,control_15,CL,0.0
SHF-007,control_15,AUC_Cb,0
SHF-007,control_15,AUC_Cl,0
SHF-007,control_15,AUC35_Cb,0
SHF-007,control_15,AUC35_Cl,0
SHF-007,control_15,RE_R1b,0
SHF-007,control_15,RE_R1l,0
SHF-007,control_15,RE_Sb,0
SHF-007,control_15,RE_Sl,0
SHF-007,control_15,T1_1,0
SHF-007,control_15,T1_2,0
SHF-007,control_15,t1_MOLLI,0
SHF-007,control_15,t2_MOLLI,0
