subject,study,parameter,value
GOT-002,drug_05,BAT,0.012015704040830672
GOT-002,drug_05,CO,0.3261515428780113
GOT-002,drug_05,Thl,0.8060705718780395
GOT-002,drug_05,Dhl,6.670133789790363
GOT-002,drug_05,To,13.355683376564253
GOT-002,drug_05,Eo,898.828913033209
GOT-002,drug_05,Toe,855.546782926804
GOT-002,drug_05,Eb,973.5628576780483
GOT-002,drug_05,H,0
GOT-002,drug_05,ve,40.82604195110474
GOT-002,drug_05,Te,88.95312090926247
GOT-002,drug_05,De,40.2640124253371
GOT-002,drug_05,khe,59.343731041606034
GOT-002,drug_05,Th,585.5036644818817
GOT-002,drug_05,Kbh,0
GOT-002,drug_05,Khe,0
GOT-002,drug_05,kbh,0
GOT-002,drug_05,CL,0.0
GOT-002,drug_05,AUC_Cb,0
GOT-002,drug_05,AUC_Cl,0
GOT-002,drug_05,AUC35_Cb,0
GOT-002,drug_05,AUC35_Cl,0
GOT-002,drug_05,RE_R1b,0
GOT-002,drug_05,RE_R1l,0
GOT-002,drug_05,RE_Sb,0
GOT-002,drug_05,RE_Sl,0
GOT-002,drug_05,T1_1,0
GOT-002,drug_05,T1_2,0
GOT-002,drug_05,t1_MOLLI,0
GOT-002,drug_05,t2_MOLLI,0
