subject,study,parameter,value
LDS-006,drug_35,BAT,0.004997428223613916
LDS-006,drug_35,CO,0.14567064782848713
LDS-006,drug_35,Thl,0.31738569635897135
LDS-006,drug_35,Dhl,0.8607434063546153
LDS-006,drug_35,To,1.1324994630634355
LDS-006,drug_35,Eo,0.602422133344883
LDS-006,drug_35,Toe,0.7585926431862834
LDS-006,drug_35,Eb,0.2791278279348695
LDS-006,drug_35,H,0
LDS-006,drug_35,ve,1.3693430230527452
LDS-006,drug_35,Te,3.302386534753207
LDS-006,drug_35,De,3.5631336101895226
LDS-006,drug_35,khe,0.2986655603622289
LDS-006,drug_35,Th,3917.356778236273
LDS-006,drug_35,Kbh,0
LDS-006,drug_35,Khe,0
LDS-006,drug_35,kbh,0
LDS-006,drug_35,CL,0.0
LDS-006,drug_35,AUC_Cb,0
LDS-006,drug_35,AUC_Cl,0
LDS-006,drug_35,AUC35_Cb,0
LDS-006,drug_35,AUC35_Cl,0
LDS-006,drug_35,RE_R1b,0
LDS-006,drug_35,RE_R1l,0
LDS-006,drug_35,RE_Sb,0
LDS-006,drug_35,RE_Sl,0
LDS-006,drug_35,T1_1,0
LDS-006,drug_35,T1_2,0
LDS-006,drug_35,t1_MOLLI,0
LDS-006,drug_35,t2_MOLLI,0
