subject,study,parameter,value
GOT-001,control_05,BAT,1.3108166049822407
GOT-001,control_05,CO,11.12963657381448
GOT-001,control_05,Thl,13.192559460289655
GOT-001,control_05,Dhl,52.23904493299003
GOT-001,control_05,To,25.183673579844584
GOT-001,control_05,Eo,22.020641499524306
GOT-001,control_05,Toe,2.0945238202913417
GOT-001,control_05,Eb,4.674807530634281
GOT-001,control_05,H,45.0
GOT-001,control_05,ve,22.95712511300836
GOT-001,control_05,Te,59.999999376264846
GOT-001,control_05,De,80.07717346198719
GOT-001,control_05,khe,1.400706618952602
GOT-001,control_05,Th,10.00000180387857
GOT-001,control_05,Kbh,9.999998196121757
GOT-001,control_05,Khe,6.101402558279868
GOT-001,control_05,kbh,7.704286098939505
GOT-001,control_05,CL,0.011614596202131686
GOT-001,control_05,AUC_Cb,52.13879896861067
GOT-001,control_05,AUC_Cl,29.065957481181705
GOT-001,control_05,AUC35_Cb,39.91347358479567
GOT-001,control_05,AUC35_Cl,21.010668029336966
GOT-001,control_05,RE_R1b,28.53313914800486
GOT-001,control_05,RE_R1l,8.969233704502669
GOT-001,control_05,RE_Sb,46.990718305599174
GOT-001,control_05,RE_Sl,12.474086467161841
GOT-001,control_05,T1_1,0.991830017
GOT-001,control_05,T1_2,0.853159973
GOT-001,control_05,t1_MOLLI,12.486702777777777
GOT-001,control_05,t2_MOLLI,13.096444444444444
