subject,study,parameter,value
GOT-001,control_05,BAT,0.0068698689267164435
GOT-001,control_05,CO,0.32040261925055186
GOT-001,control_05,Thl,0.6903852552400592
GOT-001,control_05,Dhl,1.362942605553398
GOT-001,control_05,To,5.051274868390359
GOT-001,control_05,Eo,20.420097814338714
GOT-001,control_05,Toe,5.4518718583427885
GOT-001,control_05,Eb,32.92316500569275
GOT-001,control_05,H,0
GOT-001,control_05,ve,38.95372252868596
GOT-001,control_05,Te,92.01826649604362
GOT-001,control_05,De,32.47390929124361
GOT-001,control_05,khe,57.35805144603457
GOT-001,control_05,Th,1629.11715732178
GOT-001,control_05,Kbh,0
GOT-001,control_05,Khe,0
GOT-001,control_05,kbh,0
GOT-001,control_05,CL,0.0
GOT-001,control_05,AUC_Cb,0
GOT-001,control_05,AUC_Cl,0
GOT-001,control_05,AUC35_Cb,0
GOT-001,control_05,AUC35_Cl,0
GOT-001,control_05,RE_R1b,0
GOT-001,control_05,RE_R1l,0
GOT-001,control_05,RE_Sb,0
GOT-001,control_05,RE_Sl,0
GOT-001,control_05,T1_1,0
GOT-001,control_05,T1_2,0
GOT-001,control_05,t1_MOLLI,0
GOT-001,control_05,t2_MOLLI,0
