subject,study,parameter,value
LDS-008,control_15,BAT,1.2688447937037735
LDS-008,control_15,CO,10.638211166428787
LDS-008,control_15,Thl,14.929186056634556
LDS-008,control_15,Dhl,47.9954137340639
LDS-008,control_15,To,24.54244807489769
LDS-008,control_15,Eo,19.876858624529742
LDS-008,control_15,Toe,6.54740480152408
LDS-008,control_15,Eb,1.0119491927466389
LDS-008,control_15,H,45.0
LDS-008,control_15,ve,20.212841195735823
LDS-008,control_15,Te,24.80238903171494
LDS-008,control_15,De,58.42282955815712
LDS-008,control_15,khe,38.63289332103385
LDS-008,control_15,Th,29.377833226092353
LDS-008,control_15,Kbh,3.4039270095380467
LDS-008,control_15,Khe,191.13044498258853
LDS-008,control_15,kbh,2.715896648681362
LDS-008,control_15,CL,0.39765187959277276
LDS-008,control_15,AUC_Cb,110.62489689937604
LDS-008,control_15,AUC_Cl,1158.1375655284344
LDS-008,control_15,AUC35_Cb,32.33093507922994
LDS-008,control_15,AUC35_Cl,183.28538016816094
LDS-008,control_15,RE_R1b,22.796632131402166
LDS-008,control_15,RE_R1l,72.3318031398213
LDS-008,control_15,RE_Sb,13.260234081610687
LDS-008,control_15,RE_Sl,46.17400511875559
LDS-008,control_15,T1_1,0.74397998
LDS-008,control_15,T1_2,0.46023999
LDS-008,control_15,t1_MOLLI,14.109626388888888
LDS-008,control_15,t2_MOLLI,15.427624999999999
