subject,study,parameter,value
LDS-008,control_15,BAT,0.026718562047051565
LDS-008,control_15,CO,0.45272060396619307
LDS-008,control_15,Thl,2.038755835526632
LDS-008,control_15,Dhl,3.5717318069218087
LDS-008,control_15,To,1.9731321385172205
LDS-008,control_15,Eo,1.7782293812907888
LDS-008,control_15,Toe,2.304831301676884
LDS-008,control_15,Eb,3.5594809046393046
LDS-008,control_15,H,0
LDS-008,control_15,ve,2.9935450478791217
LDS-008,control_15,Te,4.182906494655293
LDS-008,control_15,De,9.354239974120885
LDS-008,control_15,khe,1.4790918680172513
LDS-008,control_15,Th,4.682275146333457
LDS-008,control_15,Kbh,0
LDS-008,control_15,Khe,0
LDS-008,control_15,kbh,0
LDS-008,control_15,CL,0.0
LDS-008,control_15,AUC_Cb,0
LDS-008,control_15,AUC_Cl,0
LDS-008,control_15,AUC35_Cb,0
LDS-008,control_15,AUC35_Cl,0
LDS-008,control_15,RE_R1b,0
LDS-008,control_15,RE_R1l,0
LDS-008,control_15,RE_Sb,0
LDS-008,control_15,RE_Sl,0
LDS-008,control_15,T1_1,0
LDS-008,control_15,T1_2,0
LDS-008,control_15,t1_MOLLI,0
LDS-008,control_15,t2_MOLLI,0
