subject,study,parameter,value
SHF-006,drug_25,BAT,0.024735186665894044
SHF-006,drug_25,CO,0.16705063769120804
SHF-006,drug_25,Thl,1.6507181471371994
SHF-006,drug_25,Dhl,3.055625967637325
SHF-006,drug_25,To,2.9995572688858645
SHF-006,drug_25,Eo,1.3001853485912054
SHF-006,drug_25,Toe,1.0303217073908404
SHF-006,drug_25,Eb,1.0228782581457496
SHF-006,drug_25,H,0
SHF-006,drug_25,ve,2.64213126373615
SHF-006,drug_25,Te,5.882153768977244
SHF-006,drug_25,De,5.6304429962165345
SHF-006,drug_25,khe,0.8347913856554897
SHF-006,drug_25,Th,497.0909042277017
SHF-006,drug_25,Kbh,0
SHF-006,drug_25,Khe,0
SHF-006,drug_25,kbh,0
SHF-006,drug_25,CL,0.0
SHF-006,drug_25,AUC_Cb,0
SHF-006,drug_25,AUC_Cl,0
SHF-006,drug_25,AUC35_Cb,0
SHF-006,drug_25,AUC35_Cl,0
SHF-006,drug_25,RE_R1b,0
SHF-006,drug_25,RE_R1l,0
SHF-006,drug_25,RE_Sb,0
SHF-006,drug_25,RE_Sl,0
SHF-006,drug_25,T1_1,0
SHF-006,drug_25,T1_2,0
SHF-006,drug_25,t1_MOLLI,0
SHF-006,drug_25,t2_MOLLI,0
