subject,study,parameter,value
LDS-009,control,S02a,5614.095989879327
LDS-009,control,S02l,4185.8233331507845
LDS-009,control,BAT2,129.4158887141668
LDS-009,control,BAT,1.3030721919139352
LDS-009,control,CO,11.388944922614348
LDS-009,control,Thl,9.41827282156907
LDS-009,control,Dhl,51.71816688353875
LDS-009,control,To,35.43864878731361
LDS-009,control,Eo,13.825573476248785
LDS-009,control,Toe,6.645758566779027
LDS-009,control,Eb,5.701092055342727
LDS-009,control,H,45.0
LDS-009,control,ve,15.884277898652005
LDS-009,control,Te,36.24849575309691
LDS-009,control,De,72.7236411223615
LDS-009,control,khe_i,22.937511028256786
LDS-009,control,khe_f,20.67653063012903
LDS-009,control,Th_i,30.451269550126923
LDS-009,control,Th_f,26.672839876272942
LDS-009,control,Th,28.562054713199934
LDS-009,control,khe,21.807020829192904
LDS-009,control,Kbh,3.5011486744959237
LDS-009,control,Khe,137.28682517600328
LDS-009,control,kbh,2.94501648939402
LDS-009,control,kbh_i,2.7623059184078382
LDS-009,control,kbh_f,3.1536095328257066
LDS-009,control,CL,0.25865669598314656
LDS-009,control,AUC_Cb,41.78664927044066
LDS-009,control,AUC_Cl,287.4620386098399
LDS-009,control,AUC35_Cb,29.52312405265828
LDS-009,control,AUC35_Cl,108.62345448492971
LDS-009,control,RE_R1b,17.91278058980001
LDS-009,control,RE_R1l,51.206636465440795
LDS-009,control,RE_Sb,3.7769611044079423
LDS-009,control,RE_Sl,40.87363225313824
LDS-009,control,T1_1,0.847049988
LDS-009,control,T1_2,0.621599976
LDS-009,control,t1_MOLLI,13.793121388888888
LDS-009,control,t2_MOLLI,15.155603333333334
LDS-009,control,T1_3,0.726429993
LDS-009,control,t3_MOLLI,16.022020555555557
LDS-009,control,t0,14.234743750000002
LDS-009,control,t1,15.06007291666667
LDS-009,control,t2,16.22125833333333
LDS-009,control,t3,17.043949305555554
LDS-009,control,dt1,1.9549999999944703
LDS-009,control,dt2,1.9549999999944703
