subject,study,parameter,value
LDS-009,control,S02a,12.785715023225615
LDS-009,control,S02l,16.08185808509723
LDS-009,control,BAT2,0.002073404467331203
LDS-009,control,BAT,0.0020799709346869004
LDS-009,control,CO,0.1609355948227359
LDS-009,control,Thl,0.16751075554297865
LDS-009,control,Dhl,1.081273418945372
LDS-009,control,To,1.1724682640608848
LDS-009,control,Eo,0.5645368587837506
LDS-009,control,Toe,0.4034779538112272
LDS-009,control,Eb,0.1766908378145779
LDS-009,control,H,0
LDS-009,control,ve,1.980078058830908
LDS-009,control,Te,5.8686214719536265
LDS-009,control,De,5.857298503529205
LDS-009,control,khe_i,0.46897129204171883
LDS-009,control,khe_f,0.6024579504474132
LDS-009,control,Th_i,1.0035368591882154
LDS-009,control,Th_f,1.1618694143905488
LDS-009,control,Th,0.0
LDS-009,control,khe,0
LDS-009,control,Kbh,0
LDS-009,control,Khe,0
LDS-009,control,kbh,0
LDS-009,control,kbh_i,0
LDS-009,control,kbh_f,0
LDS-009,control,CL,0.0
LDS-009,control,AUC_Cb,0
LDS-009,control,AUC_Cl,0
LDS-009,control,AUC35_Cb,0
LDS-009,control,AUC35_Cl,0
LDS-009,control,RE_R1b,0
LDS-009,control,RE_R1l,0
LDS-009,control,RE_Sb,0
LDS-009,control,RE_Sl,0
LDS-009,control,T1_1,0
LDS-009,control,T1_2,0
LDS-009,control,t1_MOLLI,0
LDS-009,control,t2_MOLLI,0
LDS-009,control,T1_3,0
LDS-009,control,t3_MOLLI,0
LDS-009,control,t0,0
LDS-009,control,t1,0
LDS-009,control,t2,0
LDS-009,control,t3,0
LDS-009,control,dt1,0
LDS-009,control,dt2,0
