subject,study,parameter,value
SHF-003,drug_35,BAT,0.1075644472202908
SHF-003,drug_35,CO,2.5530004568446407
SHF-003,drug_35,Thl,8.480845442507738
SHF-003,drug_35,Dhl,22.817438450247256
SHF-003,drug_35,To,1.4814982286194134
SHF-003,drug_35,Eo,2.681404507125899
SHF-003,drug_35,Toe,1.2975844433818577
SHF-003,drug_35,Eb,2.205882022002598
SHF-003,drug_35,H,0
SHF-003,drug_35,ve,4.063804074473076
SHF-003,drug_35,Te,6.586129300348112
SHF-003,drug_35,De,5.069268550490407
SHF-003,drug_35,khe,0.9097793773472352
SHF-003,drug_35,Th,4.620382262650399
SHF-003,drug_35,Kbh,0
SHF-003,drug_35,Khe,0
SHF-003,drug_35,kbh,0
SHF-003,drug_35,CL,0.0
SHF-003,drug_35,AUC_Cb,0
SHF-003,drug_35,AUC_Cl,0
SHF-003,drug_35,AUC35_Cb,0
SHF-003,drug_35,AUC35_Cl,0
SHF-003,drug_35,RE_R1b,0
SHF-003,drug_35,RE_R1l,0
SHF-003,drug_35,RE_Sb,0
SHF-003,drug_35,RE_Sl,0
SHF-003,drug_35,T1_1,0
SHF-003,drug_35,T1_2,0
SHF-003,drug_35,t1_MOLLI,0
SHF-003,drug_35,t2_MOLLI,0
