subject,study,parameter,value
LDS-002,drug_40,BAT,0.039194709836883494
LDS-002,drug_40,CO,0.32158494387583725
LDS-002,drug_40,Thl,2.886466227671352
LDS-002,drug_40,Dhl,14.658414769715531
LDS-002,drug_40,To,1.9866947277443048
LDS-002,drug_40,Eo,1.267377643694661
LDS-002,drug_40,Toe,0.6657763128729495
LDS-002,drug_40,Eb,0.6109464574533594
LDS-002,drug_40,H,0
LDS-002,drug_40,ve,1.2806482624378728
LDS-002,drug_40,Te,5.382338581393442
LDS-002,drug_40,De,6.12220039068778
LDS-002,drug_40,khe,0.2510997626712361
LDS-002,drug_40,Th,1514.7143998145086
LDS-002,drug_40,Kbh,0
LDS-002,drug_40,Khe,0
LDS-002,drug_40,kbh,0
LDS-002,drug_40,CL,0.0
LDS-002,drug_40,AUC_Cb,0
LDS-002,drug_40,AUC_Cl,0
LDS-002,drug_40,AUC35_Cb,0
LDS-002,drug_40,AUC35_Cl,0
LDS-002,drug_40,RE_R1b,0
LDS-002,drug_40,RE_R1l,0
LDS-002,drug_40,RE_Sb,0
LDS-002,drug_40,RE_Sl,0
LDS-002,drug_40,T1_1,0
LDS-002,drug_40,T1_2,0
LDS-002,drug_40,t1_MOLLI,0
LDS-002,drug_40,t2_MOLLI,0
