subject,study,parameter,value
SHF-021,control_10,BAT,1.3936478712852833
SHF-021,control_10,CO,8.438485705732207
SHF-021,control_10,Thl,8.971962937543902
SHF-021,control_10,Dhl,78.46953102309216
SHF-021,control_10,To,34.207179114541184
SHF-021,control_10,Eo,25.122405563195016
SHF-021,control_10,Toe,5.4614964359477955
SHF-021,control_10,Eb,1.0002090885129618
SHF-021,control_10,H,45.0
SHF-021,control_10,ve,38.20233093984041
SHF-021,control_10,Te,55.5503287236153
SHF-021,control_10,De,91.61858977375445
SHF-021,control_10,khe,36.31483043180246
SHF-021,control_10,Th,54.454425852752486
SHF-021,control_10,Kbh,1.8363980233747215
SHF-021,control_10,Khe,95.05920067806775
SHF-021,control_10,kbh,1.1348511731124227
SHF-021,control_10,CL,0.35748158398467617
SHF-021,control_10,AUC_Cb,127.76049856281408
SHF-021,control_10,AUC_Cl,2025.0151344538874
SHF-021,control_10,AUC35_Cb,35.74759793217493
SHF-021,control_10,AUC35_Cl,230.92379238917107
SHF-021,control_10,RE_R1b,23.976146556973703
SHF-021,control_10,RE_R1l,97.51794669333907
SHF-021,control_10,RE_Sb,12.30172227324126
SHF-021,control_10,RE_Sl,56.185797565124005
SHF-021,control_10,T1_1,0.80253
SHF-021,control_10,T1_2,0.47129
SHF-021,control_10,t1_MOLLI,11.305833333333334
SHF-021,control_10,t2_MOLLI,12.15
