subject,study,parameter,value
SHF-021,control_10,BAT,0.4000995491863955
SHF-021,control_10,CO,1.3687316197702013
SHF-021,control_10,Thl,35.80674910045203
SHF-021,control_10,Dhl,240.1502695446217
SHF-021,control_10,To,13.029625042654896
SHF-021,control_10,Eo,14.24950410871074
SHF-021,control_10,Toe,8.218331714994516
SHF-021,control_10,Eb,23.974675165946397
SHF-021,control_10,H,0
SHF-021,control_10,ve,23.981807320996673
SHF-021,control_10,Te,49.54173216463728
SHF-021,control_10,De,10.911506426904676
SHF-021,control_10,khe,10.596276458245246
SHF-021,control_10,Th,144.48722700513449
SHF-021,control_10,Kbh,0
SHF-021,control_10,Khe,0
SHF-021,control_10,kbh,0
SHF-021,control_10,CL,0.0
SHF-021,control_10,AUC_Cb,0
SHF-021,control_10,AUC_Cl,0
SHF-021,control_10,AUC35_Cb,0
SHF-021,control_10,AUC35_Cl,0
SHF-021,control_10,RE_R1b,0
SHF-021,control_10,RE_R1l,0
SHF-021,control_10,RE_Sb,0
SHF-021,control_10,RE_Sl,0
SHF-021,control_10,T1_1,0
SHF-021,control_10,T1_2,0
SHF-021,control_10,t1_MOLLI,0
SHF-021,control_10,t2_MOLLI,0
