subject,study,parameter,value
LDS-006,control_35,BAT,1.250940873976092
LDS-006,control_35,CO,4.9015844954071035
LDS-006,control_35,Thl,10.527991040368711
LDS-006,control_35,Dhl,51.32664036814055
LDS-006,control_35,To,41.45137647991757
LDS-006,control_35,Eo,20.741023140838987
LDS-006,control_35,Toe,5.681845374781039
LDS-006,control_35,Eb,7.142373215523877
LDS-006,control_35,H,45.0
LDS-006,control_35,ve,28.534370297316197
LDS-006,control_35,Te,59.97898176435249
LDS-006,control_35,De,72.82663360727526
LDS-006,control_35,khe,44.48787622741318
LDS-006,control_35,Th,36.18702225422077
LDS-006,control_35,Kbh,2.7634216293753275
LDS-006,control_35,Khe,155.9097879640172
LDS-006,control_35,kbh,1.9748966687732428
LDS-006,control_35,CL,0.3074779130811111
LDS-006,control_35,AUC_Cb,38.84364929713553
LDS-006,control_35,AUC_Cl,633.0942591951027
LDS-006,control_35,AUC35_Cb,26.926225289248155
LDS-006,control_35,AUC35_Cl,207.7655827972209
LDS-006,control_35,RE_R1b,16.081189942201366
LDS-006,control_35,RE_R1l,94.01578585436545
LDS-006,control_35,RE_Sb,11.964358567522236
LDS-006,control_35,RE_Sl,76.31825025435461
LDS-006,control_35,T1_1,0.83976001
LDS-006,control_35,T1_2,0.498440002
LDS-006,control_35,t1_MOLLI,12.696229722222224
LDS-006,control_35,t2_MOLLI,13.722150833333334
