subject,study,parameter,value
LDS-006,control_35,BAT,0.010054422943102654
LDS-006,control_35,CO,0.11379998234609266
LDS-006,control_35,Thl,0.77458194457337
LDS-006,control_35,Dhl,1.9234382611358614
LDS-006,control_35,To,2.5758572348422146
LDS-006,control_35,Eo,1.2756005653706766
LDS-006,control_35,Toe,0.5508310066835909
LDS-006,control_35,Eb,0.490406773231869
LDS-006,control_35,H,0
LDS-006,control_35,ve,8.490531331047666
LDS-006,control_35,Te,16.39004399586451
LDS-006,control_35,De,8.141772102192824
LDS-006,control_35,khe,1.2551950346695742
LDS-006,control_35,Th,1.986216281289107
LDS-006,control_35,Kbh,0
LDS-006,control_35,Khe,0
LDS-006,control_35,kbh,0
LDS-006,control_35,CL,0.0
LDS-006,control_35,AUC_Cb,0
LDS-006,control_35,AUC_Cl,0
LDS-006,control_35,AUC35_Cb,0
LDS-006,control_35,AUC35_Cl,0
LDS-006,control_35,RE_R1b,0
LDS-006,control_35,RE_R1l,0
LDS-006,control_35,RE_Sb,0
LDS-006,control_35,RE_Sl,0
LDS-006,control_35,T1_1,0
LDS-006,control_35,T1_2,0
LDS-006,control_35,t1_MOLLI,0
LDS-006,control_35,t2_MOLLI,0
