subject,study,parameter,value
LDS-002,control_25,BAT,1.2679721960818555
LDS-002,control_25,CO,4.681012576692182
LDS-002,control_25,Thl,18.97044059298686
LDS-002,control_25,Dhl,48.271654922356774
LDS-002,control_25,To,24.483255399232487
LDS-002,control_25,Eo,31.421309174149346
LDS-002,control_25,Toe,7.50719611301949
LDS-002,control_25,Eb,1.0282816801338883
LDS-002,control_25,H,45.0
LDS-002,control_25,ve,14.698699406885623
LDS-002,control_25,Te,40.32774541896856
LDS-002,control_25,De,65.8574789954921
LDS-002,control_25,khe,34.80536541427965
LDS-002,control_25,Th,57.696899438035686
LDS-002,control_25,Kbh,1.7331953878630215
LDS-002,control_25,Khe,236.79214365030847
LDS-002,control_25,kbh,1.4784382076670304
LDS-002,control_25,CL,0.23795704354298083
LDS-002,control_25,AUC_Cb,54.621471382931055
LDS-002,control_25,AUC_Cl,829.5676939687311
LDS-002,control_25,AUC35_Cb,14.930526858846493
LDS-002,control_25,AUC35_Cl,92.27421300881272
LDS-002,control_25,RE_R1b,9.411909201828635
LDS-002,control_25,RE_R1l,36.74274810736404
LDS-002,control_25,RE_Sb,9.90810604820676
LDS-002,control_25,RE_Sl,28.340284396371647
LDS-002,control_25,T1_1,0.756169983
LDS-002,control_25,T1_2,0.582789978
LDS-002,control_25,t1_MOLLI,10.691066388888888
LDS-002,control_25,t2_MOLLI,11.615237777777777
