subject,study,parameter,value
LDS-002,control_25,BAT,0.004714433578956262
LDS-002,control_25,CO,0.142443760288998
LDS-002,control_25,Thl,0.6617909415448221
LDS-002,control_25,Dhl,1.4411891611419225
LDS-002,control_25,To,2.4197803587706876
LDS-002,control_25,Eo,1.4157553182421578
LDS-002,control_25,Toe,1.1890500536137287
LDS-002,control_25,Eb,2.0902562379926897
LDS-002,control_25,H,0
LDS-002,control_25,ve,8.530256949772264
LDS-002,control_25,Te,21.603548682863195
LDS-002,control_25,De,21.953524667371948
LDS-002,control_25,khe,1.3475841962098567
LDS-002,control_25,Th,9.679059316225183
LDS-002,control_25,Kbh,0
LDS-002,control_25,Khe,0
LDS-002,control_25,kbh,0
LDS-002,control_25,CL,0.0
LDS-002,control_25,AUC_Cb,0
LDS-002,control_25,AUC_Cl,0
LDS-002,control_25,AUC35_Cb,0
LDS-002,control_25,AUC35_Cl,0
LDS-002,control_25,RE_R1b,0
LDS-002,control_25,RE_R1l,0
LDS-002,control_25,RE_Sb,0
LDS-002,control_25,RE_Sl,0
LDS-002,control_25,T1_1,0
LDS-002,control_25,T1_2,0
LDS-002,control_25,t1_MOLLI,0
LDS-002,control_25,t2_MOLLI,0
