subject,study,parameter,value
SHF-017,drug_30,BAT,0.004521222454776008
SHF-017,drug_30,CO,0.1597662519698213
SHF-017,drug_30,Thl,0.4567376063631554
SHF-017,drug_30,Dhl,0.6375066660567488
SHF-017,drug_30,To,1.3706145723400258
SHF-017,drug_30,Eo,1.2197236318933236
SHF-017,drug_30,Toe,0.3227464639794257
SHF-017,drug_30,Eb,0.2613227892542161
SHF-017,drug_30,H,0
SHF-017,drug_30,ve,2.4958236748648472
SHF-017,drug_30,Te,6.70995679332994
SHF-017,drug_30,De,5.827417301586942
SHF-017,drug_30,khe,0.5420710669632847
SHF-017,drug_30,Th,1405.948408194769
SHF-017,drug_30,Kbh,0
SHF-017,drug_30,Khe,0
SHF-017,drug_30,kbh,0
SHF-017,drug_30,CL,0.0
SHF-017,drug_30,AUC_Cb,0
SHF-017,drug_30,AUC_Cl,0
SHF-017,drug_30,AUC35_Cb,0
SHF-017,drug_30,AUC35_Cl,0
SHF-017,drug_30,RE_R1b,0
SHF-017,drug_30,RE_R1l,0
SHF-017,drug_30,RE_Sb,0
SHF-017,drug_30,RE_Sl,0
SHF-017,drug_30,T1_1,0
SHF-017,drug_30,T1_2,0
SHF-017,drug_30,t1_MOLLI,0
SHF-017,drug_30,t2_MOLLI,0
