subject,study,parameter,value
SHF-016,control_05,BAT,1.1197432355425472
SHF-016,control_05,CO,15.300206377086868
SHF-016,control_05,Thl,19.970799740834433
SHF-016,control_05,Dhl,40.57581150450733
SHF-016,control_05,To,6.15394606899858
SHF-016,control_05,Eo,41.044638765859226
SHF-016,control_05,Toe,0.9579690145794421
SHF-016,control_05,Eb,6.184516084066057
SHF-016,control_05,H,45.0
SHF-016,control_05,ve,42.89731594730515
SHF-016,control_05,Te,46.10372719859327
SHF-016,control_05,De,87.50606892251096
SHF-016,control_05,khe,74.38793547304451
SHF-016,control_05,Th,10.001028583179707
SHF-016,control_05,Kbh,9.998971522607746
SHF-016,control_05,Khe,173.4093003963751
SHF-016,control_05,kbh,5.709681117073634
SHF-016,control_05,CL,0.6991283552365547
SHF-016,control_05,AUC_Cb,21.5377707643419
SHF-016,control_05,AUC_Cl,177.02989160174232
SHF-016,control_05,AUC35_Cb,19.49623692903636
SHF-016,control_05,AUC35_Cl,137.54556204271665
SHF-016,control_05,RE_R1b,11.13724723050363
SHF-016,control_05,RE_R1l,48.09402611746865
SHF-016,control_05,RE_Sb,18.827164879387265
SHF-016,control_05,RE_Sl,36.054418030993254
SHF-016,control_05,T1_1,0.65575
SHF-016,control_05,T1_2,0.41641
SHF-016,control_05,t1_MOLLI,11.832777777777778
SHF-016,control_05,t2_MOLLI,12.673333333333334
