subject,study,parameter,value
SHF-016,control_05,BAT,0.02614828342033397
SHF-016,control_05,CO,0.6482788175653621
SHF-016,control_05,Thl,2.1057033094108735
SHF-016,control_05,Dhl,2.0709897675767275
SHF-016,control_05,To,2.7549393527250023
SHF-016,control_05,Eo,4.495511675426686
SHF-016,control_05,Toe,0.5173920718843237
SHF-016,control_05,Eb,8.292415774716565
SHF-016,control_05,H,0
SHF-016,control_05,ve,189.27741848311163
SHF-016,control_05,Te,189.39539532961498
SHF-016,control_05,De,54.56069998869245
SHF-016,control_05,khe,106.54466580146335
SHF-016,control_05,Th,44.80263998621593
SHF-016,control_05,Kbh,0
SHF-016,control_05,Khe,0
SHF-016,control_05,kbh,0
SHF-016,control_05,CL,0.0
SHF-016,control_05,AUC_Cb,0
SHF-016,control_05,AUC_Cl,0
SHF-016,control_05,AUC35_Cb,0
SHF-016,control_05,AUC35_Cl,0
SHF-016,control_05,RE_R1b,0
SHF-016,control_05,RE_R1l,0
SHF-016,control_05,RE_Sb,0
SHF-016,control_05,RE_Sl,0
SHF-016,control_05,T1_1,0
SHF-016,control_05,T1_2,0
SHF-016,control_05,t1_MOLLI,0
SHF-016,control_05,t2_MOLLI,0
