subject,study,parameter,value
LDS-006,control_15,BAT,1.1391307370790609
LDS-006,control_15,CO,4.827321940365654
LDS-006,control_15,Thl,18.129239337253175
LDS-006,control_15,Dhl,35.68598069359993
LDS-006,control_15,To,25.905804166801786
LDS-006,control_15,Eo,29.708882375602624
LDS-006,control_15,Toe,4.535368387198022
LDS-006,control_15,Eb,4.268569710024153
LDS-006,control_15,H,45.0
LDS-006,control_15,ve,19.757350309250935
LDS-006,control_15,Te,44.08328078890012
LDS-006,control_15,De,62.29075320116074
LDS-006,control_15,khe,46.56485154924365
LDS-006,control_15,Th,33.081843552102235
LDS-006,control_15,Kbh,3.0228061456884965
LDS-006,control_15,Khe,235.68368642753026
LDS-006,control_15,kbh,2.425579746315254
LDS-006,control_15,CL,0.32183292598873753
LDS-006,control_15,AUC_Cb,64.2241913588347
LDS-006,control_15,AUC_Cl,968.3811306871467
LDS-006,control_15,AUC35_Cb,31.372308273713344
LDS-006,control_15,AUC35_Cl,227.35972243209446
LDS-006,control_15,RE_R1b,20.910708376877693
LDS-006,control_15,RE_R1l,102.71836009471937
LDS-006,control_15,RE_Sb,10.976652249035501
LDS-006,control_15,RE_Sl,69.94414663234758
LDS-006,control_15,T1_1,0.83976001
LDS-006,control_15,T1_2,0.498440002
LDS-006,control_15,t1_MOLLI,12.696229722222224
LDS-006,control_15,t2_MOLLI,13.722150833333334
