subject,study,parameter,value
LDS-006,control_15,BAT,0.004722973573601229
LDS-006,control_15,CO,0.08749127356301255
LDS-006,control_15,Thl,0.32152995886689567
LDS-006,control_15,Dhl,1.1835912591378146
LDS-006,control_15,To,2.1630931966829023
LDS-006,control_15,Eo,1.4269561453893147
LDS-006,control_15,Toe,0.9342184647048641
LDS-006,control_15,Eb,2.394395188511755
LDS-006,control_15,H,0
LDS-006,control_15,ve,7.1265406201567005
LDS-006,control_15,Te,12.881016381381919
LDS-006,control_15,De,12.147513703622339
LDS-006,control_15,khe,1.7219922350715176
LDS-006,control_15,Th,4.981434933251775
LDS-006,control_15,Kbh,0
LDS-006,control_15,Khe,0
LDS-006,control_15,kbh,0
LDS-006,control_15,CL,0.0
LDS-006,control_15,AUC_Cb,0
LDS-006,control_15,AUC_Cl,0
LDS-006,control_15,AUC35_Cb,0
LDS-006,control_15,AUC35_Cl,0
LDS-006,control_15,RE_R1b,0
LDS-006,control_15,RE_R1l,0
LDS-006,control_15,RE_Sb,0
LDS-006,control_15,RE_Sl,0
LDS-006,control_15,T1_1,0
LDS-006,control_15,T1_2,0
LDS-006,control_15,t1_MOLLI,0
LDS-006,control_15,t2_MOLLI,0
