subject,study,parameter,value
GOT-001,control_05,BAT,1.3108166049822407
GOT-001,control_05,CO,11.12963657381448
GOT-001,control_05,Thl,13.192559460289655
GOT-001,control_05,Dhl,52.23904493299003
GOT-001,control_05,To,25.183673579844584
GOT-001,control_05,Eo,22.020641499524306
GOT-001,control_05,Toe,2.0945238202913417
GOT-001,control_05,Eb,4.674807530634281
GOT-001,control_05,H,45.0
GOT-001,control_05,ve,22.95712511300836
GOT-001,control_05,Te,59.999999376264846
GOT-001,control_05,De,80.07717346198719
GOT-001,control_05,khe,1.400706618952602
GOT-001,control_05,Th,10.00000180387857
GOT-001,control_05,Kbh,9.999998196121757
GOT-001,control_05,Khe,6.101402558279868
GOT-001,control_05,kbh,7.704286098939505
GOT-001,control_05,CL,0.011614596202131686
GOT-001,control_05,AUC_Cb,52.13879896861067
GOT-001,control_05,AUC_Cl,29.065957481181705
GOT-001,control_05,AUC35_Cb,39.91347358479567
GOT-001,control_05,AUC35_Cl,21.010668029336966
GOT-001,control_05,RE_R1b,28.53313914800486
GOT-001,control_05,RE_R1l,8.969233704502669
GOT-001,control_05,RE_Sb,46.990718305599174
GOT-001,control_05,RE_Sl,12.474086467161841
GOT-001,control_05,T1_1,0.991830017
GOT-001,control_05,T1_2,0.853159973
GOT-001,control_05,t1_MOLLI,12.486702777777777
GOT-001,control_05,t2_MOLLI,13.096444444444444
GOT-001,control_10,BAT,1.2376147479861028
GOT-001,control_10,CO,10.688951977489479
GOT-001,control_10,Thl,17.904598542570643
GOT-001,control_10,Dhl,40.810745959960585
GOT-001,control_10,To,20.713472942221056
GOT-001,control_10,Eo,24.683664717109686
GOT-001,control_10,Toe,2.5503707130455884
GOT-001,control_10,Eb,4.115193803071681
GOT-001,control_10,H,45.0
GOT-001,control_10,ve,22.57133417512442
GOT-001,control_10,Te,59.999999994000106
GOT-001,control_10,De,80.30022194178598
GOT-001,control_10,khe,1.8549143779075292
GOT-001,control_10,Th,64.41001958296614
GOT-001,control_10,Kbh,1.5525534792174784
GOT-001,control_10,Khe,8.21800946065389
GOT-001,control_10,kbh,1.2021214451757805
GOT-001,control_10,CL,0.01538086648368531
GOT-001,control_10,AUC_Cb,61.4403949991275
GOT-001,control_10,AUC_Cl,90.99978768378797
GOT-001,control_10,AUC35_Cb,40.50971293460231
GOT-001,control_10,AUC35_Cl,29.38828091071695
GOT-001,control_10,RE_R1b,29.95371048218134
GOT-001,control_10,RE_R1l,13.83089549937632
GOT-001,control_10,RE_Sb,35.11887945655142
GOT-001,control_10,RE_Sl,10.834817935850884
GOT-001,control_10,T1_1,0.991830017
GOT-001,control_10,T1_2,0.853159973
GOT-001,control_10,t1_MOLLI,12.486702777777777
GOT-001,control_10,t2_MOLLI,13.096444444444444
GOT-001,control_15,BAT,1.1968391843282582
GOT-001,control_15,CO,10.287098302609284
GOT-001,control_15,Thl,20.873404193068918
GOT-001,control_15,Dhl,37.54407388297213
GOT-001,control_15,To,18.938935905774766
GOT-001,control_15,Eo,25.14272948686747
GOT-001,control_15,Toe,3.3008171412902927
GOT-001,control_15,Eb,3.135769253788645
GOT-001,control_15,H,45.0
GOT-001,control_15,ve,22.065447320283074
GOT-001,control_15,Te,59.99999997154433
GOT-001,control_15,De,80.36342631962486
GOT-001,control_15,khe,2.312200144482356
GOT-001,control_15,Th,15.78862614263222
GOT-001,control_15,Kbh,6.33367330992666
GOT-001,control_15,Khe,10.478827421535787
GOT-001,control_15,kbh,4.9361199622859635
GOT-001,control_15,CL,0.01917265946580199
GOT-001,control_15,AUC_Cb,83.21290560015062
GOT-001,control_15,AUC_Cl,63.57542523110918
GOT-001,control_15,AUC35_Cb,42.08197776127563
GOT-001,control_15,AUC35_Cl,26.65227740874826
GOT-001,control_15,RE_R1b,31.8346955749171
GOT-001,control_15,RE_R1l,12.36991336682818
GOT-001,control_15,RE_Sb,29.157894194371526
GOT-001,control_15,RE_Sl,9.949796642684397
GOT-001,control_15,T1_1,0.991830017
GOT-001,control_15,T1_2,0.853159973
GOT-001,control_15,t1_MOLLI,12.486702777777777
GOT-001,control_15,t2_MOLLI,13.096444444444444
GOT-001,control_20,BAT,1.26569650180665
GOT-001,control_20,CO,10.97656870662517
GOT-001,control_20,Thl,15.884090488770946
GOT-001,control_20,Dhl,43.04981964371153
GOT-001,control_20,To,25.573446197375745
GOT-001,control_20,Eo,19.793713311099502
GOT-001,control_20,Toe,4.5704316424022435
GOT-001,control_20,Eb,2.655851637601736
GOT-001,control_20,H,45.0
GOT-001,control_20,ve,22.80554104313648
GOT-001,control_20,Te,59.999999994
GOT-001,control_20,De,80.33538917783898
GOT-001,control_20,khe,1.6817563396957673
GOT-001,control_20,Th,96.79877453918019
GOT-001,control_20,Kbh,1.0330709296275655
GOT-001,control_20,Khe,7.374332126191351
GOT-001,control_20,kbh,0.7974735147666394
GOT-001,control_20,CL,0.013945047829178787
GOT-001,control_20,AUC_Cb,89.96029304476771
GOT-001,control_20,AUC_Cl,141.25650211740924
GOT-001,control_20,AUC35_Cb,40.91308729964434
GOT-001,control_20,AUC35_Cl,28.974964524838278
GOT-001,control_20,RE_R1b,30.556043803271777
GOT-001,control_20,RE_R1l,13.43121717150224
GOT-001,control_20,RE_Sb,33.86543836035978
GOT-001,control_20,RE_Sl,12.275186072028736
GOT-001,control_20,T1_1,0.991830017
GOT-001,control_20,T1_2,0.853159973
GOT-001,control_20,t1_MOLLI,12.486702777777777
GOT-001,control_20,t2_MOLLI,13.096444444444444
GOT-001,drug_05,BAT,1.303097281481285
GOT-001,drug_05,CO,7.166345153461276
GOT-001,drug_05,Thl,9.897431880197512
GOT-001,drug_05,Dhl,50.64297456541153
GOT-001,drug_05,To,30.52448347091842
GOT-001,drug_05,Eo,25.53609353629775
GOT-001,drug_05,Toe,1.6704898655181772
GOT-001,drug_05,Eb,2.508770383748922
GOT-001,drug_05,H,45.0
GOT-001,drug_05,ve,13.097204644879861
GOT-001,drug_05,Te,59.915258139144484
GOT-001,drug_05,De,75.87564140607476
GOT-001,drug_05,khe,2.7899576046379226
GOT-001,drug_05,Th,10.000483602925458
GOT-001,drug_05,Kbh,9.99951642046059
GOT-001,drug_05,Khe,21.30193182656431
GOT-001,drug_05,kbh,8.689859291374502
GOT-001,drug_05,CL,0.024390742168590336
GOT-001,drug_05,AUC_Cb,150.32559423696046
GOT-001,drug_05,AUC_Cl,77.70762966524393
GOT-001,drug_05,AUC35_Cb,77.770787006195
GOT-001,drug_05,AUC35_Cl,34.79015683864299
GOT-001,drug_05,RE_R1b,64.5604272484988
GOT-001,drug_05,RE_R1l,15.4666201815153
GOT-001,drug_05,RE_Sb,64.57014491804675
GOT-001,drug_05,RE_Sl,9.357685606659622
GOT-001,drug_05,T1_1,0.903049988
GOT-001,drug_05,T1_2,0.766559998
GOT-001,drug_05,t1_MOLLI,12.369991666666667
GOT-001,drug_05,t2_MOLLI,13.056072222222223
GOT-001,drug_10,BAT,1.3123811472868359
GOT-001,drug_10,CO,7.259727977831413
GOT-001,drug_10,Thl,9.863886042933743
GOT-001,drug_10,Dhl,53.517337911038844
GOT-001,drug_10,To,31.204209922292346
GOT-001,drug_10,Eo,22.063616845664605
GOT-001,drug_10,Toe,3.928145076247569
GOT-001,drug_10,Eb,2.195191814600685
GOT-001,drug_10,H,45.0
GOT-001,drug_10,ve,13.278734535883133
GOT-001,drug_10,Te,59.99999999400005
GOT-001,drug_10,De,76.75925685779461
GOT-001,drug_10,khe,2.5656184705124008
GOT-001,drug_10,Th,37.7281811602062
GOT-001,drug_10,Kbh,2.6505385874650913
GOT-001,drug_10,Khe,19.32125733502186
GOT-001,drug_10,kbh,2.2985806046644552
GOT-001,drug_10,CL,0.0224294944529676
GOT-001,drug_10,AUC_Cb,158.27774963221486
GOT-001,drug_10,AUC_Cl,177.98300603688426
GOT-001,drug_10,AUC35_Cb,64.23109288893095
GOT-001,drug_10,AUC35_Cl,39.252347222590224
GOT-001,drug_10,RE_R1b,51.595893707755735
GOT-001,drug_10,RE_R1l,17.697052587538607
GOT-001,drug_10,RE_Sb,34.04047413209221
GOT-001,drug_10,RE_Sl,11.247151701594602
GOT-001,drug_10,T1_1,0.903049988
GOT-001,drug_10,T1_2,0.766559998
GOT-001,drug_10,t1_MOLLI,12.369991666666667
GOT-001,drug_10,t2_MOLLI,13.056072222222223
GOT-001,drug_15,BAT,1.3640769777557975
GOT-001,drug_15,CO,7.381677707698822
GOT-001,drug_15,Thl,6.262881403368837
GOT-001,drug_15,Dhl,78.3032460167593
GOT-001,drug_15,To,35.2498106656489
GOT-001,drug_15,Eo,18.713723723333686
GOT-001,drug_15,Toe,5.04815453188707
GOT-001,drug_15,Eb,3.028692753360148
GOT-001,drug_15,H,45.0
GOT-001,drug_15,ve,12.774945651066574
GOT-001,drug_15,Te,59.99992548929199
GOT-001,drug_15,De,76.3936548021814
GOT-001,drug_15,khe,2.9625794720330907
GOT-001,drug_15,Th,16.741353248972857
GOT-001,drug_15,Kbh,5.973232779502778
GOT-001,drug_15,Khe,23.190544625023485
GOT-001,drug_15,kbh,5.210155538309605
GOT-001,drug_15,CL,0.0258998602474088
GOT-001,drug_15,AUC_Cb,118.50229108018965
GOT-001,drug_15,AUC_Cl,85.6386483868994
GOT-001,drug_15,AUC35_Cb,57.47231783844782
GOT-001,drug_15,AUC35_Cl,31.610542135446078
GOT-001,drug_15,RE_R1b,43.95248813201009
GOT-001,drug_15,RE_R1l,13.862577222309547
GOT-001,drug_15,RE_Sb,50.72057931331945
GOT-001,drug_15,RE_Sl,11.720645544553532
GOT-001,drug_15,T1_1,0.903049988
GOT-001,drug_15,T1_2,0.766559998
GOT-001,drug_15,t1_MOLLI,12.369991666666667
GOT-001,drug_15,t2_MOLLI,13.056072222222223
GOT-001,drug_20,BAT,1.2546115043589503
GOT-001,drug_20,CO,6.615178519479094
GOT-001,drug_20,Thl,13.474564413970926
GOT-001,drug_20,Dhl,42.74087656559583
GOT-001,drug_20,To,33.20737367601704
GOT-001,drug_20,Eo,21.528247659878552
GOT-001,drug_20,Toe,5.230309064959296
GOT-001,drug_20,Eb,2.8428730596345075
GOT-001,drug_20,H,45.0
GOT-001,drug_20,ve,12.51333305643065
GOT-001,drug_20,Te,59.132708375126
GOT-001,drug_20,De,76.21867375118346
GOT-001,drug_20,khe,3.21015574672051
GOT-001,drug_20,Th,13.39296268736167
GOT-001,drug_20,Kbh,7.4666078248963865
GOT-001,drug_20,Khe,25.653882400826838
GOT-001,drug_20,kbh,6.53228631974959
GOT-001,drug_20,CL,0.028064254814882745
GOT-001,drug_20,AUC_Cb,135.48544662545086
GOT-001,drug_20,AUC_Cl,88.15662411197202
GOT-001,drug_20,AUC35_Cb,57.87169068771481
GOT-001,drug_20,AUC35_Cl,30.492672508504814
GOT-001,drug_20,RE_R1b,44.63509834225915
GOT-001,drug_20,RE_R1l,13.249863683649274
GOT-001,drug_20,RE_Sb,31.78830992041969
GOT-001,drug_20,RE_Sl,10.4510833180175
GOT-001,drug_20,T1_1,0.903049988
GOT-001,drug_20,T1_2,0.766559998
GOT-001,drug_20,t1_MOLLI,12.369991666666667
GOT-001,drug_20,t2_MOLLI,13.056072222222223
GOT-002,control_05,BAT,1.3631376950954908
GOT-002,control_05,CO,8.366096758023296
GOT-002,control_05,Thl,20.63966794460151
GOT-002,control_05,Dhl,45.49161937709254
GOT-002,control_05,To,33.075217186543476
GOT-002,control_05,Eo,21.68240107294807
GOT-002,control_05,Toe,3.5374027094178015
GOT-002,control_05,Eb,5.6431458603252445
GOT-002,control_05,H,45.0
GOT-002,control_05,ve,41.93502200895771
GOT-002,control_05,Te,59.999981017106755
GOT-002,control_05,De,86.03310553333469
GOT-002,control_05,khe,9.48306251462459
GOT-002,control_05,Th,10.000003259328475
GOT-002,control_05,Kbh,9.99999674067259
GOT-002,control_05,Khe,22.61370582468973
GOT-002,control_05,kbh,5.806495906576484
GOT-002,control_05,CL,0.12130590222734805
GOT-002,control_05,AUC_Cb,42.99078549233734
GOT-002,control_05,AUC_Cl,73.54578808287881
GOT-002,control_05,AUC35_Cb,29.549928955759043
GOT-002,control_05,AUC35_Cl,44.81245462616741
GOT-002,control_05,RE_R1b,20.90078473948817
GOT-002,control_05,RE_R1l,18.25792852734401
GOT-002,control_05,RE_Sb,36.57796787981509
GOT-002,control_05,RE_Sl,17.2316140853832
GOT-002,control_05,T1_1,0.871559998
GOT-002,control_05,T1_2,0.655630005
GOT-002,control_05,t1_MOLLI,13.43755
GOT-002,control_05,t2_MOLLI,14.05385
GOT-002,control_10,BAT,1.3135111980359018
GOT-002,control_10,CO,8.496050829727968
GOT-002,control_10,Thl,24.25574314363735
GOT-002,control_10,Dhl,41.58794770476961
GOT-002,control_10,To,20.26075630959829
GOT-002,control_10,Eo,25.484221554050734
GOT-002,control_10,Toe,1.9520262563354824
GOT-002,control_10,Eb,11.966636689435955
GOT-002,control_10,H,45.0
GOT-002,control_10,ve,38.30270892840032
GOT-002,control_10,Te,53.337252845896764
GOT-002,control_10,De,84.20546627878248
GOT-002,control_10,khe,11.255099731440053
GOT-002,control_10,Th,599.8547654916935
GOT-002,control_10,Kbh,0.1667070193533117
GOT-002,control_10,Khe,29.38460502226967
GOT-002,control_10,kbh,0.10285371496720074
GOT-002,control_10,CL,0.14397353444370575
GOT-002,control_10,AUC_Cb,20.165925837737376
GOT-002,control_10,AUC_Cl,350.4218919541667
GOT-002,control_10,AUC35_Cb,19.440281919159695
GOT-002,control_10,AUC35_Cl,69.2452992008609
GOT-002,control_10,RE_R1b,9.086829812234736
GOT-002,control_10,RE_R1l,30.675649111451335
GOT-002,control_10,RE_Sb,3.8822597759239983
GOT-002,control_10,RE_Sl,16.7142319113437
GOT-002,control_10,T1_1,0.871559998
GOT-002,control_10,T1_2,0.655630005
GOT-002,control_10,t1_MOLLI,13.43755
GOT-002,control_10,t2_MOLLI,14.05385
GOT-002,control_15,BAT,1.4803313102714013
GOT-002,control_15,CO,8.926670488747623
GOT-002,control_15,Thl,13.155053993808897
GOT-002,control_15,Dhl,67.92406723965861
GOT-002,control_15,To,38.06669520331736
GOT-002,control_15,Eo,21.223936831558362
GOT-002,control_15,Toe,9.27436618082029
GOT-002,control_15,Eb,1.976098114187886
GOT-002,control_15,H,45.0
GOT-002,control_15,ve,37.66179299126867
GOT-002,control_15,Te,54.26983006479775
GOT-002,control_15,De,84.32186401412068
GOT-002,control_15,khe,11.707530425141458
GOT-002,control_15,Th,70.36220626098593
GOT-002,control_15,Kbh,1.4212175159642126
GOT-002,control_15,Khe,31.085961382283827
GOT-002,control_15,kbh,0.8859615171461201
GOT-002,control_15,CL,0.14976095948811044
GOT-002,control_15,AUC_Cb,79.62511315388798
GOT-002,control_15,AUC_Cl,533.9829040410262
GOT-002,control_15,AUC35_Cb,26.6739225461258
GOT-002,control_15,AUC35_Cl,73.57948060894434
GOT-002,control_15,RE_R1b,18.03636244659374
GOT-002,control_15,RE_R1l,31.936525277147567
GOT-002,control_15,RE_Sb,10.373595104716834
GOT-002,control_15,RE_Sl,20.25299583000926
GOT-002,control_15,T1_1,0.871559998
GOT-002,control_15,T1_2,0.655630005
GOT-002,control_15,t1_MOLLI,13.43755
GOT-002,control_15,t2_MOLLI,14.05385
GOT-002,control_20,BAT,1.4674622246084235
GOT-002,control_20,CO,8.685039049896728
GOT-002,control_20,Thl,14.387303739783057
GOT-002,control_20,Dhl,65.61121459032564
GOT-002,control_20,To,38.07592359988646
GOT-002,control_20,Eo,22.522648594043602
GOT-002,control_20,Toe,10.057912402199596
GOT-002,control_20,Eb,1.1030729916578543
GOT-002,control_20,H,45.0
GOT-002,control_20,ve,38.31594087236674
GOT-002,control_20,Te,55.73598488211745
GOT-002,control_20,De,84.96970643554921
GOT-002,control_20,khe,11.174999965647634
GOT-002,control_20,Th,172.41092708375305
GOT-002,control_20,Kbh,0.5800096414505237
GOT-002,control_20,Khe,29.16540664595029
GOT-002,control_20,kbh,0.3577734901783147
GOT-002,control_20,CL,0.14294891034756974
GOT-002,control_20,AUC_Cb,92.8964099602883
GOT-002,control_20,AUC_Cl,828.11654570631
GOT-002,control_20,AUC35_Cb,26.623338225722204
GOT-002,control_20,AUC35_Cl,76.84210766618351
GOT-002,control_20,RE_R1b,18.026497859962255
GOT-002,control_20,RE_R1l,33.26303469484383
GOT-002,control_20,RE_Sb,15.856672358229448
GOT-002,control_20,RE_Sl,23.69551751217526
GOT-002,control_20,T1_1,0.871559998
GOT-002,control_20,T1_2,0.655630005
GOT-002,control_20,t1_MOLLI,13.43755
GOT-002,control_20,t2_MOLLI,14.05385
GOT-002,drug_05,BAT,1.4036095947412612
GOT-002,drug_05,CO,8.54755090107139
GOT-002,drug_05,Thl,10.78570821822786
GOT-002,drug_05,Dhl,80.80949181197346
GOT-002,drug_05,To,39.93591300834126
GOT-002,drug_05,Eo,11.600921310279203
GOT-002,drug_05,Toe,8.866550747000304
GOT-002,drug_05,Eb,5.828253283750544
GOT-002,drug_05,H,45.0
GOT-002,drug_05,ve,23.357052011870543
GOT-002,drug_05,Te,59.991736169092036
GOT-002,drug_05,De,74.47478744639801
GOT-002,drug_05,khe,4.128195773477076
GOT-002,drug_05,Th,10.000092138194335
GOT-002,drug_05,Kbh,9.999907862654602
GOT-002,drug_05,Khe,17.674301411749397
GOT-002,drug_05,kbh,7.664224182035235
GOT-002,drug_05,CL,0.058348552781658194
GOT-002,drug_05,AUC_Cb,40.810702035632914
GOT-002,drug_05,AUC_Cl,34.17168263743416
GOT-002,drug_05,AUC35_Cb,28.23377704261793
GOT-002,drug_05,AUC35_Cl,21.528786761354244
GOT-002,drug_05,RE_R1b,16.98968857204524
GOT-002,drug_05,RE_R1l,7.560039622589235
GOT-002,drug_05,RE_Sb,42.621208864124284
GOT-002,drug_05,RE_Sl,10.159589034848054
GOT-002,drug_05,T1_1,0.844919983
GOT-002,drug_05,T1_2,0.694609985
GOT-002,drug_05,t1_MOLLI,13.244752777777778
GOT-002,drug_05,t2_MOLLI,13.923530555555555
GOT-002,drug_10,BAT,1.2457606887237977
GOT-002,drug_10,CO,8.030316890620332
GOT-002,drug_10,Thl,20.778820310946504
GOT-002,drug_10,Dhl,44.9327967687383
GOT-002,drug_10,To,24.686703771151862
GOT-002,drug_10,Eo,21.70173316998715
GOT-002,drug_10,Toe,5.469391861009009
GOT-002,drug_10,Eb,5.251888091945137
GOT-002,drug_10,H,45.0
GOT-002,drug_10,ve,19.98387418404052
GOT-002,drug_10,Te,51.899904479448836
GOT-002,drug_10,De,70.17314902951506
GOT-002,drug_10,khe,6.129110565239696
GOT-002,drug_10,Th,599.9999823202263
GOT-002,drug_10,Kbh,0.16666667157771506
GOT-002,drug_10,Khe,30.67028199234017
GOT-002,drug_10,kbh,0.1333602136228965
GOT-002,drug_10,CL,0.08662978960886075
GOT-002,drug_10,AUC_Cb,48.08475674256954
GOT-002,drug_10,AUC_Cl,399.74428005459214
GOT-002,drug_10,AUC35_Cb,29.27377715641917
GOT-002,drug_10,AUC35_Cl,49.118938167693834
GOT-002,drug_10,RE_R1b,19.73515976675814
GOT-002,drug_10,RE_R1l,21.02072748044236
GOT-002,drug_10,RE_Sb,23.694449948908566
GOT-002,drug_10,RE_Sl,14.347829210392327
GOT-002,drug_10,T1_1,0.844919983
GOT-002,drug_10,T1_2,0.694609985
GOT-002,drug_10,t1_MOLLI,13.244752777777778
GOT-002,drug_10,t2_MOLLI,13.923530555555555
GOT-002,drug_15,BAT,1.327878902419996
GOT-002,drug_15,CO,9.063318177192278
GOT-002,drug_15,Thl,15.803250208110066
GOT-002,drug_15,Dhl,52.26854096851443
GOT-002,drug_15,To,23.12421729081981
GOT-002,drug_15,Eo,17.567790153759567
GOT-002,drug_15,Toe,4.7373614144165135
GOT-002,drug_15,Eb,7.409136959086536
GOT-002,drug_15,H,45.0
GOT-002,drug_15,ve,19.75755960983127
GOT-002,drug_15,Te,48.75723120119399
GOT-002,drug_15,De,70.41430794719702
GOT-002,drug_15,khe,6.292364403056896
GOT-002,drug_15,Th,599.9999944551163
GOT-002,drug_15,Kbh,0.16666666820691217
GOT-002,drug_15,Khe,31.84788267031646
GOT-002,drug_15,kbh,0.1337374018862118
GOT-002,drug_15,CL,0.0889372444136657
GOT-002,drug_15,AUC_Cb,30.178476751332646
GOT-002,drug_15,AUC_Cl,281.4083859923764
GOT-002,drug_15,AUC35_Cb,25.0106515875448
GOT-002,drug_15,AUC35_Cl,45.66845094016435
GOT-002,drug_15,RE_R1b,15.101295474903399
GOT-002,drug_15,RE_R1l,19.632651004428563
GOT-002,drug_15,RE_Sb,11.378677530282312
GOT-002,drug_15,RE_Sl,10.661838722069824
GOT-002,drug_15,T1_1,0.844919983
GOT-002,drug_15,T1_2,0.694609985
GOT-002,drug_15,t1_MOLLI,13.244752777777778
GOT-002,drug_15,t2_MOLLI,13.923530555555555
GOT-002,drug_20,BAT,1.4316384489845362
GOT-002,drug_20,CO,10.20160799144876
GOT-002,drug_20,Thl,7.856964011772973
GOT-002,drug_20,Dhl,78.55052808845072
GOT-002,drug_20,To,28.078599854581533
GOT-002,drug_20,Eo,17.184522067149093
GOT-002,drug_20,Toe,9.348117302295025
GOT-002,drug_20,Eb,2.270799787609195
GOT-002,drug_20,H,45.0
GOT-002,drug_20,ve,18.905734391698655
GOT-002,drug_20,Te,48.3628270734449
GOT-002,drug_20,De,69.21510457957737
GOT-002,drug_20,khe,6.627640932346932
GOT-002,drug_20,Th,599.9998318031677
GOT-002,drug_20,Kbh,0.16666671338802208
GOT-002,drug_20,Khe,35.056246930333856
GOT-002,drug_20,kbh,0.13515714723550898
GOT-002,drug_20,CL,0.09367609434695107
GOT-002,drug_20,AUC_Cb,73.59812385211973
GOT-002,drug_20,AUC_Cl,548.9882966046348
GOT-002,drug_20,AUC35_Cb,28.50914256927248
GOT-002,drug_20,AUC35_Cl,50.102766079689616
GOT-002,drug_20,RE_R1b,19.00993068982753
GOT-002,drug_20,RE_R1l,21.299846389890458
GOT-002,drug_20,RE_Sb,15.10136413745041
GOT-002,drug_20,RE_Sl,15.83502511202125
GOT-002,drug_20,T1_1,0.844919983
GOT-002,drug_20,T1_2,0.694609985
GOT-002,drug_20,t1_MOLLI,13.244752777777778
GOT-002,drug_20,t2_MOLLI,13.923530555555555
GOT-003,control_05,BAT,1.1600203278545462
GOT-003,control_05,CO,9.2171595706972
GOT-003,control_05,Thl,12.95148363071774
GOT-003,control_05,Dhl,24.50617864915787
GOT-003,control_05,To,25.685444422953697
GOT-003,control_05,Eo,33.53556641587503
GOT-003,control_05,Toe,1.4104368917437013
GOT-003,control_05,Eb,4.588322360128822
GOT-003,control_05,H,45.0
GOT-003,control_05,ve,29.531065666538513
GOT-003,control_05,Te,59.99999999559347
GOT-003,control_05,De,89.87336396739703
GOT-003,control_05,khe,12.66927104786922
GOT-003,control_05,Th,10.000000231564945
GOT-003,control_05,Kbh,9.99999976843506
GOT-003,control_05,Khe,42.901503084681096
GOT-003,control_05,kbh,7.046893270164803
GOT-003,control_05,CL,0.12614929972482886
GOT-003,control_05,AUC_Cb,48.12074331205087
GOT-003,control_05,AUC_Cl,86.8025703915987
GOT-003,control_05,AUC35_Cb,34.00184660241613
GOT-003,control_05,AUC35_Cl,52.22564503455099
GOT-003,control_05,RE_R1b,25.86670300910423
GOT-003,control_05,RE_R1l,28.59944352881638
GOT-003,control_05,RE_Sb,37.238778940716244
GOT-003,control_05,RE_Sl,24.59279187514
GOT-003,control_05,T1_1,1.084219971
GOT-003,control_05,T1_2,0.871650024
GOT-003,control_05,t1_MOLLI,12.362388888888889
GOT-003,control_05,t2_MOLLI,13.050686111111112
GOT-003,control_10,BAT,1.1770356485090328
GOT-003,control_10,CO,9.262938474746928
GOT-003,control_10,Thl,11.954861148646732
GOT-003,control_10,Dhl,27.130361120893063
GOT-003,control_10,To,31.22921963151553
GOT-003,control_10,Eo,26.618046998186628
GOT-003,control_10,Toe,2.7991406709983795
GOT-003,control_10,Eb,4.241222894702734
GOT-003,control_10,H,45.0
GOT-003,control_10,ve,30.778554976317906
GOT-003,control_10,Te,59.97455595522546
GOT-003,control_10,De,89.9938345322451
GOT-003,control_10,khe,11.26227878845994
GOT-003,control_10,Th,10.019228408338583
GOT-003,control_10,Kbh,9.980808493873061
GOT-003,control_10,Khe,36.59131754926613
GOT-003,control_10,kbh,6.9088598645053345
GOT-003,control_10,CL,0.1121397258849364
GOT-003,control_10,AUC_Cb,51.75507841622538
GOT-003,control_10,AUC_Cl,87.35042740573303
GOT-003,control_10,AUC35_Cb,31.219541061526446
GOT-003,control_10,AUC35_Cl,44.892803962947774
GOT-003,control_10,RE_R1b,23.642361570204766
GOT-003,control_10,RE_R1l,23.822290870812786
GOT-003,control_10,RE_Sb,21.280320715722493
GOT-003,control_10,RE_Sl,21.64071265542876
GOT-003,control_10,T1_1,1.084219971
GOT-003,control_10,T1_2,0.871650024
GOT-003,control_10,t1_MOLLI,12.362388888888889
GOT-003,control_10,t2_MOLLI,13.050686111111112
GOT-003,control_15,BAT,1.1561749727217514
GOT-003,control_15,CO,9.241577772262936
GOT-003,control_15,Thl,13.299225637590261
GOT-003,control_15,Dhl,25.29546213974555
GOT-003,control_15,To,29.242793343090057
GOT-003,control_15,Eo,24.968670064236296
GOT-003,control_15,Toe,2.9518025069582365
GOT-003,control_15,Eb,5.950836563419661
GOT-003,control_15,H,45.0
GOT-003,control_15,ve,31.18464966930284
GOT-003,control_15,Te,59.999999999816694
GOT-003,control_15,De,89.71990901596247
GOT-003,control_15,khe,9.927756766305887
GOT-003,control_15,Th,16.367589058392014
GOT-003,control_15,Kbh,6.109635306901102
GOT-003,control_15,Khe,31.835396169540584
GOT-003,control_15,kbh,4.204366940371958
GOT-003,control_15,CL,0.09885174602200578
GOT-003,control_15,AUC_Cb,36.93763731525189
GOT-003,control_15,AUC_Cl,80.95082027162904
GOT-003,control_15,AUC35_Cb,27.249747052864254
GOT-003,control_15,AUC35_Cl,45.586920427060775
GOT-003,control_15,RE_R1b,19.46142826306141
GOT-003,control_15,RE_R1l,24.733069690499924
GOT-003,control_15,RE_Sb,18.410461963488377
GOT-003,control_15,RE_Sl,19.437114219295857
GOT-003,control_15,T1_1,1.084219971
GOT-003,control_15,T1_2,0.871650024
GOT-003,control_15,t1_MOLLI,12.362388888888889
GOT-003,control_15,t2_MOLLI,13.050686111111112
GOT-003,control_20,BAT,1.1689246395004604
GOT-003,control_20,CO,9.266359995078416
GOT-003,control_20,Thl,12.571580437930661
GOT-003,control_20,Dhl,26.956431948170234
GOT-003,control_20,To,32.324223153380906
GOT-003,control_20,Eo,22.796390634461048
GOT-003,control_20,Toe,3.5837866912036285
GOT-003,control_20,Eb,5.587631230639429
GOT-003,control_20,H,45.0
GOT-003,control_20,ve,32.3533306157621
GOT-003,control_20,Te,59.99999999316376
GOT-003,control_20,De,89.71328805372534
GOT-003,control_20,khe,8.564434706047512
GOT-003,control_20,Th,30.978473723137142
GOT-003,control_20,Kbh,3.2280479953185104
GOT-003,control_20,Khe,26.471570447448894
GOT-003,control_20,kbh,2.183666954957632
GOT-003,control_20,CL,0.0852770010701303
GOT-003,control_20,AUC_Cb,39.341790109505965
GOT-003,control_20,AUC_Cl,126.45563149765293
GOT-003,control_20,AUC35_Cb,27.27162527216433
GOT-003,control_20,AUC35_Cl,50.52112147588921
GOT-003,control_20,RE_R1b,19.517089446116753
GOT-003,control_20,RE_R1l,27.626800741349644
GOT-003,control_20,RE_Sb,14.556008324813142
GOT-003,control_20,RE_Sl,21.387441061784916
GOT-003,control_20,T1_1,1.084219971
GOT-003,control_20,T1_2,0.871650024
GOT-003,control_20,t1_MOLLI,12.362388888888889
GOT-003,control_20,t2_MOLLI,13.050686111111112
GOT-003,drug_05,BAT,1.0585605668356657
GOT-003,drug_05,CO,7.9509150691290795
GOT-003,drug_05,Thl,19.498028340876395
GOT-003,drug_05,Dhl,30.596689675553296
GOT-003,drug_05,To,12.498343834860743
GOT-003,drug_05,Eo,41.51775898110539
GOT-003,drug_05,Toe,1.1578941841807335
GOT-003,drug_05,Eb,1.3833078497777862
GOT-003,drug_05,H,45.0
GOT-003,drug_05,ve,18.33242068114496
GOT-003,drug_05,Te,59.99999999291376
GOT-003,drug_05,De,85.85782840843032
GOT-003,drug_05,khe,7.780646133925196
GOT-003,drug_05,Th,10.000000173637591
GOT-003,drug_05,Kbh,9.999999826362412
GOT-003,drug_05,Khe,42.44200080967841
GOT-003,drug_05,kbh,8.16675779007989
GOT-003,drug_05,CL,0.07871621626730023
GOT-003,drug_05,AUC_Cb,163.18154741788152
GOT-003,drug_05,AUC_Cl,178.90807154589544
GOT-003,drug_05,AUC35_Cb,57.30355208955366
GOT-003,drug_05,AUC35_Cl,51.68894078791271
GOT-003,drug_05,RE_R1b,48.55446381075227
GOT-003,drug_05,RE_R1l,26.92644415229405
GOT-003,drug_05,RE_Sb,36.651249533143414
GOT-003,drug_05,RE_Sl,13.685364570310696
GOT-003,drug_05,T1_1,1.000679993
GOT-003,drug_05,T1_2,0.916929993
GOT-003,drug_05,t1_MOLLI,12.120336111111111
GOT-003,drug_05,t2_MOLLI,12.812519444444444
GOT-003,drug_10,BAT,1.0813113514472525
GOT-003,drug_10,CO,7.942352676723478
GOT-003,drug_10,Thl,18.168812045343618
GOT-003,drug_10,Dhl,33.13890535303681
GOT-003,drug_10,To,18.319839840126065
GOT-003,drug_10,Eo,31.4571485273292
GOT-003,drug_10,Toe,2.0269885027413554
GOT-003,drug_10,Eb,2.618918506124419
GOT-003,drug_10,H,45.0
GOT-003,drug_10,ve,21.46105230744699
GOT-003,drug_10,Te,59.999999995062346
GOT-003,drug_10,De,84.34570744589601
GOT-003,drug_10,khe,3.3389877708681155
GOT-003,drug_10,Th,10.000000014879427
GOT-003,drug_10,Kbh,9.999999985120573
GOT-003,drug_10,Khe,15.558359967789118
GOT-003,drug_10,kbh,7.8538947575691545
GOT-003,drug_10,CL,0.03378029008921538
GOT-003,drug_10,AUC_Cb,96.7354074277398
GOT-003,drug_10,AUC_Cl,69.94991202350482
GOT-003,drug_10,AUC35_Cb,46.399719122191385
GOT-003,drug_10,AUC35_Cl,29.59010067217997
GOT-003,drug_10,RE_R1b,37.24355473126834
GOT-003,drug_10,RE_R1l,14.172549700990297
GOT-003,drug_10,RE_Sb,30.689856992263508
GOT-003,drug_10,RE_Sl,9.375022930475641
GOT-003,drug_10,T1_1,1.000679993
GOT-003,drug_10,T1_2,0.916929993
GOT-003,drug_10,t1_MOLLI,12.120336111111111
GOT-003,drug_10,t2_MOLLI,12.812519444444444
GOT-003,drug_15,BAT,1.088496143473696
GOT-003,drug_15,CO,7.951732208301092
GOT-003,drug_15,Thl,17.71595545951323
GOT-003,drug_15,Dhl,33.800765039322
GOT-003,drug_15,To,22.31857105653626
GOT-003,drug_15,Eo,25.63007492056759
GOT-003,drug_15,Toe,2.7288855988473255
GOT-003,drug_15,Eb,3.4312288996945335
GOT-003,drug_15,H,45.0
GOT-003,drug_15,ve,22.00589960415065
GOT-003,drug_15,Te,59.999999594452035
GOT-003,drug_15,De,85.23849281049017
GOT-003,drug_15,khe,2.953090368856059
GOT-003,drug_15,Th,10.000000034752391
GOT-003,drug_15,Kbh,9.999999965247609
GOT-003,drug_15,Khe,13.41953940523777
GOT-003,drug_15,kbh,7.79941001248012
GOT-003,drug_15,CL,0.029876194872582522
GOT-003,drug_15,AUC_Cb,74.22711503997266
GOT-003,drug_15,AUC_Cl,51.608068863247944
GOT-003,drug_15,AUC35_Cb,41.527200786710345
GOT-003,drug_15,AUC35_Cl,25.925286125945306
GOT-003,drug_15,RE_R1b,32.29766247919464
GOT-003,drug_15,RE_R1l,12.08010269261535
GOT-003,drug_15,RE_Sb,20.819304421048695
GOT-003,drug_15,RE_Sl,11.4529663966474
GOT-003,drug_15,T1_1,1.000679993
GOT-003,drug_15,T1_2,0.916929993
GOT-003,drug_15,t1_MOLLI,12.120336111111111
GOT-003,drug_15,t2_MOLLI,12.812519444444444
GOT-003,drug_20,BAT,1.1206566410170968
GOT-003,drug_20,CO,7.940038835335367
GOT-003,drug_20,Thl,15.671023024561867
GOT-003,drug_20,Dhl,37.370154977907546
GOT-003,drug_20,To,30.130084432155474
GOT-003,drug_20,Eo,20.46499711609382
GOT-003,drug_20,Toe,3.8254487484833324
GOT-003,drug_20,Eb,3.1765846105586535
GOT-003,drug_20,H,45.0
GOT-003,drug_20,ve,21.852896266672474
GOT-003,drug_20,Te,59.99999999997929
GOT-003,drug_20,De,83.47044933987178
GOT-003,drug_20,khe,3.007835568837658
GOT-003,drug_20,Th,10.72527948704448
GOT-003,drug_20,Kbh,9.323766352270283
GOT-003,drug_20,Khe,13.76401339270009
GOT-003,drug_20,kbh,7.286253363161746
GOT-003,drug_20,CL,0.03043004797516208
GOT-003,drug_20,AUC_Cb,79.79859429642183
GOT-003,drug_20,AUC_Cl,57.380847828854776
GOT-003,drug_20,AUC35_Cb,40.83202018097781
GOT-003,drug_20,AUC35_Cl,25.981064562367514
GOT-003,drug_20,RE_R1b,31.327959929332565
GOT-003,drug_20,RE_R1l,12.02011211393359
GOT-003,drug_20,RE_Sb,28.9031208291321
GOT-003,drug_20,RE_Sl,7.28554188540411
GOT-003,drug_20,T1_1,1.000679993
GOT-003,drug_20,T1_2,0.916929993
GOT-003,drug_20,t1_MOLLI,12.120336111111111
GOT-003,drug_20,t2_MOLLI,12.812519444444444
