subject,study,parameter,value
GOT-001,control_05,BAT,0.0068698689267164435
GOT-001,control_05,CO,0.32040261925055186
GOT-001,control_05,Thl,0.6903852552400592
GOT-001,control_05,Dhl,1.362942605553398
GOT-001,control_05,To,5.051274868390359
GOT-001,control_05,Eo,20.420097814338714
GOT-001,control_05,Toe,5.4518718583427885
GOT-001,control_05,Eb,32.92316500569275
GOT-001,control_05,H,0.0
GOT-001,control_05,ve,38.95372252868596
GOT-001,control_05,Te,92.01826649604362
GOT-001,control_05,De,32.47390929124361
GOT-001,control_05,khe,57.35805144603457
GOT-001,control_05,Th,1629.11715732178
GOT-001,control_05,Kbh,0.0
GOT-001,control_05,Khe,0.0
GOT-001,control_05,kbh,0.0
GOT-001,control_05,CL,0.0
GOT-001,control_05,AUC_Cb,0.0
GOT-001,control_05,AUC_Cl,0.0
GOT-001,control_05,AUC35_Cb,0.0
GOT-001,control_05,AUC35_Cl,0.0
GOT-001,control_05,RE_R1b,0.0
GOT-001,control_05,RE_R1l,0.0
GOT-001,control_05,RE_Sb,0.0
GOT-001,control_05,RE_Sl,0.0
GOT-001,control_05,T1_1,0.0
GOT-001,control_05,T1_2,0.0
GOT-001,control_05,t1_MOLLI,0.0
GOT-001,control_05,t2_MOLLI,0.0
GOT-001,control_10,BAT,0.003654904235066456
GOT-001,control_10,CO,0.15898127066311005
GOT-001,control_10,Thl,0.2790633796686524
GOT-001,control_10,Dhl,0.9515519541435171
GOT-001,control_10,To,1.4888244285291543
GOT-001,control_10,Eo,1.2640787657311776
GOT-001,control_10,Toe,0.5769542940518236
GOT-001,control_10,Eb,1.8302240676815364
GOT-001,control_10,H,0.0
GOT-001,control_10,ve,3.8002036962667596
GOT-001,control_10,Te,12.674982679805609
GOT-001,control_10,De,5.758625876038089
GOT-001,control_10,khe,2.9285460267798715
GOT-001,control_10,Th,1300.9238832340118
GOT-001,control_10,Kbh,0.0
GOT-001,control_10,Khe,0.0
GOT-001,control_10,kbh,0.0
GOT-001,control_10,CL,0.0
GOT-001,control_10,AUC_Cb,0.0
GOT-001,control_10,AUC_Cl,0.0
GOT-001,control_10,AUC35_Cb,0.0
GOT-001,control_10,AUC35_Cl,0.0
GOT-001,control_10,RE_R1b,0.0
GOT-001,control_10,RE_R1l,0.0
GOT-001,control_10,RE_Sb,0.0
GOT-001,control_10,RE_Sl,0.0
GOT-001,control_10,T1_1,0.0
GOT-001,control_10,T1_2,0.0
GOT-001,control_10,t1_MOLLI,0.0
GOT-001,control_10,t2_MOLLI,0.0
GOT-001,control_15,BAT,0.0019398155076048122
GOT-001,control_15,CO,0.12847298216903427
GOT-001,control_15,Thl,0.1891100287350505
GOT-001,control_15,Dhl,0.6611766691579833
GOT-001,control_15,To,0.9778629373565575
GOT-001,control_15,Eo,0.8074646638331847
GOT-001,control_15,Toe,0.34108073673021644
GOT-001,control_15,Eb,0.7079956373873135
GOT-001,control_15,H,0.0
GOT-001,control_15,ve,2.322461626754139
GOT-001,control_15,Te,8.755572818662712
GOT-001,control_15,De,4.381821255048855
GOT-001,control_15,khe,1.4190252305686013
GOT-001,control_15,Th,21.310649564378533
GOT-001,control_15,Kbh,0.0
GOT-001,control_15,Khe,0.0
GOT-001,control_15,kbh,0.0
GOT-001,control_15,CL,0.0
GOT-001,control_15,AUC_Cb,0.0
GOT-001,control_15,AUC_Cl,0.0
GOT-001,control_15,AUC35_Cb,0.0
GOT-001,control_15,AUC35_Cl,0.0
GOT-001,control_15,RE_R1b,0.0
GOT-001,control_15,RE_R1l,0.0
GOT-001,control_15,RE_Sb,0.0
GOT-001,control_15,RE_Sl,0.0
GOT-001,control_15,T1_1,0.0
GOT-001,control_15,T1_2,0.0
GOT-001,control_15,t1_MOLLI,0.0
GOT-001,control_15,t2_MOLLI,0.0
GOT-001,control_20,BAT,0.0012056522501435365
GOT-001,control_20,CO,0.1428823297520099
GOT-001,control_20,Thl,0.16053555502435993
GOT-001,control_20,Dhl,0.7498709321650786
GOT-001,control_20,To,1.043067190403579
GOT-001,control_20,Eo,0.6342297745864119
GOT-001,control_20,Toe,0.43391352833322044
GOT-001,control_20,Eb,0.4847827181899615
GOT-001,control_20,H,0.0
GOT-001,control_20,ve,1.5381361594102951
GOT-001,control_20,Te,6.602129873029542
GOT-001,control_20,De,3.6131528455923663
GOT-001,control_20,khe,0.6159985584517484
GOT-001,control_20,Th,338.16716090393703
GOT-001,control_20,Kbh,0.0
GOT-001,control_20,Khe,0.0
GOT-001,control_20,kbh,0.0
GOT-001,control_20,CL,0.0
GOT-001,control_20,AUC_Cb,0.0
GOT-001,control_20,AUC_Cl,0.0
GOT-001,control_20,AUC35_Cb,0.0
GOT-001,control_20,AUC35_Cl,0.0
GOT-001,control_20,RE_R1b,0.0
GOT-001,control_20,RE_R1l,0.0
GOT-001,control_20,RE_Sb,0.0
GOT-001,control_20,RE_Sl,0.0
GOT-001,control_20,T1_1,0.0
GOT-001,control_20,T1_2,0.0
GOT-001,control_20,t1_MOLLI,0.0
GOT-001,control_20,t2_MOLLI,0.0
GOT-001,drug_05,BAT,0.005839509179801197
GOT-001,drug_05,CO,0.18597317054694953
GOT-001,drug_05,Thl,0.5200391513910293
GOT-001,drug_05,Dhl,1.246868390056532
GOT-001,drug_05,To,6.4153320706747925
GOT-001,drug_05,Eo,9.91967782277011
GOT-001,drug_05,Toe,2.842583342428461
GOT-001,drug_05,Eb,21.338622402839636
GOT-001,drug_05,H,0.0
GOT-001,drug_05,ve,21.982411687979777
GOT-001,drug_05,Te,86.35703975898207
GOT-001,drug_05,De,36.412815919346805
GOT-001,drug_05,khe,30.948870745768
GOT-001,drug_05,Th,442.53601928857273
GOT-001,drug_05,Kbh,0.0
GOT-001,drug_05,Khe,0.0
GOT-001,drug_05,kbh,0.0
GOT-001,drug_05,CL,0.0
GOT-001,drug_05,AUC_Cb,0.0
GOT-001,drug_05,AUC_Cl,0.0
GOT-001,drug_05,AUC35_Cb,0.0
GOT-001,drug_05,AUC35_Cl,0.0
GOT-001,drug_05,RE_R1b,0.0
GOT-001,drug_05,RE_R1l,0.0
GOT-001,drug_05,RE_Sb,0.0
GOT-001,drug_05,RE_Sl,0.0
GOT-001,drug_05,T1_1,0.0
GOT-001,drug_05,T1_2,0.0
GOT-001,drug_05,t1_MOLLI,0.0
GOT-001,drug_05,t2_MOLLI,0.0
GOT-001,drug_10,BAT,0.0037714315477269627
GOT-001,drug_10,CO,0.13330834180248693
GOT-001,drug_10,Thl,0.2882022882769496
GOT-001,drug_10,Dhl,1.8137340304303615
GOT-001,drug_10,To,2.1784690404768683
GOT-001,drug_10,Eo,2.1082059393116492
GOT-001,drug_10,Toe,1.6015863696330053
GOT-001,drug_10,Eb,4.2208436981318815
GOT-001,drug_10,H,0.0
GOT-001,drug_10,ve,3.1066354196168673
GOT-001,drug_10,Te,16.395623805268208
GOT-001,drug_10,De,7.913013365150665
GOT-001,drug_10,khe,2.3148321641174174
GOT-001,drug_10,Th,257.21145425928955
GOT-001,drug_10,Kbh,0.0
GOT-001,drug_10,Khe,0.0
GOT-001,drug_10,kbh,0.0
GOT-001,drug_10,CL,0.0
GOT-001,drug_10,AUC_Cb,0.0
GOT-001,drug_10,AUC_Cl,0.0
GOT-001,drug_10,AUC35_Cb,0.0
GOT-001,drug_10,AUC35_Cl,0.0
GOT-001,drug_10,RE_R1b,0.0
GOT-001,drug_10,RE_R1l,0.0
GOT-001,drug_10,RE_Sb,0.0
GOT-001,drug_10,RE_Sl,0.0
GOT-001,drug_10,T1_1,0.0
GOT-001,drug_10,T1_2,0.0
GOT-001,drug_10,t1_MOLLI,0.0
GOT-001,drug_10,t2_MOLLI,0.0
GOT-001,drug_15,BAT,0.04834903908903575
GOT-001,drug_15,CO,0.5242031461086301
GOT-001,drug_15,Thl,3.348372410239307
GOT-001,drug_15,Dhl,33.9183197000178
GOT-001,drug_15,To,1.798811060919982
GOT-001,drug_15,Eo,0.7746103375102354
GOT-001,drug_15,Toe,1.015906453104108
GOT-001,drug_15,Eb,1.9856600273450857
GOT-001,drug_15,H,0.0
GOT-001,drug_15,ve,1.9142671957619588
GOT-001,drug_15,Te,11.502095064098155
GOT-001,drug_15,De,6.002160743647862
GOT-001,drug_15,khe,1.0948255838301697
GOT-001,drug_15,Th,14.27289353629575
GOT-001,drug_15,Kbh,0.0
GOT-001,drug_15,Khe,0.0
GOT-001,drug_15,kbh,0.0
GOT-001,drug_15,CL,0.0
GOT-001,drug_15,AUC_Cb,0.0
GOT-001,drug_15,AUC_Cl,0.0
GOT-001,drug_15,AUC35_Cb,0.0
GOT-001,drug_15,AUC35_Cl,0.0
GOT-001,drug_15,RE_R1b,0.0
GOT-001,drug_15,RE_R1l,0.0
GOT-001,drug_15,RE_Sb,0.0
GOT-001,drug_15,RE_Sl,0.0
GOT-001,drug_15,T1_1,0.0
GOT-001,drug_15,T1_2,0.0
GOT-001,drug_15,t1_MOLLI,0.0
GOT-001,drug_15,t2_MOLLI,0.0
GOT-001,drug_20,BAT,0.007326404208900492
GOT-001,drug_20,CO,0.08880566036732036
GOT-001,drug_20,Thl,0.5090569734999275
GOT-001,drug_20,Dhl,1.4717258883440902
GOT-001,drug_20,To,1.328816884551534
GOT-001,drug_20,Eo,0.6254823697791181
GOT-001,drug_20,Toe,0.5524674269448142
GOT-001,drug_20,Eb,0.6924228137810644
GOT-001,drug_20,H,0.0
GOT-001,drug_20,ve,1.4889194368804552
GOT-001,drug_20,Te,9.422308670882176
GOT-001,drug_20,De,5.173451218442407
GOT-001,drug_20,khe,0.7508855389722584
GOT-001,drug_20,Th,4.690701746822709
GOT-001,drug_20,Kbh,0.0
GOT-001,drug_20,Khe,0.0
GOT-001,drug_20,kbh,0.0
GOT-001,drug_20,CL,0.0
GOT-001,drug_20,AUC_Cb,0.0
GOT-001,drug_20,AUC_Cl,0.0
GOT-001,drug_20,AUC35_Cb,0.0
GOT-001,drug_20,AUC35_Cl,0.0
GOT-001,drug_20,RE_R1b,0.0
GOT-001,drug_20,RE_R1l,0.0
GOT-001,drug_20,RE_Sb,0.0
GOT-001,drug_20,RE_Sl,0.0
GOT-001,drug_20,T1_1,0.0
GOT-001,drug_20,T1_2,0.0
GOT-001,drug_20,t1_MOLLI,0.0
GOT-001,drug_20,t2_MOLLI,0.0
GOT-002,control_05,BAT,0.028370645998701118
GOT-002,control_05,CO,0.2426431724627704
GOT-002,control_05,Thl,1.9497396949282146
GOT-002,control_05,Dhl,3.359224103825911
GOT-002,control_05,To,11.571710366916438
GOT-002,control_05,Eo,174.0478530618711
GOT-002,control_05,Toe,47.513326138371056
GOT-002,control_05,Eb,227.0631413301236
GOT-002,control_05,H,0.0
GOT-002,control_05,ve,88.1257479193267
GOT-002,control_05,Te,119.16253981302351
GOT-002,control_05,De,29.70645628153163
GOT-002,control_05,khe,115.02956414427707
GOT-002,control_05,Th,466.66304246159723
GOT-002,control_05,Kbh,0.0
GOT-002,control_05,Khe,0.0
GOT-002,control_05,kbh,0.0
GOT-002,control_05,CL,0.0
GOT-002,control_05,AUC_Cb,0.0
GOT-002,control_05,AUC_Cl,0.0
GOT-002,control_05,AUC35_Cb,0.0
GOT-002,control_05,AUC35_Cl,0.0
GOT-002,control_05,RE_R1b,0.0
GOT-002,control_05,RE_R1l,0.0
GOT-002,control_05,RE_Sb,0.0
GOT-002,control_05,RE_Sl,0.0
GOT-002,control_05,T1_1,0.0
GOT-002,control_05,T1_2,0.0
GOT-002,control_05,t1_MOLLI,0.0
GOT-002,control_05,t2_MOLLI,0.0
GOT-002,control_10,BAT,0.00859975708990904
GOT-002,control_10,CO,0.16436734859960841
GOT-002,control_10,Thl,0.6333619251166517
GOT-002,control_10,Dhl,1.1599532155252077
GOT-002,control_10,To,2.5196690035262197
GOT-002,control_10,Eo,2.6479157062984786
GOT-002,control_10,Toe,0.6016511745578388
GOT-002,control_10,Eb,1.8502941297322222
GOT-002,control_10,H,0.0
GOT-002,control_10,ve,38.66184523709193
GOT-002,control_10,Te,13.007299182072497
GOT-002,control_10,De,5.941000495582312
GOT-002,control_10,khe,4.5326292182573775
GOT-002,control_10,Th,30755.487203521516
GOT-002,control_10,Kbh,0.0
GOT-002,control_10,Khe,0.0
GOT-002,control_10,kbh,0.0
GOT-002,control_10,CL,0.0
GOT-002,control_10,AUC_Cb,0.0
GOT-002,control_10,AUC_Cl,0.0
GOT-002,control_10,AUC35_Cb,0.0
GOT-002,control_10,AUC35_Cl,0.0
GOT-002,control_10,RE_R1b,0.0
GOT-002,control_10,RE_R1l,0.0
GOT-002,control_10,RE_Sb,0.0
GOT-002,control_10,RE_Sl,0.0
GOT-002,control_10,T1_1,0.0
GOT-002,control_10,T1_2,0.0
GOT-002,control_10,t1_MOLLI,0.0
GOT-002,control_10,t2_MOLLI,0.0
GOT-002,control_15,BAT,0.011323912661403488
GOT-002,control_15,CO,0.21382731220695433
GOT-002,control_15,Thl,0.8416814133148932
GOT-002,control_15,Dhl,3.3926579462114184
GOT-002,control_15,To,2.5381769121969118
GOT-002,control_15,Eo,4.796765495035928
GOT-002,control_15,Toe,5.088057413714977
GOT-002,control_15,Eb,7.308711569233337
GOT-002,control_15,H,0.0
GOT-002,control_15,ve,4.3196147398584746
GOT-002,control_15,Te,9.092384995103368
GOT-002,control_15,De,4.687437494971027
GOT-002,control_15,khe,1.984198160871681
GOT-002,control_15,Th,110.71605686436875
GOT-002,control_15,Kbh,0.0
GOT-002,control_15,Khe,0.0
GOT-002,control_15,kbh,0.0
GOT-002,control_15,CL,0.0
GOT-002,control_15,AUC_Cb,0.0
GOT-002,control_15,AUC_Cl,0.0
GOT-002,control_15,AUC35_Cb,0.0
GOT-002,control_15,AUC35_Cl,0.0
GOT-002,control_15,RE_R1b,0.0
GOT-002,control_15,RE_R1l,0.0
GOT-002,control_15,RE_Sb,0.0
GOT-002,control_15,RE_Sl,0.0
GOT-002,control_15,T1_1,0.0
GOT-002,control_15,T1_2,0.0
GOT-002,control_15,t1_MOLLI,0.0
GOT-002,control_15,t2_MOLLI,0.0
GOT-002,control_20,BAT,0.002888415986706097
GOT-002,control_20,CO,0.1738442014148458
GOT-002,control_20,Thl,0.4220798627651443
GOT-002,control_20,Dhl,0.9607132206355583
GOT-002,control_20,To,2.0420053080694394
GOT-002,control_20,Eo,1.7674903798804271
GOT-002,control_20,Toe,2.4347682748985906
GOT-002,control_20,Eb,2.9950278096779503
GOT-002,control_20,H,0.0
GOT-002,control_20,ve,3.1177843225181445
GOT-002,control_20,Te,7.271132714263822
GOT-002,control_20,De,3.825260316601654
GOT-002,control_20,khe,1.0741292142882677
GOT-002,control_20,Th,279.1882630778146
GOT-002,control_20,Kbh,0.0
GOT-002,control_20,Khe,0.0
GOT-002,control_20,kbh,0.0
GOT-002,control_20,CL,0.0
GOT-002,control_20,AUC_Cb,0.0
GOT-002,control_20,AUC_Cl,0.0
GOT-002,control_20,AUC35_Cb,0.0
GOT-002,control_20,AUC35_Cl,0.0
GOT-002,control_20,RE_R1b,0.0
GOT-002,control_20,RE_R1l,0.0
GOT-002,control_20,RE_Sb,0.0
GOT-002,control_20,RE_Sl,0.0
GOT-002,control_20,T1_1,0.0
GOT-002,control_20,T1_2,0.0
GOT-002,control_20,t1_MOLLI,0.0
GOT-002,control_20,t2_MOLLI,0.0
GOT-002,drug_05,BAT,0.012015704040830672
GOT-002,drug_05,CO,0.3261515428780113
GOT-002,drug_05,Thl,0.8060705718780395
GOT-002,drug_05,Dhl,6.670133789790363
GOT-002,drug_05,To,13.355683376564253
GOT-002,drug_05,Eo,898.828913033209
GOT-002,drug_05,Toe,855.546782926804
GOT-002,drug_05,Eb,973.5628576780483
GOT-002,drug_05,H,0.0
GOT-002,drug_05,ve,40.82604195110474
GOT-002,drug_05,Te,88.95312090926247
GOT-002,drug_05,De,40.2640124253371
GOT-002,drug_05,khe,59.343731041606034
GOT-002,drug_05,Th,585.5036644818817
GOT-002,drug_05,Kbh,0.0
GOT-002,drug_05,Khe,0.0
GOT-002,drug_05,kbh,0.0
GOT-002,drug_05,CL,0.0
GOT-002,drug_05,AUC_Cb,0.0
GOT-002,drug_05,AUC_Cl,0.0
GOT-002,drug_05,AUC35_Cb,0.0
GOT-002,drug_05,AUC35_Cl,0.0
GOT-002,drug_05,RE_R1b,0.0
GOT-002,drug_05,RE_R1l,0.0
GOT-002,drug_05,RE_Sb,0.0
GOT-002,drug_05,RE_Sl,0.0
GOT-002,drug_05,T1_1,0.0
GOT-002,drug_05,T1_2,0.0
GOT-002,drug_05,t1_MOLLI,0.0
GOT-002,drug_05,t2_MOLLI,0.0
GOT-002,drug_10,BAT,0.00749136488230343
GOT-002,drug_10,CO,0.15050164879968067
GOT-002,drug_10,Thl,0.6564449269445853
GOT-002,drug_10,Dhl,0.9120400055382588
GOT-002,drug_10,To,1.8540008171261646
GOT-002,drug_10,Eo,6.050133426463225
GOT-002,drug_10,Toe,3.808726889486572
GOT-002,drug_10,Eb,9.164403574830523
GOT-002,drug_10,H,0.0
GOT-002,drug_10,ve,9.680710944674695
GOT-002,drug_10,Te,11.157911077463492
GOT-002,drug_10,De,8.340961839442238
GOT-002,drug_10,khe,2.6578210654813494
GOT-002,drug_10,Th,32226.419091664695
GOT-002,drug_10,Kbh,0.0
GOT-002,drug_10,Khe,0.0
GOT-002,drug_10,kbh,0.0
GOT-002,drug_10,CL,0.0
GOT-002,drug_10,AUC_Cb,0.0
GOT-002,drug_10,AUC_Cl,0.0
GOT-002,drug_10,AUC35_Cb,0.0
GOT-002,drug_10,AUC35_Cl,0.0
GOT-002,drug_10,RE_R1b,0.0
GOT-002,drug_10,RE_R1l,0.0
GOT-002,drug_10,RE_Sb,0.0
GOT-002,drug_10,RE_Sl,0.0
GOT-002,drug_10,T1_1,0.0
GOT-002,drug_10,T1_2,0.0
GOT-002,drug_10,t1_MOLLI,0.0
GOT-002,drug_10,t2_MOLLI,0.0
GOT-002,drug_15,BAT,0.00660810848118741
GOT-002,drug_15,CO,0.21253110769521577
GOT-002,drug_15,Thl,0.538940771727116
GOT-002,drug_15,Dhl,1.6557586342751438
GOT-002,drug_15,To,1.6070047188961383
GOT-002,drug_15,Eo,0.8468922562250271
GOT-002,drug_15,Toe,1.0402793389243574
GOT-002,drug_15,Eb,1.3336865633626922
GOT-002,drug_15,H,0.0
GOT-002,drug_15,ve,4.14059243960696
GOT-002,drug_15,Te,8.793231057735976
GOT-002,drug_15,De,7.722579390087228
GOT-002,drug_15,khe,1.2175803930061126
GOT-002,drug_15,Th,9224.732347967887
GOT-002,drug_15,Kbh,0.0
GOT-002,drug_15,Khe,0.0
GOT-002,drug_15,kbh,0.0
GOT-002,drug_15,CL,0.0
GOT-002,drug_15,AUC_Cb,0.0
GOT-002,drug_15,AUC_Cl,0.0
GOT-002,drug_15,AUC35_Cb,0.0
GOT-002,drug_15,AUC35_Cl,0.0
GOT-002,drug_15,RE_R1b,0.0
GOT-002,drug_15,RE_R1l,0.0
GOT-002,drug_15,RE_Sb,0.0
GOT-002,drug_15,RE_Sl,0.0
GOT-002,drug_15,T1_1,0.0
GOT-002,drug_15,T1_2,0.0
GOT-002,drug_15,t1_MOLLI,0.0
GOT-002,drug_15,t2_MOLLI,0.0
GOT-002,drug_20,BAT,0.0033611067493311488
GOT-002,drug_20,CO,0.24899585814542652
GOT-002,drug_20,Thl,0.3301316737124813
GOT-002,drug_20,Dhl,2.180843719899542
GOT-002,drug_20,To,1.3998419026166196
GOT-002,drug_20,Eo,1.0019953054824982
GOT-002,drug_20,Toe,1.8335849185329829
GOT-002,drug_20,Eb,1.6197005566296627
GOT-002,drug_20,H,0.0
GOT-002,drug_20,ve,2.666039040363876
GOT-002,drug_20,Te,7.646119389241853
GOT-002,drug_20,De,7.017201176790716
GOT-002,drug_20,khe,0.7355733392877211
GOT-002,drug_20,Th,3939.2105821514865
GOT-002,drug_20,Kbh,0.0
GOT-002,drug_20,Khe,0.0
GOT-002,drug_20,kbh,0.0
GOT-002,drug_20,CL,0.0
GOT-002,drug_20,AUC_Cb,0.0
GOT-002,drug_20,AUC_Cl,0.0
GOT-002,drug_20,AUC35_Cb,0.0
GOT-002,drug_20,AUC35_Cl,0.0
GOT-002,drug_20,RE_R1b,0.0
GOT-002,drug_20,RE_R1l,0.0
GOT-002,drug_20,RE_Sb,0.0
GOT-002,drug_20,RE_Sl,0.0
GOT-002,drug_20,T1_1,0.0
GOT-002,drug_20,T1_2,0.0
GOT-002,drug_20,t1_MOLLI,0.0
GOT-002,drug_20,t2_MOLLI,0.0
GOT-003,control_05,BAT,0.003295996232684699
GOT-003,control_05,CO,0.10803798025570945
GOT-003,control_05,Thl,0.21835127834642057
GOT-003,control_05,Dhl,0.3370774630496716
GOT-003,control_05,To,2.9311877249469336
GOT-003,control_05,Eo,4.371972526106681
GOT-003,control_05,Toe,0.9027888793806963
GOT-003,control_05,Eb,10.308524818249866
GOT-003,control_05,H,0.0
GOT-003,control_05,ve,30.134936182831623
GOT-003,control_05,Te,59.77789469714908
GOT-003,control_05,De,10.623680712065443
GOT-003,control_05,khe,32.67524845451467
GOT-003,control_05,Th,90.13086076500011
GOT-003,control_05,Kbh,0.0
GOT-003,control_05,Khe,0.0
GOT-003,control_05,kbh,0.0
GOT-003,control_05,CL,0.0
GOT-003,control_05,AUC_Cb,0.0
GOT-003,control_05,AUC_Cl,0.0
GOT-003,control_05,AUC35_Cb,0.0
GOT-003,control_05,AUC35_Cl,0.0
GOT-003,control_05,RE_R1b,0.0
GOT-003,control_05,RE_R1l,0.0
GOT-003,control_05,RE_Sb,0.0
GOT-003,control_05,RE_Sl,0.0
GOT-003,control_05,T1_1,0.0
GOT-003,control_05,T1_2,0.0
GOT-003,control_05,t1_MOLLI,0.0
GOT-003,control_05,t2_MOLLI,0.0
GOT-003,control_10,BAT,0.0049040896430630615
GOT-003,control_10,CO,0.09398441643006901
GOT-003,control_10,Thl,0.31858837923510575
GOT-003,control_10,Dhl,0.3964652688887808
GOT-003,control_10,To,1.551031053996239
GOT-003,control_10,Eo,1.12754118292648
GOT-003,control_10,Toe,0.5834099280135961
GOT-003,control_10,Eb,1.9974938287546453
GOT-003,control_10,H,0.0
GOT-003,control_10,ve,4.992876520204701
GOT-003,control_10,Te,11.38132928502086
GOT-003,control_10,De,2.4431274136773453
GOT-003,control_10,khe,3.6319705757054277
GOT-003,control_10,Th,6.089010175488186
GOT-003,control_10,Kbh,0.0
GOT-003,control_10,Khe,0.0
GOT-003,control_10,kbh,0.0
GOT-003,control_10,CL,0.0
GOT-003,control_10,AUC_Cb,0.0
GOT-003,control_10,AUC_Cl,0.0
GOT-003,control_10,AUC35_Cb,0.0
GOT-003,control_10,AUC35_Cl,0.0
GOT-003,control_10,RE_R1b,0.0
GOT-003,control_10,RE_R1l,0.0
GOT-003,control_10,RE_Sb,0.0
GOT-003,control_10,RE_Sl,0.0
GOT-003,control_10,T1_1,0.0
GOT-003,control_10,T1_2,0.0
GOT-003,control_10,t1_MOLLI,0.0
GOT-003,control_10,t2_MOLLI,0.0
GOT-003,control_15,BAT,0.004936773801846557
GOT-003,control_15,CO,0.07874157843579423
GOT-003,control_15,Thl,0.3120284611144384
GOT-003,control_15,Dhl,0.4494979553870236
GOT-003,control_15,To,1.117067657835586
GOT-003,control_15,Eo,0.904552162661316
GOT-003,control_15,Toe,0.2850889496631071
GOT-003,control_15,Eb,0.544642757267184
GOT-003,control_15,H,0.0
GOT-003,control_15,ve,2.370871225244595
GOT-003,control_15,Te,6.160104404852474
GOT-003,control_15,De,1.597145588141446
GOT-003,control_15,khe,1.2299879652407326
GOT-003,control_15,Th,4.354110304956738
GOT-003,control_15,Kbh,0.0
GOT-003,control_15,Khe,0.0
GOT-003,control_15,kbh,0.0
GOT-003,control_15,CL,0.0
GOT-003,control_15,AUC_Cb,0.0
GOT-003,control_15,AUC_Cl,0.0
GOT-003,control_15,AUC35_Cb,0.0
GOT-003,control_15,AUC35_Cl,0.0
GOT-003,control_15,RE_R1b,0.0
GOT-003,control_15,RE_R1l,0.0
GOT-003,control_15,RE_Sb,0.0
GOT-003,control_15,RE_Sl,0.0
GOT-003,control_15,T1_1,0.0
GOT-003,control_15,T1_2,0.0
GOT-003,control_15,t1_MOLLI,0.0
GOT-003,control_15,t2_MOLLI,0.0
GOT-003,control_20,BAT,0.005217791061097177
GOT-003,control_20,CO,0.07761187165692275
GOT-003,control_20,Thl,0.33458722263298557
GOT-003,control_20,Dhl,0.4716900337559427
GOT-003,control_20,To,1.0415250875458772
GOT-003,control_20,Eo,0.7574440450499623
GOT-003,control_20,Toe,0.2674433961306423
GOT-003,control_20,Eb,0.3397228638626722
GOT-003,control_20,H,0.0
GOT-003,control_20,ve,1.598995104189599
GOT-003,control_20,Te,4.4847628816376
GOT-003,control_20,De,1.3146916792763987
GOT-003,control_20,khe,0.6236058683708653
GOT-003,control_20,Th,6.929904286261409
GOT-003,control_20,Kbh,0.0
GOT-003,control_20,Khe,0.0
GOT-003,control_20,kbh,0.0
GOT-003,control_20,CL,0.0
GOT-003,control_20,AUC_Cb,0.0
GOT-003,control_20,AUC_Cl,0.0
GOT-003,control_20,AUC35_Cb,0.0
GOT-003,control_20,AUC35_Cl,0.0
GOT-003,control_20,RE_R1b,0.0
GOT-003,control_20,RE_R1l,0.0
GOT-003,control_20,RE_Sb,0.0
GOT-003,control_20,RE_Sl,0.0
GOT-003,control_20,T1_1,0.0
GOT-003,control_20,T1_2,0.0
GOT-003,control_20,t1_MOLLI,0.0
GOT-003,control_20,t2_MOLLI,0.0
GOT-003,drug_05,BAT,0.010150064500455526
GOT-003,drug_05,CO,0.11916567446295476
GOT-003,drug_05,Thl,0.6811920422566736
GOT-003,drug_05,Dhl,0.8511477679182292
GOT-003,drug_05,To,2.078091210472296
GOT-003,drug_05,Eo,2.846236616079126
GOT-003,drug_05,Toe,0.45744602725635536
GOT-003,drug_05,Eb,7.708014564058277
GOT-003,drug_05,H,0.0
GOT-003,drug_05,ve,33.53986070721916
GOT-003,drug_05,Te,103.829968438899
GOT-003,drug_05,De,25.87336695273174
GOT-003,drug_05,khe,37.72204610213467
GOT-003,drug_05,Th,173.6490056981831
GOT-003,drug_05,Kbh,0.0
GOT-003,drug_05,Khe,0.0
GOT-003,drug_05,kbh,0.0
GOT-003,drug_05,CL,0.0
GOT-003,drug_05,AUC_Cb,0.0
GOT-003,drug_05,AUC_Cl,0.0
GOT-003,drug_05,AUC35_Cb,0.0
GOT-003,drug_05,AUC35_Cl,0.0
GOT-003,drug_05,RE_R1b,0.0
GOT-003,drug_05,RE_R1l,0.0
GOT-003,drug_05,RE_Sb,0.0
GOT-003,drug_05,RE_Sl,0.0
GOT-003,drug_05,T1_1,0.0
GOT-003,drug_05,T1_2,0.0
GOT-003,drug_05,t1_MOLLI,0.0
GOT-003,drug_05,t2_MOLLI,0.0
GOT-003,drug_10,BAT,0.0035952159993707126
GOT-003,drug_10,CO,0.09190985178525495
GOT-003,drug_10,Thl,0.25118816732157445
GOT-003,drug_10,Dhl,0.6508033354769898
GOT-003,drug_10,To,1.2379630560932389
GOT-003,drug_10,Eo,1.2655568179701646
GOT-003,drug_10,Toe,0.27854135239340416
GOT-003,drug_10,Eb,1.193101257365636
GOT-003,drug_10,H,0.0
GOT-003,drug_10,ve,4.265225811951535
GOT-003,drug_10,Te,14.126882084213154
GOT-003,drug_10,De,4.874557944027659
GOT-003,drug_10,khe,3.595993100065627
GOT-003,drug_10,Th,21.36739873291997
GOT-003,drug_10,Kbh,0.0
GOT-003,drug_10,Khe,0.0
GOT-003,drug_10,kbh,0.0
GOT-003,drug_10,CL,0.0
GOT-003,drug_10,AUC_Cb,0.0
GOT-003,drug_10,AUC_Cl,0.0
GOT-003,drug_10,AUC35_Cb,0.0
GOT-003,drug_10,AUC35_Cl,0.0
GOT-003,drug_10,RE_R1b,0.0
GOT-003,drug_10,RE_R1l,0.0
GOT-003,drug_10,RE_Sb,0.0
GOT-003,drug_10,RE_Sl,0.0
GOT-003,drug_10,T1_1,0.0
GOT-003,drug_10,T1_2,0.0
GOT-003,drug_10,t1_MOLLI,0.0
GOT-003,drug_10,t2_MOLLI,0.0
GOT-003,drug_15,BAT,0.006144392177243057
GOT-003,drug_15,CO,0.08514265930263516
GOT-003,drug_15,Thl,0.41301157514751047
GOT-003,drug_15,Dhl,0.7589625567759166
GOT-003,drug_15,To,1.1727000057884942
GOT-003,drug_15,Eo,1.024592088733263
GOT-003,drug_15,Toe,0.2687510010541506
GOT-003,drug_15,Eb,0.5345233555838255
GOT-003,drug_15,H,0.0
GOT-003,drug_15,ve,2.4420529143413834
GOT-003,drug_15,Te,8.977290279016557
GOT-003,drug_15,De,3.3740489851893956
GOT-003,drug_15,khe,1.6178759692328284
GOT-003,drug_15,Th,7.786577837549236
GOT-003,drug_15,Kbh,0.0
GOT-003,drug_15,Khe,0.0
GOT-003,drug_15,kbh,0.0
GOT-003,drug_15,CL,0.0
GOT-003,drug_15,AUC_Cb,0.0
GOT-003,drug_15,AUC_Cl,0.0
GOT-003,drug_15,AUC35_Cb,0.0
GOT-003,drug_15,AUC35_Cl,0.0
GOT-003,drug_15,RE_R1b,0.0
GOT-003,drug_15,RE_R1l,0.0
GOT-003,drug_15,RE_Sb,0.0
GOT-003,drug_15,RE_Sl,0.0
GOT-003,drug_15,T1_1,0.0
GOT-003,drug_15,T1_2,0.0
GOT-003,drug_15,t1_MOLLI,0.0
GOT-003,drug_15,t2_MOLLI,0.0
GOT-003,drug_20,BAT,0.008684430570604907
GOT-003,drug_20,CO,0.09959410247995065
GOT-003,drug_20,Thl,0.6077448666558862
GOT-003,drug_20,Dhl,0.9279355377758236
GOT-003,drug_20,To,1.22893434713808
GOT-003,drug_20,Eo,0.8429841930164674
GOT-003,drug_20,Toe,0.36633239146316254
GOT-003,drug_20,Eb,0.42046556449800615
GOT-003,drug_20,H,0.0
GOT-003,drug_20,ve,1.8521239156180622
GOT-003,drug_20,Te,7.281014574648385
GOT-003,drug_20,De,3.0670600070947263
GOT-003,drug_20,khe,1.0275951492431608
GOT-003,drug_20,Th,4.4767918005457386
GOT-003,drug_20,Kbh,0.0
GOT-003,drug_20,Khe,0.0
GOT-003,drug_20,kbh,0.0
GOT-003,drug_20,CL,0.0
GOT-003,drug_20,AUC_Cb,0.0
GOT-003,drug_20,AUC_Cl,0.0
GOT-003,drug_20,AUC35_Cb,0.0
GOT-003,drug_20,AUC35_Cl,0.0
GOT-003,drug_20,RE_R1b,0.0
GOT-003,drug_20,RE_R1l,0.0
GOT-003,drug_20,RE_Sb,0.0
GOT-003,drug_20,RE_Sl,0.0
GOT-003,drug_20,T1_1,0.0
GOT-003,drug_20,T1_2,0.0
GOT-003,drug_20,t1_MOLLI,0.0
GOT-003,drug_20,t2_MOLLI,0.0
