subject,study,parameter,value
LDS-009,control_20,BAT,1.2009822501419107
LDS-009,control_20,CO,9.417952873449943
LDS-009,control_20,Thl,16.91905880575516
LDS-009,control_20,Dhl,48.39569699045453
LDS-009,control_20,To,33.63803233751574
LDS-009,control_20,Eo,13.797396463810813
LDS-009,control_20,Toe,4.6183648734817115
LDS-009,control_20,Eb,8.959787592678088
LDS-009,control_20,H,45.0
LDS-009,control_20,ve,20.639627204044007
LDS-009,control_20,Te,45.08143008777085
LDS-009,control_20,De,80.44035819125675
LDS-009,control_20,khe,16.789115141435904
LDS-009,control_20,Th,473.97268438188974
LDS-009,control_20,Kbh,0.21098262261761042
LDS-009,control_20,Khe,81.34408134148053
LDS-009,control_20,kbh,0.16743659584402057
LDS-009,control_20,CL,0.1991384831967051
LDS-009,control_20,AUC_Cb,32.150524531119736
LDS-009,control_20,AUC_Cl,768.7321679679355
LDS-009,control_20,AUC35_Cb,28.635383885833395
LDS-009,control_20,AUC35_Cl,126.12407956000632
LDS-009,control_20,RE_R1b,15.512357606132845
LDS-009,control_20,RE_R1l,57.25336050029187
LDS-009,control_20,RE_Sb,4.360275191006275
LDS-009,control_20,RE_Sl,40.851366151609795
LDS-009,control_20,T1_1,0.847049988
LDS-009,control_20,T1_2,0.621599976
LDS-009,control_20,t1_MOLLI,13.793121388888888
LDS-009,control_20,t2_MOLLI,15.155603333333334
