subject,study,parameter,value
LDS-009,control_20,BAT,0.012388901410813984
LDS-009,control_20,CO,0.22674686436699693
LDS-009,control_20,Thl,1.0322743111753605
LDS-009,control_20,Dhl,1.385749999433888
LDS-009,control_20,To,2.1098374410275564
LDS-009,control_20,Eo,1.1683407889118433
LDS-009,control_20,Toe,1.0279923401524056
LDS-009,control_20,Eb,0.807042363656996
LDS-009,control_20,H,0
LDS-009,control_20,ve,2.0653539848884157
LDS-009,control_20,Te,7.991437392468846
LDS-009,control_20,De,5.469333938029665
LDS-009,control_20,khe,0.6789671591865917
LDS-009,control_20,Th,896.9335336310058
LDS-009,control_20,Kbh,0
LDS-009,control_20,Khe,0
LDS-009,control_20,kbh,0
LDS-009,control_20,CL,0.0
LDS-009,control_20,AUC_Cb,0
LDS-009,control_20,AUC_Cl,0
LDS-009,control_20,AUC35_Cb,0
LDS-009,control_20,AUC35_Cl,0
LDS-009,control_20,RE_R1b,0
LDS-009,control_20,RE_R1l,0
LDS-009,control_20,RE_Sb,0
LDS-009,control_20,RE_Sl,0
LDS-009,control_20,T1_1,0
LDS-009,control_20,T1_2,0
LDS-009,control_20,t1_MOLLI,0
LDS-009,control_20,t2_MOLLI,0
