subject,study,parameter,value
SHF-016,control,BAT,1.160139472310771
SHF-016,control,CO,14.089625839787555
SHF-016,control,Thl,18.63731311167386
SHF-016,control,Dhl,49.66959612182631
SHF-016,control,To,28.562377805407646
SHF-016,control,Eo,19.05110222537288
SHF-016,control,Toe,12.218470416966413
SHF-016,control,Eb,1.4093069515667986
SHF-016,control,H,45.0
SHF-016,control,ve,37.41219666747775
SHF-016,control,Te,59.90817029970511
SHF-016,control,De,99.99989695663236
SHF-016,control,khe,82.24342004086257
SHF-016,control,Th,24.26213888938831
SHF-016,control,Kbh,4.121648155420364
SHF-016,control,Khe,219.83050279524596
SHF-016,control,kbh,2.5796490415730284
SHF-016,control,CL,0.7729574240305783
SHF-016,control,AUC_Cb,55.26760599603961
SHF-016,control,AUC_Cl,1042.4270890495695
SHF-016,control,AUC35_Cb,17.309229726693523
SHF-016,control,AUC35_Cl,200.49496470736136
SHF-016,control,RE_R1b,9.879967383661981
SHF-016,control,RE_R1l,69.62611964400557
SHF-016,control,RE_Sb,7.722945120103658
SHF-016,control,RE_Sl,61.45453378717352
SHF-016,control,T1_1,0.65575
SHF-016,control,T1_2,0.41641
SHF-016,control,t1_MOLLI,11.832777777777778
SHF-016,control,t2_MOLLI,12.673333333333334
