subject,study,parameter,value
SHF-016,control,BAT,0.028065948017001817
SHF-016,control,CO,0.5820134733749932
SHF-016,control,Thl,2.4261514705547387
SHF-016,control,Dhl,2.5807190039490173
SHF-016,control,To,1.7486647379857785
SHF-016,control,Eo,0.7415663337683162
SHF-016,control,Toe,1.1197330759244835
SHF-016,control,Eb,0.6660206568208924
SHF-016,control,H,0
SHF-016,control,ve,44.42090570457838
SHF-016,control,Te,61.01720406381339
SHF-016,control,De,5.836689712644871
SHF-016,control,khe,2.93973852437455
SHF-016,control,Th,1.01320324850023
SHF-016,control,Kbh,0
SHF-016,control,Khe,0
SHF-016,control,kbh,0
SHF-016,control,CL,0.0
SHF-016,control,AUC_Cb,0
SHF-016,control,AUC_Cl,0
SHF-016,control,AUC35_Cb,0
SHF-016,control,AUC35_Cl,0
SHF-016,control,RE_R1b,0
SHF-016,control,RE_R1l,0
SHF-016,control,RE_Sb,0
SHF-016,control,RE_Sl,0
SHF-016,control,T1_1,0
SHF-016,control,T1_2,0
SHF-016,control,t1_MOLLI,0
SHF-016,control,t2_MOLLI,0
