subject,study,parameter,value
LDS-002,control_30,BAT,1.2399623592885183
LDS-002,control_30,CO,4.950372595799692
LDS-002,control_30,Thl,19.881578904148654
LDS-002,control_30,Dhl,40.27484048113561
LDS-002,control_30,To,14.213008060677087
LDS-002,control_30,Eo,32.74664567790165
LDS-002,control_30,Toe,5.060056337822801
LDS-002,control_30,Eb,4.055584074308415
LDS-002,control_30,H,45.0
LDS-002,control_30,ve,8.793486846884244
LDS-002,control_30,Te,28.000781308130975
LDS-002,control_30,De,53.29305810725663
LDS-002,control_30,khe,37.19999895515764
LDS-002,control_30,Th,39.70437477757411
LDS-002,control_30,Kbh,2.5186141466829537
LDS-002,control_30,Khe,423.0403661584886
LDS-002,control_30,kbh,2.297140142970622
LDS-002,control_30,CL,0.2543286549590301
LDS-002,control_30,AUC_Cb,32.0004905648958
LDS-002,control_30,AUC_Cl,440.9921463201713
LDS-002,control_30,AUC35_Cb,14.49198814473495
LDS-002,control_30,AUC35_Cl,88.3811571123021
LDS-002,control_30,RE_R1b,9.162658268853974
LDS-002,control_30,RE_R1l,35.767756432456025
LDS-002,control_30,RE_Sb,9.329765927518007
LDS-002,control_30,RE_Sl,27.30540679904843
LDS-002,control_30,T1_1,0.756169983
LDS-002,control_30,T1_2,0.582789978
LDS-002,control_30,t1_MOLLI,10.691066388888888
LDS-002,control_30,t2_MOLLI,11.615237777777777
