subject,study,parameter,value
LDS-002,control_30,BAT,0.020474004598798678
LDS-002,control_30,CO,0.1546714004725356
LDS-002,control_30,Thl,1.4516779918479579
LDS-002,control_30,Dhl,2.163444327096188
LDS-002,control_30,To,1.8210152673697997
LDS-002,control_30,Eo,1.5198537498668765
LDS-002,control_30,Toe,0.4943080458942953
LDS-002,control_30,Eb,0.8340395816640425
LDS-002,control_30,H,0
LDS-002,control_30,ve,7.511126216065287
LDS-002,control_30,Te,18.54218759168176
LDS-002,control_30,De,36.700219606732574
LDS-002,control_30,khe,1.2528425395270915
LDS-002,control_30,Th,3.582816874182
LDS-002,control_30,Kbh,0
LDS-002,control_30,Khe,0
LDS-002,control_30,kbh,0
LDS-002,control_30,CL,0.0
LDS-002,control_30,AUC_Cb,0
LDS-002,control_30,AUC_Cl,0
LDS-002,control_30,AUC35_Cb,0
LDS-002,control_30,AUC35_Cl,0
LDS-002,control_30,RE_R1b,0
LDS-002,control_30,RE_R1l,0
LDS-002,control_30,RE_Sb,0
LDS-002,control_30,RE_Sl,0
LDS-002,control_30,T1_1,0
LDS-002,control_30,T1_2,0
LDS-002,control_30,t1_MOLLI,0
LDS-002,control_30,t2_MOLLI,0
