subject,study,parameter,value
LDS-004,drug_35,BAT,0.005301763137956457
LDS-004,drug_35,CO,0.049377587675608084
LDS-004,drug_35,Thl,0.3874199860366527
LDS-004,drug_35,Dhl,0.49433277177936025
LDS-004,drug_35,To,1.2228436228866921
LDS-004,drug_35,Eo,0.5292366986050872
LDS-004,drug_35,Toe,0.39838266305449765
LDS-004,drug_35,Eb,0.30677286818032296
LDS-004,drug_35,H,0
LDS-004,drug_35,ve,0.7322784789388956
LDS-004,drug_35,Te,3.8562060687992825
LDS-004,drug_35,De,2.107748438604265
LDS-004,drug_35,khe,0.18937421739661905
LDS-004,drug_35,Th,27.946115467805033
LDS-004,drug_35,Kbh,0
LDS-004,drug_35,Khe,0
LDS-004,drug_35,kbh,0
LDS-004,drug_35,CL,0.0
LDS-004,drug_35,AUC_Cb,0
LDS-004,drug_35,AUC_Cl,0
LDS-004,drug_35,AUC35_Cb,0
LDS-004,drug_35,AUC35_Cl,0
LDS-004,drug_35,RE_R1b,0
LDS-004,drug_35,RE_R1l,0
LDS-004,drug_35,RE_Sb,0
LDS-004,drug_35,RE_Sl,0
LDS-004,drug_35,T1_1,0
LDS-004,drug_35,T1_2,0
LDS-004,drug_35,t1_MOLLI,0
LDS-004,drug_35,t2_MOLLI,0
