subject,study,parameter,value
SHF-021,control_40,BAT,1.1754128555668315
SHF-021,control_40,CO,7.391339388127916
SHF-021,control_40,Thl,23.482122699237035
SHF-021,control_40,Dhl,36.24253214295855
SHF-021,control_40,To,25.90542107639147
SHF-021,control_40,Eo,26.315389548762163
SHF-021,control_40,Toe,7.520765941328977
SHF-021,control_40,Eb,2.4888697237346826
SHF-021,control_40,H,45.0
SHF-021,control_40,ve,18.400104734536164
SHF-021,control_40,Te,26.12440334675746
SHF-021,control_40,De,81.21659971545348
SHF-021,control_40,khe,44.59546329773269
SHF-021,control_40,Th,20.64254747570192
SHF-021,control_40,Kbh,4.844363328591528
SHF-021,control_40,Khe,242.36526879126419
SHF-021,control_40,kbh,3.952995402409224
SHF-021,control_40,CL,0.4389957675320115
SHF-021,control_40,AUC_Cb,84.40730641984068
SHF-021,control_40,AUC_Cl,762.6220303986198
SHF-021,control_40,AUC35_Cb,29.49089605487227
SHF-021,control_40,AUC35_Cl,171.81966468152555
SHF-021,control_40,RE_R1b,18.23747414378883
SHF-021,control_40,RE_R1l,72.08830782992574
SHF-021,control_40,RE_Sb,10.220857647881761
SHF-021,control_40,RE_Sl,61.547898956049295
SHF-021,control_40,T1_1,0.80253
SHF-021,control_40,T1_2,0.47129
SHF-021,control_40,t1_MOLLI,11.305833333333334
SHF-021,control_40,t2_MOLLI,12.15
