subject,study,parameter,value
SHF-021,control_40,BAT,0.011658907881956025
SHF-021,control_40,CO,0.1614767208426927
SHF-021,control_40,Thl,1.0830391490039835
SHF-021,control_40,Dhl,1.2488554757498542
SHF-021,control_40,To,2.2358146990534853
SHF-021,control_40,Eo,0.8800831617672376
SHF-021,control_40,Toe,0.5318248179699774
SHF-021,control_40,Eb,0.44216549349486206
SHF-021,control_40,H,0
SHF-021,control_40,ve,5.339913886027636
SHF-021,control_40,Te,9.500128782861823
SHF-021,control_40,De,10.176164593482728
SHF-021,control_40,khe,1.3043271580705054
SHF-021,control_40,Th,0.7894624708721889
SHF-021,control_40,Kbh,0
SHF-021,control_40,Khe,0
SHF-021,control_40,kbh,0
SHF-021,control_40,CL,0.0
SHF-021,control_40,AUC_Cb,0
SHF-021,control_40,AUC_Cl,0
SHF-021,control_40,AUC35_Cb,0
SHF-021,control_40,AUC35_Cl,0
SHF-021,control_40,RE_R1b,0
SHF-021,control_40,RE_R1l,0
SHF-021,control_40,RE_Sb,0
SHF-021,control_40,RE_Sl,0
SHF-021,control_40,T1_1,0
SHF-021,control_40,T1_2,0
SHF-021,control_40,t1_MOLLI,0
SHF-021,control_40,t2_MOLLI,0
