subject,study,parameter,value
SHF-014,control_15,BAT,1.2889031683379644
SHF-014,control_15,CO,17.99999999947753
SHF-014,control_15,Thl,29.998006207207894
SHF-014,control_15,Dhl,89.23075560897027
SHF-014,control_15,To,59.99999999977458
SHF-014,control_15,Eo,49.99999999953135
SHF-014,control_15,Toe,0.4926479943705869
SHF-014,control_15,Eb,14.999999999424741
SHF-014,control_15,H,45.0
SHF-014,control_15,ve,31.677961550760926
SHF-014,control_15,Te,59.42068873016563
SHF-014,control_15,De,99.99999999995691
SHF-014,control_15,khe,43.85667188710397
SHF-014,control_15,Th,10.772900813204954
SHF-014,control_15,Kbh,9.28255088707624
SHF-014,control_15,Khe,138.44537255602074
SHF-014,control_15,kbh,6.342027986138412
SHF-014,control_15,CL,0.4897747259190028
SHF-014,control_15,AUC_Cb,10.14050867723746
SHF-014,control_15,AUC_Cl,53.750740424010544
SHF-014,control_15,AUC35_Cb,9.190943920048301
SHF-014,control_15,AUC35_Cl,41.26266208892308
SHF-014,control_15,RE_R1b,4.986473482809884
SHF-014,control_15,RE_R1l,15.54508650601881
SHF-014,control_15,RE_Sb,4.3313766473709725
SHF-014,control_15,RE_Sl,15.80900886455402
SHF-014,control_15,T1_1,0.72913
SHF-014,control_15,T1_2,0.55618
SHF-014,control_15,t1_MOLLI,12.436666666666667
SHF-014,control_15,t2_MOLLI,13.284722222222221
