subject,study,parameter,value
SHF-014,control_15,BAT,0.037469718454897015
SHF-014,control_15,CO,2.203743516931086
SHF-014,control_15,Thl,4.589872038215708
SHF-014,control_15,Dhl,6.970213267221018
SHF-014,control_15,To,386.12116980197493
SHF-014,control_15,Eo,242.8358922437051
SHF-014,control_15,Toe,2.0784599668065904
SHF-014,control_15,Eb,4.15485039582326
SHF-014,control_15,H,0
SHF-014,control_15,ve,128.21282797347052
SHF-014,control_15,Te,258.3305654150691
SHF-014,control_15,De,13.622287099228114
SHF-014,control_15,khe,28.717383288777114
SHF-014,control_15,Th,3.880465799974243
SHF-014,control_15,Kbh,0
SHF-014,control_15,Khe,0
SHF-014,control_15,kbh,0
SHF-014,control_15,CL,0.0
SHF-014,control_15,AUC_Cb,0
SHF-014,control_15,AUC_Cl,0
SHF-014,control_15,AUC35_Cb,0
SHF-014,control_15,AUC35_Cl,0
SHF-014,control_15,RE_R1b,0
SHF-014,control_15,RE_R1l,0
SHF-014,control_15,RE_Sb,0
SHF-014,control_15,RE_Sl,0
SHF-014,control_15,T1_1,0
SHF-014,control_15,T1_2,0
SHF-014,control_15,t1_MOLLI,0
SHF-014,control_15,t2_MOLLI,0
