subject,study,parameter,value
SHF-022,drug,BAT,0.04219626948582184
SHF-022,drug,CO,0.3928385969650775
SHF-022,drug,Thl,2.787191342906567
SHF-022,drug,Dhl,12.10921147302783
SHF-022,drug,To,3.2106350389114917
SHF-022,drug,Eo,1.374802377023664
SHF-022,drug,Toe,0.6505607855655687
SHF-022,drug,Eb,0.6081455889208056
SHF-022,drug,H,0
SHF-022,drug,ve,16.02600610057747
SHF-022,drug,Te,25.051054036987274
SHF-022,drug,De,13.891780870274495
SHF-022,drug,khe,1.971159899375375
SHF-022,drug,Th,1.1260873714909685
SHF-022,drug,Kbh,0
SHF-022,drug,Khe,0
SHF-022,drug,kbh,0
SHF-022,drug,CL,0.0
SHF-022,drug,AUC_Cb,0
SHF-022,drug,AUC_Cl,0
SHF-022,drug,AUC35_Cb,0
SHF-022,drug,AUC35_Cl,0
SHF-022,drug,RE_R1b,0
SHF-022,drug,RE_R1l,0
SHF-022,drug,RE_Sb,0
SHF-022,drug,RE_Sl,0
SHF-022,drug,T1_1,0
SHF-022,drug,T1_2,0
SHF-022,drug,t1_MOLLI,0
SHF-022,drug,t2_MOLLI,0
