subject,study,parameter,value
SHF-005,control_40,BAT,1.1706197494781905
SHF-005,control_40,CO,3.38666626316941
SHF-005,control_40,Thl,19.765582698576125
SHF-005,control_40,Dhl,45.11542655256602
SHF-005,control_40,To,37.81538849695395
SHF-005,control_40,Eo,18.746410486396282
SHF-005,control_40,Toe,7.4216204103508865
SHF-005,control_40,Eb,7.70766285650302
SHF-005,control_40,H,45.0
SHF-005,control_40,ve,18.13001925635477
SHF-005,control_40,Te,34.28536026735862
SHF-005,control_40,De,70.56434622836883
SHF-005,control_40,khe,21.812842474545942
SHF-005,control_40,Th,75.66761666777083
SHF-005,control_40,Kbh,1.3215693106743915
SHF-005,control_40,Khe,120.313399374357
SHF-005,control_40,kbh,1.0819685401630494
SHF-005,control_40,CL,0.19670196357620381
SHF-005,control_40,AUC_Cb,51.83980910275343
SHF-005,control_40,AUC_Cl,752.7336130237812
SHF-005,control_40,AUC35_Cb,35.78168171013564
SHF-005,control_40,AUC35_Cl,166.52248815180306
SHF-005,control_40,RE_R1b,19.356056594784608
SHF-005,control_40,RE_R1l,69.62498604089092
SHF-005,control_40,RE_Sb,16.970630697027016
SHF-005,control_40,RE_Sl,57.84145901332152
SHF-005,control_40,T1_1,0.78715
SHF-005,control_40,T1_2,0.49327
SHF-005,control_40,t1_MOLLI,14.248888888888889
SHF-005,control_40,t2_MOLLI,15.06611111111111
