subject,study,parameter,value
SHF-005,control_40,BAT,0.011465537448500157
SHF-005,control_40,CO,0.05854416291307235
SHF-005,control_40,Thl,0.8428199560811919
SHF-005,control_40,Dhl,1.4095060431802875
SHF-005,control_40,To,1.8936381033680276
SHF-005,control_40,Eo,0.8329849308279045
SHF-005,control_40,Toe,0.6562497610722539
SHF-005,control_40,Eb,0.4198883039579074
SHF-005,control_40,H,0
SHF-005,control_40,ve,1.9476866861309374
SHF-005,control_40,Te,5.079987908938058
SHF-005,control_40,De,6.356392217906494
SHF-005,control_40,khe,0.43309970803930886
SHF-005,control_40,Th,5.769693710676007
SHF-005,control_40,Kbh,0
SHF-005,control_40,Khe,0
SHF-005,control_40,kbh,0
SHF-005,control_40,CL,0.0
SHF-005,control_40,AUC_Cb,0
SHF-005,control_40,AUC_Cl,0
SHF-005,control_40,AUC35_Cb,0
SHF-005,control_40,AUC35_Cl,0
SHF-005,control_40,RE_R1b,0
SHF-005,control_40,RE_R1l,0
SHF-005,control_40,RE_Sb,0
SHF-005,control_40,RE_Sl,0
SHF-005,control_40,T1_1,0
SHF-005,control_40,T1_2,0
SHF-005,control_40,t1_MOLLI,0
SHF-005,control_40,t2_MOLLI,0
