subject,study,parameter,value
SHF-002,drug_40,BAT,0.017661047878385277
SHF-002,drug_40,CO,0.03903796211938319
SHF-002,drug_40,Thl,1.1993200481595563
SHF-002,drug_40,Dhl,1.8623649161552642
SHF-002,drug_40,To,1.9666814648011455
SHF-002,drug_40,Eo,0.8458077072864041
SHF-002,drug_40,Toe,0.49060976827250485
SHF-002,drug_40,Eb,0.3166392158577875
SHF-002,drug_40,H,0
SHF-002,drug_40,ve,0.6665423831170931
SHF-002,drug_40,Te,4.096913738233056
SHF-002,drug_40,De,2.578208584504176
SHF-002,drug_40,khe,0.15592505404691143
SHF-002,drug_40,Th,818.604529681852
SHF-002,drug_40,Kbh,0
SHF-002,drug_40,Khe,0
SHF-002,drug_40,kbh,0
SHF-002,drug_40,CL,0.0
SHF-002,drug_40,AUC_Cb,0
SHF-002,drug_40,AUC_Cl,0
SHF-002,drug_40,AUC35_Cb,0
SHF-002,drug_40,AUC35_Cl,0
SHF-002,drug_40,RE_R1b,0
SHF-002,drug_40,RE_R1l,0
SHF-002,drug_40,RE_Sb,0
SHF-002,drug_40,RE_Sl,0
SHF-002,drug_40,T1_1,0
SHF-002,drug_40,T1_2,0
SHF-002,drug_40,t1_MOLLI,0
SHF-002,drug_40,t2_MOLLI,0
