subject,study,parameter,value
SHF-002,control,S02a,21231.02361627762
SHF-002,control,S02l,21352.993386832033
SHF-002,control,BAT2,155.79755090283925
SHF-002,control,BAT,1.1737719549379186
SHF-002,control,CO,8.774442236432938
SHF-002,control,Thl,11.122148349640145
SHF-002,control,Dhl,26.358411201420733
SHF-002,control,To,15.851177242957442
SHF-002,control,Eo,15.361723019345563
SHF-002,control,Toe,3.785242607769867
SHF-002,control,Eb,3.914168310751905
SHF-002,control,H,45.0
SHF-002,control,ve,28.159969152715853
SHF-002,control,Te,21.341820936454866
SHF-002,control,De,90.97138219054443
SHF-002,control,khe_i,44.111560876639906
SHF-002,control,khe_f,35.95920875988233
SHF-002,control,Th_i,28.256501282953522
SHF-002,control,Th_f,25.61872639898915
SHF-002,control,Th,26.937613840971334
SHF-002,control,khe,40.03538481826112
SHF-002,control,Kbh,3.7122812952312385
SHF-002,control,Khe,142.17126659884838
SHF-002,control,kbh,2.666904027632081
SHF-002,control,kbh_i,2.542424843327066
SHF-002,control,kbh_f,2.804199932831898
SHF-002,control,CL,0.06460012148059505
SHF-002,control,AUC_Cb,59.04741674248524
SHF-002,control,AUC_Cl,727.5937310499086
SHF-002,control,AUC35_Cb,43.88061895732876
SHF-002,control,AUC35_Cl,289.16092439372596
SHF-002,control,RE_R1b,20.210428416298324
SHF-002,control,RE_R1l,120.91741201679741
SHF-002,control,RE_Sb,7.446479596807694
SHF-002,control,RE_Sl,93.64859567702659
SHF-002,control,T1_1,0.73111
SHF-002,control,T1_2,0.33114
SHF-002,control,t1_MOLLI,11.14638888888889
SHF-002,control,t2_MOLLI,12.024722222222222
SHF-002,control,T1_3,0.62402
SHF-002,control,t3_MOLLI,13.675277777777778
SHF-002,control,t0,11.338888888888889
SHF-002,control,t1,12.022777777777778
SHF-002,control,t2,13.848611111111111
SHF-002,control,t3,14.533055555555556
SHF-002,control,dt1,2.0
SHF-002,control,dt2,2.0
