subject,study,parameter,value
SHF-002,control,S02a,90.51991719884394
SHF-002,control,S02l,137.68573740068175
SHF-002,control,BAT2,0.007068233640825673
SHF-002,control,BAT,0.00847134121790168
SHF-002,control,CO,0.19746494923357988
SHF-002,control,Thl,0.4409048795069226
SHF-002,control,Dhl,1.3680791771754555
SHF-002,control,To,1.0189345152185314
SHF-002,control,Eo,0.9621573219873648
SHF-002,control,Toe,0.2640308784331508
SHF-002,control,Eb,0.16797825114449927
SHF-002,control,H,0
SHF-002,control,ve,2.6937590397319315
SHF-002,control,Te,3.5700884271161133
SHF-002,control,De,3.6886304655710225
SHF-002,control,khe_i,1.0429162614115224
SHF-002,control,khe_f,1.1513691183991168
SHF-002,control,Th_i,1.177157851159239
SHF-002,control,Th_f,1.1920685763915844
SHF-002,control,Th,0.0
SHF-002,control,khe,0
SHF-002,control,Kbh,0
SHF-002,control,Khe,0
SHF-002,control,kbh,0
SHF-002,control,kbh_i,0
SHF-002,control,kbh_f,0
SHF-002,control,CL,0.0
SHF-002,control,AUC_Cb,0
SHF-002,control,AUC_Cl,0
SHF-002,control,AUC35_Cb,0
SHF-002,control,AUC35_Cl,0
SHF-002,control,RE_R1b,0
SHF-002,control,RE_R1l,0
SHF-002,control,RE_Sb,0
SHF-002,control,RE_Sl,0
SHF-002,control,T1_1,0
SHF-002,control,T1_2,0
SHF-002,control,t1_MOLLI,0
SHF-002,control,t2_MOLLI,0
SHF-002,control,T1_3,0
SHF-002,control,t3_MOLLI,0
SHF-002,control,t0,0
SHF-002,control,t1,0
SHF-002,control,t2,0
SHF-002,control,t3,0
SHF-002,control,dt1,0
SHF-002,control,dt2,0
