subject,study,parameter,value
LDS-007,control_15,BAT,1.0980553317733734
LDS-007,control_15,CO,5.683589242427599
LDS-007,control_15,Thl,14.404773253906763
LDS-007,control_15,Dhl,31.86778927050388
LDS-007,control_15,To,13.667937426135714
LDS-007,control_15,Eo,34.33429562319934
LDS-007,control_15,Toe,1.792116697033927
LDS-007,control_15,Eb,12.35940366757642
LDS-007,control_15,H,45.0
LDS-007,control_15,ve,10.53175269178965
LDS-007,control_15,Te,59.99999999571587
LDS-007,control_15,De,88.03506352217092
LDS-007,control_15,khe,27.024509406123247
LDS-007,control_15,Th,235.18616816058525
LDS-007,control_15,Kbh,0.42519507325668887
LDS-007,control_15,Khe,256.6003038334828
LDS-007,control_15,kbh,0.3804145796836205
LDS-007,control_15,CL,0.2551559698009067
LDS-007,control_15,AUC_Cb,29.050109297957224
LDS-007,control_15,AUC_Cl,957.9597192516117
LDS-007,control_15,AUC35_Cb,28.344411007782874
LDS-007,control_15,AUC35_Cl,195.38175312862955
LDS-007,control_15,RE_R1b,11.293973829287141
LDS-007,control_15,RE_R1l,92.20087868434759
LDS-007,control_15,RE_Sb,14.433889250848624
LDS-007,control_15,RE_Sl,75.06638305879936
LDS-007,control_15,T1_1,0.855419983
LDS-007,control_15,T1_2,0.537539978
LDS-007,control_15,t1_MOLLI,14.784960833333333
LDS-007,control_15,t2_MOLLI,16.253286111111112
