subject,study,parameter,value
LDS-007,control_15,BAT,0.008948801910965302
LDS-007,control_15,CO,0.10888762101588659
LDS-007,control_15,Thl,0.6019799080121543
LDS-007,control_15,Dhl,1.2014309240264225
LDS-007,control_15,To,1.4804833551831025
LDS-007,control_15,Eo,2.0268251962836836
LDS-007,control_15,Toe,0.21274079268310117
LDS-007,control_15,Eb,0.7289751392583161
LDS-007,control_15,H,0
LDS-007,control_15,ve,13.916328267594333
LDS-007,control_15,Te,63.065286846385106
LDS-007,control_15,De,11.72866470257464
LDS-007,control_15,khe,0.9980136056073555
LDS-007,control_15,Th,271.14400182837477
LDS-007,control_15,Kbh,0
LDS-007,control_15,Khe,0
LDS-007,control_15,kbh,0
LDS-007,control_15,CL,0.0
LDS-007,control_15,AUC_Cb,0
LDS-007,control_15,AUC_Cl,0
LDS-007,control_15,AUC35_Cb,0
LDS-007,control_15,AUC35_Cl,0
LDS-007,control_15,RE_R1b,0
LDS-007,control_15,RE_R1l,0
LDS-007,control_15,RE_Sb,0
LDS-007,control_15,RE_Sl,0
LDS-007,control_15,T1_1,0
LDS-007,control_15,T1_2,0
LDS-007,control_15,t1_MOLLI,0
LDS-007,control_15,t2_MOLLI,0
