subject,study,parameter,value
SHF-005,control,BAT,1.2468815088297103
SHF-005,control,CO,3.531579854065786
SHF-005,control,Thl,14.58390964470816
SHF-005,control,Dhl,56.87839274056907
SHF-005,control,To,44.219915623379805
SHF-005,control,Eo,16.507710757851456
SHF-005,control,Toe,9.54850602551724
SHF-005,control,Eb,6.637148992979645
SHF-005,control,H,45.0
SHF-005,control,ve,18.255974337924762
SHF-005,control,Te,34.803994802858526
SHF-005,control,De,71.56513289091696
SHF-005,control,khe,21.93377986129212
SHF-005,control,Th,73.32965048046216
SHF-005,control,Kbh,1.3637048498771154
SHF-005,control,Khe,120.145764095029
SHF-005,control,kbh,1.1147472424385139
SHF-005,control,CL,0.1977925422786589
SHF-005,control,AUC_Cb,57.682142942144836
SHF-005,control,AUC_Cl,807.6067457485266
SHF-005,control,AUC35_Cb,35.93475017598172
SHF-005,control,AUC35_Cl,166.9298102853301
SHF-005,control,RE_R1b,19.01363651974063
SHF-005,control,RE_R1l,69.42928738256064
SHF-005,control,RE_Sb,22.927915979818202
SHF-005,control,RE_Sl,57.64127655903992
SHF-005,control,T1_1,0.78715
SHF-005,control,T1_2,0.49327
SHF-005,control,t1_MOLLI,14.248888888888889
SHF-005,control,t2_MOLLI,15.06611111111111
