subject,study,parameter,value
SHF-005,control,BAT,0.034527874930576914
SHF-005,control,CO,0.11551498972925682
SHF-005,control,Thl,2.4361565443715967
SHF-005,control,Dhl,6.946397356144909
SHF-005,control,To,2.0742512940944726
SHF-005,control,Eo,0.7507051936419418
SHF-005,control,Toe,0.9787116055420143
SHF-005,control,Eb,0.6194759345410589
SHF-005,control,H,0
SHF-005,control,ve,1.9806482773305965
SHF-005,control,Te,5.206252790096368
SHF-005,control,De,6.051464770622383
SHF-005,control,khe,0.4319851546052981
SHF-005,control,Th,5.262859283304859
SHF-005,control,Kbh,0
SHF-005,control,Khe,0
SHF-005,control,kbh,0
SHF-005,control,CL,0.0
SHF-005,control,AUC_Cb,0
SHF-005,control,AUC_Cl,0
SHF-005,control,AUC35_Cb,0
SHF-005,control,AUC35_Cl,0
SHF-005,control,RE_R1b,0
SHF-005,control,RE_R1l,0
SHF-005,control,RE_Sb,0
SHF-005,control,RE_Sl,0
SHF-005,control,T1_1,0
SHF-005,control,T1_2,0
SHF-005,control,t1_MOLLI,0
SHF-005,control,t2_MOLLI,0
