subject,study,parameter,value
SHF-002,control_05,BAT,1.1728302031310276
SHF-002,control_05,CO,5.7970300762397935
SHF-002,control_05,Thl,11.65416298660826
SHF-002,control_05,Dhl,33.640822039229505
SHF-002,control_05,To,18.920358331033192
SHF-002,control_05,Eo,28.08625139857279
SHF-002,control_05,Toe,2.2408114066519946
SHF-002,control_05,Eb,3.631270380827161
SHF-002,control_05,H,45.0
SHF-002,control_05,ve,25.18208267276333
SHF-002,control_05,Te,32.85944659731366
SHF-002,control_05,De,81.93124944855089
SHF-002,control_05,khe,38.51154769827184
SHF-002,control_05,Th,599.9874126142643
SHF-002,control_05,Kbh,0.16667016323605882
SHF-002,control_05,Khe,152.93233764149903
SHF-002,control_05,kbh,0.1246991449391249
SHF-002,control_05,CL,0.06214129503207177
SHF-002,control_05,AUC_Cb,96.48853126794633
SHF-002,control_05,AUC_Cl,4943.0512698583025
SHF-002,control_05,AUC35_Cb,60.91248821376609
SHF-002,control_05,AUC35_Cl,514.2964153439118
SHF-002,control_05,RE_R1b,30.414991883924774
SHF-002,control_05,RE_R1l,202.4731414338263
SHF-002,control_05,RE_Sb,7.446479596807694
SHF-002,control_05,RE_Sl,93.64859567702659
SHF-002,control_05,T1_1,0.73111
SHF-002,control_05,T1_2,0.33114
SHF-002,control_05,t1_MOLLI,11.14638888888889
SHF-002,control_05,t2_MOLLI,12.024722222222222
