subject,study,parameter,value
SHF-002,control_05,BAT,0.027799871340307206
SHF-002,control_05,CO,0.5723255299761102
SHF-002,control_05,Thl,1.5219857751158137
SHF-002,control_05,Dhl,4.497623400843399
SHF-002,control_05,To,8.199863656192266
SHF-002,control_05,Eo,48.683166005698325
SHF-002,control_05,Toe,10.02033420514687
SHF-002,control_05,Eb,82.13388988475968
SHF-002,control_05,H,0
SHF-002,control_05,ve,1388.2517653038228
SHF-002,control_05,Te,49.506118214823104
SHF-002,control_05,De,32.56351841625373
SHF-002,control_05,khe,26.88519795866233
SHF-002,control_05,Th,146936.77700248986
SHF-002,control_05,Kbh,0
SHF-002,control_05,Khe,0
SHF-002,control_05,kbh,0
SHF-002,control_05,CL,0.0
SHF-002,control_05,AUC_Cb,0
SHF-002,control_05,AUC_Cl,0
SHF-002,control_05,AUC35_Cb,0
SHF-002,control_05,AUC35_Cl,0
SHF-002,control_05,RE_R1b,0
SHF-002,control_05,RE_R1l,0
SHF-002,control_05,RE_Sb,0
SHF-002,control_05,RE_Sl,0
SHF-002,control_05,T1_1,0
SHF-002,control_05,T1_2,0
SHF-002,control_05,t1_MOLLI,0
SHF-002,control_05,t2_MOLLI,0
