subject,study,parameter,value
LDS-003,control_20,BAT,1.2760134248945372
LDS-003,control_20,CO,6.52992489683395
LDS-003,control_20,Thl,7.487281848716889
LDS-003,control_20,Dhl,82.54359182329523
LDS-003,control_20,To,31.58347501695609
LDS-003,control_20,Eo,13.762690965681509
LDS-003,control_20,Toe,3.8760976152181925
LDS-003,control_20,Eb,9.131052217381558
LDS-003,control_20,H,45.0
LDS-003,control_20,ve,23.137983581352145
LDS-003,control_20,Te,40.91711141665086
LDS-003,control_20,De,76.9119775801264
LDS-003,control_20,khe,47.48118590535265
LDS-003,control_20,Th,68.779713026417
LDS-003,control_20,Kbh,1.453917086882754
LDS-003,control_20,Khe,205.20883221483354
LDS-003,control_20,kbh,1.117509990033349
LDS-003,control_20,CL,0.4150198773766639
LDS-003,control_20,AUC_Cb,11.43039259321198
LDS-003,control_20,AUC_Cl,345.71715592519433
LDS-003,control_20,AUC35_Cb,10.731393474795865
LDS-003,control_20,AUC35_Cl,112.34710759578277
LDS-003,control_20,RE_R1b,4.654402721887899
LDS-003,control_20,RE_R1l,43.439313034965146
LDS-003,control_20,RE_Sb,5.006305845705397
LDS-003,control_20,RE_Sl,35.277103083701114
LDS-003,control_20,T1_1,0.706900024
LDS-003,control_20,T1_2,0.529400024
LDS-003,control_20,t1_MOLLI,10.707445833333333
LDS-003,control_20,t2_MOLLI,11.655478055555555
