subject,study,parameter,value
LDS-003,control_20,BAT,0.16144624810341732
LDS-003,control_20,CO,2.0931505956346563
LDS-003,control_20,Thl,11.158755626637797
LDS-003,control_20,Dhl,100.87245154151144
LDS-003,control_20,To,3.6341737618968457
LDS-003,control_20,Eo,2.431535197785521
LDS-003,control_20,Toe,1.6314008346299582
LDS-003,control_20,Eb,5.43728350860913
LDS-003,control_20,H,0
LDS-003,control_20,ve,8.777080196476158
LDS-003,control_20,Te,16.05536194453814
LDS-003,control_20,De,11.104618807198783
LDS-003,control_20,khe,1.49630989053285
LDS-003,control_20,Th,12.485867689048028
LDS-003,control_20,Kbh,0
LDS-003,control_20,Khe,0
LDS-003,control_20,kbh,0
LDS-003,control_20,CL,0.0
LDS-003,control_20,AUC_Cb,0
LDS-003,control_20,AUC_Cl,0
LDS-003,control_20,AUC35_Cb,0
LDS-003,control_20,AUC35_Cl,0
LDS-003,control_20,RE_R1b,0
LDS-003,control_20,RE_R1l,0
LDS-003,control_20,RE_Sb,0
LDS-003,control_20,RE_Sl,0
LDS-003,control_20,T1_1,0
LDS-003,control_20,T1_2,0
LDS-003,control_20,t1_MOLLI,0
LDS-003,control_20,t2_MOLLI,0
