subject,study,parameter,value
LDS-006,drug_20,BAT,0.001786476445773708
LDS-006,drug_20,CO,0.17842894780274596
LDS-006,drug_20,Thl,0.18340418897290178
LDS-006,drug_20,Dhl,0.940096405651399
LDS-006,drug_20,To,1.2203965692951384
LDS-006,drug_20,Eo,1.0081964778561252
LDS-006,drug_20,Toe,0.6799137064367333
LDS-006,drug_20,Eb,0.6114807231130933
LDS-006,drug_20,H,0
LDS-006,drug_20,ve,2.5063185365312424
LDS-006,drug_20,Te,4.2811219788299315
LDS-006,drug_20,De,4.457669953579484
LDS-006,drug_20,khe,0.7601770607596102
LDS-006,drug_20,Th,19702.268027104532
LDS-006,drug_20,Kbh,0
LDS-006,drug_20,Khe,0
LDS-006,drug_20,kbh,0
LDS-006,drug_20,CL,0.0
LDS-006,drug_20,AUC_Cb,0
LDS-006,drug_20,AUC_Cl,0
LDS-006,drug_20,AUC35_Cb,0
LDS-006,drug_20,AUC35_Cl,0
LDS-006,drug_20,RE_R1b,0
LDS-006,drug_20,RE_R1l,0
LDS-006,drug_20,RE_Sb,0
LDS-006,drug_20,RE_Sl,0
LDS-006,drug_20,T1_1,0
LDS-006,drug_20,T1_2,0
LDS-006,drug_20,t1_MOLLI,0
LDS-006,drug_20,t2_MOLLI,0
