subject,study,parameter,value
SHF-004,control_10,BAT,1.2627552238110873
SHF-004,control_10,CO,10.857576648140606
SHF-004,control_10,Thl,16.423059713556626
SHF-004,control_10,Dhl,71.96083586875123
SHF-004,control_10,To,18.073360545836866
SHF-004,control_10,Eo,24.446169229247083
SHF-004,control_10,Toe,1.7005248952415204
SHF-004,control_10,Eb,6.249628866112188
SHF-004,control_10,H,45.0
SHF-004,control_10,ve,23.04127714901402
SHF-004,control_10,Te,28.54211655424908
SHF-004,control_10,De,94.28026516225324
SHF-004,control_10,khe,25.434780579752864
SHF-004,control_10,Th,28.689568679580916
SHF-004,control_10,Kbh,3.4855874313360626
SHF-004,control_10,Khe,110.38789393165763
SHF-004,control_10,kbh,2.6824635710107216
SHF-004,control_10,CL,0.22187334912629014
SHF-004,control_10,AUC_Cb,29.910485063454807
SHF-004,control_10,AUC_Cl,230.0332449793783
SHF-004,control_10,AUC35_Cb,26.764633386821245
SHF-004,control_10,AUC35_Cl,116.12139876477393
SHF-004,control_10,RE_R1b,15.43512016270681
SHF-004,control_10,RE_R1l,50.77685557601072
SHF-004,control_10,RE_Sb,12.967574647841781
SHF-004,control_10,RE_Sl,52.0552227718379
SHF-004,control_10,T1_1,0.79748
SHF-004,control_10,T1_2,0.51401
SHF-004,control_10,t1_MOLLI,10.535277777777777
SHF-004,control_10,t2_MOLLI,11.376388888888888
