subject,study,parameter,value
SHF-004,control_10,BAT,0.13360771909849153
SHF-004,control_10,CO,2.6778982133930085
SHF-004,control_10,Thl,9.907342642210972
SHF-004,control_10,Dhl,26.52056829114113
SHF-004,control_10,To,4.701871059729411
SHF-004,control_10,Eo,7.05990971881916
SHF-004,control_10,Toe,1.2545200861779082
SHF-004,control_10,Eb,6.579656802443129
SHF-004,control_10,H,0
SHF-004,control_10,ve,6.370617583016832
SHF-004,control_10,Te,12.29454725448079
SHF-004,control_10,De,11.530979834927827
SHF-004,control_10,khe,3.6680345841227333
SHF-004,control_10,Th,24.182558592221223
SHF-004,control_10,Kbh,0
SHF-004,control_10,Khe,0
SHF-004,control_10,kbh,0
SHF-004,control_10,CL,0.0
SHF-004,control_10,AUC_Cb,0
SHF-004,control_10,AUC_Cl,0
SHF-004,control_10,AUC35_Cb,0
SHF-004,control_10,AUC35_Cl,0
SHF-004,control_10,RE_R1b,0
SHF-004,control_10,RE_R1l,0
SHF-004,control_10,RE_Sb,0
SHF-004,control_10,RE_Sl,0
SHF-004,control_10,T1_1,0
SHF-004,control_10,T1_2,0
SHF-004,control_10,t1_MOLLI,0
SHF-004,control_10,t2_MOLLI,0
