subject,study,parameter,value
LDS-004,control,S02a,6219.1498871125295
LDS-004,control,S02l,5710.5745896363405
LDS-004,control,BAT2,159.00032953263846
LDS-004,control,BAT,1.0844932206749804
LDS-004,control,CO,4.1347011193581205
LDS-004,control,Thl,18.75594473441108
LDS-004,control,Dhl,31.148139802832198
LDS-004,control,To,26.328184492733218
LDS-004,control,Eo,30.898208303861914
LDS-004,control,Toe,5.6037169464087775
LDS-004,control,Eb,14.908973146763907
LDS-004,control,H,45.0
LDS-004,control,ve,5.800437254820501
LDS-004,control,Te,25.544342464119076
LDS-004,control,De,56.45056013959465
LDS-004,control,khe_i,19.623930613783806
LDS-004,control,khe_f,28.148797954522337
LDS-004,control,Th_i,141.07537209101864
LDS-004,control,Th_f,217.80851874615027
LDS-004,control,Th,179.44194541858445
LDS-004,control,khe,23.88636428415307
LDS-004,control,Kbh,0.5572833027792352
LDS-004,control,Khe,411.80282166317915
LDS-004,control,kbh,0.5249584344699344
LDS-004,control,kbh_i,0.6677250702865705
LDS-004,control,kbh_f,0.4324879636822949
LDS-004,control,CL,0.2116445009279712
LDS-004,control,AUC_Cb,44.34621501995895
LDS-004,control,AUC_Cl,945.4444036525074
LDS-004,control,AUC35_Cb,36.75448259143732
LDS-004,control,AUC35_Cl,190.4285596166083
LDS-004,control,RE_R1b,18.188603362790033
LDS-004,control,RE_R1l,75.5024588592584
LDS-004,control,RE_Sb,6.01910403603376
LDS-004,control,RE_Sl,61.8378654514423
LDS-004,control,T1_1,0.802359985
LDS-004,control,T1_2,0.502459991
LDS-004,control,t1_MOLLI,9.83225138888889
LDS-004,control,t2_MOLLI,10.700175833333335
LDS-004,control,T1_3,0.649890015
LDS-004,control,t3_MOLLI,12.318023333333333
LDS-004,control,t0,9.95161875
LDS-004,control,t1,10.616713888888889
LDS-004,control,t2,12.43306875
LDS-004,control,t3,13.098650694444444
LDS-004,control,dt1,1.639999999999418
LDS-004,control,dt2,1.639999999999418
