subject,study,parameter,value
LDS-004,control,S02a,19.3137071438493
LDS-004,control,S02l,85.34483337172357
LDS-004,control,BAT2,0.0016363657078954804
LDS-004,control,BAT,0.0015820803808499415
LDS-004,control,CO,0.0394913659223264
LDS-004,control,Thl,0.13780548127474976
LDS-004,control,Dhl,0.32594499791923054
LDS-004,control,To,0.7976896210692709
LDS-004,control,Eo,0.5800546619311436
LDS-004,control,Toe,0.22746250645072102
LDS-004,control,Eb,0.3849348784344856
LDS-004,control,H,0
LDS-004,control,ve,1.1192996524841141
LDS-004,control,Te,4.137143036644367
LDS-004,control,De,8.497573040455968
LDS-004,control,khe_i,0.25110958405991063
LDS-004,control,khe_f,0.5990653867049156
LDS-004,control,Th_i,13.39297312206477
LDS-004,control,Th_f,28.475587007164393
LDS-004,control,Th,0.0
LDS-004,control,khe,0
LDS-004,control,Kbh,0
LDS-004,control,Khe,0
LDS-004,control,kbh,0
LDS-004,control,kbh_i,0
LDS-004,control,kbh_f,0
LDS-004,control,CL,0.0
LDS-004,control,AUC_Cb,0
LDS-004,control,AUC_Cl,0
LDS-004,control,AUC35_Cb,0
LDS-004,control,AUC35_Cl,0
LDS-004,control,RE_R1b,0
LDS-004,control,RE_R1l,0
LDS-004,control,RE_Sb,0
LDS-004,control,RE_Sl,0
LDS-004,control,T1_1,0
LDS-004,control,T1_2,0
LDS-004,control,t1_MOLLI,0
LDS-004,control,t2_MOLLI,0
LDS-004,control,T1_3,0
LDS-004,control,t3_MOLLI,0
LDS-004,control,t0,0
LDS-004,control,t1,0
LDS-004,control,t2,0
LDS-004,control,t3,0
LDS-004,control,dt1,0
LDS-004,control,dt2,0
