subject,study,parameter,value
SHF-003,control,S02a,39323.802930264035
SHF-003,control,S02l,18337.232538811924
SHF-003,control,BAT2,123.8864319059579
SHF-003,control,BAT,1.3247886140026137
SHF-003,control,CO,12.35850573417663
SHF-003,control,Thl,9.481514844953029
SHF-003,control,Dhl,84.59983496263061
SHF-003,control,To,26.383697008980363
SHF-003,control,Eo,15.116894609678436
SHF-003,control,Toe,8.807811660221722
SHF-003,control,Eb,3.4195036183796184
SHF-003,control,H,45.0
SHF-003,control,ve,27.737574205933907
SHF-003,control,Te,20.21056445766226
SHF-003,control,De,75.74932083063985
SHF-003,control,khe_i,41.24308548398457
SHF-003,control,khe_f,51.80147052602343
SHF-003,control,Th_i,44.35539988119042
SHF-003,control,Th_f,56.726632607905245
SHF-003,control,Th,50.54101624454783
SHF-003,control,khe,46.522278005004004
SHF-003,control,Kbh,1.9785910025263411
SHF-003,control,Khe,167.72295103964598
SHF-003,control,kbh,1.429777854968666
SHF-003,control,kbh_i,1.6291686240599101
SHF-003,control,kbh_f,1.2738712395206733
SHF-003,control,CL,0.44855766145806425
SHF-003,control,AUC_Cb,62.09546598416166
SHF-003,control,AUC_Cl,1231.061106295133
SHF-003,control,AUC35_Cb,31.234279428286335
SHF-003,control,AUC35_Cl,257.45347981405513
SHF-003,control,RE_R1b,18.10374073697106
SHF-003,control,RE_R1l,91.79337689256995
SHF-003,control,RE_Sb,20.309774052265674
SHF-003,control,RE_Sl,79.86943866677737
SHF-003,control,T1_1,0.72478
SHF-003,control,T1_2,0.35727
SHF-003,control,t1_MOLLI,8.8975
SHF-003,control,t2_MOLLI,9.759722222222223
SHF-003,control,T1_3,0.4655
SHF-003,control,t3_MOLLI,10.893055555555556
SHF-003,control,t0,9.064722222222223
SHF-003,control,t1,9.751388888888888
SHF-003,control,t2,11.04138888888889
SHF-003,control,t3,11.7275
SHF-003,control,dt1,2.0
SHF-003,control,dt2,2.0
