subject,study,parameter,value
SHF-003,control,S02a,102.6937416413117
SHF-003,control,S02l,341.8016198115347
SHF-003,control,BAT2,0.013108572670594489
SHF-003,control,BAT,0.014518326801646329
SHF-003,control,CO,0.39184461198887277
SHF-003,control,Thl,1.1813080135330436
SHF-003,control,Dhl,7.1850322574874985
SHF-003,control,To,0.8045107812394398
SHF-003,control,Eo,0.5246689497506888
SHF-003,control,Toe,0.36149278947287605
SHF-003,control,Eb,0.18943639396886858
SHF-003,control,H,0
SHF-003,control,ve,1.8678534820013661
SHF-003,control,Te,2.3205337330655755
SHF-003,control,De,5.199658141511071
SHF-003,control,khe_i,0.5945135281603952
SHF-003,control,khe_f,1.7922359895817324
SHF-003,control,Th_i,1.7558763397988306
SHF-003,control,Th_f,2.3994708076080693
SHF-003,control,Th,0.0
SHF-003,control,khe,0
SHF-003,control,Kbh,0
SHF-003,control,Khe,0
SHF-003,control,kbh,0
SHF-003,control,kbh_i,0
SHF-003,control,kbh_f,0
SHF-003,control,CL,0.0
SHF-003,control,AUC_Cb,0
SHF-003,control,AUC_Cl,0
SHF-003,control,AUC35_Cb,0
SHF-003,control,AUC35_Cl,0
SHF-003,control,RE_R1b,0
SHF-003,control,RE_R1l,0
SHF-003,control,RE_Sb,0
SHF-003,control,RE_Sl,0
SHF-003,control,T1_1,0
SHF-003,control,T1_2,0
SHF-003,control,t1_MOLLI,0
SHF-003,control,t2_MOLLI,0
SHF-003,control,T1_3,0
SHF-003,control,t3_MOLLI,0
SHF-003,control,t0,0
SHF-003,control,t1,0
SHF-003,control,t2,0
SHF-003,control,t3,0
SHF-003,control,dt1,0
SHF-003,control,dt2,0
