subject,study,parameter,value
LDS-004,control_40,BAT,1.251603376202654
LDS-004,control_40,CO,3.8841581461124086
LDS-004,control_40,Thl,8.271387423865637
LDS-004,control_40,Dhl,64.1363004680199
LDS-004,control_40,To,39.850158062901095
LDS-004,control_40,Eo,30.19925224537785
LDS-004,control_40,Toe,7.975187534519361
LDS-004,control_40,Eb,14.892377878875877
LDS-004,control_40,H,45.0
LDS-004,control_40,ve,9.712696809110422
LDS-004,control_40,Te,59.999992138736324
LDS-004,control_40,De,86.80029281084008
LDS-004,control_40,khe,20.30205425444264
LDS-004,control_40,Th,196.41056192492974
LDS-004,control_40,Kbh,0.5091375892413621
LDS-004,control_40,Khe,209.0259240399587
LDS-004,control_40,kbh,0.4596865988571347
LDS-004,control_40,CL,0.1798858164172245
LDS-004,control_40,AUC_Cb,47.235647776453874
LDS-004,control_40,AUC_Cl,1048.9978099192813
LDS-004,control_40,AUC35_Cb,35.72295253571135
LDS-004,control_40,AUC35_Cl,179.4259265951646
LDS-004,control_40,RE_R1b,16.959454579600504
LDS-004,control_40,RE_R1l,75.88502294676317
LDS-004,control_40,RE_Sb,14.548525747878454
LDS-004,control_40,RE_Sl,63.379776803973755
LDS-004,control_40,T1_1,0.802359985
LDS-004,control_40,T1_2,0.502459991
LDS-004,control_40,t1_MOLLI,9.83225138888889
LDS-004,control_40,t2_MOLLI,10.700175833333335
