subject,study,parameter,value
LDS-004,control_40,BAT,0.0028697169694393743
LDS-004,control_40,CO,0.06603928654851533
LDS-004,control_40,Thl,0.2659192438336658
LDS-004,control_40,Dhl,0.889687536455568
LDS-004,control_40,To,1.8861119583554542
LDS-004,control_40,Eo,0.9058788620492894
LDS-004,control_40,Toe,0.5866451300954496
LDS-004,control_40,Eb,0.8047069211916412
LDS-004,control_40,H,0
LDS-004,control_40,ve,683.4463151556836
LDS-004,control_40,Te,3659.4377474743555
LDS-004,control_40,De,804.2480621233675
LDS-004,control_40,khe,6.184237644044376
LDS-004,control_40,Th,31.224024633458892
LDS-004,control_40,Kbh,0
LDS-004,control_40,Khe,0
LDS-004,control_40,kbh,0
LDS-004,control_40,CL,0.0
LDS-004,control_40,AUC_Cb,0
LDS-004,control_40,AUC_Cl,0
LDS-004,control_40,AUC35_Cb,0
LDS-004,control_40,AUC35_Cl,0
LDS-004,control_40,RE_R1b,0
LDS-004,control_40,RE_R1l,0
LDS-004,control_40,RE_Sb,0
LDS-004,control_40,RE_Sl,0
LDS-004,control_40,T1_1,0
LDS-004,control_40,T1_2,0
LDS-004,control_40,t1_MOLLI,0
LDS-004,control_40,t2_MOLLI,0
