subject,study,parameter,value
SHF-022,control,S02a,40163.60721079224
SHF-022,control,S02l,17937.401793680823
SHF-022,control,BAT2,138.43200379885755
SHF-022,control,BAT,1.2479814652689194
SHF-022,control,CO,11.347585187430129
SHF-022,control,Thl,14.295737005305737
SHF-022,control,Dhl,42.66372088807378
SHF-022,control,To,28.659865040112543
SHF-022,control,Eo,16.335437996578644
SHF-022,control,Toe,7.946732700881382
SHF-022,control,Eb,5.059746726405147
SHF-022,control,H,45.0
SHF-022,control,ve,23.453370923655545
SHF-022,control,Te,26.31467767996361
SHF-022,control,De,78.72202575923922
SHF-022,control,khe_i,56.860664167280014
SHF-022,control,khe_f,52.73609574714193
SHF-022,control,Th_i,42.191502845846884
SHF-022,control,Th_f,39.10118648469895
SHF-022,control,Th,40.64634466527291
SHF-022,control,khe,54.798379957210976
SHF-022,control,Kbh,2.460245830800061
SHF-022,control,Khe,233.64820407091344
SHF-022,control,kbh,1.8832352504687517
SHF-022,control,kbh_i,1.8142664734181024
SHF-022,control,kbh_f,1.9576548938303604
SHF-022,control,CL,0.6233390267848843
SHF-022,control,AUC_Cb,35.14660895858897
SHF-022,control,AUC_Cl,791.039268356469
SHF-022,control,AUC35_Cb,21.233161074775325
SHF-022,control,AUC35_Cl,209.83163735160775
SHF-022,control,RE_R1b,12.010805745062742
SHF-022,control,RE_R1l,87.22123893401971
SHF-022,control,RE_Sb,13.819378659897023
SHF-022,control,RE_Sl,73.81165708234253
SHF-022,control,T1_1,0.75858
SHF-022,control,T1_2,0.36546
SHF-022,control,t1_MOLLI,13.748333333333333
SHF-022,control,t2_MOLLI,14.633333333333333
SHF-022,control,T1_3,0.54746
SHF-022,control,t3_MOLLI,16.01361111111111
SHF-022,control,t0,13.94
SHF-022,control,t1,14.625833333333333
SHF-022,control,t2,16.16027777777778
SHF-022,control,t3,16.846666666666668
SHF-022,control,dt1,2.0
SHF-022,control,dt2,2.0
