subject,study,parameter,value
SHF-022,control,S02a,104.54752946793623
SHF-022,control,S02l,285.23456438846284
SHF-022,control,BAT2,0.005641787960531249
SHF-022,control,BAT,0.007195968281700844
SHF-022,control,CO,0.21610072627667407
SHF-022,control,Thl,0.3949974572442516
SHF-022,control,Dhl,1.231941106107368
SHF-022,control,To,1.2531873858255511
SHF-022,control,Eo,0.6547284233588243
SHF-022,control,Toe,0.5731805088686958
SHF-022,control,Eb,0.29779324928034745
SHF-022,control,H,0
SHF-022,control,ve,5.671840586698263
SHF-022,control,Te,8.165362736749568
SHF-022,control,De,9.676337787177463
SHF-022,control,khe_i,1.2088155351954413
SHF-022,control,khe_f,2.060895475003958
SHF-022,control,Th_i,2.090616751948583
SHF-022,control,Th_f,2.2707209131532697
SHF-022,control,Th,0.0
SHF-022,control,khe,0
SHF-022,control,Kbh,0
SHF-022,control,Khe,0
SHF-022,control,kbh,0
SHF-022,control,kbh_i,0
SHF-022,control,kbh_f,0
SHF-022,control,CL,0.0
SHF-022,control,AUC_Cb,0
SHF-022,control,AUC_Cl,0
SHF-022,control,AUC35_Cb,0
SHF-022,control,AUC35_Cl,0
SHF-022,control,RE_R1b,0
SHF-022,control,RE_R1l,0
SHF-022,control,RE_Sb,0
SHF-022,control,RE_Sl,0
SHF-022,control,T1_1,0
SHF-022,control,T1_2,0
SHF-022,control,t1_MOLLI,0
SHF-022,control,t2_MOLLI,0
SHF-022,control,T1_3,0
SHF-022,control,t3_MOLLI,0
SHF-022,control,t0,0
SHF-022,control,t1,0
SHF-022,control,t2,0
SHF-022,control,t3,0
SHF-022,control,dt1,0
SHF-022,control,dt2,0
