subject,study,parameter,value
SHF-016,control_25,BAT,1.1645303508596365
SHF-016,control_25,CO,15.065008418176651
SHF-016,control_25,Thl,17.465501398606566
SHF-016,control_25,Dhl,47.54135587615222
SHF-016,control_25,To,21.737170791760587
SHF-016,control_25,Eo,17.136445302438208
SHF-016,control_25,Toe,6.4083499413770415
SHF-016,control_25,Eb,6.109443678311474
SHF-016,control_25,H,45.0
SHF-016,control_25,ve,25.352569189995926
SHF-016,control_25,Te,26.405071309346372
SHF-016,control_25,De,76.57951220275045
SHF-016,control_25,khe,72.821052615639
SHF-016,control_25,Th,46.23331902341007
SHF-016,control_25,Kbh,2.1629422700404737
SHF-016,control_25,Khe,287.23342423368297
SHF-016,control_25,kbh,1.6145808344887942
SHF-016,control_25,CL,0.6844021469074741
SHF-016,control_25,AUC_Cb,22.07220219271427
SHF-016,control_25,AUC_Cl,722.6012270375943
SHF-016,control_25,AUC35_Cb,15.633238440203833
SHF-016,control_25,AUC35_Cl,210.13615856015247
SHF-016,control_25,RE_R1b,8.629343917313737
SHF-016,control_25,RE_R1l,74.55487262856158
SHF-016,control_25,RE_Sb,7.722945120103658
SHF-016,control_25,RE_Sl,61.45453378717352
SHF-016,control_25,T1_1,0.65575
SHF-016,control_25,T1_2,0.41641
SHF-016,control_25,t1_MOLLI,11.832777777777778
SHF-016,control_25,t2_MOLLI,12.673333333333334
