subject,study,parameter,value
SHF-016,control_25,BAT,0.01558879367027815
SHF-016,control_25,CO,0.38897798001060585
SHF-016,control_25,Thl,1.0103499436339434
SHF-016,control_25,Dhl,2.6508238755912186
SHF-016,control_25,To,1.6133021463018393
SHF-016,control_25,Eo,0.8015267886484934
SHF-016,control_25,Toe,0.821020421127797
SHF-016,control_25,Eb,0.7098767910237314
SHF-016,control_25,H,0
SHF-016,control_25,ve,10.206948487939599
SHF-016,control_25,Te,12.357515565325992
SHF-016,control_25,De,15.123082008276972
SHF-016,control_25,khe,1.7887681250487897
SHF-016,control_25,Th,4.0503786881648045
SHF-016,control_25,Kbh,0
SHF-016,control_25,Khe,0
SHF-016,control_25,kbh,0
SHF-016,control_25,CL,0.0
SHF-016,control_25,AUC_Cb,0
SHF-016,control_25,AUC_Cl,0
SHF-016,control_25,AUC35_Cb,0
SHF-016,control_25,AUC35_Cl,0
SHF-016,control_25,RE_R1b,0
SHF-016,control_25,RE_R1l,0
SHF-016,control_25,RE_Sb,0
SHF-016,control_25,RE_Sl,0
SHF-016,control_25,T1_1,0
SHF-016,control_25,T1_2,0
SHF-016,control_25,t1_MOLLI,0
SHF-016,control_25,t2_MOLLI,0
