subject,study,parameter,value
LDS-005,control_35,BAT,1.3303699362637595
LDS-005,control_35,CO,8.64319974011205
LDS-005,control_35,Thl,6.795404259731628
LDS-005,control_35,Dhl,75.5541743275943
LDS-005,control_35,To,19.179893358622785
LDS-005,control_35,Eo,16.801499938038496
LDS-005,control_35,Toe,3.850542847187692
LDS-005,control_35,Eb,5.473066173502156
LDS-005,control_35,H,45.0
LDS-005,control_35,ve,33.97248252534876
LDS-005,control_35,Te,59.92403284432844
LDS-005,control_35,De,86.83268707198178
LDS-005,control_35,khe,36.24695354545454
LDS-005,control_35,Th,30.425817705889703
LDS-005,control_35,Kbh,3.2866824144759934
LDS-005,control_35,Khe,106.69503919358459
LDS-005,control_35,kbh,2.1701148055544257
LDS-005,control_35,CL,0.25565783395777947
LDS-005,control_35,AUC_Cb,42.83175937969929
LDS-005,control_35,AUC_Cl,496.09502243096097
LDS-005,control_35,AUC35_Cb,35.352384779116605
LDS-005,control_35,AUC35_Cl,221.6889006704578
LDS-005,control_35,RE_R1b,15.194660303703996
LDS-005,control_35,RE_R1l,96.49978443799498
LDS-005,control_35,RE_Sb,15.545513428164655
LDS-005,control_35,RE_Sl,71.79490634995743
LDS-005,control_35,T1_1,0.8025
LDS-005,control_35,T1_2,0.450480011
LDS-005,control_35,t1_MOLLI,10.870616388888887
LDS-005,control_35,t2_MOLLI,11.798355277777777
