subject,study,parameter,value
LDS-005,control_35,BAT,0.007361684860759848
LDS-005,control_35,CO,0.2726397805175509
LDS-005,control_35,Thl,0.5775394954567801
LDS-005,control_35,Dhl,4.659940581334534
LDS-005,control_35,To,1.0104080351829785
LDS-005,control_35,Eo,0.7739402254051307
LDS-005,control_35,Toe,0.23917710684672291
LDS-005,control_35,Eb,0.31155482464192985
LDS-005,control_35,H,0
LDS-005,control_35,ve,4.824909331970575
LDS-005,control_35,Te,10.172672040209946
LDS-005,control_35,De,3.3329354467466077
LDS-005,control_35,khe,0.8351741552361754
LDS-005,control_35,Th,1.1729390469172334
LDS-005,control_35,Kbh,0
LDS-005,control_35,Khe,0
LDS-005,control_35,kbh,0
LDS-005,control_35,CL,0.0
LDS-005,control_35,AUC_Cb,0
LDS-005,control_35,AUC_Cl,0
LDS-005,control_35,AUC35_Cb,0
LDS-005,control_35,AUC35_Cl,0
LDS-005,control_35,RE_R1b,0
LDS-005,control_35,RE_R1l,0
LDS-005,control_35,RE_Sb,0
LDS-005,control_35,RE_Sl,0
LDS-005,control_35,T1_1,0
LDS-005,control_35,T1_2,0
LDS-005,control_35,t1_MOLLI,0
LDS-005,control_35,t2_MOLLI,0
