subject,study,parameter,value
SHF-011,control_15,BAT,1.2924238406723572
SHF-011,control_15,CO,6.7110717356885665
SHF-011,control_15,Thl,15.842540387440998
SHF-011,control_15,Dhl,49.164659714986506
SHF-011,control_15,To,21.895568671013113
SHF-011,control_15,Eo,20.451759072268604
SHF-011,control_15,Toe,3.6077720345581157
SHF-011,control_15,Eb,7.458103611686518
SHF-011,control_15,H,45.0
SHF-011,control_15,ve,36.54155677756719
SHF-011,control_15,Te,37.63725309156901
SHF-011,control_15,De,89.69299459717624
SHF-011,control_15,khe,59.28893500761509
SHF-011,control_15,Th,16.493867038308412
SHF-011,control_15,Kbh,6.062859593068228
SHF-011,control_15,Khe,162.2507091542758
SHF-011,control_15,kbh,3.8473963125230224
SHF-011,control_15,CL,0.47969288607723365
SHF-011,control_15,AUC_Cb,27.039213406994946
SHF-011,control_15,AUC_Cl,282.35661895800695
SHF-011,control_15,AUC35_Cb,22.885679722759324
SHF-011,control_15,AUC35_Cl,176.24445779285844
SHF-011,control_15,RE_R1b,12.690901255020934
SHF-011,control_15,RE_R1l,71.4023437474281
SHF-011,control_15,RE_Sb,11.663172855158175
SHF-011,control_15,RE_Sl,53.38374774059095
SHF-011,control_15,T1_1,0.76065
SHF-011,control_15,T1_2,0.49798
SHF-011,control_15,t1_MOLLI,14.463611111111112
SHF-011,control_15,t2_MOLLI,15.278611111111111
