subject,study,parameter,value
SHF-011,control_15,BAT,0.03897132638872875
SHF-011,control_15,CO,0.3629292677913201
SHF-011,control_15,Thl,2.8997278907730375
SHF-011,control_15,Dhl,5.5864481127697205
SHF-011,control_15,To,3.1555897085251714
SHF-011,control_15,Eo,2.068606640832693
SHF-011,control_15,Toe,1.126257776257728
SHF-011,control_15,Eb,2.0522486606113994
SHF-011,control_15,H,0
SHF-011,control_15,ve,16.202199946938805
SHF-011,control_15,Te,20.491428303388968
SHF-011,control_15,De,10.000942487774694
SHF-011,control_15,khe,5.062214054779791
SHF-011,control_15,Th,2.758597435197417
SHF-011,control_15,Kbh,0
SHF-011,control_15,Khe,0
SHF-011,control_15,kbh,0
SHF-011,control_15,CL,0.0
SHF-011,control_15,AUC_Cb,0
SHF-011,control_15,AUC_Cl,0
SHF-011,control_15,AUC35_Cb,0
SHF-011,control_15,AUC35_Cl,0
SHF-011,control_15,RE_R1b,0
SHF-011,control_15,RE_R1l,0
SHF-011,control_15,RE_Sb,0
SHF-011,control_15,RE_Sl,0
SHF-011,control_15,T1_1,0
SHF-011,control_15,T1_2,0
SHF-011,control_15,t1_MOLLI,0
SHF-011,control_15,t2_MOLLI,0
