subject,study,parameter,value
SHF-003,control,S02a,39323.802930264035
SHF-003,control,S02l,18337.232538811924
SHF-003,control,BAT2,123.8864319059579
SHF-003,control,BAT,1.3247886140026137
SHF-003,control,CO,12.35850573417663
SHF-003,control,Thl,9.481514844953029
SHF-003,control,Dhl,84.59983496263061
SHF-003,control,To,26.383697008980363
SHF-003,control,Eo,15.116894609678436
SHF-003,control,Toe,8.807811660221722
SHF-003,control,Eb,3.4195036183796184
SHF-003,control,H,45.0
SHF-003,control,ve,27.737574205933907
SHF-003,control,Te,20.21056445766226
SHF-003,control,De,75.74932083063985
SHF-003,control,khe_i,41.24308548398457
SHF-003,control,khe_f,51.80147052602343
SHF-003,control,Th_i,44.35539988119042
SHF-003,control,Th_f,56.726632607905245
SHF-003,control,Th,50.54101624454783
SHF-003,control,khe,46.522278005004004
SHF-003,control,Kbh,1.9785910025263411
SHF-003,control,Khe,167.72295103964598
SHF-003,control,kbh,1.429777854968666
SHF-003,control,kbh_i,1.6291686240599101
SHF-003,control,kbh_f,1.2738712395206733
SHF-003,control,CL,0.44855766145806425
SHF-003,control,AUC_Cb,62.09546598416166
SHF-003,control,AUC_Cl,1231.061106295133
SHF-003,control,AUC35_Cb,31.234279428286335
SHF-003,control,AUC35_Cl,257.45347981405513
SHF-003,control,RE_R1b,18.10374073697106
SHF-003,control,RE_R1l,91.79337689256995
SHF-003,control,RE_Sb,20.309774052265674
SHF-003,control,RE_Sl,79.86943866677737
SHF-003,control,T1_1,0.72478
SHF-003,control,T1_2,0.35727
SHF-003,control,t1_MOLLI,8.8975
SHF-003,control,t2_MOLLI,9.759722222222223
SHF-003,control,T1_3,0.4655
SHF-003,control,t3_MOLLI,10.893055555555556
SHF-003,control,t0,9.064722222222223
SHF-003,control,t1,9.751388888888888
SHF-003,control,t2,11.04138888888889
SHF-003,control,t3,11.7275
SHF-003,control,dt1,2.0
SHF-003,control,dt2,2.0
SHF-003,drug,S02a,37521.87989937582
SHF-003,drug,S02l,21645.831829224247
SHF-003,drug,BAT2,119.2426345661724
SHF-003,drug,BAT,1.2216177669080837
SHF-003,drug,CO,12.0789579840907
SHF-003,drug,Thl,19.349702439991358
SHF-003,drug,Dhl,40.46526108585793
SHF-003,drug,To,17.4003722132316
SHF-003,drug,Eo,17.91930939598388
SHF-003,drug,Toe,6.303294691983792
SHF-003,drug,Eb,5.845198231584395
SHF-003,drug,H,45.0
SHF-003,drug,ve,30.90203222571743
SHF-003,drug,Te,19.49307879422828
SHF-003,drug,De,63.14278420373219
SHF-003,drug,khe_i,37.14190269761277
SHF-003,drug,khe_f,41.254331658661236
SHF-003,drug,Th_i,47.58254978811551
SHF-003,drug,Th_f,55.66909212203379
SHF-003,drug,Th,51.625820955074644
SHF-003,drug,khe,39.198117178137
SHF-003,drug,Kbh,1.9370152018894016
SHF-003,drug,Khe,126.84640573740442
SHF-003,drug,kbh,1.338438139984493
SHF-003,drug,kbh_i,1.4521703456829225
SHF-003,drug,kbh_f,1.2412267766611131
SHF-003,drug,CL,0.3439974968337207
SHF-003,drug,AUC_Cb,38.430348594359785
SHF-003,drug,AUC_Cl,710.4576316174955
SHF-003,drug,AUC35_Cb,26.482722171112197
SHF-003,drug,AUC35_Cl,199.74922656584707
SHF-003,drug,RE_R1b,15.03505633928221
SHF-003,drug,RE_R1l,78.01451668978517
SHF-003,drug,RE_Sb,11.574048471580149
SHF-003,drug,RE_Sl,69.66717045951904
SHF-003,drug,T1_1,0.75958
SHF-003,drug,T1_2,0.39223
SHF-003,drug,t1_MOLLI,10.522777777777778
SHF-003,drug,t2_MOLLI,11.330277777777777
SHF-003,drug,T1_3,0.58969
SHF-003,drug,t3_MOLLI,12.437777777777777
SHF-003,drug,t0,10.643888888888888
SHF-003,drug,t1,11.328611111111112
SHF-003,drug,t2,12.545833333333333
SHF-003,drug,t3,13.232777777777779
SHF-003,drug,dt1,2.0
SHF-003,drug,dt2,2.0
SHF-008,control,S02a,31606.019943177103
SHF-008,control,S02l,21325.92369347286
SHF-008,control,BAT2,185.72666825433598
SHF-008,control,BAT,1.192341399145591
SHF-008,control,CO,7.172202437606279
SHF-008,control,Thl,11.865954020897233
SHF-008,control,Dhl,37.191847643386964
SHF-008,control,To,20.90640578609534
SHF-008,control,Eo,15.758650229403647
SHF-008,control,Toe,6.5665387876884145
SHF-008,control,Eb,4.291231530610874
SHF-008,control,H,45.0
SHF-008,control,ve,29.08197816089839
SHF-008,control,Te,22.40323146399857
SHF-008,control,De,71.37993425061548
SHF-008,control,khe_i,52.83076864886298
SHF-008,control,khe_f,32.36909899648152
SHF-008,control,Th_i,33.54555524132327
SHF-008,control,Th_f,35.22319371285434
SHF-008,control,Th,34.384374477088805
SHF-008,control,khe,42.59993382267225
SHF-008,control,Kbh,2.9082977812096766
SHF-008,control,Khe,146.4822426692733
SHF-008,control,kbh,2.062507255624386
SHF-008,control,kbh_i,2.114081025904167
SHF-008,control,kbh_f,2.0133898821679197
SHF-008,control,CL,0.3624762718213168
SHF-008,control,AUC_Cb,43.94665956162886
SHF-008,control,AUC_Cl,745.2240404848948
SHF-008,control,AUC35_Cb,27.449531131443436
SHF-008,control,AUC35_Cl,221.89349729723966
SHF-008,control,RE_R1b,20.496149204200293
SHF-008,control,RE_R1l,100.42512123034457
SHF-008,control,RE_Sb,20.609894451722592
SHF-008,control,RE_Sl,85.95154129630251
SHF-008,control,T1_1,0.78759
SHF-008,control,T1_2,0.4218
SHF-008,control,t1_MOLLI,8.946388888888889
SHF-008,control,t2_MOLLI,9.8
SHF-008,control,T1_3,0.67413
SHF-008,control,t3_MOLLI,11.991111111111111
SHF-008,control,t0,9.112777777777778
SHF-008,control,t1,9.797222222222222
SHF-008,control,t2,12.121666666666666
SHF-008,control,t3,12.8075
SHF-008,control,dt1,2.0
SHF-008,control,dt2,2.0
SHF-008,drug,S02a,29656.273777964067
SHF-008,drug,S02l,22904.580668173254
SHF-008,drug,BAT2,123.58765298608226
SHF-008,drug,BAT,1.2561474270658828
SHF-008,drug,CO,4.262822866140203
SHF-008,drug,Thl,11.195625050736465
SHF-008,drug,Dhl,41.46517749592735
SHF-008,drug,To,32.19552036024516
SHF-008,drug,Eo,19.424470453994363
SHF-008,drug,Toe,6.345098378376064
SHF-008,drug,Eb,5.957742199405355
SHF-008,drug,H,45.0
SHF-008,drug,ve,14.006973870400932
SHF-008,drug,Te,20.82159684713578
SHF-008,drug,De,85.94831150158124
SHF-008,drug,khe_i,31.554729374612684
SHF-008,drug,khe_f,40.3746304274836
SHF-008,drug,Th_i,45.066631250090026
SHF-008,drug,Th_f,46.047465741924476
SHF-008,drug,Th,45.55704849600725
SHF-008,drug,khe,35.96467990104814
SHF-008,drug,Kbh,2.195050015339872
SHF-008,drug,Khe,256.7626686092954
SHF-008,drug,kbh,1.8875899332489845
SHF-008,drug,kbh_i,1.908130777567877
SHF-008,drug,kbh_f,1.8674866193842603
SHF-008,drug,CL,0.2833265515398843
SHF-008,drug,AUC_Cb,53.32529732032955
SHF-008,drug,AUC_Cl,774.2163509677214
SHF-008,drug,AUC35_Cb,34.697596604927455
SHF-008,drug,AUC35_Cl,215.03303166341814
SHF-008,drug,RE_R1b,18.079764814630963
SHF-008,drug,RE_R1l,81.04884086704853
SHF-008,drug,RE_Sb,15.58967513139832
SHF-008,drug,RE_Sl,71.98272042541144
SHF-008,drug,T1_1,0.74224
SHF-008,drug,T1_2,0.42768
SHF-008,drug,t1_MOLLI,12.428888888888888
SHF-008,drug,t2_MOLLI,13.215
SHF-008,drug,T1_3,0.56417
SHF-008,drug,t3_MOLLI,14.401944444444444
SHF-008,drug,t0,12.529166666666667
SHF-008,drug,t1,13.213055555555556
SHF-008,drug,t2,14.503055555555555
SHF-008,drug,t3,15.186388888888889
SHF-008,drug,dt1,4.0
SHF-008,drug,dt2,4.0
SHF-011,control,S02a,39599.51672360236
SHF-011,control,S02l,20342.150642588203
SHF-011,control,BAT2,128.72427138277558
SHF-011,control,BAT,1.28566236747805
SHF-011,control,CO,6.7499753433575
SHF-011,control,Thl,16.745985097284542
SHF-011,control,Dhl,49.8660571429
SHF-011,control,To,24.140898218267086
SHF-011,control,Eo,15.593163538923301
SHF-011,control,Toe,6.82316449868511
SHF-011,control,Eb,7.0519247499527555
SHF-011,control,H,45.0
SHF-011,control,ve,25.532380856256133
SHF-011,control,Te,24.989757480601753
SHF-011,control,De,74.00155234010359
SHF-011,control,khe_i,65.83936233274596
SHF-011,control,khe_f,58.90665950227118
SHF-011,control,Th_i,12.831299212037836
SHF-011,control,Th_f,27.92245887064327
SHF-011,control,Th,20.37687904134055
SHF-011,control,khe,62.37301091750857
SHF-011,control,Kbh,4.907522874190906
SHF-011,control,Khe,244.28983442108367
SHF-011,control,kbh,3.654515443344596
SHF-011,control,kbh_i,5.803591508012001
SHF-011,control,kbh_f,2.6669434625629123
SHF-011,control,CL,0.5046454218903338
SHF-011,control,AUC_Cb,28.476643423219794
SHF-011,control,AUC_Cl,307.3419043470653
SHF-011,control,AUC35_Cb,21.652071026773083
SHF-011,control,AUC35_Cl,188.28566324261703
SHF-011,control,RE_R1b,11.472028187381229
SHF-011,control,RE_R1l,63.32279619606032
SHF-011,control,RE_Sb,11.663172855158175
SHF-011,control,RE_Sl,53.38374774059095
SHF-011,control,T1_1,0.76065
SHF-011,control,T1_2,0.49798
SHF-011,control,t1_MOLLI,14.463611111111112
SHF-011,control,t2_MOLLI,15.278611111111111
SHF-011,control,T1_3,0.70743
SHF-011,control,t3_MOLLI,16.485833333333332
SHF-011,control,t0,14.58361111111111
SHF-011,control,t1,15.27
SHF-011,control,t2,16.64138888888889
SHF-011,control,t3,17.32611111111111
SHF-011,control,dt1,2.0
SHF-011,control,dt2,2.0
SHF-011,drug,S02a,31151.773342694785
SHF-011,drug,S02l,21743.33542562672
SHF-011,drug,BAT2,123.02470759770671
SHF-011,drug,BAT,1.4261584154768494
SHF-011,drug,CO,7.257560520476611
SHF-011,drug,Thl,7.227403674897638
SHF-011,drug,Dhl,64.6117117163618
SHF-011,drug,To,12.577616628725352
SHF-011,drug,Eo,15.688139167995793
SHF-011,drug,Toe,7.037052274162467
SHF-011,drug,Eb,2.4301886454036694
SHF-011,drug,H,45.0
SHF-011,drug,ve,2.7781356653048985
SHF-011,drug,Te,1.7513744024762536
SHF-011,drug,De,21.89956750091505
SHF-011,drug,khe_i,46.43715623666959
SHF-011,drug,khe_f,70.85265610515955
SHF-011,drug,Th_i,21.922193561358224
SHF-011,drug,Th_f,21.84398083516093
SHF-011,drug,Th,21.883087198259577
SHF-011,drug,khe,58.644906170914574
SHF-011,drug,Kbh,4.569739136622061
SHF-011,drug,Khe,2110.9446490791997
SHF-011,drug,kbh,4.442785583856168
SHF-011,drug,kbh_i,4.434860227950271
SHF-011,drug,kbh_f,4.450739316626892
SHF-011,drug,CL,0.45578030806601705
SHF-011,drug,AUC_Cb,73.95566336964767
SHF-011,drug,AUC_Cl,835.6349786191038
SHF-011,drug,AUC35_Cb,35.47730905837365
SHF-011,drug,AUC35_Cl,249.28193265013383
SHF-011,drug,RE_R1b,21.644801207922185
SHF-011,drug,RE_R1l,85.30542475726448
SHF-011,drug,RE_Sb,19.095219866490925
SHF-011,drug,RE_Sl,76.77185608276959
SHF-011,drug,T1_1,0.71848
SHF-011,drug,T1_2,0.42422
SHF-011,drug,t1_MOLLI,14.422777777777778
SHF-011,drug,t2_MOLLI,15.216666666666667
SHF-011,drug,T1_3,0.48958
SHF-011,drug,t3_MOLLI,16.380277777777778
SHF-011,drug,t0,14.524166666666666
SHF-011,drug,t1,15.21
SHF-011,drug,t2,16.48472222222222
SHF-011,drug,t3,17.172777777777778
SHF-011,drug,dt1,2.0
SHF-011,drug,dt2,2.0
SHF-014,control,S02a,54452.751901915806
SHF-014,control,S02l,20727.147289942794
SHF-014,control,BAT2,117.43471613247259
SHF-014,control,BAT,1.1764060696638727
SHF-014,control,CO,17.969843797142772
SHF-014,control,Thl,24.503742038483487
SHF-014,control,Dhl,56.363456273774126
SHF-014,control,To,49.11144380090987
SHF-014,control,Eo,18.43886481755865
SHF-014,control,Toe,8.829767612041646
SHF-014,control,Eb,10.163287179093912
SHF-014,control,H,45.0
SHF-014,control,ve,24.757034214984795
SHF-014,control,Te,20.535876086989443
SHF-014,control,De,82.02408502838074
SHF-014,control,khe_i,21.344921783420666
SHF-014,control,khe_f,112.7673965507489
SHF-014,control,Th_i,30.81164002964868
SHF-014,control,Th_f,34.668257862636885
SHF-014,control,Th,32.73994894614278
SHF-014,control,khe,67.05615916708479
SHF-014,control,Kbh,3.054372508781245
SHF-014,control,Khe,270.8569959744912
SHF-014,control,kbh,2.2982004617291825
SHF-014,control,kbh_i,2.442030534973543
SHF-014,control,kbh_f,2.1703705471196177
SHF-014,control,CL,0.748857826279729
SHF-014,control,AUC_Cb,14.868601110211616
SHF-014,control,AUC_Cl,163.4650824851878
SHF-014,control,AUC35_Cb,10.78969866487024
SHF-014,control,AUC35_Cl,81.01352587099788
SHF-014,control,RE_R1b,5.379308392004135
SHF-014,control,RE_R1l,18.91141931599907
SHF-014,control,RE_Sb,5.764200164089202
SHF-014,control,RE_Sl,14.917585298158489
SHF-014,control,T1_1,0.72913
SHF-014,control,T1_2,0.55618
SHF-014,control,t1_MOLLI,12.436666666666667
SHF-014,control,t2_MOLLI,13.284722222222221
SHF-014,control,T1_3,0.69255
SHF-014,control,t3_MOLLI,14.352777777777778
SHF-014,control,t0,12.595555555555556
SHF-014,control,t1,13.28138888888889
SHF-014,control,t2,14.467222222222222
SHF-014,control,t3,15.152777777777779
SHF-014,control,dt1,2.0
SHF-014,control,dt2,2.0
SHF-014,drug,S02a,50945.49224035471
SHF-014,drug,S02l,20405.34631969141
SHF-014,drug,BAT2,127.03367573623618
SHF-014,drug,BAT,1.2539799498577078
SHF-014,drug,CO,14.57148628140208
SHF-014,drug,Thl,16.085837716953144
SHF-014,drug,Dhl,57.20583051957656
SHF-014,drug,To,34.69465155079315
SHF-014,drug,Eo,17.14736327058413
SHF-014,drug,Toe,8.114918183753629
SHF-014,drug,Eb,4.156645896844575
SHF-014,drug,H,45.0
SHF-014,drug,ve,19.23461845720389
SHF-014,drug,Te,34.32338160117038
SHF-014,drug,De,67.31901679768725
SHF-014,drug,khe_i,43.73365048715061
SHF-014,drug,khe_f,62.15849577049525
SHF-014,drug,Th_i,21.209644268523615
SHF-014,drug,Th_f,27.91112301557458
SHF-014,drug,Th,24.5603836420491
SHF-014,drug,khe,52.94607312882293
SHF-014,drug,Kbh,4.071597636968218
SHF-014,drug,Khe,275.26448339292733
SHF-014,drug,kbh,3.288441366384852
SHF-014,drug,kbh_i,3.807955499878741
SHF-014,drug,kbh_f,2.893662913445959
SHF-014,drug,CL,0.6223040170895815
SHF-014,drug,AUC_Cb,43.51369418033387
SHF-014,drug,AUC_Cl,497.3979674934197
SHF-014,drug,AUC35_Cb,22.177812094983757
SHF-014,drug,AUC35_Cl,155.61342606678386
SHF-014,drug,RE_R1b,13.143778155187336
SHF-014,drug,RE_R1l,52.23621225865867
SHF-014,drug,RE_Sb,15.589562490857551
SHF-014,drug,RE_Sl,45.694704378978116
SHF-014,drug,T1_1,0.71842
SHF-014,drug,T1_2,0.71767
SHF-014,drug,t1_MOLLI,13.918611111111112
SHF-014,drug,t2_MOLLI,13.918611111111112
SHF-014,drug,T1_3,0.55505
SHF-014,drug,t3_MOLLI,15.962222222222222
SHF-014,drug,t0,14.061666666666667
SHF-014,drug,t1,14.748055555555556
SHF-014,drug,t2,16.092222222222222
SHF-014,drug,t3,16.778055555555557
SHF-014,drug,dt1,2.0
SHF-014,drug,dt2,2.0
SHF-021,control,S02a,40781.95738479061
SHF-021,control,S02l,18079.148020864668
SHF-021,control,BAT2,121.83820705690457
SHF-021,control,BAT,1.3234888381092642
SHF-021,control,CO,7.259109620453885
SHF-021,control,Thl,13.287849886122357
SHF-021,control,Dhl,71.74859164093998
SHF-021,control,To,47.323411029162656
SHF-021,control,Eo,22.02150835169762
SHF-021,control,Toe,9.166931820654712
SHF-021,control,Eb,2.6251930551028027
SHF-021,control,H,45.0
SHF-021,control,ve,20.02393728503834
SHF-021,control,Te,28.161673085805365
SHF-021,control,De,67.38833267719478
SHF-021,control,khe_i,45.569409386087735
SHF-021,control,khe_f,64.59224230661995
SHF-021,control,Th_i,17.270910392877983
SHF-021,control,Th_f,24.521779957166395
SHF-021,control,Th,20.896345175022187
SHF-021,control,khe,55.08082584635384
SHF-021,control,Kbh,4.785525849732419
SHF-021,control,Khe,275.07490191506747
SHF-021,control,kbh,3.827275154822702
SHF-021,control,kbh_i,4.630680195523534
SHF-021,control,kbh_f,3.2614297516191915
SHF-021,control,CL,0.5422132125252868
SHF-021,control,AUC_Cb,81.83538684570304
SHF-021,control,AUC_Cl,846.1782476923578
SHF-021,control,AUC35_Cb,29.361311675696708
SHF-021,control,AUC35_Cl,196.4369973596512
SHF-021,control,RE_R1b,17.562275069313028
SHF-021,control,RE_R1l,70.0356141398918
SHF-021,control,RE_Sb,7.0258053829599545
SHF-021,control,RE_Sl,62.13790501633516
SHF-021,control,T1_1,0.80253
SHF-021,control,T1_2,0.47129
SHF-021,control,t1_MOLLI,11.305833333333334
SHF-021,control,t2_MOLLI,12.15
SHF-021,control,T1_3,0.63949
SHF-021,control,t3_MOLLI,13.321388888888889
SHF-021,control,t0,11.460555555555555
SHF-021,control,t1,12.146666666666667
SHF-021,control,t2,13.403055555555556
SHF-021,control,t3,14.088888888888889
SHF-021,control,dt1,2.0
SHF-021,control,dt2,2.0
SHF-021,drug,S02a,40966.190977677485
SHF-021,drug,S02l,21916.694808597287
SHF-021,drug,BAT2,123.27234619474886
SHF-021,drug,BAT,1.2248249947298142
SHF-021,drug,CO,6.696682158192431
SHF-021,drug,Thl,18.637943748831233
SHF-021,drug,Dhl,50.95026308340389
SHF-021,drug,To,39.0587512432243
SHF-021,drug,Eo,23.60035993715804
SHF-021,drug,Toe,7.335652033608498
SHF-021,drug,Eb,5.212459209536017
SHF-021,drug,H,45.0
SHF-021,drug,ve,11.893828663817576
SHF-021,drug,Te,20.191987857835592
SHF-021,drug,De,65.94769215186432
SHF-021,drug,khe_i,46.70694343171005
SHF-021,drug,khe_f,62.84669798435149
SHF-021,drug,Th_i,24.14937905801493
SHF-021,drug,Th_f,29.838301289581796
SHF-021,drug,Th,26.993840173798365
SHF-021,drug,khe,54.776820708030776
SHF-021,drug,Kbh,3.7045488658210717
SHF-021,drug,Khe,460.5482578933418
SHF-021,drug,kbh,3.2639361709529155
SHF-021,drug,kbh_i,3.6483824749498432
SHF-021,drug,kbh_f,2.952787777062402
SHF-021,drug,CL,0.494212416373126
SHF-021,drug,AUC_Cb,56.41334794485068
SHF-021,drug,AUC_Cl,737.4985988757592
SHF-021,drug,AUC35_Cb,28.676759906178063
SHF-021,drug,AUC35_Cl,215.64078951542982
SHF-021,drug,RE_R1b,16.749345094555206
SHF-021,drug,RE_R1l,80.28398868293414
SHF-021,drug,RE_Sb,7.0933580710689625
SHF-021,drug,RE_Sl,73.03810079066203
SHF-021,drug,T1_1,0.77904
SHF-021,drug,T1_2,0.42941
SHF-021,drug,t1_MOLLI,10.82611111111111
SHF-021,drug,t2_MOLLI,11.674166666666666
SHF-021,drug,T1_3,0.56117
SHF-021,drug,t3_MOLLI,12.832222222222223
SHF-021,drug,t0,10.984444444444444
SHF-021,drug,t1,11.670277777777779
SHF-021,drug,t2,12.9525
SHF-021,drug,t3,13.63888888888889
SHF-021,drug,dt1,4.0
SHF-021,drug,dt2,4.0
SHF-022,control,S02a,40163.60721079224
SHF-022,control,S02l,17937.401793680823
SHF-022,control,BAT2,138.43200379885755
SHF-022,control,BAT,1.2479814652689194
SHF-022,control,CO,11.347585187430129
SHF-022,control,Thl,14.295737005305737
SHF-022,control,Dhl,42.66372088807378
SHF-022,control,To,28.659865040112543
SHF-022,control,Eo,16.335437996578644
SHF-022,control,Toe,7.946732700881382
SHF-022,control,Eb,5.059746726405147
SHF-022,control,H,45.0
SHF-022,control,ve,23.453370923655545
SHF-022,control,Te,26.31467767996361
SHF-022,control,De,78.72202575923922
SHF-022,control,khe_i,56.860664167280014
SHF-022,control,khe_f,52.73609574714193
SHF-022,control,Th_i,42.191502845846884
SHF-022,control,Th_f,39.10118648469895
SHF-022,control,Th,40.64634466527291
SHF-022,control,khe,54.798379957210976
SHF-022,control,Kbh,2.460245830800061
SHF-022,control,Khe,233.64820407091344
SHF-022,control,kbh,1.8832352504687517
SHF-022,control,kbh_i,1.8142664734181024
SHF-022,control,kbh_f,1.9576548938303604
SHF-022,control,CL,0.6233390267848843
SHF-022,control,AUC_Cb,35.14660895858897
SHF-022,control,AUC_Cl,791.039268356469
SHF-022,control,AUC35_Cb,21.233161074775325
SHF-022,control,AUC35_Cl,209.83163735160775
SHF-022,control,RE_R1b,12.010805745062742
SHF-022,control,RE_R1l,87.22123893401971
SHF-022,control,RE_Sb,13.819378659897023
SHF-022,control,RE_Sl,73.81165708234253
SHF-022,control,T1_1,0.75858
SHF-022,control,T1_2,0.36546
SHF-022,control,t1_MOLLI,13.748333333333333
SHF-022,control,t2_MOLLI,14.633333333333333
SHF-022,control,T1_3,0.54746
SHF-022,control,t3_MOLLI,16.01361111111111
SHF-022,control,t0,13.94
SHF-022,control,t1,14.625833333333333
SHF-022,control,t2,16.16027777777778
SHF-022,control,t3,16.846666666666668
SHF-022,control,dt1,2.0
SHF-022,control,dt2,2.0
SHF-022,drug,S02a,38663.03899560388
SHF-022,drug,S02l,20226.089688446318
SHF-022,drug,BAT2,126.433600852964
SHF-022,drug,BAT,1.2913685580443763
SHF-022,drug,CO,12.088177580936925
SHF-022,drug,Thl,16.041191334553535
SHF-022,drug,Dhl,38.420323633918855
SHF-022,drug,To,32.62113620500065
SHF-022,drug,Eo,20.949692193143317
SHF-022,drug,Toe,6.428331283654498
SHF-022,drug,Eb,6.711309041371212
SHF-022,drug,H,45.0
SHF-022,drug,ve,17.54611276260536
SHF-022,drug,Te,23.44342847478647
SHF-022,drug,De,70.93620711243841
SHF-022,drug,khe_i,56.011342064221836
SHF-022,drug,khe_f,69.86459018256812
SHF-022,drug,Th_i,30.860943005769954
SHF-022,drug,Th_f,35.4319044287583
SHF-022,drug,Th,33.14642371726413
SHF-022,drug,khe,62.937966123394986
SHF-022,drug,Kbh,3.0169167223888342
SHF-022,drug,Khe,358.7003399267425
SHF-022,drug,kbh,2.4875651123245914
SHF-022,drug,kbh_i,2.671787677452972
SHF-022,drug,kbh_f,2.3271085358446317
SHF-022,drug,CL,0.737535409118698
SHF-022,drug,AUC_Cb,25.113389706687308
SHF-022,drug,AUC_Cl,472.2465632246871
SHF-022,drug,AUC35_Cb,16.445095128902366
SHF-022,drug,AUC35_Cl,161.5023956759113
SHF-022,drug,RE_R1b,9.321569202858187
SHF-022,drug,RE_R1l,63.44693794409494
SHF-022,drug,RE_Sb,7.598386203029324
SHF-022,drug,RE_Sl,57.88984517786132
SHF-022,drug,T1_1,0.78157
SHF-022,drug,T1_2,0.42739
SHF-022,drug,t1_MOLLI,10.738888888888889
SHF-022,drug,t2_MOLLI,11.543055555555556
SHF-022,drug,T1_3,0.64544
SHF-022,drug,t3_MOLLI,12.756944444444445
SHF-022,drug,t0,10.853055555555555
SHF-022,drug,t1,11.539722222222222
SHF-022,drug,t2,12.873888888888889
SHF-022,drug,t3,13.560833333333333
SHF-022,drug,dt1,2.0
SHF-022,drug,dt2,2.0
