subject,study,parameter,value
SHF-003,control,S02a,102.6937416413117
SHF-003,control,S02l,341.8016198115347
SHF-003,control,BAT2,0.013108572670594489
SHF-003,control,BAT,0.014518326801646329
SHF-003,control,CO,0.39184461198887277
SHF-003,control,Thl,1.1813080135330436
SHF-003,control,Dhl,7.1850322574874985
SHF-003,control,To,0.8045107812394398
SHF-003,control,Eo,0.5246689497506888
SHF-003,control,Toe,0.36149278947287605
SHF-003,control,Eb,0.18943639396886858
SHF-003,control,H,0.0
SHF-003,control,ve,1.8678534820013661
SHF-003,control,Te,2.3205337330655755
SHF-003,control,De,5.199658141511071
SHF-003,control,khe_i,0.5945135281603952
SHF-003,control,khe_f,1.7922359895817324
SHF-003,control,Th_i,1.7558763397988306
SHF-003,control,Th_f,2.3994708076080693
SHF-003,control,Th,0.0
SHF-003,control,khe,0.0
SHF-003,control,Kbh,0.0
SHF-003,control,Khe,0.0
SHF-003,control,kbh,0.0
SHF-003,control,kbh_i,0.0
SHF-003,control,kbh_f,0.0
SHF-003,control,CL,0.0
SHF-003,control,AUC_Cb,0.0
SHF-003,control,AUC_Cl,0.0
SHF-003,control,AUC35_Cb,0.0
SHF-003,control,AUC35_Cl,0.0
SHF-003,control,RE_R1b,0.0
SHF-003,control,RE_R1l,0.0
SHF-003,control,RE_Sb,0.0
SHF-003,control,RE_Sl,0.0
SHF-003,control,T1_1,0.0
SHF-003,control,T1_2,0.0
SHF-003,control,t1_MOLLI,0.0
SHF-003,control,t2_MOLLI,0.0
SHF-003,control,T1_3,0.0
SHF-003,control,t3_MOLLI,0.0
SHF-003,control,t0,0.0
SHF-003,control,t1,0.0
SHF-003,control,t2,0.0
SHF-003,control,t3,0.0
SHF-003,control,dt1,0.0
SHF-003,control,dt2,0.0
SHF-003,drug,S02a,89.62543796062651
SHF-003,drug,S02l,212.5181707358983
SHF-003,drug,BAT2,0.005590347329144306
SHF-003,drug,BAT,0.007383869990587852
SHF-003,drug,CO,0.20201062885149618
SHF-003,drug,Thl,0.4034758138826649
SHF-003,drug,Dhl,0.9214864640979691
SHF-003,drug,To,0.736828767669423
SHF-003,drug,Eo,0.5304184768736397
SHF-003,drug,Toe,0.29420097011255014
SHF-003,drug,Eb,0.21213017227203979
SHF-003,drug,H,0.0
SHF-003,drug,ve,1.6075331099775731
SHF-003,drug,Te,1.5367253484821466
SHF-003,drug,De,4.572099833299075
SHF-003,drug,khe_i,0.6534304911389036
SHF-003,drug,khe_f,1.042415621624754
SHF-003,drug,Th_i,2.316613148416147
SHF-003,drug,Th_f,2.846105370876481
SHF-003,drug,Th,0.0
SHF-003,drug,khe,0.0
SHF-003,drug,Kbh,0.0
SHF-003,drug,Khe,0.0
SHF-003,drug,kbh,0.0
SHF-003,drug,kbh_i,0.0
SHF-003,drug,kbh_f,0.0
SHF-003,drug,CL,0.0
SHF-003,drug,AUC_Cb,0.0
SHF-003,drug,AUC_Cl,0.0
SHF-003,drug,AUC35_Cb,0.0
SHF-003,drug,AUC35_Cl,0.0
SHF-003,drug,RE_R1b,0.0
SHF-003,drug,RE_R1l,0.0
SHF-003,drug,RE_Sb,0.0
SHF-003,drug,RE_Sl,0.0
SHF-003,drug,T1_1,0.0
SHF-003,drug,T1_2,0.0
SHF-003,drug,t1_MOLLI,0.0
SHF-003,drug,t2_MOLLI,0.0
SHF-003,drug,T1_3,0.0
SHF-003,drug,t3_MOLLI,0.0
SHF-003,drug,t0,0.0
SHF-003,drug,t1,0.0
SHF-003,drug,t2,0.0
SHF-003,drug,t3,0.0
SHF-003,drug,dt1,0.0
SHF-003,drug,dt2,0.0
SHF-008,control,S02a,100.49796577334898
SHF-008,control,S02l,114.94016731926389
SHF-008,control,BAT2,0.008384904929027317
SHF-008,control,BAT,0.008285224988069533
SHF-008,control,CO,0.12029469633332959
SHF-008,control,Thl,0.6356505502969357
SHF-008,control,Dhl,1.3072587647309555
SHF-008,control,To,0.7801215057743197
SHF-008,control,Eo,0.5231696541884284
SHF-008,control,Toe,0.3145720674821597
SHF-008,control,Eb,0.16998742496489674
SHF-008,control,H,0.0
SHF-008,control,ve,1.9714000522137085
SHF-008,control,Te,2.255766092458963
SHF-008,control,De,4.029299846559275
SHF-008,control,khe_i,0.7936786878872354
SHF-008,control,khe_f,0.9003180322785687
SHF-008,control,Th_i,1.0507544166258775
SHF-008,control,Th_f,1.6780929774827404
SHF-008,control,Th,0.0
SHF-008,control,khe,0.0
SHF-008,control,Kbh,0.0
SHF-008,control,Khe,0.0
SHF-008,control,kbh,0.0
SHF-008,control,kbh_i,0.0
SHF-008,control,kbh_f,0.0
SHF-008,control,CL,0.0
SHF-008,control,AUC_Cb,0.0
SHF-008,control,AUC_Cl,0.0
SHF-008,control,AUC35_Cb,0.0
SHF-008,control,AUC35_Cl,0.0
SHF-008,control,RE_R1b,0.0
SHF-008,control,RE_R1l,0.0
SHF-008,control,RE_Sb,0.0
SHF-008,control,RE_Sl,0.0
SHF-008,control,T1_1,0.0
SHF-008,control,T1_2,0.0
SHF-008,control,t1_MOLLI,0.0
SHF-008,control,t2_MOLLI,0.0
SHF-008,control,T1_3,0.0
SHF-008,control,t3_MOLLI,0.0
SHF-008,control,t0,0.0
SHF-008,control,t1,0.0
SHF-008,control,t2,0.0
SHF-008,control,t3,0.0
SHF-008,control,dt1,0.0
SHF-008,control,dt2,0.0
SHF-008,drug,S02a,72.05523817490248
SHF-008,drug,S02l,220.08916549320497
SHF-008,drug,BAT2,0.0032869036168198537
SHF-008,drug,BAT,0.0035316607969371095
SHF-008,drug,CO,0.04392213530180962
SHF-008,drug,Thl,0.24645239420082699
SHF-008,drug,Dhl,0.981202587903856
SHF-008,drug,To,0.9833254309251981
SHF-008,drug,Eo,0.5256217794147413
SHF-008,drug,Toe,0.2846041676780741
SHF-008,drug,Eb,0.18961756518084125
SHF-008,drug,H,0.0
SHF-008,drug,ve,1.8825292205056174
SHF-008,drug,Te,3.9211018299536344
SHF-008,drug,De,4.992402252271692
SHF-008,drug,khe_i,0.4902863131082391
SHF-008,drug,khe_f,0.8858293788821766
SHF-008,drug,Th_i,1.7375217381434156
SHF-008,drug,Th_f,1.7264129138330542
SHF-008,drug,Th,0.0
SHF-008,drug,khe,0.0
SHF-008,drug,Kbh,0.0
SHF-008,drug,Khe,0.0
SHF-008,drug,kbh,0.0
SHF-008,drug,kbh_i,0.0
SHF-008,drug,kbh_f,0.0
SHF-008,drug,CL,0.0
SHF-008,drug,AUC_Cb,0.0
SHF-008,drug,AUC_Cl,0.0
SHF-008,drug,AUC35_Cb,0.0
SHF-008,drug,AUC35_Cl,0.0
SHF-008,drug,RE_R1b,0.0
SHF-008,drug,RE_R1l,0.0
SHF-008,drug,RE_Sb,0.0
SHF-008,drug,RE_Sl,0.0
SHF-008,drug,T1_1,0.0
SHF-008,drug,T1_2,0.0
SHF-008,drug,t1_MOLLI,0.0
SHF-008,drug,t2_MOLLI,0.0
SHF-008,drug,T1_3,0.0
SHF-008,drug,t3_MOLLI,0.0
SHF-008,drug,t0,0.0
SHF-008,drug,t1,0.0
SHF-008,drug,t2,0.0
SHF-008,drug,t3,0.0
SHF-008,drug,dt1,0.0
SHF-008,drug,dt2,0.0
SHF-011,control,S02a,91.06055168308046
SHF-011,control,S02l,103.96745284235547
SHF-011,control,BAT2,0.009843588849840622
SHF-011,control,BAT,0.006976281284153404
SHF-011,control,CO,0.11525497743491035
SHF-011,control,Thl,0.7298216966446253
SHF-011,control,Dhl,1.3819336060988037
SHF-011,control,To,1.0596101060130203
SHF-011,control,Eo,0.5372311903707355
SHF-011,control,Toe,0.34503126977026244
SHF-011,control,Eb,0.2478074881291939
SHF-011,control,H,0.0
SHF-011,control,ve,3.947410480764551
SHF-011,control,Te,4.736824826773409
SHF-011,control,De,7.0126026980281715
SHF-011,control,khe_i,1.4305795517782895
SHF-011,control,khe_f,1.5150900095209343
SHF-011,control,Th_i,0.3464665630533189
SHF-011,control,Th_f,0.9351598725047068
SHF-011,control,Th,0.0
SHF-011,control,khe,0.0
SHF-011,control,Kbh,0.0
SHF-011,control,Khe,0.0
SHF-011,control,kbh,0.0
SHF-011,control,kbh_i,0.0
SHF-011,control,kbh_f,0.0
SHF-011,control,CL,0.0
SHF-011,control,AUC_Cb,0.0
SHF-011,control,AUC_Cl,0.0
SHF-011,control,AUC35_Cb,0.0
SHF-011,control,AUC35_Cl,0.0
SHF-011,control,RE_R1b,0.0
SHF-011,control,RE_R1l,0.0
SHF-011,control,RE_Sb,0.0
SHF-011,control,RE_Sl,0.0
SHF-011,control,T1_1,0.0
SHF-011,control,T1_2,0.0
SHF-011,control,t1_MOLLI,0.0
SHF-011,control,t2_MOLLI,0.0
SHF-011,control,T1_3,0.0
SHF-011,control,t3_MOLLI,0.0
SHF-011,control,t0,0.0
SHF-011,control,t1,0.0
SHF-011,control,t2,0.0
SHF-011,control,t3,0.0
SHF-011,control,dt1,0.0
SHF-011,control,dt2,0.0
SHF-011,drug,S02a,116.73137543573769
SHF-011,drug,S02l,442.0298647561551
SHF-011,drug,BAT2,0.005153932931675705
SHF-011,drug,BAT,0.004783400906645473
SHF-011,drug,CO,0.22927100791076924
SHF-011,drug,Thl,0.47719041779138566
SHF-011,drug,Dhl,2.489998665202316
SHF-011,drug,To,0.5467893990598078
SHF-011,drug,Eo,0.5368779769562042
SHF-011,drug,Toe,0.23684662585990898
SHF-011,drug,Eb,0.1313714060332973
SHF-011,drug,H,0.0
SHF-011,drug,ve,1.189033691005311
SHF-011,drug,Te,1.5299008477866198
SHF-011,drug,De,169.62039475307998
SHF-011,drug,khe_i,0.7593432120642476
SHF-011,drug,khe_f,2.837746776077739
SHF-011,drug,Th_i,0.6729365846766088
SHF-011,drug,Th_f,0.6211545017215244
SHF-011,drug,Th,0.0
SHF-011,drug,khe,0.0
SHF-011,drug,Kbh,0.0
SHF-011,drug,Khe,0.0
SHF-011,drug,kbh,0.0
SHF-011,drug,kbh_i,0.0
SHF-011,drug,kbh_f,0.0
SHF-011,drug,CL,0.0
SHF-011,drug,AUC_Cb,0.0
SHF-011,drug,AUC_Cl,0.0
SHF-011,drug,AUC35_Cb,0.0
SHF-011,drug,AUC35_Cl,0.0
SHF-011,drug,RE_R1b,0.0
SHF-011,drug,RE_R1l,0.0
SHF-011,drug,RE_Sb,0.0
SHF-011,drug,RE_Sl,0.0
SHF-011,drug,T1_1,0.0
SHF-011,drug,T1_2,0.0
SHF-011,drug,t1_MOLLI,0.0
SHF-011,drug,t2_MOLLI,0.0
SHF-011,drug,T1_3,0.0
SHF-011,drug,t3_MOLLI,0.0
SHF-011,drug,t0,0.0
SHF-011,drug,t1,0.0
SHF-011,drug,t2,0.0
SHF-011,drug,t3,0.0
SHF-011,drug,dt1,0.0
SHF-011,drug,dt2,0.0
SHF-014,control,S02a,102.77866331530548
SHF-014,control,S02l,200.98517665071012
SHF-014,control,BAT2,0.016353725047217313
SHF-014,control,BAT,0.016681220764225683
SHF-014,control,CO,0.471582520973031
SHF-014,control,Thl,1.5342588142428952
SHF-014,control,Dhl,1.4563988065378108
SHF-014,control,To,3.07236734384767
SHF-014,control,Eo,1.0212452026940937
SHF-014,control,Toe,1.1316028573288996
SHF-014,control,Eb,0.7183436761810507
SHF-014,control,H,0.0
SHF-014,control,ve,3.5546140984469385
SHF-014,control,Te,4.420149128962041
SHF-014,control,De,10.073230102219686
SHF-014,control,khe_i,1.0908280576647242
SHF-014,control,khe_f,3.1044059118555865
SHF-014,control,Th_i,2.86757614504906
SHF-014,control,Th_f,1.91669550605796
SHF-014,control,Th,0.0
SHF-014,control,khe,0.0
SHF-014,control,Kbh,0.0
SHF-014,control,Khe,0.0
SHF-014,control,kbh,0.0
SHF-014,control,kbh_i,0.0
SHF-014,control,kbh_f,0.0
SHF-014,control,CL,0.0
SHF-014,control,AUC_Cb,0.0
SHF-014,control,AUC_Cl,0.0
SHF-014,control,AUC35_Cb,0.0
SHF-014,control,AUC35_Cl,0.0
SHF-014,control,RE_R1b,0.0
SHF-014,control,RE_R1l,0.0
SHF-014,control,RE_Sb,0.0
SHF-014,control,RE_Sl,0.0
SHF-014,control,T1_1,0.0
SHF-014,control,T1_2,0.0
SHF-014,control,t1_MOLLI,0.0
SHF-014,control,t2_MOLLI,0.0
SHF-014,control,T1_3,0.0
SHF-014,control,t3_MOLLI,0.0
SHF-014,control,t0,0.0
SHF-014,control,t1,0.0
SHF-014,control,t2,0.0
SHF-014,control,t3,0.0
SHF-014,control,dt1,0.0
SHF-014,control,dt2,0.0
SHF-014,drug,S02a,108.05499088588083
SHF-014,drug,S02l,324.08181086782287
SHF-014,drug,BAT2,0.0050368264601698244
SHF-014,drug,BAT,0.0045685578351624635
SHF-014,drug,CO,0.25718050846088875
SHF-014,drug,Thl,0.5541599666002545
SHF-014,drug,Dhl,0.7414660954739731
SHF-014,drug,To,1.2982776143843209
SHF-014,drug,Eo,0.5438369713142794
SHF-014,drug,Toe,0.48927580808417465
SHF-014,drug,Eb,0.2300159001005892
SHF-014,drug,H,0.0
SHF-014,drug,ve,6.512922578332593
SHF-014,drug,Te,11.530197362370073
SHF-014,drug,De,13.960681055320437
SHF-014,drug,khe_i,1.3147243028881423
SHF-014,drug,khe_f,2.3446621535026484
SHF-014,drug,Th_i,0.8316896413920272
SHF-014,drug,Th_f,1.083326338235227
SHF-014,drug,Th,0.0
SHF-014,drug,khe,0.0
SHF-014,drug,Kbh,0.0
SHF-014,drug,Khe,0.0
SHF-014,drug,kbh,0.0
SHF-014,drug,kbh_i,0.0
SHF-014,drug,kbh_f,0.0
SHF-014,drug,CL,0.0
SHF-014,drug,AUC_Cb,0.0
SHF-014,drug,AUC_Cl,0.0
SHF-014,drug,AUC35_Cb,0.0
SHF-014,drug,AUC35_Cl,0.0
SHF-014,drug,RE_R1b,0.0
SHF-014,drug,RE_R1l,0.0
SHF-014,drug,RE_Sb,0.0
SHF-014,drug,RE_Sl,0.0
SHF-014,drug,T1_1,0.0
SHF-014,drug,T1_2,0.0
SHF-014,drug,t1_MOLLI,0.0
SHF-014,drug,t2_MOLLI,0.0
SHF-014,drug,T1_3,0.0
SHF-014,drug,t3_MOLLI,0.0
SHF-014,drug,t0,0.0
SHF-014,drug,t1,0.0
SHF-014,drug,t2,0.0
SHF-014,drug,t3,0.0
SHF-014,drug,dt1,0.0
SHF-014,drug,dt2,0.0
SHF-021,control,S02a,180.07835397049345
SHF-021,control,S02l,379.5695453878256
SHF-021,control,BAT2,0.013262151615563203
SHF-021,control,BAT,0.013194375935935542
SHF-021,control,CO,0.11901262329420828
SHF-021,control,Thl,0.9705310740957233
SHF-021,control,Dhl,3.960579237908494
SHF-021,control,To,1.3842412176692107
SHF-021,control,Eo,0.5211367412985496
SHF-021,control,Toe,0.4194836113114514
SHF-021,control,Eb,0.2125219698245385
SHF-021,control,H,0.0
SHF-021,control,ve,2.863956998833801
SHF-021,control,Te,4.248485660123564
SHF-021,control,De,6.65604092489606
SHF-021,control,khe_i,0.8810736849740858
SHF-021,control,khe_f,2.3373248102814186
SHF-021,control,Th_i,0.456129921179401
SHF-021,control,Th_f,0.6363965426872553
SHF-021,control,Th,0.0
SHF-021,control,khe,0.0
SHF-021,control,Kbh,0.0
SHF-021,control,Khe,0.0
SHF-021,control,kbh,0.0
SHF-021,control,kbh_i,0.0
SHF-021,control,kbh_f,0.0
SHF-021,control,CL,0.0
SHF-021,control,AUC_Cb,0.0
SHF-021,control,AUC_Cl,0.0
SHF-021,control,AUC35_Cb,0.0
SHF-021,control,AUC35_Cl,0.0
SHF-021,control,RE_R1b,0.0
SHF-021,control,RE_R1l,0.0
SHF-021,control,RE_Sb,0.0
SHF-021,control,RE_Sl,0.0
SHF-021,control,T1_1,0.0
SHF-021,control,T1_2,0.0
SHF-021,control,t1_MOLLI,0.0
SHF-021,control,t2_MOLLI,0.0
SHF-021,control,T1_3,0.0
SHF-021,control,t3_MOLLI,0.0
SHF-021,control,t0,0.0
SHF-021,control,t1,0.0
SHF-021,control,t2,0.0
SHF-021,control,t3,0.0
SHF-021,control,dt1,0.0
SHF-021,control,dt2,0.0
SHF-021,drug,S02a,71.64467196661239
SHF-021,drug,S02l,280.5408617423937
SHF-021,drug,BAT2,0.004057516594246135
SHF-021,drug,BAT,0.0038353525687117767
SHF-021,drug,CO,0.0564580397188308
SHF-021,drug,Thl,0.3130517761684864
SHF-021,drug,Dhl,0.7581018609942777
SHF-021,drug,To,1.0266645109098884
SHF-021,drug,Eo,0.4288038877255805
SHF-021,drug,Toe,0.24896160091340275
SHF-021,drug,Eb,0.17071750390685744
SHF-021,drug,H,0.0
SHF-021,drug,ve,2.712013582905112
SHF-021,drug,Te,4.489118921369636
SHF-021,drug,De,10.375753059181212
SHF-021,drug,khe_i,0.6367578757344919
SHF-021,drug,khe_f,1.566654789924383
SHF-021,drug,Th_i,0.5441188967358893
SHF-021,drug,Th_f,0.6272519345193192
SHF-021,drug,Th,0.0
SHF-021,drug,khe,0.0
SHF-021,drug,Kbh,0.0
SHF-021,drug,Khe,0.0
SHF-021,drug,kbh,0.0
SHF-021,drug,kbh_i,0.0
SHF-021,drug,kbh_f,0.0
SHF-021,drug,CL,0.0
SHF-021,drug,AUC_Cb,0.0
SHF-021,drug,AUC_Cl,0.0
SHF-021,drug,AUC35_Cb,0.0
SHF-021,drug,AUC35_Cl,0.0
SHF-021,drug,RE_R1b,0.0
SHF-021,drug,RE_R1l,0.0
SHF-021,drug,RE_Sb,0.0
SHF-021,drug,RE_Sl,0.0
SHF-021,drug,T1_1,0.0
SHF-021,drug,T1_2,0.0
SHF-021,drug,t1_MOLLI,0.0
SHF-021,drug,t2_MOLLI,0.0
SHF-021,drug,T1_3,0.0
SHF-021,drug,t3_MOLLI,0.0
SHF-021,drug,t0,0.0
SHF-021,drug,t1,0.0
SHF-021,drug,t2,0.0
SHF-021,drug,t3,0.0
SHF-021,drug,dt1,0.0
SHF-021,drug,dt2,0.0
SHF-022,control,S02a,104.54752946793623
SHF-022,control,S02l,285.23456438846284
SHF-022,control,BAT2,0.005641787960531249
SHF-022,control,BAT,0.007195968281700844
SHF-022,control,CO,0.21610072627667407
SHF-022,control,Thl,0.3949974572442516
SHF-022,control,Dhl,1.231941106107368
SHF-022,control,To,1.2531873858255511
SHF-022,control,Eo,0.6547284233588243
SHF-022,control,Toe,0.5731805088686958
SHF-022,control,Eb,0.29779324928034745
SHF-022,control,H,0.0
SHF-022,control,ve,5.671840586698263
SHF-022,control,Te,8.165362736749568
SHF-022,control,De,9.676337787177463
SHF-022,control,khe_i,1.2088155351954413
SHF-022,control,khe_f,2.060895475003958
SHF-022,control,Th_i,2.090616751948583
SHF-022,control,Th_f,2.2707209131532697
SHF-022,control,Th,0.0
SHF-022,control,khe,0.0
SHF-022,control,Kbh,0.0
SHF-022,control,Khe,0.0
SHF-022,control,kbh,0.0
SHF-022,control,kbh_i,0.0
SHF-022,control,kbh_f,0.0
SHF-022,control,CL,0.0
SHF-022,control,AUC_Cb,0.0
SHF-022,control,AUC_Cl,0.0
SHF-022,control,AUC35_Cb,0.0
SHF-022,control,AUC35_Cl,0.0
SHF-022,control,RE_R1b,0.0
SHF-022,control,RE_R1l,0.0
SHF-022,control,RE_Sb,0.0
SHF-022,control,RE_Sl,0.0
SHF-022,control,T1_1,0.0
SHF-022,control,T1_2,0.0
SHF-022,control,t1_MOLLI,0.0
SHF-022,control,t2_MOLLI,0.0
SHF-022,control,T1_3,0.0
SHF-022,control,t3_MOLLI,0.0
SHF-022,control,t0,0.0
SHF-022,control,t1,0.0
SHF-022,control,t2,0.0
SHF-022,control,t3,0.0
SHF-022,control,dt1,0.0
SHF-022,control,dt2,0.0
SHF-022,drug,S02a,91.38223587963466
SHF-022,drug,S02l,199.8821309132798
SHF-022,drug,BAT2,0.004148394289022253
SHF-022,drug,BAT,0.004163235414950079
SHF-022,drug,CO,0.17731180205403732
SHF-022,drug,Thl,0.2811821262447924
SHF-022,drug,Dhl,0.9716985510876612
SHF-022,drug,To,1.608669803864453
SHF-022,drug,Eo,0.9303527798397657
SHF-022,drug,Toe,0.45735480427064673
SHF-022,drug,Eb,0.32628075281919555
SHF-022,drug,H,0.0
SHF-022,drug,ve,6.282244092377345
SHF-022,drug,Te,8.714094904254985
SHF-022,drug,De,14.065117642163868
SHF-022,drug,khe_i,1.4030227706960834
SHF-022,drug,khe_f,2.1279906628148018
SHF-022,drug,Th_i,1.4394248759646529
SHF-022,drug,Th_f,1.8169928322873647
SHF-022,drug,Th,0.0
SHF-022,drug,khe,0.0
SHF-022,drug,Kbh,0.0
SHF-022,drug,Khe,0.0
SHF-022,drug,kbh,0.0
SHF-022,drug,kbh_i,0.0
SHF-022,drug,kbh_f,0.0
SHF-022,drug,CL,0.0
SHF-022,drug,AUC_Cb,0.0
SHF-022,drug,AUC_Cl,0.0
SHF-022,drug,AUC35_Cb,0.0
SHF-022,drug,AUC35_Cl,0.0
SHF-022,drug,RE_R1b,0.0
SHF-022,drug,RE_R1l,0.0
SHF-022,drug,RE_Sb,0.0
SHF-022,drug,RE_Sl,0.0
SHF-022,drug,T1_1,0.0
SHF-022,drug,T1_2,0.0
SHF-022,drug,t1_MOLLI,0.0
SHF-022,drug,t2_MOLLI,0.0
SHF-022,drug,T1_3,0.0
SHF-022,drug,t3_MOLLI,0.0
SHF-022,drug,t0,0.0
SHF-022,drug,t1,0.0
SHF-022,drug,t2,0.0
SHF-022,drug,t3,0.0
SHF-022,drug,dt1,0.0
SHF-022,drug,dt2,0.0
