subject,study,parameter,value
SHF-014,control_30,BAT,1.2798161639333394
SHF-014,control_30,CO,17.999999999882636
SHF-014,control_30,Thl,29.998680450376305
SHF-014,control_30,Dhl,87.40760650954601
SHF-014,control_30,To,59.999999998457604
SHF-014,control_30,Eo,49.99999999960827
SHF-014,control_30,Toe,0.8924534710360834
SHF-014,control_30,Eb,14.649664700750531
SHF-014,control_30,H,45.0
SHF-014,control_30,ve,42.30888852462757
SHF-014,control_30,Te,59.99999999387652
SHF-014,control_30,De,99.99999997704639
SHF-014,control_30,khe,32.41295558136678
SHF-014,control_30,Th,28.772392611674395
SHF-014,control_30,Kbh,3.475553852946696
SHF-014,control_30,Khe,76.61027436941421
SHF-014,control_30,kbh,2.00508564769008
SHF-014,control_30,CL,0.36197563000116245
SHF-014,control_30,AUC_Cb,10.319764907238518
SHF-014,control_30,AUC_Cl,103.80397815628874
SHF-014,control_30,AUC35_Cb,8.903541512215964
SHF-014,control_30,AUC35_Cl,50.598962696238
SHF-014,control_30,RE_R1b,5.013737506195691
SHF-014,control_30,RE_R1l,19.719017821293278
SHF-014,control_30,RE_Sb,4.3313766473709725
SHF-014,control_30,RE_Sl,15.80900886455402
SHF-014,control_30,T1_1,0.72913
SHF-014,control_30,T1_2,0.55618
SHF-014,control_30,t1_MOLLI,12.436666666666667
SHF-014,control_30,t2_MOLLI,13.284722222222221
