subject,study,parameter,value
SHF-014,control_30,BAT,0.24174362791750303
SHF-014,control_30,CO,1.7094183118071555
SHF-014,control_30,Thl,16.26632176176769
SHF-014,control_30,Dhl,41.51360191879979
SHF-014,control_30,To,110.92128516072641
SHF-014,control_30,Eo,59.77722790194724
SHF-014,control_30,Toe,1.1401711519603586
SHF-014,control_30,Eb,2.4046706791083583
SHF-014,control_30,H,0
SHF-014,control_30,ve,15.072041069752403
SHF-014,control_30,Te,30.300767371249496
SHF-014,control_30,De,8.160014424029141
SHF-014,control_30,khe,2.9370255939467906
SHF-014,control_30,Th,4.6016918494680965
SHF-014,control_30,Kbh,0
SHF-014,control_30,Khe,0
SHF-014,control_30,kbh,0
SHF-014,control_30,CL,0.0
SHF-014,control_30,AUC_Cb,0
SHF-014,control_30,AUC_Cl,0
SHF-014,control_30,AUC35_Cb,0
SHF-014,control_30,AUC35_Cl,0
SHF-014,control_30,RE_R1b,0
SHF-014,control_30,RE_R1l,0
SHF-014,control_30,RE_Sb,0
SHF-014,control_30,RE_Sl,0
SHF-014,control_30,T1_1,0
SHF-014,control_30,T1_2,0
SHF-014,control_30,t1_MOLLI,0
SHF-014,control_30,t2_MOLLI,0
