subject,study,parameter,description,value,unit
001,control,TR,Repetition time,0.0037099999999999998,sec
001,control,FA_1,Flip angle - first scan,12,deg
001,control,FA_2,Flip angle - second scan,12,deg
001,control,weight,Subject body weight,90.0,kg
001,control,dose_1,Contrast agent dose - first scan,0.025,mL/kg
001,control,dose_2,Contrast agent dose - second scan,0.025,mL/kg
001,control,liver_volume,Whole liver volume,829.1954963999999,mL
001,control,kidney_volume,Both kidneys volume,96.77848731,mL
001,control,T1_aorta_1,First aorta T1,1.885859985351562,sec
001,control,T1_aorta_2,Second aorta T1,1.55468994140625,sec
001,control,T1_aorta_3,Third aorta T1,1.779599975585938,sec
001,control,T1_liver_1,First liver T1,0.9918300170898438,sec
001,control,T1_liver_2,Second liver T1,0.8531599731445313,sec
001,control,T1_liver_3,Third liver T1,0.8613200073242188,sec
001,control,T1_kidney_1,First kidney T1,1.3345400390625,sec
001,control,T1_kidney_2,Second kidney T1,1.1022099609375,sec
001,control,T1_kidney_3,Third kidney T1,nan,sec
001,control,T1_portal_1,First portal T1,nan,sec
001,control,T1_portal_2,Second portal T1,nan,sec
001,control,T1_portal_3,Third portal T1,nan,sec
001,control,T1_time_1,First T1 time,44952.13,sec
001,control,T1_time_2,Second T1 time,47147.2,sec
001,control,T1_time_3,Third T1 time,51970.98000000001,sec
001,control,t0,Baseline length,60.0,sec
002,control,TR,Repetition time,0.0037099999999999998,sec
002,control,FA_1,Flip angle - first scan,12,deg
002,control,FA_2,Flip angle - second scan,12,deg
002,control,weight,Subject body weight,78.0,kg
002,control,dose_1,Contrast agent dose - first scan,0.025,mL/kg
002,control,dose_2,Contrast agent dose - second scan,0.025,mL/kg
002,control,liver_volume,Whole liver volume,1279.184884,mL
002,control,kidney_volume,Both kidneys volume,74.58145080999999,mL
002,control,T1_aorta_1,First aorta T1,1.879900024414062,sec
002,control,T1_aorta_2,Second aorta T1,1.605489990234375,sec
002,control,T1_aorta_3,Third aorta T1,1.71593994140625,sec
002,control,T1_liver_1,First liver T1,0.8715599975585937,sec
002,control,T1_liver_2,Second liver T1,0.6556300048828125,sec
002,control,T1_liver_3,Third liver T1,0.6485800170898437,sec
002,control,T1_kidney_1,First kidney T1,1.302010009765625,sec
002,control,T1_kidney_2,Second kidney T1,1.064380004882812,sec
002,control,T1_kidney_3,Third kidney T1,1.12302001953125,sec
002,control,T1_portal_1,First portal T1,1.900319946289062,sec
002,control,T1_portal_2,Second portal T1,nan,sec
002,control,T1_portal_3,Third portal T1,1.67225,sec
002,control,T1_time_1,First T1 time,48375.17999999999,sec
002,control,T1_time_2,Second T1 time,50593.85999999999,sec
002,control,T1_time_3,Third T1 time,54850.82999999999,sec
002,control,t0,Baseline length,60.0,sec
003,control,TR,Repetition time,0.0037099999999999998,sec
003,control,FA_1,Flip angle - first scan,12,deg
003,control,FA_2,Flip angle - second scan,12,deg
003,control,weight,Subject body weight,70.0,kg
003,control,dose_1,Contrast agent dose - first scan,0.025,mL/kg
003,control,dose_2,Contrast agent dose - second scan,0.025,mL/kg
003,control,liver_volume,Whole liver volume,995.7107970000001,mL
003,control,kidney_volume,Both kidneys volume,69.41563598,mL
003,control,T1_aorta_1,First aorta T1,1.940239990234375,sec
003,control,T1_aorta_2,Second aorta T1,1.69056005859375,sec
003,control,T1_aorta_3,Third aorta T1,1.790670043945312,sec
003,control,T1_liver_1,First liver T1,1.084219970703125,sec
003,control,T1_liver_2,Second liver T1,0.8716500244140625,sec
003,control,T1_liver_3,Third liver T1,0.91125,sec
003,control,T1_kidney_1,First kidney T1,1.374170043945312,sec
003,control,T1_kidney_2,Second kidney T1,1.141760009765625,sec
003,control,T1_kidney_3,Third kidney T1,1.215300048828125,sec
003,control,T1_portal_1,First portal T1,nan,sec
003,control,T1_portal_2,Second portal T1,1.600579956054688,sec
003,control,T1_portal_3,Third portal T1,1.721140014648438,sec
003,control,T1_time_1,First T1 time,44504.60000000001,sec
003,control,T1_time_2,Second T1 time,46982.47,sec
003,control,T1_time_3,Third T1 time,50638.20000000001,sec
003,control,t0,Baseline length,60.0,sec
001,drug,TR,Repetition time,0.0037099999999999998,sec
001,drug,FA_1,Flip angle - first scan,12,deg
001,drug,FA_2,Flip angle - second scan,12,deg
001,drug,weight,Subject body weight,94.0,kg
001,drug,dose_1,Contrast agent dose - first scan,0.025,mL/kg
001,drug,dose_2,Contrast agent dose - second scan,0.025,mL/kg
001,drug,liver_volume,Whole liver volume,874.2334338,mL
001,drug,kidney_volume,Both kidneys volume,102.2669893,mL
001,drug,T1_aorta_1,First aorta T1,1.98352001953125,sec
001,drug,T1_aorta_2,Second aorta T1,1.520420043945312,sec
001,drug,T1_aorta_3,Third aorta T1,1.74222998046875,sec
001,drug,T1_liver_1,First liver T1,0.9030499877929687,sec
001,drug,T1_liver_2,Second liver T1,0.7665599975585937,sec
001,drug,T1_liver_3,Third liver T1,0.8433400268554687,sec
001,drug,T1_kidney_1,First kidney T1,1.35097998046875,sec
001,drug,T1_kidney_2,Second kidney T1,1.028219970703125,sec
001,drug,T1_kidney_3,Third kidney T1,1.0750899658203121,sec
001,drug,T1_portal_1,First portal T1,nan,sec
001,drug,T1_portal_2,Second portal T1,nan,sec
001,drug,T1_portal_3,Third portal T1,nan,sec
001,drug,T1_time_1,First T1 time,44531.97,sec
001,drug,T1_time_2,Second T1 time,47001.86,sec
001,drug,T1_time_3,Third T1 time,50826.62,sec
001,drug,t0,Baseline length,60.0,sec
002,drug,TR,Repetition time,0.0037099999999999998,sec
002,drug,FA_1,Flip angle - first scan,12,deg
002,drug,FA_2,Flip angle - second scan,12,deg
002,drug,weight,Subject body weight,78.0,kg
002,drug,dose_1,Contrast agent dose - first scan,0.025,mL/kg
002,drug,dose_2,Contrast agent dose - second scan,0.025,mL/kg
002,drug,liver_volume,Whole liver volume,1413.415351,mL
002,drug,kidney_volume,Both kidneys volume,0.0,mL
002,drug,T1_aorta_1,First aorta T1,1.878069946289062,sec
002,drug,T1_aorta_2,Second aorta T1,1.626170043945312,sec
002,drug,T1_aorta_3,Third aorta T1,1.732530029296875,sec
002,drug,T1_liver_1,First liver T1,0.8449199829101562,sec
002,drug,T1_liver_2,Second liver T1,0.6946099853515625,sec
002,drug,T1_liver_3,Third liver T1,0.7224000244140625,sec
002,drug,T1_kidney_1,First kidney T1,1.19872998046875,sec
002,drug,T1_kidney_2,Second kidney T1,1.06572998046875,sec
002,drug,T1_kidney_3,Third kidney T1,1.0672900390625,sec
002,drug,T1_portal_1,First portal T1,1.83672998046875,sec
002,drug,T1_portal_2,Second portal T1,1.58881005859375,sec
002,drug,T1_portal_3,Third portal T1,1.724969970703125,sec
002,drug,T1_time_1,First T1 time,47681.10999999999,sec
002,drug,T1_time_2,Second T1 time,50124.70999999999,sec
002,drug,T1_time_3,Third T1 time,54066.60000000001,sec
002,drug,t0,Baseline length,60.0,sec
003,drug,TR,Repetition time,0.0037099999999999998,sec
003,drug,FA_1,Flip angle - first scan,12,deg
003,drug,FA_2,Flip angle - second scan,12,deg
003,drug,weight,Subject body weight,70.0,kg
003,drug,dose_1,Contrast agent dose - first scan,0.025,mL/kg
003,drug,dose_2,Contrast agent dose - second scan,0.025,mL/kg
003,drug,liver_volume,Whole liver volume,1011.692537,mL
003,drug,kidney_volume,Both kidneys volume,105.49562350000001,mL
003,drug,T1_aorta_1,First aorta T1,1.930079956054688,sec
003,drug,T1_aorta_2,Second aorta T1,1.653380004882812,sec
003,drug,T1_aorta_3,Third aorta T1,1.775739990234375,sec
003,drug,T1_liver_1,First liver T1,1.000679992675781,sec
003,drug,T1_liver_2,Second liver T1,0.9169299926757812,sec
003,drug,T1_liver_3,Third liver T1,0.91547998046875,sec
003,drug,T1_kidney_1,First kidney T1,1.321099975585938,sec
003,drug,T1_kidney_2,Second kidney T1,1.130319946289062,sec
003,drug,T1_kidney_3,Third kidney T1,1.146869995117188,sec
003,drug,T1_portal_1,First portal T1,2.182969970703125,sec
003,drug,T1_portal_2,Second portal T1,1.714130004882812,sec
003,drug,T1_portal_3,Third portal T1,1.74893994140625,sec
003,drug,T1_time_1,First T1 time,43633.21000000001,sec
003,drug,T1_time_2,Second T1 time,46125.07000000001,sec
003,drug,T1_time_3,Third T1 time,50403.84,sec
003,drug,t0,Baseline length,60.0,sec
