subject,study,parameter,value
LDS-008,control_25,BAT,1.220389642187967
LDS-008,control_25,CO,10.50560430717168
LDS-008,control_25,Thl,17.990584506039934
LDS-008,control_25,Dhl,40.987404038537804
LDS-008,control_25,To,19.578389068870294
LDS-008,control_25,Eo,19.109529371356583
LDS-008,control_25,Toe,4.800674665454311
LDS-008,control_25,Eb,4.343579618651198
LDS-008,control_25,H,45.0
LDS-008,control_25,ve,19.801079835342062
LDS-008,control_25,Te,24.75838058968436
LDS-008,control_25,De,58.01929485535017
LDS-008,control_25,khe,38.97694885752716
LDS-008,control_25,Th,27.611642198700203
LDS-008,control_25,Kbh,3.6216607212412533
LDS-008,control_25,Khe,196.8425418292539
LDS-008,control_25,kbh,2.9045327904630476
LDS-008,control_25,CL,0.40119327447702235
LDS-008,control_25,AUC_Cb,44.4041399446045
LDS-008,control_25,AUC_Cl,489.2283629557067
LDS-008,control_25,AUC35_Cb,27.953793161597254
LDS-008,control_25,AUC35_Cl,166.18262861628358
LDS-008,control_25,RE_R1b,18.43937288752779
LDS-008,control_25,RE_R1l,66.66912177119235
LDS-008,control_25,RE_Sb,13.537712781529995
LDS-008,control_25,RE_Sl,52.31895866782066
LDS-008,control_25,T1_1,0.74397998
LDS-008,control_25,T1_2,0.46023999
LDS-008,control_25,t1_MOLLI,14.109626388888888
LDS-008,control_25,t2_MOLLI,15.427624999999999
