subject,study,parameter,value
LDS-008,control_25,BAT,0.014248415075270955
LDS-008,control_25,CO,0.22487933523396456
LDS-008,control_25,Thl,1.001713653619297
LDS-008,control_25,Dhl,1.8055374476586032
LDS-008,control_25,To,1.4332926915086341
LDS-008,control_25,Eo,0.882889702238574
LDS-008,control_25,Toe,0.45649403932987537
LDS-008,control_25,Eb,0.4465972564935963
LDS-008,control_25,H,0
LDS-008,control_25,ve,2.3333078629394186
LDS-008,control_25,Te,3.4871712985665377
LDS-008,control_25,De,7.850801124450653
LDS-008,control_25,khe,0.8777498775926148
LDS-008,control_25,Th,1.5175153344306742
LDS-008,control_25,Kbh,0
LDS-008,control_25,Khe,0
LDS-008,control_25,kbh,0
LDS-008,control_25,CL,0.0
LDS-008,control_25,AUC_Cb,0
LDS-008,control_25,AUC_Cl,0
LDS-008,control_25,AUC35_Cb,0
LDS-008,control_25,AUC35_Cl,0
LDS-008,control_25,RE_R1b,0
LDS-008,control_25,RE_R1l,0
LDS-008,control_25,RE_Sb,0
LDS-008,control_25,RE_Sl,0
LDS-008,control_25,T1_1,0
LDS-008,control_25,T1_2,0
LDS-008,control_25,t1_MOLLI,0
LDS-008,control_25,t2_MOLLI,0
