subject,study,parameter,value
GOT-001,control,S02a,163286585.60965317
GOT-001,control,S02l,107959241.63215013
GOT-001,control,BAT2,127.35455558060524
GOT-001,control,BAT,1.2798592426735358
GOT-001,control,CO,10.354399177345655
GOT-001,control,Thl,15.817886738093923
GOT-001,control,Dhl,47.28496884758154
GOT-001,control,To,30.690641290821905
GOT-001,control,Eo,17.158502639786562
GOT-001,control,Toe,4.516562556928219
GOT-001,control,Eb,4.375584095984034
GOT-001,control,H,45.0
GOT-001,control,ve,19.98686366645771
GOT-001,control,Te,54.082407572102824
GOT-001,control,De,83.12908032084033
GOT-001,control,khe_i,2.8921801344840845
GOT-001,control,khe_f,2.1732731844865443
GOT-001,control,Th_i,15.43973350016413
GOT-001,control,Th_f,25.28801024708439
GOT-001,control,Th,20.36387187362426
GOT-001,control,khe,2.532726659485314
GOT-001,control,Kbh,4.910657492867171
GOT-001,control,Khe,12.671956449754438
GOT-001,control,kbh,3.9291710746411193
GOT-001,control,kbh_i,5.182287397168593
GOT-001,control,kbh_f,3.1640740236874705
GOT-001,control,CL,0.021001255396574388
GOT-001,control,AUC_Cb,59.74816603532718
GOT-001,control,AUC_Cl,51.46359324852372
GOT-001,control,AUC35_Cb,37.823069789123494
GOT-001,control,AUC35_Cl,25.836795661690353
GOT-001,control,RE_R1b,26.890789688870953
GOT-001,control,RE_R1l,11.730600334833245
GOT-001,control,RE_Sb,11.535540546725679
GOT-001,control,RE_Sl,10.284435784154477
GOT-001,control,T1_1,0.991830017
GOT-001,control,T1_2,0.853159973
GOT-001,control,t1_MOLLI,12.486702777777777
GOT-001,control,t2_MOLLI,13.096444444444444
GOT-001,control,T1_3,0.861320007
GOT-001,control,t3_MOLLI,14.436383333333334
GOT-001,control,t0,12.703739149999999
GOT-001,control,t1,13.072752822222222
GOT-001,control,t2,14.655594619444445
GOT-001,control,t3,15.024608288888889
GOT-001,control,dt1,1.7695300000050338
GOT-001,control,dt2,1.7695300000050338
GOT-001,drug,S02a,132810278.08783828
GOT-001,drug,S02l,96889879.79294185
GOT-001,drug,BAT2,115.07741028938261
GOT-001,drug,BAT,1.3299815986306724
GOT-001,drug,CO,10.326833100481753
GOT-001,drug,Thl,8.264759817494634
GOT-001,drug,Dhl,52.187541013205966
GOT-001,drug,To,27.528329965359696
GOT-001,drug,Eo,12.225188833862108
GOT-001,drug,Toe,5.349482811787004
GOT-001,drug,Eb,2.7899561759716547
GOT-001,drug,H,45.0
GOT-001,drug,ve,14.21241766251205
GOT-001,drug,Te,47.830431570029845
GOT-001,drug,De,75.76965365686554
GOT-001,drug,khe_i,3.026547197293001
GOT-001,drug,khe_f,3.493550774278643
GOT-001,drug,Th_i,13.406280955132631
GOT-001,drug,Th_f,15.96509328196718
GOT-001,drug,Th,14.685687118549906
GOT-001,drug,khe,3.2600489857858217
GOT-001,drug,Kbh,6.809351118047938
GOT-001,drug,Khe,22.938032523381437
GOT-001,drug,kbh,5.841577697044031
GOT-001,drug,kbh_i,6.399058965316101
GOT-001,drug,kbh_f,5.373446983512859
GOT-001,drug,CL,0.028500438191997463
GOT-001,drug,AUC_Cb,93.54743973916051
GOT-001,drug,AUC_Cl,65.422529632883
GOT-001,drug,AUC35_Cb,52.948208995192395
GOT-001,drug,AUC35_Cl,30.640627308192357
GOT-001,drug,RE_R1b,40.06838957302261
GOT-001,drug,RE_R1l,12.586154681799847
GOT-001,drug,RE_Sb,41.544912263654545
GOT-001,drug,RE_Sl,10.693809782771606
GOT-001,drug,T1_1,0.903049988
GOT-001,drug,T1_2,0.766559998
GOT-001,drug,t1_MOLLI,12.369991666666667
GOT-001,drug,t2_MOLLI,13.056072222222223
GOT-001,drug,T1_3,0.843340027
GOT-001,drug,t3_MOLLI,14.118505555555556
GOT-001,drug,t0,12.672055122222222
GOT-001,drug,t1,13.048755425
GOT-001,drug,t2,14.417688802777777
GOT-001,drug,t3,14.794389105555554
GOT-001,drug,dt1,1.8125
GOT-001,drug,dt2,1.8125
GOT-002,control,S02a,188257374.54636762
GOT-002,control,S02l,78446879.24583647
GOT-002,control,BAT2,126.41893332537252
GOT-002,control,BAT,1.4169387293226579
GOT-002,control,CO,10.548808686675764
GOT-002,control,Thl,16.661726892402534
GOT-002,control,Dhl,51.46619250626053
GOT-002,control,To,31.71743707019822
GOT-002,control,Eo,18.596137076988413
GOT-002,control,Toe,10.849169066366281
GOT-002,control,Eb,1.1937486908337074
GOT-002,control,H,45.0
GOT-002,control,ve,38.96928527376247
GOT-002,control,Te,43.375039768358796
GOT-002,control,De,80.58835754523508
GOT-002,control,khe_i,14.761114089608546
GOT-002,control,khe_f,12.721607887993116
GOT-002,control,Th_i,10.048467075017534
GOT-002,control,Th_f,230.50302681749554
GOT-002,control,Th,120.27574694625653
GOT-002,control,khe,13.741360988800832
GOT-002,control,Kbh,0.8314228141495854
GOT-002,control,Khe,35.26202980697908
GOT-002,control,kbh,0.5074232858724894
GOT-002,control,kbh_i,6.073634343488262
GOT-002,control,kbh_f,0.2647718581785027
GOT-002,control,CL,0.1757774126246132
GOT-002,control,AUC_Cb,83.62358006343922
GOT-002,control,AUC_Cl,717.8335169074845
GOT-002,control,AUC35_Cb,25.051626822863174
GOT-002,control,AUC35_Cl,83.56092448586404
GOT-002,control,RE_R1b,16.89964213766478
GOT-002,control,RE_R1l,28.91387937136023
GOT-002,control,RE_Sb,14.545770143613277
GOT-002,control,RE_Sl,26.27339481417502
GOT-002,control,T1_1,0.871559998
GOT-002,control,T1_2,0.655630005
GOT-002,control,t1_MOLLI,13.43755
GOT-002,control,t2_MOLLI,14.05385
GOT-002,control,T1_3,0.648580017
GOT-002,control,t3_MOLLI,15.236341666666668
GOT-002,control,t0,13.676953125
GOT-002,control,t1,14.046461588888889
GOT-002,control,t2,15.611844619444446
GOT-002,control,t3,15.989049480555556
GOT-002,control,dt1,1.7773400000005495
GOT-002,control,dt2,1.7773400000005495
GOT-002,drug,S02a,166299802.8921739
GOT-002,drug,S02l,103972384.9593
GOT-002,drug,BAT2,117.34965278756367
GOT-002,drug,BAT,1.243422277604041
GOT-002,drug,CO,8.51821050229744
GOT-002,drug,Thl,21.46588372956711
GOT-002,drug,Dhl,39.13141557227374
GOT-002,drug,To,22.144180108750735
GOT-002,drug,Eo,20.77079421840584
GOT-002,drug,Toe,3.100496478716133
GOT-002,drug,Eb,8.817653732979855
GOT-002,drug,H,45.0
GOT-002,drug,ve,20.40219468995105
GOT-002,drug,Te,49.62743905019331
GOT-002,drug,De,75.24833188754157
GOT-002,drug,khe_i,5.763038314919627
GOT-002,drug,khe_f,15.998616599751571
GOT-002,drug,Th_i,157.29824189646575
GOT-002,drug,Th_f,16.541323538604093
GOT-002,drug,Th,86.91978271753493
GOT-002,drug,khe,10.880827457335599
GOT-002,drug,Kbh,1.1504860789283393
GOT-002,drug,Khe,53.33165192612769
GOT-002,drug,kbh,0.9157616692245957
GOT-002,drug,kbh_i,0.5060311186595493
GOT-002,drug,kbh_f,4.812057821387982
GOT-002,drug,CL,0.15379128559780433
GOT-002,drug,AUC_Cb,26.975580145667166
GOT-002,drug,AUC_Cl,154.02804837609887
GOT-002,drug,AUC35_Cb,24.219224923554147
GOT-002,drug,AUC35_Cl,50.05663346333885
GOT-002,drug,RE_R1b,14.378231268417101
GOT-002,drug,RE_R1l,18.49918788504633
GOT-002,drug,RE_Sb,15.140056110844617
GOT-002,drug,RE_Sl,14.144779373034739
GOT-002,drug,T1_1,0.844919983
GOT-002,drug,T1_2,0.694609985
GOT-002,drug,t1_MOLLI,13.244752777777778
GOT-002,drug,t2_MOLLI,13.923530555555555
GOT-002,drug,T1_3,0.722400024
GOT-002,drug,t3_MOLLI,15.0185
GOT-002,drug,t0,13.539118925
GOT-002,drug,t1,13.916324869444443
GOT-002,drug,t2,15.322610677777776
GOT-002,drug,t3,15.699816622222222
GOT-002,drug,dt1,1.8125
GOT-002,drug,dt2,1.8125
GOT-003,control,S02a,186246054.78536052
GOT-003,control,S02l,125091291.29456092
GOT-003,control,BAT2,114.17770766928177
GOT-003,control,BAT,1.1714179272984502
GOT-003,control,CO,8.896198147827995
GOT-003,control,Thl,12.509713304216875
GOT-003,control,Dhl,28.331722038628904
GOT-003,control,To,31.26957127924811
GOT-003,control,Eo,17.49911901341923
GOT-003,control,Toe,3.7770875300345903
GOT-003,control,Eb,7.1619031982170585
GOT-003,control,H,45.0
GOT-003,control,ve,32.741325063129985
GOT-003,control,Te,59.79239178888674
GOT-003,control,De,90.08296830358637
GOT-003,control,khe_i,6.64272307218043
GOT-003,control,khe_f,18.551868818049485
GOT-003,control,Th_i,40.582959878294254
GOT-003,control,Th_f,10.00634016779339
GOT-003,control,Th,25.294650023043822
GOT-003,control,khe,12.597295945114958
GOT-003,control,Kbh,3.9534051631035982
GOT-003,control,Khe,38.475217239453684
GOT-003,control,kbh,2.659007927589285
GOT-003,control,kbh_i,1.6573131959466374
GOT-003,control,kbh_f,6.721605882773219
GOT-003,control,CL,0.1254326358555528
GOT-003,control,AUC_Cb,31.78675528070844
GOT-003,control,AUC_Cl,98.08626558674355
GOT-003,control,AUC35_Cb,26.82891338559821
GOT-003,control,AUC35_Cl,53.5111776929621
GOT-003,control,RE_R1b,17.35603676105425
GOT-003,control,RE_R1l,26.035244542243163
GOT-003,control,RE_Sb,18.481987962919238
GOT-003,control,RE_Sl,20.107882400670555
GOT-003,control,T1_1,1.084219971
GOT-003,control,T1_2,0.871650024
GOT-003,control,t1_MOLLI,12.362388888888889
GOT-003,control,t2_MOLLI,13.050686111111112
GOT-003,control,T1_3,0.91125
GOT-003,control,t3_MOLLI,14.066166666666666
GOT-003,control,t0,12.66608941111111
GOT-003,control,t1,13.043294272222223
GOT-003,control,t2,14.399914280555555
GOT-003,control,t3,14.777119141666667
GOT-003,control,dt1,1.8163999999960652
GOT-003,control,dt2,1.8163999999960652
GOT-003,drug,S02a,205498636.63273826
GOT-003,drug,S02l,127821390.41605854
GOT-003,drug,BAT2,122.05124043785212
GOT-003,drug,BAT,1.1378567035392266
GOT-003,drug,CO,11.33843770699316
GOT-003,drug,Thl,14.336764783240847
GOT-003,drug,Dhl,38.13945694057863
GOT-003,drug,To,20.934344605774854
GOT-003,drug,Eo,16.609233107737474
GOT-003,drug,Toe,3.119557352489403
GOT-003,drug,Eb,3.2935336811813585
GOT-003,drug,H,45.0
GOT-003,drug,ve,26.232600231310517
GOT-003,drug,Te,59.91617370795454
GOT-003,drug,De,88.22647177110751
GOT-003,drug,khe_i,2.513753983424925
GOT-003,drug,khe_f,1.6264609535709842
GOT-003,drug,Th_i,11.36049666766066
GOT-003,drug,Th_f,11.924738938698221
GOT-003,drug,Th,11.642617803179439
GOT-003,drug,khe,2.0701074684979544
GOT-003,drug,Kbh,8.589133620163274
GOT-003,drug,Khe,7.891354460649809
GOT-003,drug,kbh,6.335980534252754
GOT-003,drug,kbh_i,6.493325241552101
GOT-003,drug,kbh_f,6.186080898534321
GOT-003,drug,CL,0.020943122766673435
GOT-003,drug,AUC_Cb,54.27551256303651
GOT-003,drug,AUC_Cl,40.63453675813007
GOT-003,drug,AUC35_Cb,35.648167877532245
GOT-003,drug,AUC35_Cl,23.684838048595847
GOT-003,drug,RE_R1b,26.96145488178958
GOT-003,drug,RE_R1l,11.05195422545278
GOT-003,drug,RE_Sb,21.671492579751504
GOT-003,drug,RE_Sl,12.470166599172456
GOT-003,drug,T1_1,1.000679993
GOT-003,drug,T1_2,0.916929993
GOT-003,drug,t1_MOLLI,12.120336111111111
GOT-003,drug,t2_MOLLI,12.812519444444444
GOT-003,drug,T1_3,0.91547998
GOT-003,drug,t3_MOLLI,14.001066666666667
GOT-003,drug,t0,12.428130424999999
GOT-003,drug,t1,12.805336372222222
GOT-003,drug,t2,14.292460938888889
GOT-003,drug,t3,14.669666883333333
GOT-003,drug,dt1,1.8203100000027916
GOT-003,drug,dt2,1.8203100000027916
