subject,study,parameter,value
GOT-001,control,S02a,263658.44620298134
GOT-001,control,S02l,944770.5483173822
GOT-001,control,BAT2,0.0073876665837232965
GOT-001,control,BAT,0.007251189839897742
GOT-001,control,CO,0.12465417744989339
GOT-001,control,Thl,0.5711452803533983
GOT-001,control,Dhl,0.8677432702865902
GOT-001,control,To,0.8304486785947242
GOT-001,control,Eo,0.5219544905961166
GOT-001,control,Toe,0.3212566101593416
GOT-001,control,Eb,0.2869370412012716
GOT-001,control,H,0.0
GOT-001,control,ve,1.1902250281820583
GOT-001,control,Te,4.5896127877086865
GOT-001,control,De,2.6044009908032644
GOT-001,control,khe_i,0.6065571494799996
GOT-001,control,khe_f,0.533187899938767
GOT-001,control,Th_i,6.431690052168848
GOT-001,control,Th_f,30.692114594412626
GOT-001,control,Th,0.0
GOT-001,control,khe,0.0
GOT-001,control,Kbh,0.0
GOT-001,control,Khe,0.0
GOT-001,control,kbh,0.0
GOT-001,control,kbh_i,0.0
GOT-001,control,kbh_f,0.0
GOT-001,control,CL,0.0
GOT-001,control,AUC_Cb,0.0
GOT-001,control,AUC_Cl,0.0
GOT-001,control,AUC35_Cb,0.0
GOT-001,control,AUC35_Cl,0.0
GOT-001,control,RE_R1b,0.0
GOT-001,control,RE_R1l,0.0
GOT-001,control,RE_Sb,0.0
GOT-001,control,RE_Sl,0.0
GOT-001,control,T1_1,0.0
GOT-001,control,T1_2,0.0
GOT-001,control,t1_MOLLI,0.0
GOT-001,control,t2_MOLLI,0.0
GOT-001,control,T1_3,0.0
GOT-001,control,t3_MOLLI,0.0
GOT-001,control,t0,0.0
GOT-001,control,t1,0.0
GOT-001,control,t2,0.0
GOT-001,control,t3,0.0
GOT-001,control,dt1,0.0
GOT-001,control,dt2,0.0
GOT-001,drug,S02a,584647.2932888953
GOT-001,drug,S02l,954815.3499313103
GOT-001,drug,BAT2,0.0028501322866099415
GOT-001,drug,BAT,0.0028123516058511954
GOT-001,drug,CO,0.18912678422776277
GOT-001,drug,Thl,0.2712979260765279
GOT-001,drug,Dhl,1.0194632984679703
GOT-001,drug,To,0.97502235388343
GOT-001,drug,Eo,0.543455946965894
GOT-001,drug,Toe,0.49161100444596123
GOT-001,drug,Eb,0.280726793135532
GOT-001,drug,H,0.0
GOT-001,drug,ve,1.574084142128991
GOT-001,drug,Te,7.6560084001127615
GOT-001,drug,De,5.6734426010196595
GOT-001,drug,khe_i,0.8325247650350641
GOT-001,drug,khe_f,0.9697104957831759
GOT-001,drug,Th_i,5.707784009459456
GOT-001,drug,Th_f,14.000221457470666
GOT-001,drug,Th,0.0
GOT-001,drug,khe,0.0
GOT-001,drug,Kbh,0.0
GOT-001,drug,Khe,0.0
GOT-001,drug,kbh,0.0
GOT-001,drug,kbh_i,0.0
GOT-001,drug,kbh_f,0.0
GOT-001,drug,CL,0.0
GOT-001,drug,AUC_Cb,0.0
GOT-001,drug,AUC_Cl,0.0
GOT-001,drug,AUC35_Cb,0.0
GOT-001,drug,AUC35_Cl,0.0
GOT-001,drug,RE_R1b,0.0
GOT-001,drug,RE_R1l,0.0
GOT-001,drug,RE_Sb,0.0
GOT-001,drug,RE_Sl,0.0
GOT-001,drug,T1_1,0.0
GOT-001,drug,T1_2,0.0
GOT-001,drug,t1_MOLLI,0.0
GOT-001,drug,t2_MOLLI,0.0
GOT-001,drug,T1_3,0.0
GOT-001,drug,t3_MOLLI,0.0
GOT-001,drug,t0,0.0
GOT-001,drug,t1,0.0
GOT-001,drug,t2,0.0
GOT-001,drug,t3,0.0
GOT-001,drug,dt1,0.0
GOT-001,drug,dt2,0.0
GOT-002,control,S02a,1691088.2924825978
GOT-002,control,S02l,2974411.128459729
GOT-002,control,BAT2,0.01338322791306384
GOT-002,control,BAT,0.013816676882672097
GOT-002,control,CO,0.2192600163641406
GOT-002,control,Thl,1.0331297870421037
GOT-002,control,Dhl,1.8616447118046564
GOT-002,control,To,1.0389762544510368
GOT-002,control,Eo,0.5589370810160814
GOT-002,control,Toe,0.6505210806163396
GOT-002,control,Eb,0.36655110487006726
GOT-002,control,H,0.0
GOT-002,control,ve,2.920617465261934
GOT-002,control,Te,4.792782718143319
GOT-002,control,De,3.6887313670724717
GOT-002,control,khe_i,2.450582032865976
GOT-002,control,khe_f,0.8845761794696795
GOT-002,control,Th_i,12.190650818312625
GOT-002,control,Th_f,80.26978666251297
GOT-002,control,Th,0.0
GOT-002,control,khe,0.0
GOT-002,control,Kbh,0.0
GOT-002,control,Khe,0.0
GOT-002,control,kbh,0.0
GOT-002,control,kbh_i,0.0
GOT-002,control,kbh_f,0.0
GOT-002,control,CL,0.0
GOT-002,control,AUC_Cb,0.0
GOT-002,control,AUC_Cl,0.0
GOT-002,control,AUC35_Cb,0.0
GOT-002,control,AUC35_Cl,0.0
GOT-002,control,RE_R1b,0.0
GOT-002,control,RE_R1l,0.0
GOT-002,control,RE_Sb,0.0
GOT-002,control,RE_Sl,0.0
GOT-002,control,T1_1,0.0
GOT-002,control,T1_2,0.0
GOT-002,control,t1_MOLLI,0.0
GOT-002,control,t2_MOLLI,0.0
GOT-002,control,T1_3,0.0
GOT-002,control,t3_MOLLI,0.0
GOT-002,control,t0,0.0
GOT-002,control,t1,0.0
GOT-002,control,t2,0.0
GOT-002,control,t3,0.0
GOT-002,control,dt1,0.0
GOT-002,control,dt2,0.0
GOT-002,drug,S02a,431536.9148357856
GOT-002,drug,S02l,3938801.437120256
GOT-002,drug,BAT2,0.0030002704711749057
GOT-002,drug,BAT,0.003090812611457133
GOT-002,drug,CO,0.11607115287673084
GOT-002,drug,Thl,0.2643157376769119
GOT-002,drug,Dhl,0.6718867456171345
GOT-002,drug,To,1.2156832875084809
GOT-002,drug,Eo,1.1160145693024415
GOT-002,drug,Toe,0.3105272140806087
GOT-002,drug,Eb,0.3672526328531687
GOT-002,drug,H,0.0
GOT-002,drug,ve,1.9537425066537508
GOT-002,drug,Te,6.2200086215694395
GOT-002,drug,De,4.927368971829297
GOT-002,drug,khe_i,0.5359934466222835
GOT-002,drug,khe_f,1.5026842001541216
GOT-002,drug,Th_i,123.9269729477522
GOT-002,drug,Th_f,5.159652166442615
GOT-002,drug,Th,0.0
GOT-002,drug,khe,0.0
GOT-002,drug,Kbh,0.0
GOT-002,drug,Khe,0.0
GOT-002,drug,kbh,0.0
GOT-002,drug,kbh_i,0.0
GOT-002,drug,kbh_f,0.0
GOT-002,drug,CL,0.0
GOT-002,drug,AUC_Cb,0.0
GOT-002,drug,AUC_Cl,0.0
GOT-002,drug,AUC35_Cb,0.0
GOT-002,drug,AUC35_Cl,0.0
GOT-002,drug,RE_R1b,0.0
GOT-002,drug,RE_R1l,0.0
GOT-002,drug,RE_Sb,0.0
GOT-002,drug,RE_Sl,0.0
GOT-002,drug,T1_1,0.0
GOT-002,drug,T1_2,0.0
GOT-002,drug,t1_MOLLI,0.0
GOT-002,drug,t2_MOLLI,0.0
GOT-002,drug,T1_3,0.0
GOT-002,drug,t3_MOLLI,0.0
GOT-002,drug,t0,0.0
GOT-002,drug,t1,0.0
GOT-002,drug,t2,0.0
GOT-002,drug,t3,0.0
GOT-002,drug,dt1,0.0
GOT-002,drug,dt2,0.0
GOT-003,control,S02a,371213.57633790775
GOT-003,control,S02l,690828.4086583927
GOT-003,control,BAT2,0.002502805422414136
GOT-003,control,BAT,0.0021113455549596045
GOT-003,control,CO,0.08739311034705848
GOT-003,control,Thl,0.15794531406715223
GOT-003,control,Dhl,0.28912987648143623
GOT-003,control,To,0.9019441801190098
GOT-003,control,Eo,0.7080471486904848
GOT-003,control,Toe,0.3222384739904627
GOT-003,control,Eb,0.29443408485432804
GOT-003,control,H,0.0
GOT-003,control,ve,1.735971295060703
GOT-003,control,Te,4.391824566745808
GOT-003,control,De,1.3367595395180942
GOT-003,control,khe_i,0.5989054617014757
GOT-003,control,khe_f,0.9101213265511072
GOT-003,control,Th_i,11.033602039214513
GOT-003,control,Th_f,1.1837852580483392
GOT-003,control,Th,0.0
GOT-003,control,khe,0.0
GOT-003,control,Kbh,0.0
GOT-003,control,Khe,0.0
GOT-003,control,kbh,0.0
GOT-003,control,kbh_i,0.0
GOT-003,control,kbh_f,0.0
GOT-003,control,CL,0.0
GOT-003,control,AUC_Cb,0.0
GOT-003,control,AUC_Cl,0.0
GOT-003,control,AUC35_Cb,0.0
GOT-003,control,AUC35_Cl,0.0
GOT-003,control,RE_R1b,0.0
GOT-003,control,RE_R1l,0.0
GOT-003,control,RE_Sb,0.0
GOT-003,control,RE_Sl,0.0
GOT-003,control,T1_1,0.0
GOT-003,control,T1_2,0.0
GOT-003,control,t1_MOLLI,0.0
GOT-003,control,t2_MOLLI,0.0
GOT-003,control,T1_3,0.0
GOT-003,control,t3_MOLLI,0.0
GOT-003,control,t0,0.0
GOT-003,control,t1,0.0
GOT-003,control,t2,0.0
GOT-003,control,t3,0.0
GOT-003,control,dt1,0.0
GOT-003,control,dt2,0.0
GOT-003,drug,S02a,559766.9622354984
GOT-003,drug,S02l,481308.8000009013
GOT-003,drug,BAT2,0.002423475105009091
GOT-003,drug,BAT,0.002550236370444843
GOT-003,drug,CO,0.18558971573478653
GOT-003,drug,Thl,0.25001153536566934
GOT-003,drug,Dhl,0.7301854840563506
GOT-003,drug,To,1.0921808456354818
GOT-003,drug,Eo,1.017877726090636
GOT-003,drug,Toe,0.32671821223845243
GOT-003,drug,Eb,0.265335597428036
GOT-003,drug,H,0.0
GOT-003,drug,ve,2.8123839735572878
GOT-003,drug,Te,9.896263572772062
GOT-003,drug,De,3.9287491278565616
GOT-003,drug,khe_i,1.4818442125897422
GOT-003,drug,khe_f,2.0011574149419085
GOT-003,drug,Th_i,8.46917320434627
GOT-003,drug,Th_f,28.970857691077025
GOT-003,drug,Th,0.0
GOT-003,drug,khe,0.0
GOT-003,drug,Kbh,0.0
GOT-003,drug,Khe,0.0
GOT-003,drug,kbh,0.0
GOT-003,drug,kbh_i,0.0
GOT-003,drug,kbh_f,0.0
GOT-003,drug,CL,0.0
GOT-003,drug,AUC_Cb,0.0
GOT-003,drug,AUC_Cl,0.0
GOT-003,drug,AUC35_Cb,0.0
GOT-003,drug,AUC35_Cl,0.0
GOT-003,drug,RE_R1b,0.0
GOT-003,drug,RE_R1l,0.0
GOT-003,drug,RE_Sb,0.0
GOT-003,drug,RE_Sl,0.0
GOT-003,drug,T1_1,0.0
GOT-003,drug,T1_2,0.0
GOT-003,drug,t1_MOLLI,0.0
GOT-003,drug,t2_MOLLI,0.0
GOT-003,drug,T1_3,0.0
GOT-003,drug,t3_MOLLI,0.0
GOT-003,drug,t0,0.0
GOT-003,drug,t1,0.0
GOT-003,drug,t2,0.0
GOT-003,drug,t3,0.0
GOT-003,drug,dt1,0.0
GOT-003,drug,dt2,0.0
