subject,study,parameter,value
LDS-002,control,BAT,1.281406635531727
LDS-002,control,CO,4.489568562006414
LDS-002,control,Thl,17.720278525364364
LDS-002,control,Dhl,47.74779978474121
LDS-002,control,To,27.107455666103505
LDS-002,control,Eo,32.79856626228199
LDS-002,control,Toe,7.107073779385372
LDS-002,control,Eb,1.0234801714653876
LDS-002,control,H,45.0
LDS-002,control,ve,14.439523136951554
LDS-002,control,Te,55.79336765974647
LDS-002,control,De,83.6376307996746
LDS-002,control,khe,40.51921326349076
LDS-002,control,Th,26.966875180205346
LDS-002,control,Kbh,3.7082531562056396
LDS-002,control,Khe,280.6132368720668
LDS-002,control,kbh,3.1727990837385898
LDS-002,control,CL,0.27702143276197383
LDS-002,control,AUC_Cb,56.18086563642791
LDS-002,control,AUC_Cl,556.8115362479872
LDS-002,control,AUC35_Cb,15.303406292287733
LDS-002,control,AUC35_Cl,86.94456249051512
LDS-002,control,RE_R1b,9.656282067630354
LDS-002,control,RE_R1l,34.572252994991636
LDS-002,control,RE_Sb,9.90810604820676
LDS-002,control,RE_Sl,28.340284396371647
LDS-002,control,T1_1,0.756169983
LDS-002,control,T1_2,0.582789978
LDS-002,control,t1_MOLLI,10.691066388888888
LDS-002,control,t2_MOLLI,11.615237777777777
LDS-002,drug,BAT,1.2013013716277021
LDS-002,drug,CO,5.376953015628143
LDS-002,drug,Thl,15.915347877336412
LDS-002,drug,Dhl,38.38250684505948
LDS-002,drug,To,21.296471325331442
LDS-002,drug,Eo,18.922206124001413
LDS-002,drug,Toe,4.395882990642478
LDS-002,drug,Eb,6.0823231535686
LDS-002,drug,H,45.0
LDS-002,drug,ve,16.31670471927166
LDS-002,drug,Te,40.23473374726217
LDS-002,drug,De,70.30147728273313
LDS-002,drug,khe,2.947369516182325
LDS-002,drug,Th,599.9999999400001
LDS-002,drug,Kbh,0.16666666668333333
LDS-002,drug,Khe,18.063509555953335
LDS-002,drug,kbh,0.13947215881516112
LDS-002,drug,CL,0.023650913394510954
LDS-002,drug,AUC_Cb,20.683091126732048
LDS-002,drug,AUC_Cl,91.2758211258397
LDS-002,drug,AUC35_Cb,15.888767164414778
LDS-002,drug,AUC35_Cl,15.271024244168233
LDS-002,drug,RE_R1b,8.554042015327486
LDS-002,drug,RE_R1l,6.081813622967302
LDS-002,drug,RE_Sb,12.865573566720945
LDS-002,drug,RE_Sl,6.654710465864072
LDS-002,drug,T1_1,0.81451001
LDS-002,drug,T1_2,0.718359985
LDS-002,drug,t1_MOLLI,9.388897222222221
LDS-002,drug,t2_MOLLI,10.505947777777777
LDS-003,control,BAT,1.2049642595110002
LDS-003,control,CO,5.938931100891444
LDS-003,control,Thl,12.514941057386732
LDS-003,control,Dhl,55.66083141900903
LDS-003,control,To,33.4764261676948
LDS-003,control,Eo,13.113685835695488
LDS-003,control,Toe,5.403526232852411
LDS-003,control,Eb,9.554566321865462
LDS-003,control,H,45.0
LDS-003,control,ve,15.906712529160927
LDS-003,control,Te,30.84146308203943
LDS-003,control,De,69.33961466467996
LDS-003,control,khe,50.090546908780965
LDS-003,control,Th,45.79773988791325
LDS-003,control,Kbh,2.183513864324811
LDS-003,control,Khe,314.90194354711974
LDS-003,control,kbh,1.8361885908922906
LDS-003,control,CL,0.43782757821701257
LDS-003,control,AUC_Cb,11.904971793571319
LDS-003,control,AUC_Cl,269.1829499917255
LDS-003,control,AUC35_Cb,10.720043394503325
LDS-003,control,AUC35_Cl,106.16957218132198
LDS-003,control,RE_R1b,4.829170740312616
LDS-003,control,RE_R1l,41.110740373730934
LDS-003,control,RE_Sb,28.865642819683675
LDS-003,control,RE_Sl,36.02204550854229
LDS-003,control,T1_1,0.706900024
LDS-003,control,T1_2,0.529400024
LDS-003,control,t1_MOLLI,10.707445833333333
LDS-003,control,t2_MOLLI,11.655478055555555
LDS-003,drug,BAT,1.1355132011081959
LDS-003,drug,CO,7.504149827189968
LDS-003,drug,Thl,10.645574331493556
LDS-003,drug,Dhl,30.926583595772218
LDS-003,drug,To,18.375134249918215
LDS-003,drug,Eo,13.125469482780177
LDS-003,drug,Toe,3.4400707282832785
LDS-003,drug,Eb,4.283536505335738
LDS-003,drug,H,45.0
LDS-003,drug,ve,20.529780943179247
LDS-003,drug,Te,26.706007881370983
LDS-003,drug,De,61.75723398919622
LDS-003,drug,khe,3.1223843173680774
LDS-003,drug,Th,599.998593151986
LDS-003,drug,Kbh,0.16666705745869795
LDS-003,drug,Khe,15.20904838687745
LDS-003,drug,kbh,0.13245067565798457
LDS-003,drug,CL,0.0269076957107571
LDS-003,drug,AUC_Cb,21.040102377720974
LDS-003,drug,AUC_Cl,100.99345547894822
LDS-003,drug,AUC35_Cb,17.14581731546079
LDS-003,drug,AUC35_Cl,18.507286076629832
LDS-003,drug,RE_R1b,10.414811372572833
LDS-003,drug,RE_R1l,6.53815151905696
LDS-003,drug,RE_Sb,4.519528497988084
LDS-003,drug,RE_Sl,4.715206942472793
LDS-003,drug,T1_1,0.725539978
LDS-003,drug,T1_2,0.689530029
LDS-003,drug,t1_MOLLI,10.03390277777778
LDS-003,drug,t2_MOLLI,11.0513975
LDS-004,control,BAT,1.251603376202654
LDS-004,control,CO,3.8841581461124086
LDS-004,control,Thl,8.271387423865637
LDS-004,control,Dhl,64.1363004680199
LDS-004,control,To,39.850158062901095
LDS-004,control,Eo,30.19925224537785
LDS-004,control,Toe,7.975187534519361
LDS-004,control,Eb,14.892377878875877
LDS-004,control,H,45.0
LDS-004,control,ve,9.712696809110422
LDS-004,control,Te,59.999992138736324
LDS-004,control,De,86.80029281084008
LDS-004,control,khe,20.30205425444264
LDS-004,control,Th,196.41056192492974
LDS-004,control,Kbh,0.5091375892413621
LDS-004,control,Khe,209.0259240399587
LDS-004,control,kbh,0.4596865988571347
LDS-004,control,CL,0.1798858164172245
LDS-004,control,AUC_Cb,47.235647776453874
LDS-004,control,AUC_Cl,1048.9978099192813
LDS-004,control,AUC35_Cb,35.72295253571135
LDS-004,control,AUC35_Cl,179.4259265951646
LDS-004,control,RE_R1b,16.959454579600504
LDS-004,control,RE_R1l,75.88502294676317
LDS-004,control,RE_Sb,14.548525747878454
LDS-004,control,RE_Sl,63.379776803973755
LDS-004,control,T1_1,0.802359985
LDS-004,control,T1_2,0.502459991
LDS-004,control,t1_MOLLI,9.83225138888889
LDS-004,control,t2_MOLLI,10.700175833333335
LDS-004,drug,BAT,1.1349009869899962
LDS-004,drug,CO,5.559226624662554
LDS-004,drug,Thl,14.542657108629157
LDS-004,drug,Dhl,51.82538445546716
LDS-004,drug,To,52.71276878676338
LDS-004,drug,Eo,21.28504495316857
LDS-004,drug,Toe,9.424080959218141
LDS-004,drug,Eb,3.0843585357968033
LDS-004,drug,H,45.0
LDS-004,drug,ve,19.37957422616398
LDS-004,drug,Te,59.99999999852126
LDS-004,drug,De,79.93356983194677
LDS-004,drug,khe,1.8442382860296485
LDS-004,drug,Th,82.75284977958526
LDS-004,drug,Kbh,1.208417598503895
LDS-004,drug,Khe,9.51640249938917
LDS-004,drug,kbh,0.9742314130398043
LDS-004,drug,CL,0.018133959221383875
LDS-004,drug,AUC_Cb,128.49380096847807
LDS-004,drug,AUC_Cl,184.62320198039168
LDS-004,drug,AUC35_Cb,48.68182089231119
LDS-004,drug,AUC35_Cl,33.45913038369304
LDS-004,drug,RE_R1b,30.787726117874026
LDS-004,drug,RE_R1l,12.138692146942793
LDS-004,drug,RE_Sb,30.958813834675464
LDS-004,drug,RE_Sl,11.684324250192912
LDS-004,drug,T1_1,0.802289978
LDS-004,drug,T1_2,0.709969971
LDS-004,drug,t1_MOLLI,9.950175
LDS-004,drug,t2_MOLLI,10.983951666666668
LDS-006,control,BAT,1.184970841974605
LDS-006,control,CO,4.832118341614008
LDS-006,control,Thl,14.959238275095686
LDS-006,control,Dhl,37.22191099474049
LDS-006,control,To,35.42201085285431
LDS-006,control,Eo,22.38232022433439
LDS-006,control,Toe,5.465361911688136
LDS-006,control,Eb,7.718346069766481
LDS-006,control,H,45.0
LDS-006,control,ve,29.046793618687524
LDS-006,control,Te,59.616385318637775
LDS-006,control,De,79.05675021975944
LDS-006,control,khe,44.78382001851782
LDS-006,control,Th,38.47551711594687
LDS-006,control,Kbh,2.59905538627714
LDS-006,control,Khe,154.17818781108335
LDS-006,control,kbh,1.8441131321898376
LDS-006,control,CL,0.3095233283041938
LDS-006,control,AUC_Cb,36.302366674677586
LDS-006,control,AUC_Cl,630.6114106932866
LDS-006,control,AUC35_Cb,25.906432726394417
LDS-006,control,AUC35_Cl,206.5227665015942
LDS-006,control,RE_R1b,15.368916147614847
LDS-006,control,RE_R1l,93.67380634686833
LDS-006,control,RE_Sb,11.88252782126125
LDS-006,control,RE_Sl,75.72988976666915
LDS-006,control,T1_1,0.83976001
LDS-006,control,T1_2,0.498440002
LDS-006,control,t1_MOLLI,12.696229722222224
LDS-006,control,t2_MOLLI,13.722150833333334
LDS-006,drug,BAT,1.104894643532041
LDS-006,drug,CO,7.4133737202912
LDS-006,drug,Thl,19.76158282415106
LDS-006,drug,Dhl,32.158757188904744
LDS-006,drug,To,20.475061225261562
LDS-006,drug,Eo,16.617030737510134
LDS-006,drug,Toe,5.354485037049004
LDS-006,drug,Eb,2.9887608600348092
LDS-006,drug,H,45.0
LDS-006,drug,ve,28.869079389053994
LDS-006,drug,Te,43.489623557712754
LDS-006,drug,De,67.85838591976419
LDS-006,drug,khe,1.5383711087614087
LDS-006,drug,Th,599.999998551808
LDS-006,drug,Kbh,0.16666666706894223
LDS-006,drug,Khe,5.328784780524376
LDS-006,drug,kbh,0.118551534637719
LDS-006,drug,CL,0.010857234378717136
LDS-006,drug,AUC_Cb,60.34940190056496
LDS-006,drug,AUC_Cl,144.19347455113373
LDS-006,drug,AUC35_Cb,30.545737201803284
LDS-006,drug,AUC35_Cl,25.54528067477245
LDS-006,drug,RE_R1b,21.024199912029843
LDS-006,drug,RE_R1l,9.645887587983038
LDS-006,drug,RE_Sb,26.215797831092942
LDS-006,drug,RE_Sl,7.257557893395802
LDS-006,drug,T1_1,0.83651001
LDS-006,drug,T1_2,0.75448999
LDS-006,drug,t1_MOLLI,11.117291666666667
LDS-006,drug,t2_MOLLI,12.116654722222222
LDS-007,control,BAT,1.1720758796673632
LDS-007,control,CO,5.670888715527948
LDS-007,control,Thl,9.906647059069604
LDS-007,control,Dhl,45.720272045560186
LDS-007,control,To,31.973719775996987
LDS-007,control,Eo,24.89047746126657
LDS-007,control,Toe,6.952914246294728
LDS-007,control,Eb,4.919545617873738
LDS-007,control,H,45.0
LDS-007,control,ve,5.248185503211738
LDS-007,control,Te,59.99758566205263
LDS-007,control,De,99.99999750451597
LDS-007,control,khe,32.648372243932286
LDS-007,control,Th,33.366656887903744
LDS-007,control,Kbh,2.9970038753343773
LDS-007,control,Khe,622.0887623722983
LDS-007,control,kbh,2.8397155524183844
LDS-007,control,CL,0.3082545165624368
LDS-007,control,AUC_Cb,70.84680446595378
LDS-007,control,AUC_Cl,744.408430324992
LDS-007,control,AUC35_Cb,36.0684120152884
LDS-007,control,AUC35_Cl,184.07422017742843
LDS-007,control,RE_R1b,22.29464141326917
LDS-007,control,RE_R1l,84.8638519277056
LDS-007,control,RE_Sb,2.3115946442358135
LDS-007,control,RE_Sl,72.82212118207042
LDS-007,control,T1_1,0.855419983
LDS-007,control,T1_2,0.537539978
LDS-007,control,t1_MOLLI,14.784960833333333
LDS-007,control,t2_MOLLI,16.253286111111112
LDS-007,drug,BAT,1.0834248391675905
LDS-007,drug,CO,6.152946429842243
LDS-007,drug,Thl,14.126141427153705
LDS-007,drug,Dhl,35.34361849207336
LDS-007,drug,To,20.754796805076676
LDS-007,drug,Eo,20.730042604563298
LDS-007,drug,Toe,3.9646021939901686
LDS-007,drug,Eb,4.981730807032162
LDS-007,drug,H,45.0
LDS-007,drug,ve,16.99809948669799
LDS-007,drug,Te,50.92469711245066
LDS-007,drug,De,77.20833720323907
LDS-007,drug,khe,1.5490306356909158
LDS-007,drug,Th,599.9977405301616
LDS-007,drug,Kbh,0.16666729429954086
LDS-007,drug,Khe,9.112963698695394
LDS-007,drug,kbh,0.13833702180271717
LDS-007,drug,CL,0.017280238488408584
LDS-007,drug,AUC_Cb,66.40763345488342
LDS-007,drug,AUC_Cl,160.3447289553567
LDS-007,drug,AUC35_Cb,46.27659038689865
LDS-007,drug,AUC35_Cl,29.77106090535244
LDS-007,drug,RE_R1b,28.86727189924962
LDS-007,drug,RE_R1l,11.702525680822594
LDS-007,drug,RE_Sb,34.26531533732706
LDS-007,drug,RE_Sl,9.464872155380013
LDS-007,drug,T1_1,0.84047998
LDS-007,drug,T1_2,0.754640015
LDS-007,drug,t1_MOLLI,14.15736361111111
LDS-007,drug,t2_MOLLI,15.653799444444445
LDS-008,control,BAT,1.2106950468474018
LDS-008,control,CO,10.546760683072126
LDS-008,control,Thl,18.386905272684103
LDS-008,control,Dhl,38.73472575809807
LDS-008,control,To,19.786910125537215
LDS-008,control,Eo,17.40053610736873
LDS-008,control,Toe,6.0039281911432925
LDS-008,control,Eb,4.332213827861404
LDS-008,control,H,45.0
LDS-008,control,ve,18.56680676925333
LDS-008,control,Te,23.518400800191028
LDS-008,control,De,55.530113639470834
LDS-008,control,khe,39.59023957830619
LDS-008,control,Th,27.457327625906682
LDS-008,control,Kbh,3.6420150337444883
LDS-008,control,Khe,213.23127918726286
LDS-008,control,kbh,2.965809139921993
LDS-008,control,CL,0.4075059315650641
LDS-008,control,AUC_Cb,44.2981406743001
LDS-008,control,AUC_Cl,490.5621702058849
LDS-008,control,AUC35_Cb,26.765468825106915
LDS-008,control,AUC35_Cl,162.17643751901372
LDS-008,control,RE_R1b,17.236027493296145
LDS-008,control,RE_R1l,64.79326207147
LDS-008,control,RE_Sb,13.537712781529995
LDS-008,control,RE_Sl,52.31895866782066
LDS-008,control,T1_1,0.74397998
LDS-008,control,T1_2,0.46023999
LDS-008,control,t1_MOLLI,14.109626388888888
LDS-008,control,t2_MOLLI,15.427624999999999
LDS-008,drug,BAT,1.1950695926637187
LDS-008,drug,CO,8.830124926649894
LDS-008,drug,Thl,15.410561624322245
LDS-008,drug,Dhl,58.40724898038614
LDS-008,drug,To,26.015468201611267
LDS-008,drug,Eo,11.519866557730715
LDS-008,drug,Toe,9.769761131512304
LDS-008,drug,Eb,2.2984448163912177
LDS-008,drug,H,45.0
LDS-008,drug,ve,14.870741162799336
LDS-008,drug,Te,30.124195416446106
LDS-008,drug,De,52.2664118718138
LDS-008,drug,khe,1.5147074483858032
LDS-008,drug,Th,599.9999992116678
LDS-008,drug,Kbh,0.16666666688564782
LDS-008,drug,Khe,10.185823502698018
LDS-008,drug,kbh,0.14188209824841813
LDS-008,drug,CL,0.013339484149944505
LDS-008,drug,AUC_Cb,91.71215121561332
LDS-008,drug,AUC_Cl,181.5652712841103
LDS-008,drug,AUC35_Cb,39.643950427679776
LDS-008,drug,AUC35_Cl,23.44013214728946
LDS-008,drug,RE_R1b,24.05926395287592
LDS-008,drug,RE_R1l,7.648681920724829
LDS-008,drug,RE_Sb,21.64872680783318
LDS-008,drug,RE_Sl,5.605816972288626
LDS-008,drug,T1_1,0.70625
LDS-008,drug,T1_2,0.615119995
LDS-008,drug,t1_MOLLI,15.056535833333333
LDS-008,drug,t2_MOLLI,16.171455833333333
LDS-009,control,BAT,1.1724085629668748
LDS-009,control,CO,9.595365311087923
LDS-009,control,Thl,17.88729028335284
LDS-009,control,Dhl,40.85452288451125
LDS-009,control,To,34.37125984143901
LDS-009,control,Eo,13.167992830430764
LDS-009,control,Toe,10.345046071332957
LDS-009,control,Eb,6.204390756781242
LDS-009,control,H,45.0
LDS-009,control,ve,12.154056092628164
LDS-009,control,Te,29.46658500926645
LDS-009,control,De,67.50659488926802
LDS-009,control,khe,21.525211207917376
LDS-009,control,Th,33.98378537717375
LDS-009,control,Kbh,2.942579788865076
LDS-009,control,Khe,177.10310898575767
LDS-009,control,kbh,2.5849369907560753
LDS-009,control,CL,0.25531410525943754
LDS-009,control,AUC_Cb,45.31454989728384
LDS-009,control,AUC_Cl,334.27417879991714
LDS-009,control,AUC35_Cb,29.61362698250531
LDS-009,control,AUC35_Cl,111.34434818484901
LDS-009,control,RE_R1b,16.537243539457478
LDS-009,control,RE_R1l,50.449650627362686
LDS-009,control,RE_Sb,16.152316881256997
LDS-009,control,RE_Sl,43.09935131470725
LDS-009,control,T1_1,0.847049988
LDS-009,control,T1_2,0.621599976
LDS-009,control,t1_MOLLI,13.793121388888888
LDS-009,control,t2_MOLLI,15.155603333333334
LDS-009,drug,BAT,1.2720342499917965
LDS-009,drug,CO,8.372611719346605
LDS-009,drug,Thl,16.915331173938277
LDS-009,drug,Dhl,60.706850794347254
LDS-009,drug,To,57.583548515248374
LDS-009,drug,Eo,11.936263468187368
LDS-009,drug,Toe,13.302917292880737
LDS-009,drug,Eb,2.223162342295086
LDS-009,drug,H,45.0
LDS-009,drug,ve,19.264348989643032
LDS-009,drug,Te,59.999999999992404
LDS-009,drug,De,69.9178645192207
LDS-009,drug,khe,1.2672552276949498
LDS-009,drug,Th,48.04161046728454
LDS-009,drug,Kbh,2.0815288877149145
LDS-009,drug,Khe,6.578240605879056
LDS-009,drug,kbh,1.6805358984652787
LDS-009,drug,CL,0.015204726053097601
LDS-009,drug,AUC_Cb,112.01825285394006
LDS-009,drug,AUC_Cl,96.5163315482957
LDS-009,drug,AUC35_Cb,41.42955152901573
LDS-009,drug,AUC35_Cl,22.8323506479685
LDS-009,drug,RE_R1b,28.680526378300687
LDS-009,drug,RE_R1l,8.864496205444842
LDS-009,drug,RE_Sb,21.801824525198242
LDS-009,drug,RE_Sl,5.580545628604527
LDS-009,drug,T1_1,0.881320007
LDS-009,drug,T1_2,0.817150024
LDS-009,drug,t1_MOLLI,13.91894138888889
LDS-009,drug,t2_MOLLI,15.152950277777778
LDS-010,control,BAT,1.2427546203713329
LDS-010,control,CO,6.203182612576608
LDS-010,control,Thl,13.024430591020126
LDS-010,control,Dhl,44.694545032114
LDS-010,control,To,45.48073113069628
LDS-010,control,Eo,14.234990723950954
LDS-010,control,Toe,13.286512399934344
LDS-010,control,Eb,3.7411491401125057
LDS-010,control,H,45.0
LDS-010,control,ve,10.204435097997019
LDS-010,control,Te,59.92881041249099
LDS-010,control,De,84.1620679194517
LDS-010,control,khe,24.00807827810986
LDS-010,control,Th,35.25744394876178
LDS-010,control,Kbh,2.8362804786792246
LDS-010,control,Khe,235.27101743066888
LDS-010,control,kbh,2.5468540780352438
LDS-010,control,CL,0.2583007805962674
LDS-010,control,AUC_Cb,79.49445102173596
LDS-010,control,AUC_Cl,638.8142941355125
LDS-010,control,AUC35_Cb,36.256284699308885
LDS-010,control,AUC35_Cl,144.7248708144751
LDS-010,control,RE_R1b,18.776412750828833
LDS-010,control,RE_R1l,63.26723589311637
LDS-010,control,RE_Sb,16.70244832693715
LDS-010,control,RE_Sl,51.768162608823
LDS-010,control,T1_1,0.806320007
LDS-010,control,T1_2,0.561890015
LDS-010,control,t1_MOLLI,13.861661944444444
LDS-010,control,t2_MOLLI,15.021078611111111
LDS-010,drug,BAT,1.3341840778522966
LDS-010,drug,CO,6.701876405836663
LDS-010,drug,Thl,20.217266363603887
LDS-010,drug,Dhl,55.37885648780041
LDS-010,drug,To,40.76522387397028
LDS-010,drug,Eo,15.971110929334802
LDS-010,drug,Toe,12.528968868894646
LDS-010,drug,Eb,2.7082368843775266
LDS-010,drug,H,45.0
LDS-010,drug,ve,20.882187071206783
LDS-010,drug,Te,53.83531380366915
LDS-010,drug,De,62.87061214848696
LDS-010,drug,khe,1.4196385917102567
LDS-010,drug,Th,83.32136505769876
LDS-010,drug,Kbh,1.2001723679245
LDS-010,drug,Khe,6.798323311966269
LDS-010,drug,kbh,0.9495501288775736
LDS-010,drug,CL,0.015744783230517024
LDS-010,drug,AUC_Cb,89.72456792540444
LDS-010,drug,AUC_Cl,109.24992270171569
LDS-010,drug,AUC35_Cb,34.48594868216431
LDS-010,drug,AUC35_Cl,22.12099936264522
LDS-010,drug,RE_R1b,20.288724805215217
LDS-010,drug,RE_R1l,7.9396116065573095
LDS-010,drug,RE_Sb,17.759135697104046
LDS-010,drug,RE_Sl,8.629903314759572
LDS-010,drug,T1_1,0.830440002
LDS-010,drug,T1_2,0.754059998
LDS-010,drug,t1_MOLLI,13.904785833333333
LDS-010,drug,t2_MOLLI,15.0236775
