subject,study,parameter,value
LDS-002,control,BAT,0.007721077249398352
LDS-002,control,CO,0.12083062560023757
LDS-002,control,Thl,0.6064378585475789
LDS-002,control,Dhl,1.6281734697581423
LDS-002,control,To,2.358083942712121
LDS-002,control,Eo,1.3195444407519843
LDS-002,control,Toe,0.585505553513378
LDS-002,control,Eb,0.6230446134466816
LDS-002,control,H,0.0
LDS-002,control,ve,27.755932395834414
LDS-002,control,Te,77.5397853527639
LDS-002,control,De,20.470149251701983
LDS-002,control,khe,1.7626644330302415
LDS-002,control,Th,1.51057153057029
LDS-002,control,Kbh,0.0
LDS-002,control,Khe,0.0
LDS-002,control,kbh,0.0
LDS-002,control,CL,0.0
LDS-002,control,AUC_Cb,0.0
LDS-002,control,AUC_Cl,0.0
LDS-002,control,AUC35_Cb,0.0
LDS-002,control,AUC35_Cl,0.0
LDS-002,control,RE_R1b,0.0
LDS-002,control,RE_R1l,0.0
LDS-002,control,RE_Sb,0.0
LDS-002,control,RE_Sl,0.0
LDS-002,control,T1_1,0.0
LDS-002,control,T1_2,0.0
LDS-002,control,t1_MOLLI,0.0
LDS-002,control,t2_MOLLI,0.0
LDS-002,drug,BAT,0.014689207644951569
LDS-002,drug,CO,0.1474439325613934
LDS-002,drug,Thl,1.0379390968667186
LDS-002,drug,Dhl,1.7845525178220905
LDS-002,drug,To,1.5505530427064098
LDS-002,drug,Eo,1.282896947739967
LDS-002,drug,Toe,0.42696005619165317
LDS-002,drug,Eb,0.3360921459920614
LDS-002,drug,H,0.0
LDS-002,drug,ve,1.232388629219144
LDS-002,drug,Te,5.246644998239896
LDS-002,drug,De,5.962491746373804
LDS-002,drug,khe,0.2323317959883236
LDS-002,drug,Th,1307.3027206476222
LDS-002,drug,Kbh,0.0
LDS-002,drug,Khe,0.0
LDS-002,drug,kbh,0.0
LDS-002,drug,CL,0.0
LDS-002,drug,AUC_Cb,0.0
LDS-002,drug,AUC_Cl,0.0
LDS-002,drug,AUC35_Cb,0.0
LDS-002,drug,AUC35_Cl,0.0
LDS-002,drug,RE_R1b,0.0
LDS-002,drug,RE_R1l,0.0
LDS-002,drug,RE_Sb,0.0
LDS-002,drug,RE_Sl,0.0
LDS-002,drug,T1_1,0.0
LDS-002,drug,T1_2,0.0
LDS-002,drug,t1_MOLLI,0.0
LDS-002,drug,t2_MOLLI,0.0
LDS-003,control,BAT,0.037621135169330085
LDS-003,control,CO,0.1764858421696
LDS-003,control,Thl,2.757267619620354
LDS-003,control,Dhl,8.550585334886048
LDS-003,control,To,2.4199998013335007
LDS-003,control,Eo,1.0026433777155088
LDS-003,control,Toe,0.49177860896140346
LDS-003,control,Eb,0.5084142913984798
LDS-003,control,H,0.0
LDS-003,control,ve,7.326297628112783
LDS-003,control,Te,13.531572789943624
LDS-003,control,De,16.06588467387875
LDS-003,control,khe,0.9814962273100399
LDS-003,control,Th,2.0591569330147617
LDS-003,control,Kbh,0.0
LDS-003,control,Khe,0.0
LDS-003,control,kbh,0.0
LDS-003,control,CL,0.0
LDS-003,control,AUC_Cb,0.0
LDS-003,control,AUC_Cl,0.0
LDS-003,control,AUC35_Cb,0.0
LDS-003,control,AUC35_Cl,0.0
LDS-003,control,RE_R1b,0.0
LDS-003,control,RE_R1l,0.0
LDS-003,control,RE_Sb,0.0
LDS-003,control,RE_Sl,0.0
LDS-003,control,T1_1,0.0
LDS-003,control,T1_2,0.0
LDS-003,control,t1_MOLLI,0.0
LDS-003,control,t2_MOLLI,0.0
LDS-003,drug,BAT,0.009724208860804464
LDS-003,drug,CO,0.20385017896387606
LDS-003,drug,Thl,0.6596844977627194
LDS-003,drug,Dhl,1.4964556199195713
LDS-003,drug,To,1.125475586793571
LDS-003,drug,Eo,1.188594584746277
LDS-003,drug,Toe,0.3643601592501708
LDS-003,drug,Eb,0.2038599680583987
LDS-003,drug,H,0.0
LDS-003,drug,ve,1.25995342548263
LDS-003,drug,Te,2.933755161736717
LDS-003,drug,De,5.633186447665362
LDS-003,drug,khe,0.239874607927508
LDS-003,drug,Th,1281.9473333295007
LDS-003,drug,Kbh,0.0
LDS-003,drug,Khe,0.0
LDS-003,drug,kbh,0.0
LDS-003,drug,CL,0.0
LDS-003,drug,AUC_Cb,0.0
LDS-003,drug,AUC_Cl,0.0
LDS-003,drug,AUC35_Cb,0.0
LDS-003,drug,AUC35_Cl,0.0
LDS-003,drug,RE_R1b,0.0
LDS-003,drug,RE_R1l,0.0
LDS-003,drug,RE_Sb,0.0
LDS-003,drug,RE_Sl,0.0
LDS-003,drug,T1_1,0.0
LDS-003,drug,T1_2,0.0
LDS-003,drug,t1_MOLLI,0.0
LDS-003,drug,t2_MOLLI,0.0
LDS-004,control,BAT,0.0028697169694393743
LDS-004,control,CO,0.06603928654851533
LDS-004,control,Thl,0.2659192438336658
LDS-004,control,Dhl,0.889687536455568
LDS-004,control,To,1.8861119583554542
LDS-004,control,Eo,0.9058788620492894
LDS-004,control,Toe,0.5866451300954496
LDS-004,control,Eb,0.8047069211916412
LDS-004,control,H,0.0
LDS-004,control,ve,683.4463151556836
LDS-004,control,Te,3659.4377474743555
LDS-004,control,De,804.2480621233675
LDS-004,control,khe,6.184237644044376
LDS-004,control,Th,31.224024633458892
LDS-004,control,Kbh,0.0
LDS-004,control,Khe,0.0
LDS-004,control,kbh,0.0
LDS-004,control,CL,0.0
LDS-004,control,AUC_Cb,0.0
LDS-004,control,AUC_Cl,0.0
LDS-004,control,AUC35_Cb,0.0
LDS-004,control,AUC35_Cl,0.0
LDS-004,control,RE_R1b,0.0
LDS-004,control,RE_R1l,0.0
LDS-004,control,RE_Sb,0.0
LDS-004,control,RE_Sl,0.0
LDS-004,control,T1_1,0.0
LDS-004,control,T1_2,0.0
LDS-004,control,t1_MOLLI,0.0
LDS-004,control,t2_MOLLI,0.0
LDS-004,drug,BAT,0.004744966211068103
LDS-004,drug,CO,0.051970072117206965
LDS-004,drug,Thl,0.3211280064155034
LDS-004,drug,Dhl,1.1421085689500656
LDS-004,drug,To,1.392276232228223
LDS-004,drug,Eo,0.4247198668169487
LDS-004,drug,Toe,0.5595368704160777
LDS-004,drug,Eb,0.337286124465163
LDS-004,drug,H,0.0
LDS-004,drug,ve,0.6942467831323521
LDS-004,drug,Te,3.7477322395926578
LDS-004,drug,De,2.114851142931888
LDS-004,drug,khe,0.1585125995910166
LDS-004,drug,Th,30.189697995375386
LDS-004,drug,Kbh,0.0
LDS-004,drug,Khe,0.0
LDS-004,drug,kbh,0.0
LDS-004,drug,CL,0.0
LDS-004,drug,AUC_Cb,0.0
LDS-004,drug,AUC_Cl,0.0
LDS-004,drug,AUC35_Cb,0.0
LDS-004,drug,AUC35_Cl,0.0
LDS-004,drug,RE_R1b,0.0
LDS-004,drug,RE_R1l,0.0
LDS-004,drug,RE_Sb,0.0
LDS-004,drug,RE_Sl,0.0
LDS-004,drug,T1_1,0.0
LDS-004,drug,T1_2,0.0
LDS-004,drug,t1_MOLLI,0.0
LDS-004,drug,t2_MOLLI,0.0
LDS-006,control,BAT,0.001784991704602485
LDS-006,control,CO,0.08437125075442711
LDS-006,control,Thl,0.23047545287753043
LDS-006,control,Dhl,0.7546138105122321
LDS-006,control,To,2.0885546381020066
LDS-006,control,Eo,1.1773081748121486
LDS-006,control,Toe,0.41096630065198647
LDS-006,control,Eb,0.3926389578444084
LDS-006,control,H,0.0
LDS-006,control,ve,9.731691946807732
LDS-006,control,Te,19.369244430045963
LDS-006,control,De,7.541259104989767
LDS-006,control,khe,1.21207553729214
LDS-006,control,Th,1.878895524865325
LDS-006,control,Kbh,0.0
LDS-006,control,Khe,0.0
LDS-006,control,kbh,0.0
LDS-006,control,CL,0.0
LDS-006,control,AUC_Cb,0.0
LDS-006,control,AUC_Cl,0.0
LDS-006,control,AUC35_Cb,0.0
LDS-006,control,AUC35_Cl,0.0
LDS-006,control,RE_R1b,0.0
LDS-006,control,RE_R1l,0.0
LDS-006,control,RE_Sb,0.0
LDS-006,control,RE_Sl,0.0
LDS-006,control,T1_1,0.0
LDS-006,control,T1_2,0.0
LDS-006,control,t1_MOLLI,0.0
LDS-006,control,t2_MOLLI,0.0
LDS-006,drug,BAT,0.00703989719725319
LDS-006,drug,CO,0.11039909572378957
LDS-006,drug,Thl,0.501526429935493
LDS-006,drug,Dhl,0.7269686528045683
LDS-006,drug,To,1.0291428080324094
LDS-006,drug,Eo,0.6957920232436499
LDS-006,drug,Toe,0.36822738811216743
LDS-006,drug,Eb,0.17670538584016018
LDS-006,drug,H,0.0
LDS-006,drug,ve,1.0960931620400456
LDS-006,drug,Te,2.8869267989691534
LDS-006,drug,De,3.043401287989596
LDS-006,drug,khe,0.21652903662011044
LDS-006,drug,Th,2502.938164160537
LDS-006,drug,Kbh,0.0
LDS-006,drug,Khe,0.0
LDS-006,drug,kbh,0.0
LDS-006,drug,CL,0.0
LDS-006,drug,AUC_Cb,0.0
LDS-006,drug,AUC_Cl,0.0
LDS-006,drug,AUC35_Cb,0.0
LDS-006,drug,AUC35_Cl,0.0
LDS-006,drug,RE_R1b,0.0
LDS-006,drug,RE_R1l,0.0
LDS-006,drug,RE_Sb,0.0
LDS-006,drug,RE_Sl,0.0
LDS-006,drug,T1_1,0.0
LDS-006,drug,T1_2,0.0
LDS-006,drug,t1_MOLLI,0.0
LDS-006,drug,t2_MOLLI,0.0
LDS-007,control,BAT,0.01489496360943051
LDS-007,control,CO,0.1289634363332306
LDS-007,control,Thl,1.0422409720896473
LDS-007,control,Dhl,3.3364936580154456
LDS-007,control,To,1.4677734487172465
LDS-007,control,Eo,0.8846323683654058
LDS-007,control,Toe,0.3187121750062151
LDS-007,control,Eb,0.3169824243379638
LDS-007,control,H,0.0
LDS-007,control,ve,3.06129269290245
LDS-007,control,Te,12.40513618291552
LDS-007,control,De,7.59340844762629
LDS-007,control,khe,0.53669792816275
LDS-007,control,Th,1.078761266796615
LDS-007,control,Kbh,0.0
LDS-007,control,Khe,0.0
LDS-007,control,kbh,0.0
LDS-007,control,CL,0.0
LDS-007,control,AUC_Cb,0.0
LDS-007,control,AUC_Cl,0.0
LDS-007,control,AUC35_Cb,0.0
LDS-007,control,AUC35_Cl,0.0
LDS-007,control,RE_R1b,0.0
LDS-007,control,RE_R1l,0.0
LDS-007,control,RE_Sb,0.0
LDS-007,control,RE_Sl,0.0
LDS-007,control,T1_1,0.0
LDS-007,control,T1_2,0.0
LDS-007,control,t1_MOLLI,0.0
LDS-007,control,t2_MOLLI,0.0
LDS-007,drug,BAT,0.008308420703640787
LDS-007,drug,CO,0.11369977943093702
LDS-007,drug,Thl,0.6151599407556414
LDS-007,drug,Dhl,0.6787966917169996
LDS-007,drug,To,0.9438637959617585
LDS-007,drug,Eo,0.8667724634214247
LDS-007,drug,Toe,0.21677240564848968
LDS-007,drug,Eb,0.16937901892807836
LDS-007,drug,H,0.0
LDS-007,drug,ve,0.7089033600773679
LDS-007,drug,Te,3.968114423495128
LDS-007,drug,De,2.997962648026554
LDS-007,drug,khe,0.11349017397283287
LDS-007,drug,Th,1038.2704549482992
LDS-007,drug,Kbh,0.0
LDS-007,drug,Khe,0.0
LDS-007,drug,kbh,0.0
LDS-007,drug,CL,0.0
LDS-007,drug,AUC_Cb,0.0
LDS-007,drug,AUC_Cl,0.0
LDS-007,drug,AUC35_Cb,0.0
LDS-007,drug,AUC35_Cl,0.0
LDS-007,drug,RE_R1b,0.0
LDS-007,drug,RE_R1l,0.0
LDS-007,drug,RE_Sb,0.0
LDS-007,drug,RE_Sl,0.0
LDS-007,drug,T1_1,0.0
LDS-007,drug,T1_2,0.0
LDS-007,drug,t1_MOLLI,0.0
LDS-007,drug,t2_MOLLI,0.0
LDS-008,control,BAT,0.01376927500295928
LDS-008,control,CO,0.226557001374255
LDS-008,control,Thl,1.0063704625251455
LDS-008,control,Dhl,1.323103352515629
LDS-008,control,To,1.145830648398163
LDS-008,control,Eo,0.7106477566223237
LDS-008,control,Toe,0.33362099125669903
LDS-008,control,Eb,0.235285693434438
LDS-008,control,H,0.0
LDS-008,control,ve,1.9805443599328856
LDS-008,control,Te,2.9916408248824355
LDS-008,control,De,7.411461681565652
LDS-008,control,khe,0.6528197055184444
LDS-008,control,Th,0.7641335159113027
LDS-008,control,Kbh,0.0
LDS-008,control,Khe,0.0
LDS-008,control,kbh,0.0
LDS-008,control,CL,0.0
LDS-008,control,AUC_Cb,0.0
LDS-008,control,AUC_Cl,0.0
LDS-008,control,AUC35_Cb,0.0
LDS-008,control,AUC35_Cl,0.0
LDS-008,control,RE_R1b,0.0
LDS-008,control,RE_R1l,0.0
LDS-008,control,RE_Sb,0.0
LDS-008,control,RE_Sl,0.0
LDS-008,control,T1_1,0.0
LDS-008,control,T1_2,0.0
LDS-008,control,t1_MOLLI,0.0
LDS-008,control,t2_MOLLI,0.0
LDS-008,drug,BAT,0.004426366376181304
LDS-008,drug,CO,0.2132638165647528
LDS-008,drug,Thl,0.5884691963379254
LDS-008,drug,Dhl,0.8944030500695135
LDS-008,drug,To,0.9594481998527505
LDS-008,drug,Eo,0.3524510053214369
LDS-008,drug,Toe,0.5772627771119877
LDS-008,drug,Eb,0.1903997274635542
LDS-008,drug,H,0.0
LDS-008,drug,ve,0.6693951628833417
LDS-008,drug,Te,2.3692100744984264
LDS-008,drug,De,5.434881651878333
LDS-008,drug,khe,0.11206783089124465
LDS-008,drug,Th,1031.7895353839494
LDS-008,drug,Kbh,0.0
LDS-008,drug,Khe,0.0
LDS-008,drug,kbh,0.0
LDS-008,drug,CL,0.0
LDS-008,drug,AUC_Cb,0.0
LDS-008,drug,AUC_Cl,0.0
LDS-008,drug,AUC35_Cb,0.0
LDS-008,drug,AUC35_Cl,0.0
LDS-008,drug,RE_R1b,0.0
LDS-008,drug,RE_R1l,0.0
LDS-008,drug,RE_Sb,0.0
LDS-008,drug,RE_Sl,0.0
LDS-008,drug,T1_1,0.0
LDS-008,drug,T1_2,0.0
LDS-008,drug,t1_MOLLI,0.0
LDS-008,drug,t2_MOLLI,0.0
LDS-009,control,BAT,0.004418116981833395
LDS-009,control,CO,0.1338715521793717
LDS-009,control,Thl,0.31213137561251814
LDS-009,control,Dhl,0.9933443974675823
LDS-009,control,To,1.1749959829138064
LDS-009,control,Eo,0.41267528449662255
LDS-009,control,Toe,0.6370452461146342
LDS-009,control,Eb,0.23764448008806216
LDS-009,control,H,0.0
LDS-009,control,ve,1.6915565610257113
LDS-009,control,Te,5.359085128276498
LDS-009,control,De,8.206607687425382
LDS-009,control,khe,0.3518536515401792
LDS-009,control,Th,0.9282752721846664
LDS-009,control,Kbh,0.0
LDS-009,control,Khe,0.0
LDS-009,control,kbh,0.0
LDS-009,control,CL,0.0
LDS-009,control,AUC_Cb,0.0
LDS-009,control,AUC_Cl,0.0
LDS-009,control,AUC35_Cb,0.0
LDS-009,control,AUC35_Cl,0.0
LDS-009,control,RE_R1b,0.0
LDS-009,control,RE_R1l,0.0
LDS-009,control,RE_Sb,0.0
LDS-009,control,RE_Sl,0.0
LDS-009,control,T1_1,0.0
LDS-009,control,T1_2,0.0
LDS-009,control,t1_MOLLI,0.0
LDS-009,control,t2_MOLLI,0.0
LDS-009,drug,BAT,0.0071105453197469306
LDS-009,drug,CO,0.11303427395434054
LDS-009,drug,Thl,0.5007998156412148
LDS-009,drug,Dhl,1.7702702169012183
LDS-009,drug,To,1.6834675940660013
LDS-009,drug,Eo,0.3399231603733057
LDS-009,drug,Toe,1.269969680259844
LDS-009,drug,Eb,0.33083868185875515
LDS-009,drug,H,0.0
LDS-009,drug,ve,0.7986377432920149
LDS-009,drug,Te,4.364793288002921
LDS-009,drug,De,3.3380803315313003
LDS-009,drug,khe,0.17479263842159135
LDS-009,drug,Th,14.778161566776099
LDS-009,drug,Kbh,0.0
LDS-009,drug,Khe,0.0
LDS-009,drug,kbh,0.0
LDS-009,drug,CL,0.0
LDS-009,drug,AUC_Cb,0.0
LDS-009,drug,AUC_Cl,0.0
LDS-009,drug,AUC35_Cb,0.0
LDS-009,drug,AUC35_Cl,0.0
LDS-009,drug,RE_R1b,0.0
LDS-009,drug,RE_R1l,0.0
LDS-009,drug,RE_Sb,0.0
LDS-009,drug,RE_Sl,0.0
LDS-009,drug,T1_1,0.0
LDS-009,drug,T1_2,0.0
LDS-009,drug,t1_MOLLI,0.0
LDS-009,drug,t2_MOLLI,0.0
LDS-010,control,BAT,0.023951264907135134
LDS-010,control,CO,0.20529128242193714
LDS-010,control,Thl,1.6771377838466148
LDS-010,control,Dhl,3.0308534886995804
LDS-010,control,To,1.4593979735780687
LDS-010,control,Eo,0.45575888340942505
LDS-010,control,Toe,1.0335465919365516
LDS-010,control,Eb,0.4555658527667628
LDS-010,control,H,0.0
LDS-010,control,ve,25.211402019379943
LDS-010,control,Te,115.31821791089939
LDS-010,control,De,29.28518910312961
LDS-010,control,khe,1.1930404061809128
LDS-010,control,Th,1.0682146964655856
LDS-010,control,Kbh,0.0
LDS-010,control,Khe,0.0
LDS-010,control,kbh,0.0
LDS-010,control,CL,0.0
LDS-010,control,AUC_Cb,0.0
LDS-010,control,AUC_Cl,0.0
LDS-010,control,AUC35_Cb,0.0
LDS-010,control,AUC35_Cl,0.0
LDS-010,control,RE_R1b,0.0
LDS-010,control,RE_R1l,0.0
LDS-010,control,RE_Sb,0.0
LDS-010,control,RE_Sl,0.0
LDS-010,control,T1_1,0.0
LDS-010,control,T1_2,0.0
LDS-010,control,t1_MOLLI,0.0
LDS-010,control,t2_MOLLI,0.0
LDS-010,drug,BAT,0.02491628231367974
LDS-010,drug,CO,0.18008436117712012
LDS-010,drug,Thl,1.8401482477396551
LDS-010,drug,Dhl,3.384457408530088
LDS-010,drug,To,1.65171054453138
LDS-010,drug,Eo,0.4829972596599147
LDS-010,drug,Toe,0.9921255875473901
LDS-010,drug,Eb,0.4099822974800365
LDS-010,drug,H,0.0
LDS-010,drug,ve,1.0246987654955775
LDS-010,drug,Te,4.452069702164256
LDS-010,drug,De,4.451793536412345
LDS-010,drug,khe,0.20132914077687114
LDS-010,drug,Th,41.43516160321589
LDS-010,drug,Kbh,0.0
LDS-010,drug,Khe,0.0
LDS-010,drug,kbh,0.0
LDS-010,drug,CL,0.0
LDS-010,drug,AUC_Cb,0.0
LDS-010,drug,AUC_Cl,0.0
LDS-010,drug,AUC35_Cb,0.0
LDS-010,drug,AUC35_Cl,0.0
LDS-010,drug,RE_R1b,0.0
LDS-010,drug,RE_R1l,0.0
LDS-010,drug,RE_Sb,0.0
LDS-010,drug,RE_Sl,0.0
LDS-010,drug,T1_1,0.0
LDS-010,drug,T1_2,0.0
LDS-010,drug,t1_MOLLI,0.0
LDS-010,drug,t2_MOLLI,0.0
