subject,study,parameter,value
SHF-014,control_35,BAT,1.3171095970781022
SHF-014,control_35,CO,17.999999981121867
SHF-014,control_35,Thl,29.961469515203866
SHF-014,control_35,Dhl,94.96416498422374
SHF-014,control_35,To,59.99999999408973
SHF-014,control_35,Eo,49.99999999626763
SHF-014,control_35,Toe,1.2419330294892215
SHF-014,control_35,Eb,12.990816424828738
SHF-014,control_35,H,45.0
SHF-014,control_35,ve,45.67180701182669
SHF-014,control_35,Te,59.99999963605715
SHF-014,control_35,De,99.99999916249193
SHF-014,control_35,khe,30.974615236862903
SHF-014,control_35,Th,32.944868598795665
SHF-014,control_35,Kbh,3.035374073510665
SHF-014,control_35,Khe,67.81999063194947
SHF-014,control_35,kbh,1.6490638845698518
SHF-014,control_35,CL,0.3459127889852946
SHF-014,control_35,AUC_Cb,11.625042472142614
SHF-014,control_35,AUC_Cl,127.17120872854046
SHF-014,control_35,AUC35_Cb,9.201303795094029
SHF-014,control_35,AUC35_Cl,51.78149112477444
SHF-014,control_35,RE_R1b,5.412606701488012
SHF-014,control_35,RE_R1l,20.00666987125352
SHF-014,control_35,RE_Sb,5.345417035211185
SHF-014,control_35,RE_Sl,15.303598074777131
SHF-014,control_35,T1_1,0.72913
SHF-014,control_35,T1_2,0.55618
SHF-014,control_35,t1_MOLLI,12.436666666666667
SHF-014,control_35,t2_MOLLI,13.284722222222221
