subject,study,parameter,value
SHF-014,control_35,BAT,0.25682074335110316
SHF-014,control_35,CO,1.595058853711339
SHF-014,control_35,Thl,16.355879105280657
SHF-014,control_35,Dhl,49.107636158675085
SHF-014,control_35,To,80.11820316482164
SHF-014,control_35,Eo,36.890176325781766
SHF-014,control_35,Toe,1.0047249119561719
SHF-014,control_35,Eb,2.0100300582988258
SHF-014,control_35,H,0
SHF-014,control_35,ve,12.579649144449787
SHF-014,control_35,Te,24.648968448953347
SHF-014,control_35,De,7.842029721601213
SHF-014,control_35,khe,2.3958721589425545
SHF-014,control_35,Th,4.66204460422606
SHF-014,control_35,Kbh,0
SHF-014,control_35,Khe,0
SHF-014,control_35,kbh,0
SHF-014,control_35,CL,0.0
SHF-014,control_35,AUC_Cb,0
SHF-014,control_35,AUC_Cl,0
SHF-014,control_35,AUC35_Cb,0
SHF-014,control_35,AUC35_Cl,0
SHF-014,control_35,RE_R1b,0
SHF-014,control_35,RE_R1l,0
SHF-014,control_35,RE_Sb,0
SHF-014,control_35,RE_Sl,0
SHF-014,control_35,T1_1,0
SHF-014,control_35,T1_2,0
SHF-014,control_35,t1_MOLLI,0
SHF-014,control_35,t2_MOLLI,0
