subject,study,parameter,value
LDS-003,control_35,BAT,1.1560674067717607
LDS-003,control_35,CO,5.808188560573444
LDS-003,control_35,Thl,15.45745267527688
LDS-003,control_35,Dhl,45.07960702170327
LDS-003,control_35,To,28.937694399530155
LDS-003,control_35,Eo,16.532621198910416
LDS-003,control_35,Toe,3.9037247688007004
LDS-003,control_35,Eb,10.075109335265932
LDS-003,control_35,H,45.0
LDS-003,control_35,ve,17.340199793409496
LDS-003,control_35,Te,32.87914777876097
LDS-003,control_35,De,71.02979760868871
LDS-003,control_35,khe,50.18531734524367
LDS-003,control_35,Th,46.14117150994077
LDS-003,control_35,Kbh,2.1672618342266357
LDS-003,control_35,Khe,289.4160271689467
LDS-003,control_35,kbh,1.7914543021254257
LDS-003,control_35,CL,0.4386559403181211
LDS-003,control_35,AUC_Cb,11.577375149457943
LDS-003,control_35,AUC_Cl,264.5452736857771
LDS-003,control_35,AUC35_Cb,10.739581561140891
LDS-003,control_35,AUC35_Cl,106.88481000277864
LDS-003,control_35,RE_R1b,4.874794299517802
LDS-003,control_35,RE_R1l,41.543434982136205
LDS-003,control_35,RE_Sb,5.080337824295979
LDS-003,control_35,RE_Sl,33.5712409200231
LDS-003,control_35,T1_1,0.706900024
LDS-003,control_35,T1_2,0.529400024
LDS-003,control_35,t1_MOLLI,10.707445833333333
LDS-003,control_35,t2_MOLLI,11.655478055555555
