subject,study,parameter,value
LDS-003,control_35,BAT,0.012826218413718605
LDS-003,control_35,CO,0.1283340282130811
LDS-003,control_35,Thl,0.9544004930781286
LDS-003,control_35,Dhl,1.9830168316624586
LDS-003,control_35,To,2.006646821394708
LDS-003,control_35,Eo,1.352159709724284
LDS-003,control_35,Toe,0.39229573088216646
LDS-003,control_35,Eb,0.4295682873024003
LDS-003,control_35,H,0
LDS-003,control_35,ve,7.855763543799084
LDS-003,control_35,Te,14.40267768267017
LDS-003,control_35,De,15.162476516236243
LDS-003,control_35,khe,1.0623963749177359
LDS-003,control_35,Th,2.5468818895913348
LDS-003,control_35,Kbh,0
LDS-003,control_35,Khe,0
LDS-003,control_35,kbh,0
LDS-003,control_35,CL,0.0
LDS-003,control_35,AUC_Cb,0
LDS-003,control_35,AUC_Cl,0
LDS-003,control_35,AUC35_Cb,0
LDS-003,control_35,AUC35_Cl,0
LDS-003,control_35,RE_R1b,0
LDS-003,control_35,RE_R1l,0
LDS-003,control_35,RE_Sb,0
LDS-003,control_35,RE_Sl,0
LDS-003,control_35,T1_1,0
LDS-003,control_35,T1_2,0
LDS-003,control_35,t1_MOLLI,0
LDS-003,control_35,t2_MOLLI,0
