subject,study,parameter,value
SHF-011,control_30,BAT,1.309167407715647
SHF-011,control_30,CO,6.672943097705666
SHF-011,control_30,Thl,14.959596218075314
SHF-011,control_30,Dhl,52.86583808887415
SHF-011,control_30,To,27.94877597157938
SHF-011,control_30,Eo,15.895864298448355
SHF-011,control_30,Toe,7.001620453859247
SHF-011,control_30,Eb,6.692347224840607
SHF-011,control_30,H,45.0
SHF-011,control_30,ve,32.70591242369155
SHF-011,control_30,Te,33.46013085959455
SHF-011,control_30,De,87.8512075187283
SHF-011,control_30,khe,60.96737764556106
SHF-011,control_30,Th,15.607227529198434
SHF-011,control_30,Kbh,6.407287893568363
SHF-011,control_30,Khe,186.41087536636778
SHF-011,control_30,kbh,4.311725926364104
SHF-011,control_30,CL,0.49327277232427075
SHF-011,control_30,AUC_Cb,30.399981292128594
SHF-011,control_30,AUC_Cl,307.1899437141198
SHF-011,control_30,AUC35_Cb,22.107532378015744
SHF-011,control_30,AUC35_Cl,166.5592589889584
SHF-011,control_30,RE_R1b,11.939014168585764
SHF-011,control_30,RE_R1l,65.40692827812265
SHF-011,control_30,RE_Sb,16.3280526841157
SHF-011,control_30,RE_Sl,53.57301238625388
SHF-011,control_30,T1_1,0.76065
SHF-011,control_30,T1_2,0.49798
SHF-011,control_30,t1_MOLLI,14.463611111111112
SHF-011,control_30,t2_MOLLI,15.278611111111111
