subject,study,parameter,value
SHF-011,control_30,BAT,0.036448986548307555
SHF-011,control_30,CO,0.3175123645086958
SHF-011,control_30,Thl,2.7042289613847084
SHF-011,control_30,Dhl,6.0446227320266175
SHF-011,control_30,To,2.061175780627351
SHF-011,control_30,Eo,0.9840033736313104
SHF-011,control_30,Toe,0.9014427288904105
SHF-011,control_30,Eb,0.8420117732506507
SHF-011,control_30,H,0
SHF-011,control_30,ve,9.69557013836377
SHF-011,control_30,Te,12.653115532910011
SHF-011,control_30,De,7.9312114358821475
SHF-011,control_30,khe,2.4772956173268343
SHF-011,control_30,Th,0.7210040667284142
SHF-011,control_30,Kbh,0
SHF-011,control_30,Khe,0
SHF-011,control_30,kbh,0
SHF-011,control_30,CL,0.0
SHF-011,control_30,AUC_Cb,0
SHF-011,control_30,AUC_Cl,0
SHF-011,control_30,AUC35_Cb,0
SHF-011,control_30,AUC35_Cl,0
SHF-011,control_30,RE_R1b,0
SHF-011,control_30,RE_R1l,0
SHF-011,control_30,RE_Sb,0
SHF-011,control_30,RE_Sl,0
SHF-011,control_30,T1_1,0
SHF-011,control_30,T1_2,0
SHF-011,control_30,t1_MOLLI,0
SHF-011,control_30,t2_MOLLI,0
