subject,study,parameter,value
GOT-002,control,BAT,1.3158232219391632
GOT-002,control,CO,8.555072070361343
GOT-002,control,Thl,23.26372972042495
GOT-002,control,Dhl,38.69552789931554
GOT-002,control,To,29.23307654379267
GOT-002,control,Eo,23.654977076313884
GOT-002,control,Toe,9.003912852939976
GOT-002,control,Eb,1.835083646167666
GOT-002,control,H,45.0
GOT-002,control,ve,39.80963604904068
GOT-002,control,Te,56.35914010286555
GOT-002,control,De,84.48898426722104
GOT-002,control,khe,10.776172813458594
GOT-002,control,Th,415.5127976814019
GOT-002,control,Kbh,0.24066647419287404
GOT-002,control,Khe,27.0692573028893
GOT-002,control,kbh,0.1448580267246325
GOT-002,control,CL,0.13784717370347985
GOT-002,control,AUC_Cb,82.0120676883475
GOT-002,control,AUC_Cl,889.0378500090331
GOT-002,control,AUC35_Cb,26.305409790337873
GOT-002,control,AUC35_Cl,76.72017720640262
GOT-002,control,RE_R1b,17.871671594042603
GOT-002,control,RE_R1l,33.138206878148914
GOT-002,control,RE_Sb,14.375515872871711
GOT-002,control,RE_Sl,26.307291068650578
GOT-002,control,T1_1,0.871559998
GOT-002,control,T1_2,0.655630005
GOT-002,control,t1_MOLLI,13.43755
GOT-002,control,t2_MOLLI,14.05385
