subject,study,parameter,value
GOT-002,control,BAT,0.004924084641132268
GOT-002,control,CO,0.12192827860754277
GOT-002,control,Thl,0.36903527530678243
GOT-002,control,Dhl,0.7511882557271548
GOT-002,control,To,1.41672969796075
GOT-002,control,Eo,1.0769735096938495
GOT-002,control,Toe,1.4978219467363518
GOT-002,control,Eb,1.9449606143745402
GOT-002,control,H,0
GOT-002,control,ve,2.397385815765236
GOT-002,control,Te,6.6799951531666935
GOT-002,control,De,3.479512509941084
GOT-002,control,khe,0.9113545251277769
GOT-002,control,Th,1330.6636925442967
GOT-002,control,Kbh,0
GOT-002,control,Khe,0
GOT-002,control,kbh,0
GOT-002,control,CL,0.0
GOT-002,control,AUC_Cb,0
GOT-002,control,AUC_Cl,0
GOT-002,control,AUC35_Cb,0
GOT-002,control,AUC35_Cl,0
GOT-002,control,RE_R1b,0
GOT-002,control,RE_R1l,0
GOT-002,control,RE_Sb,0
GOT-002,control,RE_Sl,0
GOT-002,control,T1_1,0
GOT-002,control,T1_2,0
GOT-002,control,t1_MOLLI,0
GOT-002,control,t2_MOLLI,0
