subject,study,parameter,value
SHF-006,drug_10,BAT,0.3976769154876822
SHF-006,drug_10,CO,4.22327098815548
SHF-006,drug_10,Thl,27.831588203788613
SHF-006,drug_10,Dhl,127.77326135830698
SHF-006,drug_10,To,6.818384629859127
SHF-006,drug_10,Eo,7.711832845493366
SHF-006,drug_10,Toe,5.934403730544689
SHF-006,drug_10,Eb,27.577141916994385
SHF-006,drug_10,H,0
SHF-006,drug_10,ve,23.230133397569226
SHF-006,drug_10,Te,13.174616564762308
SHF-006,drug_10,De,10.52959546303254
SHF-006,drug_10,khe,5.59781214023368
SHF-006,drug_10,Th,45415.709961326924
SHF-006,drug_10,Kbh,0
SHF-006,drug_10,Khe,0
SHF-006,drug_10,kbh,0
SHF-006,drug_10,CL,0.0
SHF-006,drug_10,AUC_Cb,0
SHF-006,drug_10,AUC_Cl,0
SHF-006,drug_10,AUC35_Cb,0
SHF-006,drug_10,AUC35_Cl,0
SHF-006,drug_10,RE_R1b,0
SHF-006,drug_10,RE_R1l,0
SHF-006,drug_10,RE_Sb,0
SHF-006,drug_10,RE_Sl,0
SHF-006,drug_10,T1_1,0
SHF-006,drug_10,T1_2,0
SHF-006,drug_10,t1_MOLLI,0
SHF-006,drug_10,t2_MOLLI,0
