subject,study,parameter,value
LDS-004,control_20,BAT,1.2444074440096349
LDS-004,control_20,CO,3.664171160806681
LDS-004,control_20,Thl,8.834840060741568
LDS-004,control_20,Dhl,61.798889438216605
LDS-004,control_20,To,40.825000899133585
LDS-004,control_20,Eo,41.007633910073544
LDS-004,control_20,Toe,12.00004589027886
LDS-004,control_20,Eb,3.5163217296072697
LDS-004,control_20,H,45.0
LDS-004,control_20,ve,4.8644891680838125
LDS-004,control_20,Te,33.67736934745819
LDS-004,control_20,De,72.69151024326189
LDS-004,control_20,khe,19.93565350226171
LDS-004,control_20,Th,560.0313995577551
LDS-004,control_20,Kbh,0.17856141651873067
LDS-004,control_20,Khe,409.8200820974308
LDS-004,control_20,kbh,0.16987531575380002
LDS-004,control_20,CL,0.17663933221341402
LDS-004,control_20,AUC_Cb,114.2513913472564
LDS-004,control_20,AUC_Cl,2277.694157824191
LDS-004,control_20,AUC35_Cb,39.610932535105
LDS-004,control_20,AUC35_Cl,189.94213128944094
LDS-004,control_20,RE_R1b,21.287591156824252
LDS-004,control_20,RE_R1l,78.6037903347588
LDS-004,control_20,RE_Sb,14.548525747878454
LDS-004,control_20,RE_Sl,63.379776803973755
LDS-004,control_20,T1_1,0.802359985
LDS-004,control_20,T1_2,0.502459991
LDS-004,control_20,t1_MOLLI,9.83225138888889
LDS-004,control_20,t2_MOLLI,10.700175833333335
