subject,study,parameter,value
LDS-004,control_20,BAT,0.005431236660149168
LDS-004,control_20,CO,0.07120811071954278
LDS-004,control_20,Thl,0.4267637946899963
LDS-004,control_20,Dhl,1.5455305483313184
LDS-004,control_20,To,2.3236170252208224
LDS-004,control_20,Eo,4.962984823589834
LDS-004,control_20,Toe,3.188782936169185
LDS-004,control_20,Eb,8.859032065899319
LDS-004,control_20,H,0
LDS-004,control_20,ve,17.384654922954436
LDS-004,control_20,Te,91.1202565662208
LDS-004,control_20,De,76.28626375646745
LDS-004,control_20,khe,0.5025599635696
LDS-004,control_20,Th,700.1829615057646
LDS-004,control_20,Kbh,0
LDS-004,control_20,Khe,0
LDS-004,control_20,kbh,0
LDS-004,control_20,CL,0.0
LDS-004,control_20,AUC_Cb,0
LDS-004,control_20,AUC_Cl,0
LDS-004,control_20,AUC35_Cb,0
LDS-004,control_20,AUC35_Cl,0
LDS-004,control_20,RE_R1b,0
LDS-004,control_20,RE_R1l,0
LDS-004,control_20,RE_Sb,0
LDS-004,control_20,RE_Sl,0
LDS-004,control_20,T1_1,0
LDS-004,control_20,T1_2,0
LDS-004,control_20,t1_MOLLI,0
LDS-004,control_20,t2_MOLLI,0
