subject,study,parameter,value
SHF-004,drug_40,BAT,0.025096542712778374
SHF-004,drug_40,CO,0.3374032022501597
SHF-004,drug_40,Thl,2.023373640077896
SHF-004,drug_40,Dhl,3.6687603902332735
SHF-004,drug_40,To,1.2114889142277316
SHF-004,drug_40,Eo,0.7831042509648299
SHF-004,drug_40,Toe,0.5361963925545284
SHF-004,drug_40,Eb,0.32318306224255827
SHF-004,drug_40,H,0
SHF-004,drug_40,ve,0.869803721000139
SHF-004,drug_40,Te,2.8924743470923833
SHF-004,drug_40,De,5.258382444764041
SHF-004,drug_40,khe,0.19870659752018227
SHF-004,drug_40,Th,307.88566260032144
SHF-004,drug_40,Kbh,0
SHF-004,drug_40,Khe,0
SHF-004,drug_40,kbh,0
SHF-004,drug_40,CL,0.0
SHF-004,drug_40,AUC_Cb,0
SHF-004,drug_40,AUC_Cl,0
SHF-004,drug_40,AUC35_Cb,0
SHF-004,drug_40,AUC35_Cl,0
SHF-004,drug_40,RE_R1b,0
SHF-004,drug_40,RE_R1l,0
SHF-004,drug_40,RE_Sb,0
SHF-004,drug_40,RE_Sl,0
SHF-004,drug_40,T1_1,0
SHF-004,drug_40,T1_2,0
SHF-004,drug_40,t1_MOLLI,0
SHF-004,drug_40,t2_MOLLI,0
