subject,study,parameter,value
GOT-001,drug_15,BAT,0.04834903908903575
GOT-001,drug_15,CO,0.5242031461086301
GOT-001,drug_15,Thl,3.348372410239307
GOT-001,drug_15,Dhl,33.9183197000178
GOT-001,drug_15,To,1.798811060919982
GOT-001,drug_15,Eo,0.7746103375102354
GOT-001,drug_15,Toe,1.015906453104108
GOT-001,drug_15,Eb,1.9856600273450857
GOT-001,drug_15,H,0
GOT-001,drug_15,ve,1.9142671957619588
GOT-001,drug_15,Te,11.502095064098155
GOT-001,drug_15,De,6.002160743647862
GOT-001,drug_15,khe,1.0948255838301697
GOT-001,drug_15,Th,14.27289353629575
GOT-001,drug_15,Kbh,0
GOT-001,drug_15,Khe,0
GOT-001,drug_15,kbh,0
GOT-001,drug_15,CL,0.0
GOT-001,drug_15,AUC_Cb,0
GOT-001,drug_15,AUC_Cl,0
GOT-001,drug_15,AUC35_Cb,0
GOT-001,drug_15,AUC35_Cl,0
GOT-001,drug_15,RE_R1b,0
GOT-001,drug_15,RE_R1l,0
GOT-001,drug_15,RE_Sb,0
GOT-001,drug_15,RE_Sl,0
GOT-001,drug_15,T1_1,0
GOT-001,drug_15,T1_2,0
GOT-001,drug_15,t1_MOLLI,0
GOT-001,drug_15,t2_MOLLI,0
