subject,study,parameter,value
SHF-007,control_25,BAT,1.0905435180869996
SHF-007,control_25,CO,5.202742504557098
SHF-007,control_25,Thl,12.367876090031926
SHF-007,control_25,Dhl,40.57033818919216
SHF-007,control_25,To,32.50915662722105
SHF-007,control_25,Eo,21.335270052723114
SHF-007,control_25,Toe,3.792670299180426
SHF-007,control_25,Eb,8.254264224123546
SHF-007,control_25,H,45.0
SHF-007,control_25,ve,17.184442483194413
SHF-007,control_25,Te,46.52208310545148
SHF-007,control_25,De,89.05972799422857
SHF-007,control_25,khe,30.30093491325783
SHF-007,control_25,Th,62.18328956324807
SHF-007,control_25,Kbh,1.6081490815677688
SHF-007,control_25,Khe,176.32771585630863
SHF-007,control_25,kbh,1.3317976276017363
SHF-007,control_25,CL,0.2129324085548415
SHF-007,control_25,AUC_Cb,47.27493636583847
SHF-007,control_25,AUC_Cl,838.4761971089654
SHF-007,control_25,AUC35_Cb,39.65433627725296
SHF-007,control_25,AUC35_Cl,243.10890239331357
SHF-007,control_25,RE_R1b,17.118849127751325
SHF-007,control_25,RE_R1l,98.74094780253738
SHF-007,control_25,RE_Sb,10.718832558627035
SHF-007,control_25,RE_Sl,80.18031803918491
SHF-007,control_25,T1_1,0.74539
SHF-007,control_25,T1_2,0.37404
SHF-007,control_25,t1_MOLLI,13.813055555555556
SHF-007,control_25,t2_MOLLI,14.628055555555555
