subject,study,parameter,value
SHF-007,control_25,BAT,0.00992421277092945
SHF-007,control_25,CO,0.08846802247836665
SHF-007,control_25,Thl,0.6123992402567897
SHF-007,control_25,Dhl,2.4164572900351526
SHF-007,control_25,To,2.350049158608805
SHF-007,control_25,Eo,1.6254274847328907
SHF-007,control_25,Toe,0.5123034952634492
SHF-007,control_25,Eb,0.5169948598149035
SHF-007,control_25,H,0
SHF-007,control_25,ve,9.525937494826675
SHF-007,control_25,Te,28.653590609180966
SHF-007,control_25,De,8.641895948801064
SHF-007,control_25,khe,1.023809280096604
SHF-007,control_25,Th,8.791356030768346
SHF-007,control_25,Kbh,0
SHF-007,control_25,Khe,0
SHF-007,control_25,kbh,0
SHF-007,control_25,CL,0.0
SHF-007,control_25,AUC_Cb,0
SHF-007,control_25,AUC_Cl,0
SHF-007,control_25,AUC35_Cb,0
SHF-007,control_25,AUC35_Cl,0
SHF-007,control_25,RE_R1b,0
SHF-007,control_25,RE_R1l,0
SHF-007,control_25,RE_Sb,0
SHF-007,control_25,RE_Sl,0
SHF-007,control_25,T1_1,0
SHF-007,control_25,T1_2,0
SHF-007,control_25,t1_MOLLI,0
SHF-007,control_25,t2_MOLLI,0
