subject,study,parameter,value
LDS-006,drug_15,BAT,0.01154499344394173
LDS-006,drug_15,CO,0.3203894152334715
LDS-006,drug_15,Thl,0.91691975904246
LDS-006,drug_15,Dhl,4.412129028866836
LDS-006,drug_15,To,2.136166200137216
LDS-006,drug_15,Eo,1.2667144269246775
LDS-006,drug_15,Toe,2.4320601885941797
LDS-006,drug_15,Eb,2.336811124930114
LDS-006,drug_15,H,0
LDS-006,drug_15,ve,15.59997498950322
LDS-006,drug_15,Te,5.261694186197166
LDS-006,drug_15,De,5.1896254793701315
LDS-006,drug_15,khe,1.2703982923019248
LDS-006,drug_15,Th,58006.707889227284
LDS-006,drug_15,Kbh,0
LDS-006,drug_15,Khe,0
LDS-006,drug_15,kbh,0
LDS-006,drug_15,CL,0.0
LDS-006,drug_15,AUC_Cb,0
LDS-006,drug_15,AUC_Cl,0
LDS-006,drug_15,AUC35_Cb,0
LDS-006,drug_15,AUC35_Cl,0
LDS-006,drug_15,RE_R1b,0
LDS-006,drug_15,RE_R1l,0
LDS-006,drug_15,RE_Sb,0
LDS-006,drug_15,RE_Sl,0
LDS-006,drug_15,T1_1,0
LDS-006,drug_15,T1_2,0
LDS-006,drug_15,t1_MOLLI,0
LDS-006,drug_15,t2_MOLLI,0
