subject,study,parameter,value
LDS-004,drug_25,BAT,0.01096726195390376
LDS-004,drug_25,CO,0.07943167444720044
LDS-004,drug_25,Thl,0.7921498158128353
LDS-004,drug_25,Dhl,1.595743626973737
LDS-004,drug_25,To,1.5914392486514026
LDS-004,drug_25,Eo,0.6820304877744483
LDS-004,drug_25,Toe,0.5703079594403565
LDS-004,drug_25,Eb,0.5992538051972875
LDS-004,drug_25,H,0
LDS-004,drug_25,ve,1.6382279829183488
LDS-004,drug_25,Te,4.672689016070579
LDS-004,drug_25,De,2.5175688504445857
LDS-004,drug_25,khe,0.28156183657791684
LDS-004,drug_25,Th,4919.085757821375
LDS-004,drug_25,Kbh,0
LDS-004,drug_25,Khe,0
LDS-004,drug_25,kbh,0
LDS-004,drug_25,CL,0.0
LDS-004,drug_25,AUC_Cb,0
LDS-004,drug_25,AUC_Cl,0
LDS-004,drug_25,AUC35_Cb,0
LDS-004,drug_25,AUC35_Cl,0
LDS-004,drug_25,RE_R1b,0
LDS-004,drug_25,RE_R1l,0
LDS-004,drug_25,RE_Sb,0
LDS-004,drug_25,RE_Sl,0
LDS-004,drug_25,T1_1,0
LDS-004,drug_25,T1_2,0
LDS-004,drug_25,t1_MOLLI,0
LDS-004,drug_25,t2_MOLLI,0
