subject,study,parameter,value
SHF-011,drug_10,BAT,0.27816460132316967
SHF-011,drug_10,CO,0.16758409004206706
SHF-011,drug_10,Thl,15.79576374965768
SHF-011,drug_10,Dhl,24.050265444377526
SHF-011,drug_10,To,15.381455019412787
SHF-011,drug_10,Eo,4.419199775791836
SHF-011,drug_10,Toe,0.20681456323748487
SHF-011,drug_10,Eb,1.5219726197662078
SHF-011,drug_10,H,0
SHF-011,drug_10,ve,48.176538229054515
SHF-011,drug_10,Te,108.21593004431145
SHF-011,drug_10,De,12.915480945045028
SHF-011,drug_10,khe,8.907078350534354
SHF-011,drug_10,Th,38.82348254196537
SHF-011,drug_10,Kbh,0
SHF-011,drug_10,Khe,0
SHF-011,drug_10,kbh,0
SHF-011,drug_10,CL,0.0
SHF-011,drug_10,AUC_Cb,0
SHF-011,drug_10,AUC_Cl,0
SHF-011,drug_10,AUC35_Cb,0
SHF-011,drug_10,AUC35_Cl,0
SHF-011,drug_10,RE_R1b,0
SHF-011,drug_10,RE_R1l,0
SHF-011,drug_10,RE_Sb,0
SHF-011,drug_10,RE_Sl,0
SHF-011,drug_10,T1_1,0
SHF-011,drug_10,T1_2,0
SHF-011,drug_10,t1_MOLLI,0
SHF-011,drug_10,t2_MOLLI,0
