subject,study,parameter,value
LDS-006,drug_25,BAT,0.0035547895172213014
LDS-006,drug_25,CO,0.16649882145254177
LDS-006,drug_25,Thl,0.29003513054857977
LDS-006,drug_25,Dhl,0.7396689142950312
LDS-006,drug_25,To,1.089998036265457
LDS-006,drug_25,Eo,0.8575776579639747
LDS-006,drug_25,Toe,0.5910570773200178
LDS-006,drug_25,Eb,0.3737701686399693
LDS-006,drug_25,H,0
LDS-006,drug_25,ve,1.8902899327417455
LDS-006,drug_25,Te,3.7573503631863128
LDS-006,drug_25,De,3.9828525743544305
LDS-006,drug_25,khe,0.5167003317695775
LDS-006,drug_25,Th,10443.680464235264
LDS-006,drug_25,Kbh,0
LDS-006,drug_25,Khe,0
LDS-006,drug_25,kbh,0
LDS-006,drug_25,CL,0.0
LDS-006,drug_25,AUC_Cb,0
LDS-006,drug_25,AUC_Cl,0
LDS-006,drug_25,AUC35_Cb,0
LDS-006,drug_25,AUC35_Cl,0
LDS-006,drug_25,RE_R1b,0
LDS-006,drug_25,RE_R1l,0
LDS-006,drug_25,RE_Sb,0
LDS-006,drug_25,RE_Sl,0
LDS-006,drug_25,T1_1,0
LDS-006,drug_25,T1_2,0
LDS-006,drug_25,t1_MOLLI,0
LDS-006,drug_25,t2_MOLLI,0
