subject,study,parameter,value
LDS-007,drug_10,BAT,0.009079528839699265
LDS-007,drug_10,CO,0.1141984913566339
LDS-007,drug_10,Thl,0.6117342437638313
LDS-007,drug_10,Dhl,1.343399964798982
LDS-007,drug_10,To,1.694683843642445
LDS-007,drug_10,Eo,1.4985486145312963
LDS-007,drug_10,Toe,0.5465100500713348
LDS-007,drug_10,Eb,1.8425924896753791
LDS-007,drug_10,H,0
LDS-007,drug_10,ve,2.2574007881528027
LDS-007,drug_10,Te,8.474492612686666
LDS-007,drug_10,De,5.602373519719458
LDS-007,drug_10,khe,1.8549075126791592
LDS-007,drug_10,Th,234.4627719075948
LDS-007,drug_10,Kbh,0
LDS-007,drug_10,Khe,0
LDS-007,drug_10,kbh,0
LDS-007,drug_10,CL,0.0
LDS-007,drug_10,AUC_Cb,0
LDS-007,drug_10,AUC_Cl,0
LDS-007,drug_10,AUC35_Cb,0
LDS-007,drug_10,AUC35_Cl,0
LDS-007,drug_10,RE_R1b,0
LDS-007,drug_10,RE_R1l,0
LDS-007,drug_10,RE_Sb,0
LDS-007,drug_10,RE_Sl,0
LDS-007,drug_10,T1_1,0
LDS-007,drug_10,T1_2,0
LDS-007,drug_10,t1_MOLLI,0
LDS-007,drug_10,t2_MOLLI,0
