subject,study,parameter,value
LDS-007,drug_25,BAT,0.005526956724382439
LDS-007,drug_25,CO,0.10338469852917093
LDS-007,drug_25,Thl,0.3793669840389959
LDS-007,drug_25,Dhl,1.184952957526063
LDS-007,drug_25,To,1.1015045023209975
LDS-007,drug_25,Eo,0.9977413327147732
LDS-007,drug_25,Toe,0.24709339564722205
LDS-007,drug_25,Eb,0.2853498076924876
LDS-007,drug_25,H,0
LDS-007,drug_25,ve,1.1772795024174572
LDS-007,drug_25,Te,4.868404760100577
LDS-007,drug_25,De,3.657812006741196
LDS-007,drug_25,khe,0.31184631679978586
LDS-007,drug_25,Th,5398.745244473158
LDS-007,drug_25,Kbh,0
LDS-007,drug_25,Khe,0
LDS-007,drug_25,kbh,0
LDS-007,drug_25,CL,0.0
LDS-007,drug_25,AUC_Cb,0
LDS-007,drug_25,AUC_Cl,0
LDS-007,drug_25,AUC35_Cb,0
LDS-007,drug_25,AUC35_Cl,0
LDS-007,drug_25,RE_R1b,0
LDS-007,drug_25,RE_R1l,0
LDS-007,drug_25,RE_Sb,0
LDS-007,drug_25,RE_Sl,0
LDS-007,drug_25,T1_1,0
LDS-007,drug_25,T1_2,0
LDS-007,drug_25,t1_MOLLI,0
LDS-007,drug_25,t2_MOLLI,0
