subject,study,parameter,value
SHF-008,control_40,BAT,1.1419440961629106
SHF-008,control_40,CO,7.138295301716307
SHF-008,control_40,Thl,15.121687780812902
SHF-008,control_40,Dhl,31.002362096351945
SHF-008,control_40,To,15.549739658570852
SHF-008,control_40,Eo,14.693182730089447
SHF-008,control_40,Toe,7.773240521724926
SHF-008,control_40,Eb,3.9016930542957495
SHF-008,control_40,H,45.0
SHF-008,control_40,ve,36.03367977404791
SHF-008,control_40,Te,24.617501144576266
SHF-008,control_40,De,86.55614566182346
SHF-008,control_40,khe,47.34290055088787
SHF-008,control_40,Th,39.78078347006268
SHF-008,control_40,Kbh,2.513776534221749
SHF-008,control_40,Khe,131.38513981296202
SHF-008,control_40,kbh,1.6079703476451241
SHF-008,control_40,CL,0.40283344477310096
SHF-008,control_40,AUC_Cb,48.19446361564511
SHF-008,control_40,AUC_Cl,900.5197371175458
SHF-008,control_40,AUC35_Cb,28.334622770220204
SHF-008,control_40,AUC35_Cl,242.3958130721821
SHF-008,control_40,RE_R1b,20.786589931990203
SHF-008,control_40,RE_R1l,100.91203300027082
SHF-008,control_40,RE_Sb,32.13015474325503
SHF-008,control_40,RE_Sl,83.08371415299244
SHF-008,control_40,T1_1,0.78759
SHF-008,control_40,T1_2,0.4218
SHF-008,control_40,t1_MOLLI,8.946388888888889
SHF-008,control_40,t2_MOLLI,9.8
