subject,study,parameter,value
SHF-008,control_40,BAT,0.007043618798858672
SHF-008,control_40,CO,0.12975904904323118
SHF-008,control_40,Thl,0.5346113630132268
SHF-008,control_40,Dhl,0.9638557105531766
SHF-008,control_40,To,0.8476164098929506
SHF-008,control_40,Eo,0.4987980254714885
SHF-008,control_40,Toe,0.46655092053430575
SHF-008,control_40,Eb,0.2537205178058861
SHF-008,control_40,H,0
SHF-008,control_40,ve,3.2863141104405593
SHF-008,control_40,Te,4.117427083244343
SHF-008,control_40,De,4.625318967661175
SHF-008,control_40,khe,0.929302216542814
SHF-008,control_40,Th,1.7676324079326664
SHF-008,control_40,Kbh,0
SHF-008,control_40,Khe,0
SHF-008,control_40,kbh,0
SHF-008,control_40,CL,0.0
SHF-008,control_40,AUC_Cb,0
SHF-008,control_40,AUC_Cl,0
SHF-008,control_40,AUC35_Cb,0
SHF-008,control_40,AUC35_Cl,0
SHF-008,control_40,RE_R1b,0
SHF-008,control_40,RE_R1l,0
SHF-008,control_40,RE_Sb,0
SHF-008,control_40,RE_Sl,0
SHF-008,control_40,T1_1,0
SHF-008,control_40,T1_2,0
SHF-008,control_40,t1_MOLLI,0
SHF-008,control_40,t2_MOLLI,0
