subject,study,parameter,value
LDS-004,drug_40,BAT,0.004744966211068103
LDS-004,drug_40,CO,0.051970072117206965
LDS-004,drug_40,Thl,0.3211280064155034
LDS-004,drug_40,Dhl,1.1421085689500656
LDS-004,drug_40,To,1.392276232228223
LDS-004,drug_40,Eo,0.4247198668169487
LDS-004,drug_40,Toe,0.5595368704160777
LDS-004,drug_40,Eb,0.337286124465163
LDS-004,drug_40,H,0
LDS-004,drug_40,ve,0.6942467831323521
LDS-004,drug_40,Te,3.7477322395926578
LDS-004,drug_40,De,2.114851142931888
LDS-004,drug_40,khe,0.1585125995910166
LDS-004,drug_40,Th,30.189697995375386
LDS-004,drug_40,Kbh,0
LDS-004,drug_40,Khe,0
LDS-004,drug_40,kbh,0
LDS-004,drug_40,CL,0.0
LDS-004,drug_40,AUC_Cb,0
LDS-004,drug_40,AUC_Cl,0
LDS-004,drug_40,AUC35_Cb,0
LDS-004,drug_40,AUC35_Cl,0
LDS-004,drug_40,RE_R1b,0
LDS-004,drug_40,RE_R1l,0
LDS-004,drug_40,RE_Sb,0
LDS-004,drug_40,RE_Sl,0
LDS-004,drug_40,T1_1,0
LDS-004,drug_40,T1_2,0
LDS-004,drug_40,t1_MOLLI,0
LDS-004,drug_40,t2_MOLLI,0
