subject,study,parameter,value
SHF-021,drug_15,BAT,0.0073679102863434985
SHF-021,drug_15,CO,0.16063355133121493
SHF-021,drug_15,Thl,0.6172129196597728
SHF-021,drug_15,Dhl,4.165847152460583
SHF-021,drug_15,To,2.713401531835487
SHF-021,drug_15,Eo,1.1022895282795753
SHF-021,drug_15,Toe,0.8721409558506663
SHF-021,drug_15,Eb,2.0153514824719987
SHF-021,drug_15,H,0
SHF-021,drug_15,ve,8.992042099545689
SHF-021,drug_15,Te,17.372221979251407
SHF-021,drug_15,De,10.192804576676506
SHF-021,drug_15,khe,1.8483532905288047
SHF-021,drug_15,Th,5.727561348650356
SHF-021,drug_15,Kbh,0
SHF-021,drug_15,Khe,0
SHF-021,drug_15,kbh,0
SHF-021,drug_15,CL,0.0
SHF-021,drug_15,AUC_Cb,0
SHF-021,drug_15,AUC_Cl,0
SHF-021,drug_15,AUC35_Cb,0
SHF-021,drug_15,AUC35_Cl,0
SHF-021,drug_15,RE_R1b,0
SHF-021,drug_15,RE_R1l,0
SHF-021,drug_15,RE_Sb,0
SHF-021,drug_15,RE_Sl,0
SHF-021,drug_15,T1_1,0
SHF-021,drug_15,T1_2,0
SHF-021,drug_15,t1_MOLLI,0
SHF-021,drug_15,t2_MOLLI,0
