subject,study,parameter,value
SHF-011,drug,BAT,0.056287326974550085
SHF-011,drug,CO,0.2901880552407114
SHF-011,drug,Thl,5.317557967763336
SHF-011,drug,Dhl,8.774724702830076
SHF-011,drug,To,2.2437419216586596
SHF-011,drug,Eo,2.4752316133853136
SHF-011,drug,Toe,0.5218563173955819
SHF-011,drug,Eb,0.8777218010202592
SHF-011,drug,H,0
SHF-011,drug,ve,26.859300247728196
SHF-011,drug,Te,65.05436209182209
SHF-011,drug,De,6.530604038416618
SHF-011,drug,khe,2.0642812978072054
SHF-011,drug,Th,0.6232397435786604
SHF-011,drug,Kbh,0
SHF-011,drug,Khe,0
SHF-011,drug,kbh,0
SHF-011,drug,CL,0.0
SHF-011,drug,AUC_Cb,0
SHF-011,drug,AUC_Cl,0
SHF-011,drug,AUC35_Cb,0
SHF-011,drug,AUC35_Cl,0
SHF-011,drug,RE_R1b,0
SHF-011,drug,RE_R1l,0
SHF-011,drug,RE_Sb,0
SHF-011,drug,RE_Sl,0
SHF-011,drug,T1_1,0
SHF-011,drug,T1_2,0
SHF-011,drug,t1_MOLLI,0
SHF-011,drug,t2_MOLLI,0
