subject,study,parameter,value
LDS-007,control_20,BAT,1.12830684272789
LDS-007,control_20,CO,5.929349943474249
LDS-007,control_20,Thl,12.445673962100178
LDS-007,control_20,Dhl,35.35956488549976
LDS-007,control_20,To,20.909978046558276
LDS-007,control_20,Eo,28.91549318713123
LDS-007,control_20,Toe,4.659414708983357
LDS-007,control_20,Eb,5.368548765735442
LDS-007,control_20,H,45.0
LDS-007,control_20,ve,7.694615487044576
LDS-007,control_20,Te,59.999999994
LDS-007,control_20,De,99.99995304087356
LDS-007,control_20,khe,30.348320795227554
LDS-007,control_20,Th,51.159772937401925
LDS-007,control_20,Kbh,1.954660747270282
LDS-007,control_20,Khe,394.4098421334376
LDS-007,control_20,kbh,1.8042571186916416
LDS-007,control_20,CL,0.28653823490245367
LDS-007,control_20,AUC_Cb,63.67558470081968
LDS-007,control_20,AUC_Cl,922.5581618468498
LDS-007,control_20,AUC35_Cb,37.220869715931876
LDS-007,control_20,AUC35_Cl,199.6985409031835
LDS-007,control_20,RE_R1b,23.99765414212192
LDS-007,control_20,RE_R1l,92.92941868445227
LDS-007,control_20,RE_Sb,10.63175180165791
LDS-007,control_20,RE_Sl,72.77761794767598
LDS-007,control_20,T1_1,0.855419983
LDS-007,control_20,T1_2,0.537539978
LDS-007,control_20,t1_MOLLI,14.784960833333333
LDS-007,control_20,t2_MOLLI,16.253286111111112
