subject,study,parameter,value
LDS-007,control_20,BAT,0.008459359454178939
LDS-007,control_20,CO,0.1113127977852517
LDS-007,control_20,Thl,0.5754951605194885
LDS-007,control_20,Dhl,1.7866146305208517
LDS-007,control_20,To,1.5146285381539335
LDS-007,control_20,Eo,1.0380812365427492
LDS-007,control_20,Toe,0.5134952818418131
LDS-007,control_20,Eb,0.9860282663477034
LDS-007,control_20,H,0
LDS-007,control_20,ve,4.44854297126017
LDS-007,control_20,Te,20.038053933452698
LDS-007,control_20,De,5.9972036645923055
LDS-007,control_20,khe,0.7978476449691871
LDS-007,control_20,Th,7.360062846104762
LDS-007,control_20,Kbh,0
LDS-007,control_20,Khe,0
LDS-007,control_20,kbh,0
LDS-007,control_20,CL,0.0
LDS-007,control_20,AUC_Cb,0
LDS-007,control_20,AUC_Cl,0
LDS-007,control_20,AUC35_Cb,0
LDS-007,control_20,AUC35_Cl,0
LDS-007,control_20,RE_R1b,0
LDS-007,control_20,RE_R1l,0
LDS-007,control_20,RE_Sb,0
LDS-007,control_20,RE_Sl,0
LDS-007,control_20,T1_1,0
LDS-007,control_20,T1_2,0
LDS-007,control_20,t1_MOLLI,0
LDS-007,control_20,t2_MOLLI,0
