subject,study,parameter,value
LDS-001,control_10,BAT,1.236604722375624
LDS-001,control_10,CO,15.421700070796392
LDS-001,control_10,Thl,18.27603254390138
LDS-001,control_10,Dhl,60.14935444290603
LDS-001,control_10,To,20.412346454935502
LDS-001,control_10,Eo,17.600721816112813
LDS-001,control_10,Toe,6.392965932121801
LDS-001,control_10,Eb,1.002216853059249
LDS-001,control_10,H,45.0
LDS-001,control_10,ve,45.88974024294467
LDS-001,control_10,Te,59.999999996634706
LDS-001,control_10,De,84.40120640426738
LDS-001,control_10,khe,30.46205665474384
LDS-001,control_10,Th,85.94312237993827
LDS-001,control_10,Kbh,1.163560238804438
LDS-001,control_10,Khe,66.38097425148803
LDS-001,control_10,kbh,0.6296054676468947
LDS-001,control_10,CL,0.3369753462333362
LDS-001,control_10,AUC_Cb,499.8819428471708
LDS-001,control_10,AUC_Cl,8967.449754920039
LDS-001,control_10,AUC35_Cb,149.28667182694295
LDS-001,control_10,AUC35_Cl,897.5532407276739
LDS-001,control_10,RE_R1b,101.89822781841352
LDS-001,control_10,RE_R1l,359.21483014328066
LDS-001,control_10,RE_Sb,80.80733467805065
LDS-001,control_10,RE_Sl,155.22914357000076
LDS-001,control_10,T1_1,0.762049988
LDS-001,control_10,T1_2,0.164630005
LDS-001,control_10,t1_MOLLI,9.437863611111112
LDS-001,control_10,t2_MOLLI,10.4112
