subject,study,parameter,value
LDS-001,control_10,BAT,0.03148252799558275
LDS-001,control_10,CO,0.9596228081479607
LDS-001,control_10,Thl,2.9154649346446146
LDS-001,control_10,Dhl,3.8730746177508526
LDS-001,control_10,To,1.3969450118474325
LDS-001,control_10,Eo,6.514202530164705
LDS-001,control_10,Toe,4.632922782462951
LDS-001,control_10,Eb,9.712154189317957
LDS-001,control_10,H,0
LDS-001,control_10,ve,5.791391449438151
LDS-001,control_10,Te,8.69828907764824
LDS-001,control_10,De,3.2805440601646225
LDS-001,control_10,khe,2.809245021102387
LDS-001,control_10,Th,133.12734574279835
LDS-001,control_10,Kbh,0
LDS-001,control_10,Khe,0
LDS-001,control_10,kbh,0
LDS-001,control_10,CL,0.0
LDS-001,control_10,AUC_Cb,0
LDS-001,control_10,AUC_Cl,0
LDS-001,control_10,AUC35_Cb,0
LDS-001,control_10,AUC35_Cl,0
LDS-001,control_10,RE_R1b,0
LDS-001,control_10,RE_R1l,0
LDS-001,control_10,RE_Sb,0
LDS-001,control_10,RE_Sl,0
LDS-001,control_10,T1_1,0
LDS-001,control_10,T1_2,0
LDS-001,control_10,t1_MOLLI,0
LDS-001,control_10,t2_MOLLI,0
