subject,study,parameter,value
LDS-003,drug_30,BAT,0.011357404764477082
LDS-003,drug_30,CO,0.17008247455970396
LDS-003,drug_30,Thl,0.7349322568272988
LDS-003,drug_30,Dhl,1.6805506729899211
LDS-003,drug_30,To,1.5190433352955608
LDS-003,drug_30,Eo,1.0430451397832852
LDS-003,drug_30,Toe,0.5998677166123427
LDS-003,drug_30,Eb,0.2556460004881357
LDS-003,drug_30,H,0
LDS-003,drug_30,ve,1.621115489666286
LDS-003,drug_30,Te,3.204264031136913
LDS-003,drug_30,De,6.332648441953645
LDS-003,drug_30,khe,0.4020009744028361
LDS-003,drug_30,Th,3120.8161172501564
LDS-003,drug_30,Kbh,0
LDS-003,drug_30,Khe,0
LDS-003,drug_30,kbh,0
LDS-003,drug_30,CL,0.0
LDS-003,drug_30,AUC_Cb,0
LDS-003,drug_30,AUC_Cl,0
LDS-003,drug_30,AUC35_Cb,0
LDS-003,drug_30,AUC35_Cl,0
LDS-003,drug_30,RE_R1b,0
LDS-003,drug_30,RE_R1l,0
LDS-003,drug_30,RE_Sb,0
LDS-003,drug_30,RE_Sl,0
LDS-003,drug_30,T1_1,0
LDS-003,drug_30,T1_2,0
LDS-003,drug_30,t1_MOLLI,0
LDS-003,drug_30,t2_MOLLI,0
