subject,study,parameter,value
SHF-009,drug_30,BAT,0.017352587511309078
SHF-009,drug_30,CO,0.16115851280502694
SHF-009,drug_30,Thl,1.230557825143132
SHF-009,drug_30,Dhl,1.9866842732445618
SHF-009,drug_30,To,2.286446749084354
SHF-009,drug_30,Eo,1.7377061170086576
SHF-009,drug_30,Toe,0.37173614887833295
SHF-009,drug_30,Eb,0.29741076866888927
SHF-009,drug_30,H,0
SHF-009,drug_30,ve,2.4932594792981257
SHF-009,drug_30,Te,5.924558623642807
SHF-009,drug_30,De,5.647186562607431
SHF-009,drug_30,khe,0.5801365526423425
SHF-009,drug_30,Th,2334.0501548554507
SHF-009,drug_30,Kbh,0
SHF-009,drug_30,Khe,0
SHF-009,drug_30,kbh,0
SHF-009,drug_30,CL,0.0
SHF-009,drug_30,AUC_Cb,0
SHF-009,drug_30,AUC_Cl,0
SHF-009,drug_30,AUC35_Cb,0
SHF-009,drug_30,AUC35_Cl,0
SHF-009,drug_30,RE_R1b,0
SHF-009,drug_30,RE_R1l,0
SHF-009,drug_30,RE_Sb,0
SHF-009,drug_30,RE_Sl,0
SHF-009,drug_30,T1_1,0
SHF-009,drug_30,T1_2,0
SHF-009,drug_30,t1_MOLLI,0
SHF-009,drug_30,t2_MOLLI,0
