subject,study,parameter,value
SHF-002,control_25,BAT,1.1566937008859772
SHF-002,control_25,CO,5.692695064229169
SHF-002,control_25,Thl,12.879106028844797
SHF-002,control_25,Dhl,31.828684025378696
SHF-002,control_25,To,21.17248756234002
SHF-002,control_25,Eo,22.350115570931255
SHF-002,control_25,Toe,4.728545322219266
SHF-002,control_25,Eb,4.673580951134453
SHF-002,control_25,H,45.0
SHF-002,control_25,ve,16.246263410917468
SHF-002,control_25,Te,22.85748654651399
SHF-002,control_25,De,72.37651846935171
SHF-002,control_25,khe,45.7553586143229
SHF-002,control_25,Th,23.849604419353707
SHF-002,control_25,Kbh,4.192941662330091
SHF-002,control_25,Khe,281.6361981646522
SHF-002,control_25,kbh,3.511745315201842
SHF-002,control_25,CL,0.07382973183075879
SHF-002,control_25,AUC_Cb,76.05482725497863
SHF-002,control_25,AUC_Cl,847.2378927182581
SHF-002,control_25,AUC35_Cb,47.351951283439725
SHF-002,control_25,AUC35_Cl,308.3585690507592
SHF-002,control_25,RE_R1b,21.738759124105066
SHF-002,control_25,RE_R1l,120.83744243709329
SHF-002,control_25,RE_Sb,7.128120025226939
SHF-002,control_25,RE_Sl,100.47917102738278
SHF-002,control_25,T1_1,0.73111
SHF-002,control_25,T1_2,0.33114
SHF-002,control_25,t1_MOLLI,11.14638888888889
SHF-002,control_25,t2_MOLLI,12.024722222222222
