subject,study,parameter,value
SHF-002,control_25,BAT,0.015066778542786567
SHF-002,control_25,CO,0.2604295843695795
SHF-002,control_25,Thl,0.8396168920548921
SHF-002,control_25,Dhl,2.056583273475526
SHF-002,control_25,To,1.9581013768770377
SHF-002,control_25,Eo,1.644205447014093
SHF-002,control_25,Toe,0.6946444201215557
SHF-002,control_25,Eb,0.8860300559256832
SHF-002,control_25,H,0
SHF-002,control_25,ve,5.706994559689696
SHF-002,control_25,Te,9.292789622568701
SHF-002,control_25,De,14.66500836816894
SHF-002,control_25,khe,1.8510098834018927
SHF-002,control_25,Th,2.025322168161617
SHF-002,control_25,Kbh,0
SHF-002,control_25,Khe,0
SHF-002,control_25,kbh,0
SHF-002,control_25,CL,0.0
SHF-002,control_25,AUC_Cb,0
SHF-002,control_25,AUC_Cl,0
SHF-002,control_25,AUC35_Cb,0
SHF-002,control_25,AUC35_Cl,0
SHF-002,control_25,RE_R1b,0
SHF-002,control_25,RE_R1l,0
SHF-002,control_25,RE_Sb,0
SHF-002,control_25,RE_Sl,0
SHF-002,control_25,T1_1,0
SHF-002,control_25,T1_2,0
SHF-002,control_25,t1_MOLLI,0
SHF-002,control_25,t2_MOLLI,0
