subject,study,parameter,value
GOT-003,control_05,BAT,1.1600203278545462
GOT-003,control_05,CO,9.2171595706972
GOT-003,control_05,Thl,12.95148363071774
GOT-003,control_05,Dhl,24.50617864915787
GOT-003,control_05,To,25.685444422953697
GOT-003,control_05,Eo,33.53556641587503
GOT-003,control_05,Toe,1.4104368917437013
GOT-003,control_05,Eb,4.588322360128822
GOT-003,control_05,H,45.0
GOT-003,control_05,ve,29.531065666538513
GOT-003,control_05,Te,59.99999999559347
GOT-003,control_05,De,89.87336396739703
GOT-003,control_05,khe,12.66927104786922
GOT-003,control_05,Th,10.000000231564945
GOT-003,control_05,Kbh,9.99999976843506
GOT-003,control_05,Khe,42.901503084681096
GOT-003,control_05,kbh,7.046893270164803
GOT-003,control_05,CL,0.12614929972482886
GOT-003,control_05,AUC_Cb,48.12074331205087
GOT-003,control_05,AUC_Cl,86.8025703915987
GOT-003,control_05,AUC35_Cb,34.00184660241613
GOT-003,control_05,AUC35_Cl,52.22564503455099
GOT-003,control_05,RE_R1b,25.86670300910423
GOT-003,control_05,RE_R1l,28.59944352881638
GOT-003,control_05,RE_Sb,18.651250081449103
GOT-003,control_05,RE_Sl,20.124285412511266
GOT-003,control_05,T1_1,1.084219971
GOT-003,control_05,T1_2,0.871650024
GOT-003,control_05,t1_MOLLI,12.362388888888889
GOT-003,control_05,t2_MOLLI,13.050686111111112
