subject,study,parameter,value
GOT-003,control_05,BAT,0.003295996232684699
GOT-003,control_05,CO,0.10803798025570945
GOT-003,control_05,Thl,0.21835127834642057
GOT-003,control_05,Dhl,0.3370774630496716
GOT-003,control_05,To,2.9311877249469336
GOT-003,control_05,Eo,4.371972526106681
GOT-003,control_05,Toe,0.9027888793806963
GOT-003,control_05,Eb,10.308524818249866
GOT-003,control_05,H,0
GOT-003,control_05,ve,30.134936182831623
GOT-003,control_05,Te,59.77789469714908
GOT-003,control_05,De,10.623680712065443
GOT-003,control_05,khe,32.67524845451467
GOT-003,control_05,Th,90.13086076500011
GOT-003,control_05,Kbh,0
GOT-003,control_05,Khe,0
GOT-003,control_05,kbh,0
GOT-003,control_05,CL,0.0
GOT-003,control_05,AUC_Cb,0
GOT-003,control_05,AUC_Cl,0
GOT-003,control_05,AUC35_Cb,0
GOT-003,control_05,AUC35_Cl,0
GOT-003,control_05,RE_R1b,0
GOT-003,control_05,RE_R1l,0
GOT-003,control_05,RE_Sb,0
GOT-003,control_05,RE_Sl,0
GOT-003,control_05,T1_1,0
GOT-003,control_05,T1_2,0
GOT-003,control_05,t1_MOLLI,0
GOT-003,control_05,t2_MOLLI,0
