subject,study,parameter,value
SHF-014,control_10,BAT,1.272939516653185
SHF-014,control_10,CO,17.999999967358857
SHF-014,control_10,Thl,29.943673305365017
SHF-014,control_10,Dhl,85.9109441041682
SHF-014,control_10,To,59.999999994
SHF-014,control_10,Eo,49.99999999
SHF-014,control_10,Toe,0.34832779822715865
SHF-014,control_10,Eb,14.999951769436656
SHF-014,control_10,H,45.0
SHF-014,control_10,ve,30.703134448287805
SHF-014,control_10,Te,58.66073918137318
SHF-014,control_10,De,99.99999998999999
SHF-014,control_10,khe,44.00581512111999
SHF-014,control_10,Th,10.000001354880235
SHF-014,control_10,Kbh,9.999998645119948
SHF-014,control_10,Khe,143.32678376938162
SHF-014,control_10,kbh,6.9296856162818115
SHF-014,control_10,CL,0.49144030115350545
SHF-014,control_10,AUC_Cb,10.140533039518349
SHF-014,control_10,AUC_Cl,50.285079966409555
SHF-014,control_10,AUC35_Cb,9.278893645258744
SHF-014,control_10,AUC35_Cl,39.93141638489299
SHF-014,control_10,RE_R1b,4.995785131949679
SHF-014,control_10,RE_R1l,14.966998016152704
SHF-014,control_10,RE_Sb,4.3313766473709725
SHF-014,control_10,RE_Sl,15.80900886455402
SHF-014,control_10,T1_1,0.72913
SHF-014,control_10,T1_2,0.55618
SHF-014,control_10,t1_MOLLI,12.436666666666667
SHF-014,control_10,t2_MOLLI,13.284722222222221
