subject,study,parameter,value
SHF-014,control_10,BAT,0.027570219489722648
SHF-014,control_10,CO,2.910811857881602
SHF-014,control_10,Thl,5.410741521098908
SHF-014,control_10,Dhl,5.726142664081353
SHF-014,control_10,To,906.1900339390119
SHF-014,control_10,Eo,617.1032476068435
SHF-014,control_10,Toe,3.5950557070135067
SHF-014,control_10,Eb,9.180649151448646
SHF-014,control_10,H,0
SHF-014,control_10,ve,255.15208232639574
SHF-014,control_10,Te,510.6940081008685
SHF-014,control_10,De,16.250542714358872
SHF-014,control_10,khe,64.90436561361406
SHF-014,control_10,Th,10.918692561055002
SHF-014,control_10,Kbh,0
SHF-014,control_10,Khe,0
SHF-014,control_10,kbh,0
SHF-014,control_10,CL,0.0
SHF-014,control_10,AUC_Cb,0
SHF-014,control_10,AUC_Cl,0
SHF-014,control_10,AUC35_Cb,0
SHF-014,control_10,AUC35_Cl,0
SHF-014,control_10,RE_R1b,0
SHF-014,control_10,RE_R1l,0
SHF-014,control_10,RE_Sb,0
SHF-014,control_10,RE_Sl,0
SHF-014,control_10,T1_1,0
SHF-014,control_10,T1_2,0
SHF-014,control_10,t1_MOLLI,0
SHF-014,control_10,t2_MOLLI,0
