subject,study,parameter,value
SHF-004,drug_35,BAT,0.004583911804909433
SHF-004,drug_35,CO,0.20473434290217574
SHF-004,drug_35,Thl,0.40500883056112025
SHF-004,drug_35,Dhl,2.471531928593341
SHF-004,drug_35,To,1.288783356172014
SHF-004,drug_35,Eo,0.677148854560565
SHF-004,drug_35,Toe,0.40175549969362984
SHF-004,drug_35,Eb,0.22595737227911247
SHF-004,drug_35,H,0
SHF-004,drug_35,ve,1.0714440373807919
SHF-004,drug_35,Te,2.96633591447716
SHF-004,drug_35,De,5.373168694861618
SHF-004,drug_35,khe,0.231591128584239
SHF-004,drug_35,Th,1518.5285198164395
SHF-004,drug_35,Kbh,0
SHF-004,drug_35,Khe,0
SHF-004,drug_35,kbh,0
SHF-004,drug_35,CL,0.0
SHF-004,drug_35,AUC_Cb,0
SHF-004,drug_35,AUC_Cl,0
SHF-004,drug_35,AUC35_Cb,0
SHF-004,drug_35,AUC35_Cl,0
SHF-004,drug_35,RE_R1b,0
SHF-004,drug_35,RE_R1l,0
SHF-004,drug_35,RE_Sb,0
SHF-004,drug_35,RE_Sl,0
SHF-004,drug_35,T1_1,0
SHF-004,drug_35,T1_2,0
SHF-004,drug_35,t1_MOLLI,0
SHF-004,drug_35,t2_MOLLI,0
