subject,study,parameter,value
LDS-007,drug_05,BAT,0.008772374946993223
LDS-007,drug_05,CO,0.12055550008230444
LDS-007,drug_05,Thl,0.5887760123637452
LDS-007,drug_05,Dhl,1.0885044279092657
LDS-007,drug_05,To,1.1087063842576097
LDS-007,drug_05,Eo,3.5345026150166317
LDS-007,drug_05,Toe,0.09454848054225715
LDS-007,drug_05,Eb,1.706948922814106
LDS-007,drug_05,H,0
LDS-007,drug_05,ve,77.78667019023085
LDS-007,drug_05,Te,28.462790756002658
LDS-007,drug_05,De,13.698513669552032
LDS-007,drug_05,khe,14.884768556025081
LDS-007,drug_05,Th,2113971.2603782476
LDS-007,drug_05,Kbh,0
LDS-007,drug_05,Khe,0
LDS-007,drug_05,kbh,0
LDS-007,drug_05,CL,0.0
LDS-007,drug_05,AUC_Cb,0
LDS-007,drug_05,AUC_Cl,0
LDS-007,drug_05,AUC35_Cb,0
LDS-007,drug_05,AUC35_Cl,0
LDS-007,drug_05,RE_R1b,0
LDS-007,drug_05,RE_R1l,0
LDS-007,drug_05,RE_Sb,0
LDS-007,drug_05,RE_Sl,0
LDS-007,drug_05,T1_1,0
LDS-007,drug_05,T1_2,0
LDS-007,drug_05,t1_MOLLI,0
LDS-007,drug_05,t2_MOLLI,0
