subject,study,parameter,value
LDS-009,drug_40,BAT,0.015607008007958363
LDS-009,drug_40,CO,0.16893304616894078
LDS-009,drug_40,Thl,1.2124578889798705
LDS-009,drug_40,Dhl,3.4081278607736394
LDS-009,drug_40,To,1.8009236612401047
LDS-009,drug_40,Eo,0.420145515828984
LDS-009,drug_40,Toe,1.2924321875986349
LDS-009,drug_40,Eb,0.43993101132574564
LDS-009,drug_40,H,0
LDS-009,drug_40,ve,0.8463130295153649
LDS-009,drug_40,Te,4.574751128907117
LDS-009,drug_40,De,3.4997602728412924
LDS-009,drug_40,khe,0.19616922469716755
LDS-009,drug_40,Th,46.5011563073215
LDS-009,drug_40,Kbh,0
LDS-009,drug_40,Khe,0
LDS-009,drug_40,kbh,0
LDS-009,drug_40,CL,0.0
LDS-009,drug_40,AUC_Cb,0
LDS-009,drug_40,AUC_Cl,0
LDS-009,drug_40,AUC35_Cb,0
LDS-009,drug_40,AUC35_Cl,0
LDS-009,drug_40,RE_R1b,0
LDS-009,drug_40,RE_R1l,0
LDS-009,drug_40,RE_Sb,0
LDS-009,drug_40,RE_Sl,0
LDS-009,drug_40,T1_1,0
LDS-009,drug_40,T1_2,0
LDS-009,drug_40,t1_MOLLI,0
LDS-009,drug_40,t2_MOLLI,0
