subject,study,parameter,value
GOT-002,control_05,BAT,1.3631376950954908
GOT-002,control_05,CO,8.366096758023296
GOT-002,control_05,Thl,20.63966794460151
GOT-002,control_05,Dhl,45.49161937709254
GOT-002,control_05,To,33.075217186543476
GOT-002,control_05,Eo,21.68240107294807
GOT-002,control_05,Toe,3.5374027094178015
GOT-002,control_05,Eb,5.6431458603252445
GOT-002,control_05,H,45.0
GOT-002,control_05,ve,41.93502200895771
GOT-002,control_05,Te,59.999981017106755
GOT-002,control_05,De,86.03310553333469
GOT-002,control_05,khe,9.48306251462459
GOT-002,control_05,Th,10.000003259328475
GOT-002,control_05,Kbh,9.99999674067259
GOT-002,control_05,Khe,22.61370582468973
GOT-002,control_05,kbh,5.806495906576484
GOT-002,control_05,CL,0.12130590222734805
GOT-002,control_05,AUC_Cb,42.99078549233734
GOT-002,control_05,AUC_Cl,73.54578808287881
GOT-002,control_05,AUC35_Cb,29.549928955759043
GOT-002,control_05,AUC35_Cl,44.81245462616741
GOT-002,control_05,RE_R1b,20.90078473948817
GOT-002,control_05,RE_R1l,18.25792852734401
GOT-002,control_05,RE_Sb,36.57796787981509
GOT-002,control_05,RE_Sl,17.2316140853832
GOT-002,control_05,T1_1,0.871559998
GOT-002,control_05,T1_2,0.655630005
GOT-002,control_05,t1_MOLLI,13.43755
GOT-002,control_05,t2_MOLLI,14.05385
