subject,study,parameter,value
GOT-002,control_05,BAT,0.028370645998701118
GOT-002,control_05,CO,0.2426431724627704
GOT-002,control_05,Thl,1.9497396949282146
GOT-002,control_05,Dhl,3.359224103825911
GOT-002,control_05,To,11.571710366916438
GOT-002,control_05,Eo,174.0478530618711
GOT-002,control_05,Toe,47.513326138371056
GOT-002,control_05,Eb,227.0631413301236
GOT-002,control_05,H,0
GOT-002,control_05,ve,88.1257479193267
GOT-002,control_05,Te,119.16253981302351
GOT-002,control_05,De,29.70645628153163
GOT-002,control_05,khe,115.02956414427707
GOT-002,control_05,Th,466.66304246159723
GOT-002,control_05,Kbh,0
GOT-002,control_05,Khe,0
GOT-002,control_05,kbh,0
GOT-002,control_05,CL,0.0
GOT-002,control_05,AUC_Cb,0
GOT-002,control_05,AUC_Cl,0
GOT-002,control_05,AUC35_Cb,0
GOT-002,control_05,AUC35_Cl,0
GOT-002,control_05,RE_R1b,0
GOT-002,control_05,RE_R1l,0
GOT-002,control_05,RE_Sb,0
GOT-002,control_05,RE_Sl,0
GOT-002,control_05,T1_1,0
GOT-002,control_05,T1_2,0
GOT-002,control_05,t1_MOLLI,0
GOT-002,control_05,t2_MOLLI,0
