subject,study,parameter,value
SHF-009,drug_10,BAT,0.011835763593948409
SHF-009,drug_10,CO,0.18191880444735709
SHF-009,drug_10,Thl,0.7246398666894117
SHF-009,drug_10,Dhl,1.8366652280047409
SHF-009,drug_10,To,4.563302637793659
SHF-009,drug_10,Eo,6.5660116001455355
SHF-009,drug_10,Toe,0.38568530552604485
SHF-009,drug_10,Eb,1.20384729896662
SHF-009,drug_10,H,0
SHF-009,drug_10,ve,42.96349305157992
SHF-009,drug_10,Te,12.081820540519274
SHF-009,drug_10,De,8.46519576642035
SHF-009,drug_10,khe,4.282172272570439
SHF-009,drug_10,Th,58804.9272926763
SHF-009,drug_10,Kbh,0
SHF-009,drug_10,Khe,0
SHF-009,drug_10,kbh,0
SHF-009,drug_10,CL,0.0
SHF-009,drug_10,AUC_Cb,0
SHF-009,drug_10,AUC_Cl,0
SHF-009,drug_10,AUC35_Cb,0
SHF-009,drug_10,AUC35_Cl,0
SHF-009,drug_10,RE_R1b,0
SHF-009,drug_10,RE_R1l,0
SHF-009,drug_10,RE_Sb,0
SHF-009,drug_10,RE_Sl,0
SHF-009,drug_10,T1_1,0
SHF-009,drug_10,T1_2,0
SHF-009,drug_10,t1_MOLLI,0
SHF-009,drug_10,t2_MOLLI,0
