subject,study,parameter,value
SHF-005,drug_20,BAT,0.03749083856062995
SHF-005,drug_20,CO,0.17476507243790357
SHF-005,drug_20,Thl,2.674004953350087
SHF-005,drug_20,Dhl,5.452130024149011
SHF-005,drug_20,To,4.157575035571488
SHF-005,drug_20,Eo,3.571446025220732
SHF-005,drug_20,Toe,0.31793943732732094
SHF-005,drug_20,Eb,0.7795402165563439
SHF-005,drug_20,H,0
SHF-005,drug_20,ve,3.257792468993917
SHF-005,drug_20,Te,7.0183610486114905
SHF-005,drug_20,De,6.013137885044202
SHF-005,drug_20,khe,0.9341308280927026
SHF-005,drug_20,Th,7010.381894279435
SHF-005,drug_20,Kbh,0
SHF-005,drug_20,Khe,0
SHF-005,drug_20,kbh,0
SHF-005,drug_20,CL,0.0
SHF-005,drug_20,AUC_Cb,0
SHF-005,drug_20,AUC_Cl,0
SHF-005,drug_20,AUC35_Cb,0
SHF-005,drug_20,AUC35_Cl,0
SHF-005,drug_20,RE_R1b,0
SHF-005,drug_20,RE_R1l,0
SHF-005,drug_20,RE_Sb,0
SHF-005,drug_20,RE_Sl,0
SHF-005,drug_20,T1_1,0
SHF-005,drug_20,T1_2,0
SHF-005,drug_20,t1_MOLLI,0
SHF-005,drug_20,t2_MOLLI,0
