subject,study,parameter,value
SHF-010,control_40,BAT,1.202497202303118
SHF-010,control_40,CO,6.6307487939792
SHF-010,control_40,Thl,17.694716455307322
SHF-010,control_40,Dhl,49.93283462317484
SHF-010,control_40,To,39.31646603803138
SHF-010,control_40,Eo,21.27721062451
SHF-010,control_40,Toe,8.913012051838903
SHF-010,control_40,Eb,5.419842270394529
SHF-010,control_40,H,45.0
SHF-010,control_40,ve,22.487174708560705
SHF-010,control_40,Te,39.0485073260991
SHF-010,control_40,De,87.17848111234717
SHF-010,control_40,khe,40.93937968908087
SHF-010,control_40,Th,38.11349835231494
SHF-010,control_40,Kbh,2.623742356989022
SHF-010,control_40,Khe,182.05657322302721
SHF-010,control_40,kbh,2.033736829270392
SHF-010,control_40,CL,0.3869202060436109
SHF-010,control_40,AUC_Cb,54.877682644468514
SHF-010,control_40,AUC_Cl,828.4872170655489
SHF-010,control_40,AUC35_Cb,28.301937344293815
SHF-010,control_40,AUC35_Cl,201.1258786178186
SHF-010,control_40,RE_R1b,15.79625725899313
SHF-010,control_40,RE_R1l,81.60506771860977
SHF-010,control_40,RE_Sb,20.736894627893147
SHF-010,control_40,RE_Sl,72.43789701236672
SHF-010,control_40,T1_1,0.76626
SHF-010,control_40,T1_2,0.41884
SHF-010,control_40,t1_MOLLI,10.315555555555555
SHF-010,control_40,t2_MOLLI,11.1275
