subject,study,parameter,value
SHF-010,control_40,BAT,0.01163859522463732
SHF-010,control_40,CO,0.13657749165597993
SHF-010,control_40,Thl,0.947763179795616
SHF-010,control_40,Dhl,1.4471681192286023
SHF-010,control_40,To,2.0478736784762805
SHF-010,control_40,Eo,0.8178282763446518
SHF-010,control_40,Toe,0.7806981717578495
SHF-010,control_40,Eb,0.5347225865134375
SHF-010,control_40,H,0
SHF-010,control_40,ve,7.446419864977869
SHF-010,control_40,Te,15.69862486741608
SHF-010,control_40,De,8.154005534928196
SHF-010,control_40,khe,1.0409282033130514
SHF-010,control_40,Th,1.829842298892065
SHF-010,control_40,Kbh,0
SHF-010,control_40,Khe,0
SHF-010,control_40,kbh,0
SHF-010,control_40,CL,0.0
SHF-010,control_40,AUC_Cb,0
SHF-010,control_40,AUC_Cl,0
SHF-010,control_40,AUC35_Cb,0
SHF-010,control_40,AUC35_Cl,0
SHF-010,control_40,RE_R1b,0
SHF-010,control_40,RE_R1l,0
SHF-010,control_40,RE_Sb,0
SHF-010,control_40,RE_Sl,0
SHF-010,control_40,T1_1,0
SHF-010,control_40,T1_2,0
SHF-010,control_40,t1_MOLLI,0
SHF-010,control_40,t2_MOLLI,0
