subject,study,parameter,value
GOT-002,drug,S02a,431536.9148357856
GOT-002,drug,S02l,3938801.437120256
GOT-002,drug,BAT2,0.0030002704711749057
GOT-002,drug,BAT,0.003090812611457133
GOT-002,drug,CO,0.11607115287673084
GOT-002,drug,Thl,0.2643157376769119
GOT-002,drug,Dhl,0.6718867456171345
GOT-002,drug,To,1.2156832875084809
GOT-002,drug,Eo,1.1160145693024415
GOT-002,drug,Toe,0.3105272140806087
GOT-002,drug,Eb,0.3672526328531687
GOT-002,drug,H,0
GOT-002,drug,ve,1.9537425066537508
GOT-002,drug,Te,6.2200086215694395
GOT-002,drug,De,4.927368971829297
GOT-002,drug,khe_i,0.5359934466222835
GOT-002,drug,khe_f,1.5026842001541216
GOT-002,drug,Th_i,123.9269729477522
GOT-002,drug,Th_f,5.159652166442615
GOT-002,drug,Th,0.0
GOT-002,drug,khe,0
GOT-002,drug,Kbh,0
GOT-002,drug,Khe,0
GOT-002,drug,kbh,0
GOT-002,drug,kbh_i,0
GOT-002,drug,kbh_f,0
GOT-002,drug,CL,0.0
GOT-002,drug,AUC_Cb,0
GOT-002,drug,AUC_Cl,0
GOT-002,drug,AUC35_Cb,0
GOT-002,drug,AUC35_Cl,0
GOT-002,drug,RE_R1b,0
GOT-002,drug,RE_R1l,0
GOT-002,drug,RE_Sb,0
GOT-002,drug,RE_Sl,0
GOT-002,drug,T1_1,0
GOT-002,drug,T1_2,0
GOT-002,drug,t1_MOLLI,0
GOT-002,drug,t2_MOLLI,0
GOT-002,drug,T1_3,0
GOT-002,drug,t3_MOLLI,0
GOT-002,drug,t0,0
GOT-002,drug,t1,0
GOT-002,drug,t2,0
GOT-002,drug,t3,0
GOT-002,drug,dt1,0
GOT-002,drug,dt2,0
