subject,study,parameter,value
SHF-021,drug_25,BAT,0.043059311556985495
SHF-021,drug_25,CO,0.2849562572222566
SHF-021,drug_25,Thl,3.2178681422615867
SHF-021,drug_25,Dhl,8.934537617011458
SHF-021,drug_25,To,1.9452382088622218
SHF-021,drug_25,Eo,1.1429756938099813
SHF-021,drug_25,Toe,0.5051354373643584
SHF-021,drug_25,Eb,0.9659443943675402
SHF-021,drug_25,H,0
SHF-021,drug_25,ve,6.7217311699165325
SHF-021,drug_25,Te,13.225128772241892
SHF-021,drug_25,De,11.660019039268713
SHF-021,drug_25,khe,1.0749458228067832
SHF-021,drug_25,Th,1.1957440939454822
SHF-021,drug_25,Kbh,0
SHF-021,drug_25,Khe,0
SHF-021,drug_25,kbh,0
SHF-021,drug_25,CL,0.0
SHF-021,drug_25,AUC_Cb,0
SHF-021,drug_25,AUC_Cl,0
SHF-021,drug_25,AUC35_Cb,0
SHF-021,drug_25,AUC35_Cl,0
SHF-021,drug_25,RE_R1b,0
SHF-021,drug_25,RE_R1l,0
SHF-021,drug_25,RE_Sb,0
SHF-021,drug_25,RE_Sl,0
SHF-021,drug_25,T1_1,0
SHF-021,drug_25,T1_2,0
SHF-021,drug_25,t1_MOLLI,0
SHF-021,drug_25,t2_MOLLI,0
