subject,study,parameter,value
LDS-001,control,BAT,1.1966554617446514
LDS-001,control,CO,13.9532453082072
LDS-001,control,Thl,22.615010061014626
LDS-001,control,Dhl,58.01595816644951
LDS-001,control,To,23.944392543084817
LDS-001,control,Eo,13.016268370008987
LDS-001,control,Toe,11.371383860009527
LDS-001,control,Eb,4.1386943887226515
LDS-001,control,H,45.0
LDS-001,control,ve,46.269562352349276
LDS-001,control,Te,59.99999999712121
LDS-001,control,De,84.38668687811315
LDS-001,control,khe,30.917861790734047
LDS-001,control,Th,42.991583147336414
LDS-001,control,Kbh,2.326036695538522
LDS-001,control,Khe,66.82116756430534
LDS-001,control,kbh,1.249789696357801
LDS-001,control,CL,0.34201752362982907
LDS-001,control,AUC_Cb,204.60101174679343
LDS-001,control,AUC_Cl,2700.620228436042
LDS-001,control,AUC35_Cb,108.75494541686814
LDS-001,control,AUC35_Cl,657.3078875720405
LDS-001,control,RE_R1b,60.84855323123147
LDS-001,control,RE_R1l,263.575649110997
LDS-001,control,RE_Sb,48.27375804538999
LDS-001,control,RE_Sl,161.41869792659912
LDS-001,control,T1_1,0.762049988
LDS-001,control,T1_2,0.164630005
LDS-001,control,t1_MOLLI,9.437863611111112
LDS-001,control,t2_MOLLI,10.4112
