subject,study,parameter,value
LDS-001,control,BAT,0.011913235024193891
LDS-001,control,CO,0.3484948397738719
LDS-001,control,Thl,1.213894108404206
LDS-001,control,Dhl,1.204374567643098
LDS-001,control,To,0.6727652790375314
LDS-001,control,Eo,0.2149714601243834
LDS-001,control,Toe,0.3917701756866123
LDS-001,control,Eb,0.2854247520114868
LDS-001,control,H,0
LDS-001,control,ve,1.4569977004992105
LDS-001,control,Te,2.823337881622296
LDS-001,control,De,1.4848260207991186
LDS-001,control,khe,0.2718408387097072
LDS-001,control,Th,0.798874188659384
LDS-001,control,Kbh,0
LDS-001,control,Khe,0
LDS-001,control,kbh,0
LDS-001,control,CL,0.0
LDS-001,control,AUC_Cb,0
LDS-001,control,AUC_Cl,0
LDS-001,control,AUC35_Cb,0
LDS-001,control,AUC35_Cl,0
LDS-001,control,RE_R1b,0
LDS-001,control,RE_R1l,0
LDS-001,control,RE_Sb,0
LDS-001,control,RE_Sl,0
LDS-001,control,T1_1,0
LDS-001,control,T1_2,0
LDS-001,control,t1_MOLLI,0
LDS-001,control,t2_MOLLI,0
