subject,study,parameter,value
SHF-002,control_40,BAT,1.1075071383543713
SHF-002,control_40,CO,3.9830568114097202
SHF-002,control_40,Thl,14.423424046941701
SHF-002,control_40,Dhl,32.114150529055394
SHF-002,control_40,To,31.618743022086946
SHF-002,control_40,Eo,27.65801694701438
SHF-002,control_40,Toe,4.714084203474503
SHF-002,control_40,Eb,7.569599752008643
SHF-002,control_40,H,45.0
SHF-002,control_40,ve,16.82744392109023
SHF-002,control_40,Te,34.3087788084745
SHF-002,control_40,De,78.42495053110629
SHF-002,control_40,khe,40.4750007951541
SHF-002,control_40,Th,31.618592361865456
SHF-002,control_40,Kbh,3.1626961395222635
SHF-002,control_40,Khe,240.52970246078692
SHF-002,control_40,kbh,2.6304952202496685
SHF-002,control_40,CL,0.06530947510966628
SHF-002,control_40,AUC_Cb,67.58685935778125
SHF-002,control_40,AUC_Cl,874.9759354074483
SHF-002,control_40,AUC35_Cb,46.46794086206372
SHF-002,control_40,AUC35_Cl,306.4594056399531
SHF-002,control_40,RE_R1b,20.083110095858178
SHF-002,control_40,RE_R1l,119.95587693420164
SHF-002,control_40,RE_Sb,17.515073529819215
SHF-002,control_40,RE_Sl,96.38842280759341
SHF-002,control_40,T1_1,0.73111
SHF-002,control_40,T1_2,0.33114
SHF-002,control_40,t1_MOLLI,11.14638888888889
SHF-002,control_40,t2_MOLLI,12.024722222222222
