subject,study,parameter,value
SHF-002,control_40,BAT,0.006279333899242627
SHF-002,control_40,CO,0.05160316671248554
SHF-002,control_40,Thl,0.4354260224968179
SHF-002,control_40,Dhl,0.9013992750753603
SHF-002,control_40,To,1.647842503095702
SHF-002,control_40,Eo,1.0551139415098394
SHF-002,control_40,Toe,0.2724358522217477
SHF-002,control_40,Eb,0.29624871698664684
SHF-002,control_40,H,0
SHF-002,control_40,ve,4.827602964964059
SHF-002,control_40,Te,10.288109310615745
SHF-002,control_40,De,8.029556211670624
SHF-002,control_40,khe,0.8363925690163612
SHF-002,control_40,Th,1.1137855681990894
SHF-002,control_40,Kbh,0
SHF-002,control_40,Khe,0
SHF-002,control_40,kbh,0
SHF-002,control_40,CL,0.0
SHF-002,control_40,AUC_Cb,0
SHF-002,control_40,AUC_Cl,0
SHF-002,control_40,AUC35_Cb,0
SHF-002,control_40,AUC35_Cl,0
SHF-002,control_40,RE_R1b,0
SHF-002,control_40,RE_R1l,0
SHF-002,control_40,RE_Sb,0
SHF-002,control_40,RE_Sl,0
SHF-002,control_40,T1_1,0
SHF-002,control_40,T1_2,0
SHF-002,control_40,t1_MOLLI,0
SHF-002,control_40,t2_MOLLI,0
