subject,study,parameter,value
SHF-022,control_10,BAT,1.2321291903107243
SHF-022,control_10,CO,11.903463042980443
SHF-022,control_10,Thl,15.186576763669539
SHF-022,control_10,Dhl,37.43526897543418
SHF-022,control_10,To,16.052885803484887
SHF-022,control_10,Eo,25.373650151536264
SHF-022,control_10,Toe,1.6515620675184979
SHF-022,control_10,Eb,8.086613655560495
SHF-022,control_10,H,45.0
SHF-022,control_10,ve,35.290029629893944
SHF-022,control_10,Te,41.42689087703031
SHF-022,control_10,De,88.69020962273731
SHF-022,control_10,khe,49.250769504326115
SHF-022,control_10,Th,139.93015266169058
SHF-022,control_10,Kbh,0.7146422561388195
SHF-022,control_10,Khe,139.5600117677604
SHF-022,control_10,kbh,0.46244479219968754
SHF-022,control_10,CL,0.5602342031863928
SHF-022,control_10,AUC_Cb,21.16981668338397
SHF-022,control_10,AUC_Cl,1035.808977295339
SHF-022,control_10,AUC35_Cb,20.255001400858077
SHF-022,control_10,AUC35_Cl,240.77733660295866
SHF-022,control_10,RE_R1b,9.883966156364568
SHF-022,control_10,RE_R1l,100.7949503686322
SHF-022,control_10,RE_Sb,15.389698099188271
SHF-022,control_10,RE_Sl,63.51150146327663
SHF-022,control_10,T1_1,0.75858
SHF-022,control_10,T1_2,0.36546
SHF-022,control_10,t1_MOLLI,13.748333333333333
SHF-022,control_10,t2_MOLLI,14.633333333333333
