subject,study,parameter,value
SHF-022,control_10,BAT,0.077015334184615
SHF-022,control_10,CO,2.2927720908051596
SHF-022,control_10,Thl,3.640947548954497
SHF-022,control_10,Dhl,7.597333819226845
SHF-022,control_10,To,4.846988755888504
SHF-022,control_10,Eo,8.481535468246317
SHF-022,control_10,Toe,1.2581649890716358
SHF-022,control_10,Eb,5.75525979536131
SHF-022,control_10,H,0
SHF-022,control_10,ve,35.48940342080666
SHF-022,control_10,Te,50.82739111006701
SHF-022,control_10,De,20.10679906520632
SHF-022,control_10,khe,12.721773182794973
SHF-022,control_10,Th,1000.3268331616811
SHF-022,control_10,Kbh,0
SHF-022,control_10,Khe,0
SHF-022,control_10,kbh,0
SHF-022,control_10,CL,0.0
SHF-022,control_10,AUC_Cb,0
SHF-022,control_10,AUC_Cl,0
SHF-022,control_10,AUC35_Cb,0
SHF-022,control_10,AUC35_Cl,0
SHF-022,control_10,RE_R1b,0
SHF-022,control_10,RE_R1l,0
SHF-022,control_10,RE_Sb,0
SHF-022,control_10,RE_Sl,0
SHF-022,control_10,T1_1,0
SHF-022,control_10,T1_2,0
SHF-022,control_10,t1_MOLLI,0
SHF-022,control_10,t2_MOLLI,0
