subject,study,parameter,value
SHF-021,control_25,BAT,1.165429164931028
SHF-021,control_25,CO,7.417007978328721
SHF-021,control_25,Thl,24.02142877860878
SHF-021,control_25,Dhl,35.210148160993484
SHF-021,control_25,To,20.705270615265462
SHF-021,control_25,Eo,28.250167250263626
SHF-021,control_25,Toe,4.746614817075942
SHF-021,control_25,Eb,5.18201082879094
SHF-021,control_25,H,45.0
SHF-021,control_25,ve,24.04721869774639
SHF-021,control_25,Te,33.83641736081734
SHF-021,control_25,De,85.37287123614361
SHF-021,control_25,khe,41.992937843484526
SHF-021,control_25,Th,23.240344296772914
SHF-021,control_25,Kbh,4.3028622434774215
SHF-021,control_25,Khe,174.6270051905002
SHF-021,control_25,kbh,3.268143549525649
SHF-021,control_25,CL,0.41337662211173387
SHF-021,control_25,AUC_Cb,52.5341192953425
SHF-021,control_25,AUC_Cl,529.9231427460998
SHF-021,control_25,AUC35_Cb,29.326984009585402
SHF-021,control_25,AUC35_Cl,175.05171856673513
SHF-021,control_25,RE_R1b,18.12612381387399
SHF-021,control_25,RE_R1l,74.68215959136202
SHF-021,control_25,RE_Sb,10.220857647881761
SHF-021,control_25,RE_Sl,61.547898956049295
SHF-021,control_25,T1_1,0.80253
SHF-021,control_25,T1_2,0.47129
SHF-021,control_25,t1_MOLLI,11.305833333333334
SHF-021,control_25,t2_MOLLI,12.15
