subject,study,parameter,value
SHF-021,control_25,BAT,0.03145932659894712
SHF-021,control_25,CO,0.3576643914010172
SHF-021,control_25,Thl,1.6182177536556512
SHF-021,control_25,Dhl,2.0562812696001083
SHF-021,control_25,To,1.8584506466036856
SHF-021,control_25,Eo,1.7108733924458128
SHF-021,control_25,Toe,0.6112627329485346
SHF-021,control_25,Eb,1.0926056433890354
SHF-021,control_25,H,0
SHF-021,control_25,ve,6.854679855762724
SHF-021,control_25,Te,12.261105498473142
SHF-021,control_25,De,8.40122904833436
SHF-021,control_25,khe,1.7184879082771125
SHF-021,control_25,Th,1.777465884578757
SHF-021,control_25,Kbh,0
SHF-021,control_25,Khe,0
SHF-021,control_25,kbh,0
SHF-021,control_25,CL,0.0
SHF-021,control_25,AUC_Cb,0
SHF-021,control_25,AUC_Cl,0
SHF-021,control_25,AUC35_Cb,0
SHF-021,control_25,AUC35_Cl,0
SHF-021,control_25,RE_R1b,0
SHF-021,control_25,RE_R1l,0
SHF-021,control_25,RE_Sb,0
SHF-021,control_25,RE_Sl,0
SHF-021,control_25,T1_1,0
SHF-021,control_25,T1_2,0
SHF-021,control_25,t1_MOLLI,0
SHF-021,control_25,t2_MOLLI,0
