subject,study,parameter,value
SHF-006,control_20,BAT,1.2634771737331456
SHF-006,control_20,CO,8.99747796706554
SHF-006,control_20,Thl,17.71733159445028
SHF-006,control_20,Dhl,43.07488100112767
SHF-006,control_20,To,34.027705987203916
SHF-006,control_20,Eo,24.458953458001183
SHF-006,control_20,Toe,7.777596652734549
SHF-006,control_20,Eb,1.1451139478135435
SHF-006,control_20,H,45.0
SHF-006,control_20,ve,23.329727832080877
SHF-006,control_20,Te,39.27633976880831
SHF-006,control_20,De,69.66244661085332
SHF-006,control_20,khe,47.13480305818842
SHF-006,control_20,Th,31.86546592717766
SHF-006,control_20,Kbh,3.1381935612845138
SHF-006,control_20,Khe,202.03751795755204
SHF-006,control_20,kbh,2.406061544592951
SHF-006,control_20,CL,0.5126109443755462
SHF-006,control_20,AUC_Cb,96.00671857018017
SHF-006,control_20,AUC_Cl,1295.453950938357
SHF-006,control_20,AUC35_Cb,27.346295149766615
SHF-006,control_20,AUC35_Cl,195.40902859186517
SHF-006,control_20,RE_R1b,17.311330456139785
SHF-006,control_20,RE_R1l,70.21568288076642
SHF-006,control_20,RE_Sb,13.779140703477152
SHF-006,control_20,RE_Sl,56.0842932466218
SHF-006,control_20,T1_1,0.68025
SHF-006,control_20,T1_2,0.68286
SHF-006,control_20,t1_MOLLI,8.917222222222222
SHF-006,control_20,t2_MOLLI,8.917222222222222
