subject,study,parameter,value
SHF-006,control_20,BAT,0.018845247377801463
SHF-006,control_20,CO,0.20860289514510194
SHF-006,control_20,Thl,1.1473019240032474
SHF-006,control_20,Dhl,3.039922679912778
SHF-006,control_20,To,3.023560765555558
SHF-006,control_20,Eo,1.7437453334331565
SHF-006,control_20,Toe,2.3174250452782963
SHF-006,control_20,Eb,3.383020301693934
SHF-006,control_20,H,0
SHF-006,control_20,ve,10.177870711212009
SHF-006,control_20,Te,17.217658840054757
SHF-006,control_20,De,15.77854296702625
SHF-006,control_20,khe,2.299241735241518
SHF-006,control_20,Th,4.748390365361034
SHF-006,control_20,Kbh,0
SHF-006,control_20,Khe,0
SHF-006,control_20,kbh,0
SHF-006,control_20,CL,0.0
SHF-006,control_20,AUC_Cb,0
SHF-006,control_20,AUC_Cl,0
SHF-006,control_20,AUC35_Cb,0
SHF-006,control_20,AUC35_Cl,0
SHF-006,control_20,RE_R1b,0
SHF-006,control_20,RE_R1l,0
SHF-006,control_20,RE_Sb,0
SHF-006,control_20,RE_Sl,0
SHF-006,control_20,T1_1,0
SHF-006,control_20,T1_2,0
SHF-006,control_20,t1_MOLLI,0
SHF-006,control_20,t2_MOLLI,0
