subject,study,parameter,value
SHF-004,control,S02a,36030.93450452464
SHF-004,control,S02l,21587.74154260211
SHF-004,control,BAT2,148.7567094661195
SHF-004,control,BAT,1.2924957329986277
SHF-004,control,CO,10.661712848348598
SHF-004,control,Thl,12.62326984024804
SHF-004,control,Dhl,76.16431973323469
SHF-004,control,To,23.851076727019766
SHF-004,control,Eo,12.530104211009666
SHF-004,control,Toe,5.0006562788667726
SHF-004,control,Eb,5.289780549985571
SHF-004,control,H,45.0
SHF-004,control,ve,22.191758354998672
SHF-004,control,Te,20.704054550037274
SHF-004,control,De,91.53584155610488
SHF-004,control,khe_i,20.798034185833064
SHF-004,control,khe_f,29.371409853360348
SHF-004,control,Th_i,75.45500958999807
SHF-004,control,Th_f,47.96375847199818
SHF-004,control,Th,61.70938403099812
SHF-004,control,khe,25.084722019596704
SHF-004,control,Kbh,1.6204990791962461
SHF-004,control,Khe,113.036207488923
SHF-004,control,kbh,1.2608818393960368
SHF-004,control,kbh_i,1.0311872209385444
SHF-004,control,kbh_f,1.6222298694633515
SHF-004,control,CL,0.21881970905699066
SHF-004,control,AUC_Cb,36.04030443884481
SHF-004,control,AUC_Cl,483.6670720093793
SHF-004,control,AUC35_Cb,28.561724619595108
SHF-004,control,AUC35_Cl,136.94110527815906
SHF-004,control,RE_R1b,16.309277417128413
SHF-004,control,RE_R1l,55.92951375288816
SHF-004,control,RE_Sb,21.42846689454542
SHF-004,control,RE_Sl,49.08440698137722
SHF-004,control,T1_1,0.79748
SHF-004,control,T1_2,0.51401
SHF-004,control,t1_MOLLI,10.535277777777777
SHF-004,control,t2_MOLLI,11.376388888888888
SHF-004,control,T1_3,0.69331
SHF-004,control,t3_MOLLI,12.946111111111112
SHF-004,control,t0,10.675555555555556
SHF-004,control,t1,11.373888888888889
SHF-004,control,t2,13.066666666666666
SHF-004,control,t3,13.751944444444444
SHF-004,control,dt1,2.0
SHF-004,control,dt2,2.0
