subject,study,parameter,value
SHF-004,control,S02a,103.95143468399183
SHF-004,control,S02l,241.97023710232136
SHF-004,control,BAT2,0.0034053685371963262
SHF-004,control,BAT,0.005278623617927796
SHF-004,control,CO,0.35797062635712584
SHF-004,control,Thl,0.536029002177398
SHF-004,control,Dhl,2.4341002075418823
SHF-004,control,To,1.4801000469846524
SHF-004,control,Eo,0.7360073005096812
SHF-004,control,Toe,0.4029702899591135
SHF-004,control,Eb,0.28493281018402694
SHF-004,control,H,0
SHF-004,control,ve,1.9697549549594833
SHF-004,control,Te,4.084257332798575
SHF-004,control,De,7.919185139449699
SHF-004,control,khe_i,0.49648101974759357
SHF-004,control,khe_f,0.8228861199772913
SHF-004,control,Th_i,6.192313656960968
SHF-004,control,Th_f,3.3112342296113444
SHF-004,control,Th,0.0
SHF-004,control,khe,0
SHF-004,control,Kbh,0
SHF-004,control,Khe,0
SHF-004,control,kbh,0
SHF-004,control,kbh_i,0
SHF-004,control,kbh_f,0
SHF-004,control,CL,0.0
SHF-004,control,AUC_Cb,0
SHF-004,control,AUC_Cl,0
SHF-004,control,AUC35_Cb,0
SHF-004,control,AUC35_Cl,0
SHF-004,control,RE_R1b,0
SHF-004,control,RE_R1l,0
SHF-004,control,RE_Sb,0
SHF-004,control,RE_Sl,0
SHF-004,control,T1_1,0
SHF-004,control,T1_2,0
SHF-004,control,t1_MOLLI,0
SHF-004,control,t2_MOLLI,0
SHF-004,control,T1_3,0
SHF-004,control,t3_MOLLI,0
SHF-004,control,t0,0
SHF-004,control,t1,0
SHF-004,control,t2,0
SHF-004,control,t3,0
SHF-004,control,dt1,0
SHF-004,control,dt2,0
