subject,study,parameter,value
SHF-007,control,S02a,22503.40910075181
SHF-007,control,S02l,20056.537277410695
SHF-007,control,BAT2,126.38691223312892
SHF-007,control,BAT,1.0510016137496325
SHF-007,control,CO,6.019418225602333
SHF-007,control,Thl,14.683084333658124
SHF-007,control,Dhl,36.45558612462188
SHF-007,control,To,25.163056739980945
SHF-007,control,Eo,19.063404221313395
SHF-007,control,Toe,5.258025364189139
SHF-007,control,Eb,6.1133647036067265
SHF-007,control,H,45.0
SHF-007,control,ve,13.242813163376299
SHF-007,control,Te,24.249246857892537
SHF-007,control,De,78.9545738030882
SHF-007,control,khe_i,32.68342192401565
SHF-007,control,khe_f,32.07565925500477
SHF-007,control,Th_i,42.134017795089136
SHF-007,control,Th_f,43.55577012566951
SHF-007,control,Th,42.84489396037932
SHF-007,control,khe,32.379540589510206
SHF-007,control,Kbh,2.33400040836779
SHF-007,control,Khe,244.5065122496596
SHF-007,control,kbh,2.0249130950552034
SHF-007,control,kbh_i,2.0590769970846585
SHF-007,control,kbh_f,1.991864374945204
SHF-007,control,CL,0.22753930152191387
SHF-007,control,AUC_Cb,55.21721688164358
SHF-007,control,AUC_Cl,756.3200647259672
SHF-007,control,AUC35_Cb,39.66758890201065
SHF-007,control,AUC35_Cl,232.7995766848683
SHF-007,control,RE_R1b,17.982352123277963
SHF-007,control,RE_R1l,93.86284483365836
SHF-007,control,RE_Sb,19.966690982385245
SHF-007,control,RE_Sl,81.96405710752579
SHF-007,control,T1_1,0.74539
SHF-007,control,T1_2,0.37404
SHF-007,control,t1_MOLLI,13.813055555555556
SHF-007,control,t2_MOLLI,14.628055555555555
SHF-007,control,T1_3,0.56183
SHF-007,control,t3_MOLLI,15.8325
SHF-007,control,t0,13.938055555555556
SHF-007,control,t1,14.624444444444444
SHF-007,control,t2,15.95861111111111
SHF-007,control,t3,16.591944444444444
SHF-007,control,dt1,2.0
SHF-007,control,dt2,2.0
