subject,study,parameter,value
SHF-007,control,S02a,71.0667065430262
SHF-007,control,S02l,198.08311305692897
SHF-007,control,BAT2,0.00533706559035912
SHF-007,control,BAT,0.0066422433478335995
SHF-007,control,CO,0.09168788942238225
SHF-007,control,Thl,0.4806833522015516
SHF-007,control,Dhl,0.6050863824441922
SHF-007,control,To,1.0681156604741624
SHF-007,control,Eo,0.747194747152997
SHF-007,control,Toe,0.29811673791728194
SHF-007,control,Eb,0.22088916296284594
SHF-007,control,H,0
SHF-007,control,ve,2.4936917668761556
SHF-007,control,Te,5.915225155006008
SHF-007,control,De,7.425340073809515
SHF-007,control,khe_i,0.5905021165242909
SHF-007,control,khe_f,0.7868263808258152
SHF-007,control,Th_i,1.7427085022081497
SHF-007,control,Th_f,2.311699288762449
SHF-007,control,Th,0.0
SHF-007,control,khe,0
SHF-007,control,Kbh,0
SHF-007,control,Khe,0
SHF-007,control,kbh,0
SHF-007,control,kbh_i,0
SHF-007,control,kbh_f,0
SHF-007,control,CL,0.0
SHF-007,control,AUC_Cb,0
SHF-007,control,AUC_Cl,0
SHF-007,control,AUC35_Cb,0
SHF-007,control,AUC35_Cl,0
SHF-007,control,RE_R1b,0
SHF-007,control,RE_R1l,0
SHF-007,control,RE_Sb,0
SHF-007,control,RE_Sl,0
SHF-007,control,T1_1,0
SHF-007,control,T1_2,0
SHF-007,control,t1_MOLLI,0
SHF-007,control,t2_MOLLI,0
SHF-007,control,T1_3,0
SHF-007,control,t3_MOLLI,0
SHF-007,control,t0,0
SHF-007,control,t1,0
SHF-007,control,t2,0
SHF-007,control,t3,0
SHF-007,control,dt1,0
SHF-007,control,dt2,0
