subject,study,parameter,value
SHF-004,control_15,BAT,1.2810532458219328
SHF-004,control_15,CO,10.467416052468364
SHF-004,control_15,Thl,15.970263292975815
SHF-004,control_15,Dhl,78.42372678112956
SHF-004,control_15,To,25.489944379859725
SHF-004,control_15,Eo,19.276967115263364
SHF-004,control_15,Toe,4.293419121596077
SHF-004,control_15,Eb,3.035221743326848
SHF-004,control_15,H,45.0
SHF-004,control_15,ve,24.501082517105484
SHF-004,control_15,Te,30.849111717509274
SHF-004,control_15,De,94.31951920081715
SHF-004,control_15,khe,23.71521832645937
SHF-004,control_15,Th,61.552930842601505
SHF-004,control_15,Kbh,1.6246180097534662
SHF-004,control_15,Khe,96.79253277851106
SHF-004,control_15,kbh,1.2265690105960125
SHF-004,control_15,CL,0.20687321830255156
SHF-004,control_15,AUC_Cb,63.238968643607066
SHF-004,control_15,AUC_Cl,827.4490610047998
SHF-004,control_15,AUC35_Cb,32.04723081160694
SHF-004,control_15,AUC35_Cl,144.7418122914571
SHF-004,control_15,RE_R1b,21.255126069555487
SHF-004,control_15,RE_R1l,61.685967802204914
SHF-004,control_15,RE_Sb,14.477074820291636
SHF-004,control_15,RE_Sl,43.05100661015292
SHF-004,control_15,T1_1,0.79748
SHF-004,control_15,T1_2,0.51401
SHF-004,control_15,t1_MOLLI,10.535277777777777
SHF-004,control_15,t2_MOLLI,11.376388888888888
