subject,study,parameter,value
SHF-004,control_15,BAT,0.0477553130185729
SHF-004,control_15,CO,0.9653503730666376
SHF-004,control_15,Thl,4.711872350059954
SHF-004,control_15,Dhl,13.313310297613276
SHF-004,control_15,To,3.1224004531660263
SHF-004,control_15,Eo,1.3743123151610657
SHF-004,control_15,Toe,1.4626008289130752
SHF-004,control_15,Eb,2.9005778572878738
SHF-004,control_15,H,0
SHF-004,control_15,ve,4.308311375641197
SHF-004,control_15,Te,9.445581757215455
SHF-004,control_15,De,9.044842624459001
SHF-004,control_15,khe,1.6507859929442812
SHF-004,control_15,Th,35.04052759306397
SHF-004,control_15,Kbh,0
SHF-004,control_15,Khe,0
SHF-004,control_15,kbh,0
SHF-004,control_15,CL,0.0
SHF-004,control_15,AUC_Cb,0
SHF-004,control_15,AUC_Cl,0
SHF-004,control_15,AUC35_Cb,0
SHF-004,control_15,AUC35_Cl,0
SHF-004,control_15,RE_R1b,0
SHF-004,control_15,RE_R1l,0
SHF-004,control_15,RE_Sb,0
SHF-004,control_15,RE_Sl,0
SHF-004,control_15,T1_1,0
SHF-004,control_15,T1_2,0
SHF-004,control_15,t1_MOLLI,0
SHF-004,control_15,t2_MOLLI,0
