subject,study,parameter,value
SHF-022,control_30,BAT,1.2585892213346155
SHF-022,control_30,CO,11.833628861433295
SHF-022,control_30,Thl,13.661638259684727
SHF-022,control_30,Dhl,42.24291487049295
SHF-022,control_30,To,27.973419617710356
SHF-022,control_30,Eo,15.639821136634335
SHF-022,control_30,Toe,9.963654577886407
SHF-022,control_30,Eb,3.1190525487132073
SHF-022,control_30,H,45.0
SHF-022,control_30,ve,24.60072524666088
SHF-022,control_30,Te,29.195700880825278
SHF-022,control_30,De,83.10076574344588
SHF-022,control_30,khe,53.97647243745343
SHF-022,control_30,Th,46.29231793120479
SHF-022,control_30,Kbh,2.1601856305534417
SHF-022,control_30,Khe,219.41008606963652
SHF-022,control_30,kbh,1.6287642987631403
SHF-022,control_30,CL,0.6139897169353433
SHF-022,control_30,AUC_Cb,50.72876212329714
SHF-022,control_30,AUC_Cl,1152.8548219362049
SHF-022,control_30,AUC35_Cb,22.86216924909013
SHF-022,control_30,AUC35_Cl,221.10052059437243
SHF-022,control_30,RE_R1b,13.204313102643098
SHF-022,control_30,RE_R1l,89.3924371300055
SHF-022,control_30,RE_Sb,17.12384099373799
SHF-022,control_30,RE_Sl,75.28655737392293
SHF-022,control_30,T1_1,0.75858
SHF-022,control_30,T1_2,0.36546
SHF-022,control_30,t1_MOLLI,13.748333333333333
SHF-022,control_30,t2_MOLLI,14.633333333333333
