subject,study,parameter,value
SHF-022,control_30,BAT,0.02152903013208424
SHF-022,control_30,CO,0.45068524931653176
SHF-022,control_30,Thl,2.042145747765356
SHF-022,control_30,Dhl,3.8344803236252196
SHF-022,control_30,To,3.509941239185969
SHF-022,control_30,Eo,0.9834638669918947
SHF-022,control_30,Toe,2.2528993659549674
SHF-022,control_30,Eb,1.2791197890356907
SHF-022,control_30,H,0
SHF-022,control_30,ve,12.753858672169724
SHF-022,control_30,Te,19.677843706199468
SHF-022,control_30,De,16.510412436297816
SHF-022,control_30,khe,2.2842132391738614
SHF-022,control_30,Th,5.892250624582435
SHF-022,control_30,Kbh,0
SHF-022,control_30,Khe,0
SHF-022,control_30,kbh,0
SHF-022,control_30,CL,0.0
SHF-022,control_30,AUC_Cb,0
SHF-022,control_30,AUC_Cl,0
SHF-022,control_30,AUC35_Cb,0
SHF-022,control_30,AUC35_Cl,0
SHF-022,control_30,RE_R1b,0
SHF-022,control_30,RE_R1l,0
SHF-022,control_30,RE_Sb,0
SHF-022,control_30,RE_Sl,0
SHF-022,control_30,T1_1,0
SHF-022,control_30,T1_2,0
SHF-022,control_30,t1_MOLLI,0
SHF-022,control_30,t2_MOLLI,0
