subject,study,parameter,value
LDS-009,drug_35,BAT,0.00641294988948127
LDS-009,drug_35,CO,0.12126190782364814
LDS-009,drug_35,Thl,0.5844212636113465
LDS-009,drug_35,Dhl,0.9832838948622209
LDS-009,drug_35,To,1.8823578225852315
LDS-009,drug_35,Eo,0.6521933627339536
LDS-009,drug_35,Toe,0.847409153815735
LDS-009,drug_35,Eb,0.37123676490212926
LDS-009,drug_35,H,0
LDS-009,drug_35,ve,0.9087956159240188
LDS-009,drug_35,Te,4.765860535249838
LDS-009,drug_35,De,3.6316667064342596
LDS-009,drug_35,khe,0.22917442072188615
LDS-009,drug_35,Th,109.17443723470801
LDS-009,drug_35,Kbh,0
LDS-009,drug_35,Khe,0
LDS-009,drug_35,kbh,0
LDS-009,drug_35,CL,0.0
LDS-009,drug_35,AUC_Cb,0
LDS-009,drug_35,AUC_Cl,0
LDS-009,drug_35,AUC35_Cb,0
LDS-009,drug_35,AUC35_Cl,0
LDS-009,drug_35,RE_R1b,0
LDS-009,drug_35,RE_R1l,0
LDS-009,drug_35,RE_Sb,0
LDS-009,drug_35,RE_Sl,0
LDS-009,drug_35,T1_1,0
LDS-009,drug_35,T1_2,0
LDS-009,drug_35,t1_MOLLI,0
LDS-009,drug_35,t2_MOLLI,0
