subject,study,parameter,value
LDS-008,control_05,BAT,1.3708170897800562
LDS-008,control_05,CO,11.95215944584006
LDS-008,control_05,Thl,7.718386346701765
LDS-008,control_05,Dhl,77.85649139043717
LDS-008,control_05,To,30.459713029804863
LDS-008,control_05,Eo,10.070792892901062
LDS-008,control_05,Toe,10.489501523179454
LDS-008,control_05,Eb,4.903318730693061
LDS-008,control_05,H,45.0
LDS-008,control_05,ve,20.896398493825448
LDS-008,control_05,Te,25.378026579903555
LDS-008,control_05,De,59.267207453556836
LDS-008,control_05,khe,36.78777632581018
LDS-008,control_05,Th,584.2886561915873
LDS-008,control_05,Kbh,0.17114828251467912
LDS-008,control_05,Khe,176.04840535884867
LDS-008,control_05,kbh,0.1353844553850736
LDS-008,control_05,CL,0.3786599227874101
LDS-008,control_05,AUC_Cb,34.56101321820272
LDS-008,control_05,AUC_Cl,1715.26279360225
LDS-008,control_05,AUC35_Cb,23.25446634210128
LDS-008,control_05,AUC35_Cl,210.58420448004838
LDS-008,control_05,RE_R1b,12.751352758751503
LDS-008,control_05,RE_R1l,83.60738169207174
LDS-008,control_05,RE_Sb,33.562136010429114
LDS-008,control_05,RE_Sl,33.64007630862021
LDS-008,control_05,T1_1,0.74397998
LDS-008,control_05,T1_2,0.46023999
LDS-008,control_05,t1_MOLLI,14.109626388888888
LDS-008,control_05,t2_MOLLI,15.427624999999999
