subject,study,parameter,value
LDS-008,control_05,BAT,0.17724213423181798
LDS-008,control_05,CO,3.3555561229917843
LDS-008,control_05,Thl,12.736342076328206
LDS-008,control_05,Dhl,101.26545540112288
LDS-008,control_05,To,10.32585361283163
LDS-008,control_05,Eo,1269.3179734535856
LDS-008,control_05,Toe,1559.6570853668165
LDS-008,control_05,Eb,1357.6384149499916
LDS-008,control_05,H,0
LDS-008,control_05,ve,167.76125588256457
LDS-008,control_05,Te,10.803564194765606
LDS-008,control_05,De,21.285813158027317
LDS-008,control_05,khe,14.828522348533017
LDS-008,control_05,Th,64436.25121157464
LDS-008,control_05,Kbh,0
LDS-008,control_05,Khe,0
LDS-008,control_05,kbh,0
LDS-008,control_05,CL,0.0
LDS-008,control_05,AUC_Cb,0
LDS-008,control_05,AUC_Cl,0
LDS-008,control_05,AUC35_Cb,0
LDS-008,control_05,AUC35_Cl,0
LDS-008,control_05,RE_R1b,0
LDS-008,control_05,RE_R1l,0
LDS-008,control_05,RE_Sb,0
LDS-008,control_05,RE_Sl,0
LDS-008,control_05,T1_1,0
LDS-008,control_05,T1_2,0
LDS-008,control_05,t1_MOLLI,0
LDS-008,control_05,t2_MOLLI,0
