subject,study,parameter,value
SHF-002,control_05,BAT,0.027799871340307206
SHF-002,control_05,CO,0.5723255299761102
SHF-002,control_05,Thl,1.5219857751158137
SHF-002,control_05,Dhl,4.497623400843399
SHF-002,control_05,To,8.199863656192266
SHF-002,control_05,Eo,48.683166005698325
SHF-002,control_05,Toe,10.02033420514687
SHF-002,control_05,Eb,82.13388988475968
SHF-002,control_05,H,0.0
SHF-002,control_05,ve,1388.2517653038228
SHF-002,control_05,Te,49.506118214823104
SHF-002,control_05,De,32.56351841625373
SHF-002,control_05,khe,26.88519795866233
SHF-002,control_05,Th,146936.77700248986
SHF-002,control_05,Kbh,0.0
SHF-002,control_05,Khe,0.0
SHF-002,control_05,kbh,0.0
SHF-002,control_05,CL,0.0
SHF-002,control_05,AUC_Cb,0.0
SHF-002,control_05,AUC_Cl,0.0
SHF-002,control_05,AUC35_Cb,0.0
SHF-002,control_05,AUC35_Cl,0.0
SHF-002,control_05,RE_R1b,0.0
SHF-002,control_05,RE_R1l,0.0
SHF-002,control_05,RE_Sb,0.0
SHF-002,control_05,RE_Sl,0.0
SHF-002,control_05,T1_1,0.0
SHF-002,control_05,T1_2,0.0
SHF-002,control_05,t1_MOLLI,0.0
SHF-002,control_05,t2_MOLLI,0.0
SHF-002,control_10,BAT,0.036866176691423856
SHF-002,control_10,CO,0.6273274180919345
SHF-002,control_10,Thl,1.6579242489445705
SHF-002,control_10,Dhl,3.6488738575369433
SHF-002,control_10,To,2.7822681482859166
SHF-002,control_10,Eo,3.2958338337470563
SHF-002,control_10,Toe,1.3787415688844606
SHF-002,control_10,Eb,5.587999620704986
SHF-002,control_10,H,0.0
SHF-002,control_10,ve,11.054138252371622
SHF-002,control_10,Te,16.80251588345715
SHF-002,control_10,De,15.175507993522128
SHF-002,control_10,khe,5.451587632962503
SHF-002,control_10,Th,34.64123179463399
SHF-002,control_10,Kbh,0.0
SHF-002,control_10,Khe,0.0
SHF-002,control_10,kbh,0.0
SHF-002,control_10,CL,0.0
SHF-002,control_10,AUC_Cb,0.0
SHF-002,control_10,AUC_Cl,0.0
SHF-002,control_10,AUC35_Cb,0.0
SHF-002,control_10,AUC35_Cl,0.0
SHF-002,control_10,RE_R1b,0.0
SHF-002,control_10,RE_R1l,0.0
SHF-002,control_10,RE_Sb,0.0
SHF-002,control_10,RE_Sl,0.0
SHF-002,control_10,T1_1,0.0
SHF-002,control_10,T1_2,0.0
SHF-002,control_10,t1_MOLLI,0.0
SHF-002,control_10,t2_MOLLI,0.0
SHF-002,control_15,BAT,0.007259560716113901
SHF-002,control_15,CO,0.06799462942210549
SHF-002,control_15,Thl,0.4788160347401144
SHF-002,control_15,Dhl,0.8327817435178169
SHF-002,control_15,To,1.981902349600395
SHF-002,control_15,Eo,1.8376453982977543
SHF-002,control_15,Toe,0.38841401193442165
SHF-002,control_15,Eb,1.2157296727905367
SHF-002,control_15,H,0.0
SHF-002,control_15,ve,5.205365527765526
SHF-002,control_15,Te,10.417054522746874
SHF-002,control_15,De,9.631923329089801
SHF-002,control_15,khe,1.484148044072027
SHF-002,control_15,Th,7.225266156224994
SHF-002,control_15,Kbh,0.0
SHF-002,control_15,Khe,0.0
SHF-002,control_15,kbh,0.0
SHF-002,control_15,CL,0.0
SHF-002,control_15,AUC_Cb,0.0
SHF-002,control_15,AUC_Cl,0.0
SHF-002,control_15,AUC35_Cb,0.0
SHF-002,control_15,AUC35_Cl,0.0
SHF-002,control_15,RE_R1b,0.0
SHF-002,control_15,RE_R1l,0.0
SHF-002,control_15,RE_Sb,0.0
SHF-002,control_15,RE_Sl,0.0
SHF-002,control_15,T1_1,0.0
SHF-002,control_15,T1_2,0.0
SHF-002,control_15,t1_MOLLI,0.0
SHF-002,control_15,t2_MOLLI,0.0
SHF-002,control_20,BAT,0.025160931867187344
SHF-002,control_20,CO,0.31521693944897083
SHF-002,control_20,Thl,1.4589723419876448
SHF-002,control_20,Dhl,3.242410684405554
SHF-002,control_20,To,2.2954760046198883
SHF-002,control_20,Eo,2.4357064547887743
SHF-002,control_20,Toe,0.6433705881403249
SHF-002,control_20,Eb,1.0410526787617451
SHF-002,control_20,H,0.0
SHF-002,control_20,ve,6.462787851512355
SHF-002,control_20,Te,10.469016220373007
SHF-002,control_20,De,11.522746052850295
SHF-002,control_20,khe,2.126224835123446
SHF-002,control_20,Th,4.578048063098559
SHF-002,control_20,Kbh,0.0
SHF-002,control_20,Khe,0.0
SHF-002,control_20,kbh,0.0
SHF-002,control_20,CL,0.0
SHF-002,control_20,AUC_Cb,0.0
SHF-002,control_20,AUC_Cl,0.0
SHF-002,control_20,AUC35_Cb,0.0
SHF-002,control_20,AUC35_Cl,0.0
SHF-002,control_20,RE_R1b,0.0
SHF-002,control_20,RE_R1l,0.0
SHF-002,control_20,RE_Sb,0.0
SHF-002,control_20,RE_Sl,0.0
SHF-002,control_20,T1_1,0.0
SHF-002,control_20,T1_2,0.0
SHF-002,control_20,t1_MOLLI,0.0
SHF-002,control_20,t2_MOLLI,0.0
SHF-002,control_25,BAT,0.015066778542786567
SHF-002,control_25,CO,0.2604295843695795
SHF-002,control_25,Thl,0.8396168920548921
SHF-002,control_25,Dhl,2.056583273475526
SHF-002,control_25,To,1.9581013768770377
SHF-002,control_25,Eo,1.644205447014093
SHF-002,control_25,Toe,0.6946444201215557
SHF-002,control_25,Eb,0.8860300559256832
SHF-002,control_25,H,0.0
SHF-002,control_25,ve,5.706994559689696
SHF-002,control_25,Te,9.292789622568701
SHF-002,control_25,De,14.66500836816894
SHF-002,control_25,khe,1.8510098834018927
SHF-002,control_25,Th,2.025322168161617
SHF-002,control_25,Kbh,0.0
SHF-002,control_25,Khe,0.0
SHF-002,control_25,kbh,0.0
SHF-002,control_25,CL,0.0
SHF-002,control_25,AUC_Cb,0.0
SHF-002,control_25,AUC_Cl,0.0
SHF-002,control_25,AUC35_Cb,0.0
SHF-002,control_25,AUC35_Cl,0.0
SHF-002,control_25,RE_R1b,0.0
SHF-002,control_25,RE_R1l,0.0
SHF-002,control_25,RE_Sb,0.0
SHF-002,control_25,RE_Sl,0.0
SHF-002,control_25,T1_1,0.0
SHF-002,control_25,T1_2,0.0
SHF-002,control_25,t1_MOLLI,0.0
SHF-002,control_25,t2_MOLLI,0.0
SHF-002,control_30,BAT,0.0153937200454164
SHF-002,control_30,CO,0.2638334461058129
SHF-002,control_30,Thl,0.8857719287842275
SHF-002,control_30,Dhl,2.221903879160427
SHF-002,control_30,To,1.831923336825725
SHF-002,control_30,Eo,1.6070028480450211
SHF-002,control_30,Toe,0.5240725718488158
SHF-002,control_30,Eb,0.6588195200161048
SHF-002,control_30,H,0.0
SHF-002,control_30,ve,5.4763295102279805
SHF-002,control_30,Te,9.113592346887353
SHF-002,control_30,De,12.59871824365699
SHF-002,control_30,khe,1.609894139044862
SHF-002,control_30,Th,1.6367211836221582
SHF-002,control_30,Kbh,0.0
SHF-002,control_30,Khe,0.0
SHF-002,control_30,kbh,0.0
SHF-002,control_30,CL,0.0
SHF-002,control_30,AUC_Cb,0.0
SHF-002,control_30,AUC_Cl,0.0
SHF-002,control_30,AUC35_Cb,0.0
SHF-002,control_30,AUC35_Cl,0.0
SHF-002,control_30,RE_R1b,0.0
SHF-002,control_30,RE_R1l,0.0
SHF-002,control_30,RE_Sb,0.0
SHF-002,control_30,RE_Sl,0.0
SHF-002,control_30,T1_1,0.0
SHF-002,control_30,T1_2,0.0
SHF-002,control_30,t1_MOLLI,0.0
SHF-002,control_30,t2_MOLLI,0.0
SHF-002,control_35,BAT,0.009127277232441585
SHF-002,control_35,CO,0.05266349661209716
SHF-002,control_35,Thl,0.6165648694423107
SHF-002,control_35,Dhl,1.077288962951366
SHF-002,control_35,To,1.721238355687487
SHF-002,control_35,Eo,1.0996090804390757
SHF-002,control_35,Toe,0.30336636801446304
SHF-002,control_35,Eb,0.3401260305051664
SHF-002,control_35,H,0.0
SHF-002,control_35,ve,4.188222173518237
SHF-002,control_35,Te,8.582092788480017
SHF-002,control_35,De,9.788524724372785
SHF-002,control_35,khe,0.856156869614397
SHF-002,control_35,Th,1.1221155172016521
SHF-002,control_35,Kbh,0.0
SHF-002,control_35,Khe,0.0
SHF-002,control_35,kbh,0.0
SHF-002,control_35,CL,0.0
SHF-002,control_35,AUC_Cb,0.0
SHF-002,control_35,AUC_Cl,0.0
SHF-002,control_35,AUC35_Cb,0.0
SHF-002,control_35,AUC35_Cl,0.0
SHF-002,control_35,RE_R1b,0.0
SHF-002,control_35,RE_R1l,0.0
SHF-002,control_35,RE_Sb,0.0
SHF-002,control_35,RE_Sl,0.0
SHF-002,control_35,T1_1,0.0
SHF-002,control_35,T1_2,0.0
SHF-002,control_35,t1_MOLLI,0.0
SHF-002,control_35,t2_MOLLI,0.0
SHF-002,control_40,BAT,0.006279333899242627
SHF-002,control_40,CO,0.05160316671248554
SHF-002,control_40,Thl,0.4354260224968179
SHF-002,control_40,Dhl,0.9013992750753603
SHF-002,control_40,To,1.647842503095702
SHF-002,control_40,Eo,1.0551139415098394
SHF-002,control_40,Toe,0.2724358522217477
SHF-002,control_40,Eb,0.29624871698664684
SHF-002,control_40,H,0.0
SHF-002,control_40,ve,4.827602964964059
SHF-002,control_40,Te,10.288109310615745
SHF-002,control_40,De,8.029556211670624
SHF-002,control_40,khe,0.8363925690163612
SHF-002,control_40,Th,1.1137855681990894
SHF-002,control_40,Kbh,0.0
SHF-002,control_40,Khe,0.0
SHF-002,control_40,kbh,0.0
SHF-002,control_40,CL,0.0
SHF-002,control_40,AUC_Cb,0.0
SHF-002,control_40,AUC_Cl,0.0
SHF-002,control_40,AUC35_Cb,0.0
SHF-002,control_40,AUC35_Cl,0.0
SHF-002,control_40,RE_R1b,0.0
SHF-002,control_40,RE_R1l,0.0
SHF-002,control_40,RE_Sb,0.0
SHF-002,control_40,RE_Sl,0.0
SHF-002,control_40,T1_1,0.0
SHF-002,control_40,T1_2,0.0
SHF-002,control_40,t1_MOLLI,0.0
SHF-002,control_40,t2_MOLLI,0.0
SHF-002,drug_05,BAT,0.014028893830576468
SHF-002,drug_05,CO,0.07466082489826517
SHF-002,drug_05,Thl,0.9349284775929236
SHF-002,drug_05,Dhl,1.6518760573305897
SHF-002,drug_05,To,2.4151063003006294
SHF-002,drug_05,Eo,5.176816503814395
SHF-002,drug_05,Toe,0.2567179994781235
SHF-002,drug_05,Eb,5.050388779638646
SHF-002,drug_05,H,0.0
SHF-002,drug_05,ve,250.7610676357532
SHF-002,drug_05,Te,71.80877905508726
SHF-002,drug_05,De,14.518490947368301
SHF-002,drug_05,khe,33.1985177021945
SHF-002,drug_05,Th,2309613.452737433
SHF-002,drug_05,Kbh,0.0
SHF-002,drug_05,Khe,0.0
SHF-002,drug_05,kbh,0.0
SHF-002,drug_05,CL,0.0
SHF-002,drug_05,AUC_Cb,0.0
SHF-002,drug_05,AUC_Cl,0.0
SHF-002,drug_05,AUC35_Cb,0.0
SHF-002,drug_05,AUC35_Cl,0.0
SHF-002,drug_05,RE_R1b,0.0
SHF-002,drug_05,RE_R1l,0.0
SHF-002,drug_05,RE_Sb,0.0
SHF-002,drug_05,RE_Sl,0.0
SHF-002,drug_05,T1_1,0.0
SHF-002,drug_05,T1_2,0.0
SHF-002,drug_05,t1_MOLLI,0.0
SHF-002,drug_05,t2_MOLLI,0.0
SHF-002,drug_10,BAT,0.09856701349284419
SHF-002,drug_10,CO,0.2626782571726023
SHF-002,drug_10,Thl,6.853179832802888
SHF-002,drug_10,Dhl,29.328195187877213
SHF-002,drug_10,To,8.918307118883876
SHF-002,drug_10,Eo,8.791554789261014
SHF-002,drug_10,Toe,0.7774613136283676
SHF-002,drug_10,Eb,3.6461527077480493
SHF-002,drug_10,H,0.0
SHF-002,drug_10,ve,23.807326108732436
SHF-002,drug_10,Te,13.093278856306547
SHF-002,drug_10,De,5.373810147926836
SHF-002,drug_10,khe,2.6682978056553424
SHF-002,drug_10,Th,55498.71090920005
SHF-002,drug_10,Kbh,0.0
SHF-002,drug_10,Khe,0.0
SHF-002,drug_10,kbh,0.0
SHF-002,drug_10,CL,0.0
SHF-002,drug_10,AUC_Cb,0.0
SHF-002,drug_10,AUC_Cl,0.0
SHF-002,drug_10,AUC35_Cb,0.0
SHF-002,drug_10,AUC35_Cl,0.0
SHF-002,drug_10,RE_R1b,0.0
SHF-002,drug_10,RE_R1l,0.0
SHF-002,drug_10,RE_Sb,0.0
SHF-002,drug_10,RE_Sl,0.0
SHF-002,drug_10,T1_1,0.0
SHF-002,drug_10,T1_2,0.0
SHF-002,drug_10,t1_MOLLI,0.0
SHF-002,drug_10,t2_MOLLI,0.0
SHF-002,drug_15,BAT,0.003420398236881847
SHF-002,drug_15,CO,0.07951569118591562
SHF-002,drug_15,Thl,0.390855226485099
SHF-002,drug_15,Dhl,1.3695641195163286
SHF-002,drug_15,To,3.2679112128269914
SHF-002,drug_15,Eo,2.7032816632858956
SHF-002,drug_15,Toe,0.6805667531865773
SHF-002,drug_15,Eb,1.5759806385709747
SHF-002,drug_15,H,0.0
SHF-002,drug_15,ve,10.893469404343241
SHF-002,drug_15,Te,12.643825101127032
SHF-002,drug_15,De,4.880224443874024
SHF-002,drug_15,khe,1.3886701943581616
SHF-002,drug_15,Th,21678.48637954919
SHF-002,drug_15,Kbh,0.0
SHF-002,drug_15,Khe,0.0
SHF-002,drug_15,kbh,0.0
SHF-002,drug_15,CL,0.0
SHF-002,drug_15,AUC_Cb,0.0
SHF-002,drug_15,AUC_Cl,0.0
SHF-002,drug_15,AUC35_Cb,0.0
SHF-002,drug_15,AUC35_Cl,0.0
SHF-002,drug_15,RE_R1b,0.0
SHF-002,drug_15,RE_R1l,0.0
SHF-002,drug_15,RE_Sb,0.0
SHF-002,drug_15,RE_Sl,0.0
SHF-002,drug_15,T1_1,0.0
SHF-002,drug_15,T1_2,0.0
SHF-002,drug_15,t1_MOLLI,0.0
SHF-002,drug_15,t2_MOLLI,0.0
SHF-002,drug_20,BAT,0.005280651943877056
SHF-002,drug_20,CO,0.051434217010705545
SHF-002,drug_20,Thl,0.37710996263526086
SHF-002,drug_20,Dhl,1.0241640630483055
SHF-002,drug_20,To,1.7447983459034557
SHF-002,drug_20,Eo,1.689446248771462
SHF-002,drug_20,Toe,0.2756968419852909
SHF-002,drug_20,Eb,0.5045859861480819
SHF-002,drug_20,H,0.0
SHF-002,drug_20,ve,2.0085854439348996
SHF-002,drug_20,Te,6.477460261195234
SHF-002,drug_20,De,3.397482676982792
SHF-002,drug_20,khe,0.5686675900505708
SHF-002,drug_20,Th,6037.355022116233
SHF-002,drug_20,Kbh,0.0
SHF-002,drug_20,Khe,0.0
SHF-002,drug_20,kbh,0.0
SHF-002,drug_20,CL,0.0
SHF-002,drug_20,AUC_Cb,0.0
SHF-002,drug_20,AUC_Cl,0.0
SHF-002,drug_20,AUC35_Cb,0.0
SHF-002,drug_20,AUC35_Cl,0.0
SHF-002,drug_20,RE_R1b,0.0
SHF-002,drug_20,RE_R1l,0.0
SHF-002,drug_20,RE_Sb,0.0
SHF-002,drug_20,RE_Sl,0.0
SHF-002,drug_20,T1_1,0.0
SHF-002,drug_20,T1_2,0.0
SHF-002,drug_20,t1_MOLLI,0.0
SHF-002,drug_20,t2_MOLLI,0.0
SHF-002,drug_25,BAT,0.009727435184358904
SHF-002,drug_25,CO,0.04251141679662932
SHF-002,drug_25,Thl,0.6658289077316485
SHF-002,drug_25,Dhl,1.0484799882082645
SHF-002,drug_25,To,1.6247950954758201
SHF-002,drug_25,Eo,1.4511737434785625
SHF-002,drug_25,Toe,0.23649351578351424
SHF-002,drug_25,Eb,0.37535392015769375
SHF-002,drug_25,H,0.0
SHF-002,drug_25,ve,1.4199856637396457
SHF-002,drug_25,Te,5.384946685260016
SHF-002,drug_25,De,3.130094195098
SHF-002,drug_25,khe,0.3637684837093072
SHF-002,drug_25,Th,3017.5981003353436
SHF-002,drug_25,Kbh,0.0
SHF-002,drug_25,Khe,0.0
SHF-002,drug_25,kbh,0.0
SHF-002,drug_25,CL,0.0
SHF-002,drug_25,AUC_Cb,0.0
SHF-002,drug_25,AUC_Cl,0.0
SHF-002,drug_25,AUC35_Cb,0.0
SHF-002,drug_25,AUC35_Cl,0.0
SHF-002,drug_25,RE_R1b,0.0
SHF-002,drug_25,RE_R1l,0.0
SHF-002,drug_25,RE_Sb,0.0
SHF-002,drug_25,RE_Sl,0.0
SHF-002,drug_25,T1_1,0.0
SHF-002,drug_25,T1_2,0.0
SHF-002,drug_25,t1_MOLLI,0.0
SHF-002,drug_25,t2_MOLLI,0.0
SHF-002,drug_30,BAT,0.009289724849134278
SHF-002,drug_30,CO,0.039455513228230245
SHF-002,drug_30,Thl,0.6482931309266843
SHF-002,drug_30,Dhl,1.5244551945886449
SHF-002,drug_30,To,1.9442144994598778
SHF-002,drug_30,Eo,1.2316440771529686
SHF-002,drug_30,Toe,0.3149601327804027
SHF-002,drug_30,Eb,0.3302710213292632
SHF-002,drug_30,H,0.0
SHF-002,drug_30,ve,1.1249863150197457
SHF-002,drug_30,Te,4.8121562141758805
SHF-002,drug_30,De,2.839163327102169
SHF-002,drug_30,khe,0.2563793858250692
SHF-002,drug_30,Th,1732.9630205848991
SHF-002,drug_30,Kbh,0.0
SHF-002,drug_30,Khe,0.0
SHF-002,drug_30,kbh,0.0
SHF-002,drug_30,CL,0.0
SHF-002,drug_30,AUC_Cb,0.0
SHF-002,drug_30,AUC_Cl,0.0
SHF-002,drug_30,AUC35_Cb,0.0
SHF-002,drug_30,AUC35_Cl,0.0
SHF-002,drug_30,RE_R1b,0.0
SHF-002,drug_30,RE_R1l,0.0
SHF-002,drug_30,RE_Sb,0.0
SHF-002,drug_30,RE_Sl,0.0
SHF-002,drug_30,T1_1,0.0
SHF-002,drug_30,T1_2,0.0
SHF-002,drug_30,t1_MOLLI,0.0
SHF-002,drug_30,t2_MOLLI,0.0
SHF-002,drug_35,BAT,0.005797944849939027
SHF-002,drug_35,CO,0.03323088388734405
SHF-002,drug_35,Thl,0.3996060275637101
SHF-002,drug_35,Dhl,0.7185780714916117
SHF-002,drug_35,To,1.4399781727380108
SHF-002,drug_35,Eo,1.0089174566166081
SHF-002,drug_35,Toe,0.2661434849961735
SHF-002,drug_35,Eb,0.25964245534431646
SHF-002,drug_35,H,0.0
SHF-002,drug_35,ve,1.0552026458874344
SHF-002,drug_35,Te,4.39728650982389
SHF-002,drug_35,De,2.713043276255883
SHF-002,drug_35,khe,0.2025773111907362
SHF-002,drug_35,Th,1181.5368519055455
SHF-002,drug_35,Kbh,0.0
SHF-002,drug_35,Khe,0.0
SHF-002,drug_35,kbh,0.0
SHF-002,drug_35,CL,0.0
SHF-002,drug_35,AUC_Cb,0.0
SHF-002,drug_35,AUC_Cl,0.0
SHF-002,drug_35,AUC35_Cb,0.0
SHF-002,drug_35,AUC35_Cl,0.0
SHF-002,drug_35,RE_R1b,0.0
SHF-002,drug_35,RE_R1l,0.0
SHF-002,drug_35,RE_Sb,0.0
SHF-002,drug_35,RE_Sl,0.0
SHF-002,drug_35,T1_1,0.0
SHF-002,drug_35,T1_2,0.0
SHF-002,drug_35,t1_MOLLI,0.0
SHF-002,drug_35,t2_MOLLI,0.0
SHF-002,drug_40,BAT,0.017661047878385277
SHF-002,drug_40,CO,0.03903796211938319
SHF-002,drug_40,Thl,1.1993200481595563
SHF-002,drug_40,Dhl,1.8623649161552642
SHF-002,drug_40,To,1.9666814648011455
SHF-002,drug_40,Eo,0.8458077072864041
SHF-002,drug_40,Toe,0.49060976827250485
SHF-002,drug_40,Eb,0.3166392158577875
SHF-002,drug_40,H,0.0
SHF-002,drug_40,ve,0.6665423831170931
SHF-002,drug_40,Te,4.096913738233056
SHF-002,drug_40,De,2.578208584504176
SHF-002,drug_40,khe,0.15592505404691143
SHF-002,drug_40,Th,818.604529681852
SHF-002,drug_40,Kbh,0.0
SHF-002,drug_40,Khe,0.0
SHF-002,drug_40,kbh,0.0
SHF-002,drug_40,CL,0.0
SHF-002,drug_40,AUC_Cb,0.0
SHF-002,drug_40,AUC_Cl,0.0
SHF-002,drug_40,AUC35_Cb,0.0
SHF-002,drug_40,AUC35_Cl,0.0
SHF-002,drug_40,RE_R1b,0.0
SHF-002,drug_40,RE_R1l,0.0
SHF-002,drug_40,RE_Sb,0.0
SHF-002,drug_40,RE_Sl,0.0
SHF-002,drug_40,T1_1,0.0
SHF-002,drug_40,T1_2,0.0
SHF-002,drug_40,t1_MOLLI,0.0
SHF-002,drug_40,t2_MOLLI,0.0
SHF-004,control_05,BAT,0.06596924766921318
SHF-004,control_05,CO,1.379902919489778
SHF-004,control_05,Thl,5.151712987390109
SHF-004,control_05,Dhl,10.471334524556099
SHF-004,control_05,To,6.8294884240945075
SHF-004,control_05,Eo,7.736207334983602
SHF-004,control_05,Toe,1.627835452638058
SHF-004,control_05,Eb,18.55206456802693
SHF-004,control_05,H,0.0
SHF-004,control_05,ve,243.1671664063721
SHF-004,control_05,Te,50.589662713536676
SHF-004,control_05,De,12.561211680052661
SHF-004,control_05,khe,38.280601712826595
SHF-004,control_05,Th,150300.42969414117
SHF-004,control_05,Kbh,0.0
SHF-004,control_05,Khe,0.0
SHF-004,control_05,kbh,0.0
SHF-004,control_05,CL,0.0
SHF-004,control_05,AUC_Cb,0.0
SHF-004,control_05,AUC_Cl,0.0
SHF-004,control_05,AUC35_Cb,0.0
SHF-004,control_05,AUC35_Cl,0.0
SHF-004,control_05,RE_R1b,0.0
SHF-004,control_05,RE_R1l,0.0
SHF-004,control_05,RE_Sb,0.0
SHF-004,control_05,RE_Sl,0.0
SHF-004,control_05,T1_1,0.0
SHF-004,control_05,T1_2,0.0
SHF-004,control_05,t1_MOLLI,0.0
SHF-004,control_05,t2_MOLLI,0.0
SHF-004,control_10,BAT,0.13360771909849153
SHF-004,control_10,CO,2.6778982133930085
SHF-004,control_10,Thl,9.907342642210972
SHF-004,control_10,Dhl,26.52056829114113
SHF-004,control_10,To,4.701871059729411
SHF-004,control_10,Eo,7.05990971881916
SHF-004,control_10,Toe,1.2545200861779082
SHF-004,control_10,Eb,6.579656802443129
SHF-004,control_10,H,0.0
SHF-004,control_10,ve,6.370617583016832
SHF-004,control_10,Te,12.29454725448079
SHF-004,control_10,De,11.530979834927827
SHF-004,control_10,khe,3.6680345841227333
SHF-004,control_10,Th,24.182558592221223
SHF-004,control_10,Kbh,0.0
SHF-004,control_10,Khe,0.0
SHF-004,control_10,kbh,0.0
SHF-004,control_10,CL,0.0
SHF-004,control_10,AUC_Cb,0.0
SHF-004,control_10,AUC_Cl,0.0
SHF-004,control_10,AUC35_Cb,0.0
SHF-004,control_10,AUC35_Cl,0.0
SHF-004,control_10,RE_R1b,0.0
SHF-004,control_10,RE_R1l,0.0
SHF-004,control_10,RE_Sb,0.0
SHF-004,control_10,RE_Sl,0.0
SHF-004,control_10,T1_1,0.0
SHF-004,control_10,T1_2,0.0
SHF-004,control_10,t1_MOLLI,0.0
SHF-004,control_10,t2_MOLLI,0.0
SHF-004,control_15,BAT,0.0477553130185729
SHF-004,control_15,CO,0.9653503730666376
SHF-004,control_15,Thl,4.711872350059954
SHF-004,control_15,Dhl,13.313310297613276
SHF-004,control_15,To,3.1224004531660263
SHF-004,control_15,Eo,1.3743123151610657
SHF-004,control_15,Toe,1.4626008289130752
SHF-004,control_15,Eb,2.9005778572878738
SHF-004,control_15,H,0.0
SHF-004,control_15,ve,4.308311375641197
SHF-004,control_15,Te,9.445581757215455
SHF-004,control_15,De,9.044842624459001
SHF-004,control_15,khe,1.6507859929442812
SHF-004,control_15,Th,35.04052759306397
SHF-004,control_15,Kbh,0.0
SHF-004,control_15,Khe,0.0
SHF-004,control_15,kbh,0.0
SHF-004,control_15,CL,0.0
SHF-004,control_15,AUC_Cb,0.0
SHF-004,control_15,AUC_Cl,0.0
SHF-004,control_15,AUC35_Cb,0.0
SHF-004,control_15,AUC35_Cl,0.0
SHF-004,control_15,RE_R1b,0.0
SHF-004,control_15,RE_R1l,0.0
SHF-004,control_15,RE_Sb,0.0
SHF-004,control_15,RE_Sl,0.0
SHF-004,control_15,T1_1,0.0
SHF-004,control_15,T1_2,0.0
SHF-004,control_15,t1_MOLLI,0.0
SHF-004,control_15,t2_MOLLI,0.0
SHF-004,control_20,BAT,0.06134471871933998
SHF-004,control_20,CO,1.2980300563690836
SHF-004,control_20,Thl,4.67642018144577
SHF-004,control_20,Dhl,19.955874914141074
SHF-004,control_20,To,2.756836528918475
SHF-004,control_20,Eo,1.9528838483108653
SHF-004,control_20,Toe,0.9984771532227865
SHF-004,control_20,Eb,1.8643093680356229
SHF-004,control_20,H,0.0
SHF-004,control_20,ve,3.800583708077211
SHF-004,control_20,Te,8.738170940203503
SHF-004,control_20,De,8.755147706530568
SHF-004,control_20,khe,1.1553086574202678
SHF-004,control_20,Th,14.04238684413935
SHF-004,control_20,Kbh,0.0
SHF-004,control_20,Khe,0.0
SHF-004,control_20,kbh,0.0
SHF-004,control_20,CL,0.0
SHF-004,control_20,AUC_Cb,0.0
SHF-004,control_20,AUC_Cl,0.0
SHF-004,control_20,AUC35_Cb,0.0
SHF-004,control_20,AUC35_Cl,0.0
SHF-004,control_20,RE_R1b,0.0
SHF-004,control_20,RE_R1l,0.0
SHF-004,control_20,RE_Sb,0.0
SHF-004,control_20,RE_Sl,0.0
SHF-004,control_20,T1_1,0.0
SHF-004,control_20,T1_2,0.0
SHF-004,control_20,t1_MOLLI,0.0
SHF-004,control_20,t2_MOLLI,0.0
SHF-004,control_25,BAT,0.07624180620541782
SHF-004,control_25,CO,1.1779998109828655
SHF-004,control_25,Thl,6.105563985487955
SHF-004,control_25,Dhl,13.93556928680435
SHF-004,control_25,To,2.959371413165484
SHF-004,control_25,Eo,2.9021229685391297
SHF-004,control_25,Toe,0.8605373641347579
SHF-004,control_25,Eb,1.6090436535645765
SHF-004,control_25,H,0.0
SHF-004,control_25,ve,3.428085493339107
SHF-004,control_25,Te,8.179910748504323
SHF-004,control_25,De,8.705573895898276
SHF-004,control_25,khe,0.8850561358254323
SHF-004,control_25,Th,8.954480361828827
SHF-004,control_25,Kbh,0.0
SHF-004,control_25,Khe,0.0
SHF-004,control_25,kbh,0.0
SHF-004,control_25,CL,0.0
SHF-004,control_25,AUC_Cb,0.0
SHF-004,control_25,AUC_Cl,0.0
SHF-004,control_25,AUC35_Cb,0.0
SHF-004,control_25,AUC35_Cl,0.0
SHF-004,control_25,RE_R1b,0.0
SHF-004,control_25,RE_R1l,0.0
SHF-004,control_25,RE_Sb,0.0
SHF-004,control_25,RE_Sl,0.0
SHF-004,control_25,T1_1,0.0
SHF-004,control_25,T1_2,0.0
SHF-004,control_25,t1_MOLLI,0.0
SHF-004,control_25,t2_MOLLI,0.0
SHF-004,control_30,BAT,0.04745849294363461
SHF-004,control_30,CO,0.6991771085657729
SHF-004,control_30,Thl,4.506511398442018
SHF-004,control_30,Dhl,8.808187933260978
SHF-004,control_30,To,2.817232767168644
SHF-004,control_30,Eo,1.7888952683815122
SHF-004,control_30,Toe,0.733268038042328
SHF-004,control_30,Eb,0.929422825369076
SHF-004,control_30,H,0.0
SHF-004,control_30,ve,3.0770503776590763
SHF-004,control_30,Te,7.300118468147907
SHF-004,control_30,De,9.791398350968883
SHF-004,control_30,khe,0.7555659566500709
SHF-004,control_30,Th,3.8601769778253554
SHF-004,control_30,Kbh,0.0
SHF-004,control_30,Khe,0.0
SHF-004,control_30,kbh,0.0
SHF-004,control_30,CL,0.0
SHF-004,control_30,AUC_Cb,0.0
SHF-004,control_30,AUC_Cl,0.0
SHF-004,control_30,AUC35_Cb,0.0
SHF-004,control_30,AUC35_Cl,0.0
SHF-004,control_30,RE_R1b,0.0
SHF-004,control_30,RE_R1l,0.0
SHF-004,control_30,RE_Sb,0.0
SHF-004,control_30,RE_Sl,0.0
SHF-004,control_30,T1_1,0.0
SHF-004,control_30,T1_2,0.0
SHF-004,control_30,t1_MOLLI,0.0
SHF-004,control_30,t2_MOLLI,0.0
SHF-004,control_35,BAT,0.09166456781892716
SHF-004,control_35,CO,1.3932637663865675
SHF-004,control_35,Thl,5.734034776523138
SHF-004,control_35,Dhl,12.95196715697087
SHF-004,control_35,To,2.2058583242572807
SHF-004,control_35,Eo,2.7773350086104593
SHF-004,control_35,Toe,1.022713895625126
SHF-004,control_35,Eb,1.4777916502248019
SHF-004,control_35,H,0.0
SHF-004,control_35,ve,3.08826124041795
SHF-004,control_35,Te,7.472099320129006
SHF-004,control_35,De,10.78275299722444
SHF-004,control_35,khe,0.7275007470635518
SHF-004,control_35,Th,2.9694812418522463
SHF-004,control_35,Kbh,0.0
SHF-004,control_35,Khe,0.0
SHF-004,control_35,kbh,0.0
SHF-004,control_35,CL,0.0
SHF-004,control_35,AUC_Cb,0.0
SHF-004,control_35,AUC_Cl,0.0
SHF-004,control_35,AUC35_Cb,0.0
SHF-004,control_35,AUC35_Cl,0.0
SHF-004,control_35,RE_R1b,0.0
SHF-004,control_35,RE_R1l,0.0
SHF-004,control_35,RE_Sb,0.0
SHF-004,control_35,RE_Sl,0.0
SHF-004,control_35,T1_1,0.0
SHF-004,control_35,T1_2,0.0
SHF-004,control_35,t1_MOLLI,0.0
SHF-004,control_35,t2_MOLLI,0.0
SHF-004,control_40,BAT,0.0281360117723827
SHF-004,control_40,CO,0.5845348429262847
SHF-004,control_40,Thl,2.0090675168524257
SHF-004,control_40,Dhl,4.735935873197558
SHF-004,control_40,To,2.0800452637221736
SHF-004,control_40,Eo,1.3048705659947344
SHF-004,control_40,Toe,0.5647821759734519
SHF-004,control_40,Eb,0.5723889810278695
SHF-004,control_40,H,0.0
SHF-004,control_40,ve,2.9901562430361674
SHF-004,control_40,Te,7.235049599662901
SHF-004,control_40,De,9.880414687924487
SHF-004,control_40,khe,0.6557254073833093
SHF-004,control_40,Th,2.2481180593750727
SHF-004,control_40,Kbh,0.0
SHF-004,control_40,Khe,0.0
SHF-004,control_40,kbh,0.0
SHF-004,control_40,CL,0.0
SHF-004,control_40,AUC_Cb,0.0
SHF-004,control_40,AUC_Cl,0.0
SHF-004,control_40,AUC35_Cb,0.0
SHF-004,control_40,AUC35_Cl,0.0
SHF-004,control_40,RE_R1b,0.0
SHF-004,control_40,RE_R1l,0.0
SHF-004,control_40,RE_Sb,0.0
SHF-004,control_40,RE_Sl,0.0
SHF-004,control_40,T1_1,0.0
SHF-004,control_40,T1_2,0.0
SHF-004,control_40,t1_MOLLI,0.0
SHF-004,control_40,t2_MOLLI,0.0
SHF-004,drug_05,BAT,0.01747193446549396
SHF-004,drug_05,CO,0.2790986255516005
SHF-004,drug_05,Thl,1.3265559318605176
SHF-004,drug_05,Dhl,2.193670110100004
SHF-004,drug_05,To,3.0433864701387265
SHF-004,drug_05,Eo,9.813906779096094
SHF-004,drug_05,Toe,0.20721607233794195
SHF-004,drug_05,Eb,1.9435470355789453
SHF-004,drug_05,H,0.0
SHF-004,drug_05,ve,272.84988484148226
SHF-004,drug_05,Te,11.448358400043237
SHF-004,drug_05,De,11.309112463496582
SHF-004,drug_05,khe,11.007180122801834
SHF-004,drug_05,Th,2516603.418351495
SHF-004,drug_05,Kbh,0.0
SHF-004,drug_05,Khe,0.0
SHF-004,drug_05,kbh,0.0
SHF-004,drug_05,CL,0.0
SHF-004,drug_05,AUC_Cb,0.0
SHF-004,drug_05,AUC_Cl,0.0
SHF-004,drug_05,AUC35_Cb,0.0
SHF-004,drug_05,AUC35_Cl,0.0
SHF-004,drug_05,RE_R1b,0.0
SHF-004,drug_05,RE_R1l,0.0
SHF-004,drug_05,RE_Sb,0.0
SHF-004,drug_05,RE_Sl,0.0
SHF-004,drug_05,T1_1,0.0
SHF-004,drug_05,T1_2,0.0
SHF-004,drug_05,t1_MOLLI,0.0
SHF-004,drug_05,t2_MOLLI,0.0
SHF-004,drug_10,BAT,0.013265912567598358
SHF-004,drug_10,CO,0.20469064950226518
SHF-004,drug_10,Thl,0.9998653830772729
SHF-004,drug_10,Dhl,1.6737411893299803
SHF-004,drug_10,To,1.6115941239244738
SHF-004,drug_10,Eo,1.7507133448048355
SHF-004,drug_10,Toe,0.6156437727563204
SHF-004,drug_10,Eb,1.4775077345401217
SHF-004,drug_10,H,0.0
SHF-004,drug_10,ve,5.994685343050615
SHF-004,drug_10,Te,4.53763931882065
SHF-004,drug_10,De,6.865727760156826
SHF-004,drug_10,khe,1.7574103087892212
SHF-004,drug_10,Th,43710.42602354832
SHF-004,drug_10,Kbh,0.0
SHF-004,drug_10,Khe,0.0
SHF-004,drug_10,kbh,0.0
SHF-004,drug_10,CL,0.0
SHF-004,drug_10,AUC_Cb,0.0
SHF-004,drug_10,AUC_Cl,0.0
SHF-004,drug_10,AUC35_Cb,0.0
SHF-004,drug_10,AUC35_Cl,0.0
SHF-004,drug_10,RE_R1b,0.0
SHF-004,drug_10,RE_R1l,0.0
SHF-004,drug_10,RE_Sb,0.0
SHF-004,drug_10,RE_Sl,0.0
SHF-004,drug_10,T1_1,0.0
SHF-004,drug_10,T1_2,0.0
SHF-004,drug_10,t1_MOLLI,0.0
SHF-004,drug_10,t2_MOLLI,0.0
SHF-004,drug_15,BAT,0.02820885319020945
SHF-004,drug_15,CO,0.5714030124203106
SHF-004,drug_15,Thl,2.30545133767996
SHF-004,drug_15,Dhl,13.718479737975722
SHF-004,drug_15,To,1.5523795645629914
SHF-004,drug_15,Eo,0.7797038247258429
SHF-004,drug_15,Toe,1.393764335333593
SHF-004,drug_15,Eb,1.8012053708848583
SHF-004,drug_15,H,0.0
SHF-004,drug_15,ve,2.5687100523384374
SHF-004,drug_15,Te,3.7461659083442274
SHF-004,drug_15,De,5.882487674256828
SHF-004,drug_15,khe,0.828223635359044
SHF-004,drug_15,Th,13300.422950920263
SHF-004,drug_15,Kbh,0.0
SHF-004,drug_15,Khe,0.0
SHF-004,drug_15,kbh,0.0
SHF-004,drug_15,CL,0.0
SHF-004,drug_15,AUC_Cb,0.0
SHF-004,drug_15,AUC_Cl,0.0
SHF-004,drug_15,AUC35_Cb,0.0
SHF-004,drug_15,AUC35_Cl,0.0
SHF-004,drug_15,RE_R1b,0.0
SHF-004,drug_15,RE_R1l,0.0
SHF-004,drug_15,RE_Sb,0.0
SHF-004,drug_15,RE_Sl,0.0
SHF-004,drug_15,T1_1,0.0
SHF-004,drug_15,T1_2,0.0
SHF-004,drug_15,t1_MOLLI,0.0
SHF-004,drug_15,t2_MOLLI,0.0
SHF-004,drug_20,BAT,0.00551788337623837
SHF-004,drug_20,CO,0.26967748178166684
SHF-004,drug_20,Thl,0.4778056811510471
SHF-004,drug_20,Dhl,3.5398453046702403
SHF-004,drug_20,To,1.2651933253090109
SHF-004,drug_20,Eo,0.5691136840638488
SHF-004,drug_20,Toe,0.7312996159847652
SHF-004,drug_20,Eb,0.5614372224990118
SHF-004,drug_20,H,0.0
SHF-004,drug_20,ve,1.657036193338945
SHF-004,drug_20,Te,3.247874649598831
SHF-004,drug_20,De,5.551758938497121
SHF-004,drug_20,khe,0.5061466129422214
SHF-004,drug_20,Th,5812.294188969512
SHF-004,drug_20,Kbh,0.0
SHF-004,drug_20,Khe,0.0
SHF-004,drug_20,kbh,0.0
SHF-004,drug_20,CL,0.0
SHF-004,drug_20,AUC_Cb,0.0
SHF-004,drug_20,AUC_Cl,0.0
SHF-004,drug_20,AUC35_Cb,0.0
SHF-004,drug_20,AUC35_Cl,0.0
SHF-004,drug_20,RE_R1b,0.0
SHF-004,drug_20,RE_R1l,0.0
SHF-004,drug_20,RE_Sb,0.0
SHF-004,drug_20,RE_Sl,0.0
SHF-004,drug_20,T1_1,0.0
SHF-004,drug_20,T1_2,0.0
SHF-004,drug_20,t1_MOLLI,0.0
SHF-004,drug_20,t2_MOLLI,0.0
SHF-004,drug_25,BAT,0.017308161270242654
SHF-004,drug_25,CO,0.37184298999176957
SHF-004,drug_25,Thl,1.4314887097565665
SHF-004,drug_25,Dhl,5.071927707579845
SHF-004,drug_25,To,1.100617845388855
SHF-004,drug_25,Eo,0.6851254952142973
SHF-004,drug_25,Toe,0.6234292067448841
SHF-004,drug_25,Eb,0.49602146761456484
SHF-004,drug_25,H,0.0
SHF-004,drug_25,ve,1.0778939062438149
SHF-004,drug_25,Te,3.0303000775218316
SHF-004,drug_25,De,5.32469015249242
SHF-004,drug_25,khe,0.38212796274888366
SHF-004,drug_25,Th,112.81037763873978
SHF-004,drug_25,Kbh,0.0
SHF-004,drug_25,Khe,0.0
SHF-004,drug_25,kbh,0.0
SHF-004,drug_25,CL,0.0
SHF-004,drug_25,AUC_Cb,0.0
SHF-004,drug_25,AUC_Cl,0.0
SHF-004,drug_25,AUC35_Cb,0.0
SHF-004,drug_25,AUC35_Cl,0.0
SHF-004,drug_25,RE_R1b,0.0
SHF-004,drug_25,RE_R1l,0.0
SHF-004,drug_25,RE_Sb,0.0
SHF-004,drug_25,RE_Sl,0.0
SHF-004,drug_25,T1_1,0.0
SHF-004,drug_25,T1_2,0.0
SHF-004,drug_25,t1_MOLLI,0.0
SHF-004,drug_25,t2_MOLLI,0.0
SHF-004,drug_30,BAT,0.01748649786253061
SHF-004,drug_30,CO,0.3872676761075005
SHF-004,drug_30,Thl,1.6467846962596344
SHF-004,drug_30,Dhl,6.119998819518001
SHF-004,drug_30,To,1.3326459584623649
SHF-004,drug_30,Eo,0.8485145264545746
SHF-004,drug_30,Toe,0.5156177264723605
SHF-004,drug_30,Eb,0.45107675233853584
SHF-004,drug_30,H,0.0
SHF-004,drug_30,ve,1.1745684841610449
SHF-004,drug_30,Te,3.0438942990086817
SHF-004,drug_30,De,5.421797719367897
SHF-004,drug_30,khe,0.28547408581520756
SHF-004,drug_30,Th,2188.2334630789805
SHF-004,drug_30,Kbh,0.0
SHF-004,drug_30,Khe,0.0
SHF-004,drug_30,kbh,0.0
SHF-004,drug_30,CL,0.0
SHF-004,drug_30,AUC_Cb,0.0
SHF-004,drug_30,AUC_Cl,0.0
SHF-004,drug_30,AUC35_Cb,0.0
SHF-004,drug_30,AUC35_Cl,0.0
SHF-004,drug_30,RE_R1b,0.0
SHF-004,drug_30,RE_R1l,0.0
SHF-004,drug_30,RE_Sb,0.0
SHF-004,drug_30,RE_Sl,0.0
SHF-004,drug_30,T1_1,0.0
SHF-004,drug_30,T1_2,0.0
SHF-004,drug_30,t1_MOLLI,0.0
SHF-004,drug_30,t2_MOLLI,0.0
SHF-004,drug_35,BAT,0.004583911804909433
SHF-004,drug_35,CO,0.20473434290217574
SHF-004,drug_35,Thl,0.40500883056112025
SHF-004,drug_35,Dhl,2.471531928593341
SHF-004,drug_35,To,1.288783356172014
SHF-004,drug_35,Eo,0.677148854560565
SHF-004,drug_35,Toe,0.40175549969362984
SHF-004,drug_35,Eb,0.22595737227911247
SHF-004,drug_35,H,0.0
SHF-004,drug_35,ve,1.0714440373807919
SHF-004,drug_35,Te,2.96633591447716
SHF-004,drug_35,De,5.373168694861618
SHF-004,drug_35,khe,0.231591128584239
SHF-004,drug_35,Th,1518.5285198164395
SHF-004,drug_35,Kbh,0.0
SHF-004,drug_35,Khe,0.0
SHF-004,drug_35,kbh,0.0
SHF-004,drug_35,CL,0.0
SHF-004,drug_35,AUC_Cb,0.0
SHF-004,drug_35,AUC_Cl,0.0
SHF-004,drug_35,AUC35_Cb,0.0
SHF-004,drug_35,AUC35_Cl,0.0
SHF-004,drug_35,RE_R1b,0.0
SHF-004,drug_35,RE_R1l,0.0
SHF-004,drug_35,RE_Sb,0.0
SHF-004,drug_35,RE_Sl,0.0
SHF-004,drug_35,T1_1,0.0
SHF-004,drug_35,T1_2,0.0
SHF-004,drug_35,t1_MOLLI,0.0
SHF-004,drug_35,t2_MOLLI,0.0
SHF-004,drug_40,BAT,0.025096542712778374
SHF-004,drug_40,CO,0.3374032022501597
SHF-004,drug_40,Thl,2.023373640077896
SHF-004,drug_40,Dhl,3.6687603902332735
SHF-004,drug_40,To,1.2114889142277316
SHF-004,drug_40,Eo,0.7831042509648299
SHF-004,drug_40,Toe,0.5361963925545284
SHF-004,drug_40,Eb,0.32318306224255827
SHF-004,drug_40,H,0.0
SHF-004,drug_40,ve,0.869803721000139
SHF-004,drug_40,Te,2.8924743470923833
SHF-004,drug_40,De,5.258382444764041
SHF-004,drug_40,khe,0.19870659752018227
SHF-004,drug_40,Th,307.88566260032144
SHF-004,drug_40,Kbh,0.0
SHF-004,drug_40,Khe,0.0
SHF-004,drug_40,kbh,0.0
SHF-004,drug_40,CL,0.0
SHF-004,drug_40,AUC_Cb,0.0
SHF-004,drug_40,AUC_Cl,0.0
SHF-004,drug_40,AUC35_Cb,0.0
SHF-004,drug_40,AUC35_Cl,0.0
SHF-004,drug_40,RE_R1b,0.0
SHF-004,drug_40,RE_R1l,0.0
SHF-004,drug_40,RE_Sb,0.0
SHF-004,drug_40,RE_Sl,0.0
SHF-004,drug_40,T1_1,0.0
SHF-004,drug_40,T1_2,0.0
SHF-004,drug_40,t1_MOLLI,0.0
SHF-004,drug_40,t2_MOLLI,0.0
SHF-005,control_05,BAT,0.04102349030917048
SHF-005,control_05,CO,0.27724581792839936
SHF-005,control_05,Thl,3.0622712907402505
SHF-005,control_05,Dhl,17.528086834946837
SHF-005,control_05,To,29.3479870935562
SHF-005,control_05,Eo,34.818251999117464
SHF-005,control_05,Toe,2.05736688483559
SHF-005,control_05,Eb,12.342669193756448
SHF-005,control_05,H,0.0
SHF-005,control_05,ve,27.26668458983238
SHF-005,control_05,Te,48.72473886594961
SHF-005,control_05,De,27.3550769934038
SHF-005,control_05,khe,30.824278243522777
SHF-005,control_05,Th,420.35476463586997
SHF-005,control_05,Kbh,0.0
SHF-005,control_05,Khe,0.0
SHF-005,control_05,kbh,0.0
SHF-005,control_05,CL,0.0
SHF-005,control_05,AUC_Cb,0.0
SHF-005,control_05,AUC_Cl,0.0
SHF-005,control_05,AUC35_Cb,0.0
SHF-005,control_05,AUC35_Cl,0.0
SHF-005,control_05,RE_R1b,0.0
SHF-005,control_05,RE_R1l,0.0
SHF-005,control_05,RE_Sb,0.0
SHF-005,control_05,RE_Sl,0.0
SHF-005,control_05,T1_1,0.0
SHF-005,control_05,T1_2,0.0
SHF-005,control_05,t1_MOLLI,0.0
SHF-005,control_05,t2_MOLLI,0.0
SHF-005,control_10,BAT,0.021056275261835896
SHF-005,control_10,CO,0.14167610433088731
SHF-005,control_10,Thl,1.5483549117274498
SHF-005,control_10,Dhl,7.335182739569006
SHF-005,control_10,To,7.919896066851041
SHF-005,control_10,Eo,6.607695496229299
SHF-005,control_10,Toe,1.1692354606087205
SHF-005,control_10,Eb,2.7334871665663334
SHF-005,control_10,H,0.0
SHF-005,control_10,ve,5.87900558548777
SHF-005,control_10,Te,12.944613132897324
SHF-005,control_10,De,10.303975553543687
SHF-005,control_10,khe,3.3108890998170137
SHF-005,control_10,Th,107.93468998436903
SHF-005,control_10,Kbh,0.0
SHF-005,control_10,Khe,0.0
SHF-005,control_10,kbh,0.0
SHF-005,control_10,CL,0.0
SHF-005,control_10,AUC_Cb,0.0
SHF-005,control_10,AUC_Cl,0.0
SHF-005,control_10,AUC35_Cb,0.0
SHF-005,control_10,AUC35_Cl,0.0
SHF-005,control_10,RE_R1b,0.0
SHF-005,control_10,RE_R1l,0.0
SHF-005,control_10,RE_Sb,0.0
SHF-005,control_10,RE_Sl,0.0
SHF-005,control_10,T1_1,0.0
SHF-005,control_10,T1_2,0.0
SHF-005,control_10,t1_MOLLI,0.0
SHF-005,control_10,t2_MOLLI,0.0
SHF-005,control_15,BAT,0.01636541881174142
SHF-005,control_15,CO,0.1155508333303284
SHF-005,control_15,Thl,1.182940669909723
SHF-005,control_15,Dhl,5.948756807455593
SHF-005,control_15,To,4.3026429960270045
SHF-005,control_15,Eo,3.1744111722220225
SHF-005,control_15,Toe,0.7903495077943725
SHF-005,control_15,Eb,1.1717795551134254
SHF-005,control_15,H,0.0
SHF-005,control_15,ve,3.972586978675113
SHF-005,control_15,Te,10.016933627265978
SHF-005,control_15,De,6.600981832675734
SHF-005,control_15,khe,1.4738689359217352
SHF-005,control_15,Th,1115.1652991863307
SHF-005,control_15,Kbh,0.0
SHF-005,control_15,Khe,0.0
SHF-005,control_15,kbh,0.0
SHF-005,control_15,CL,0.0
SHF-005,control_15,AUC_Cb,0.0
SHF-005,control_15,AUC_Cl,0.0
SHF-005,control_15,AUC35_Cb,0.0
SHF-005,control_15,AUC35_Cl,0.0
SHF-005,control_15,RE_R1b,0.0
SHF-005,control_15,RE_R1l,0.0
SHF-005,control_15,RE_Sb,0.0
SHF-005,control_15,RE_Sl,0.0
SHF-005,control_15,T1_1,0.0
SHF-005,control_15,T1_2,0.0
SHF-005,control_15,t1_MOLLI,0.0
SHF-005,control_15,t2_MOLLI,0.0
SHF-005,control_20,BAT,0.027584739351163682
SHF-005,control_20,CO,0.13885091837354152
SHF-005,control_20,Thl,1.9764948317290587
SHF-005,control_20,Dhl,8.75797670353724
SHF-005,control_20,To,3.219400395583008
SHF-005,control_20,Eo,2.19882346766767
SHF-005,control_20,Toe,0.5962313276166971
SHF-005,control_20,Eb,0.9204697309450122
SHF-005,control_20,H,0.0
SHF-005,control_20,ve,3.090559837827055
SHF-005,control_20,Te,7.769171026988911
SHF-005,control_20,De,6.355069309462424
SHF-005,control_20,khe,0.9141718523834662
SHF-005,control_20,Th,65.74567345026834
SHF-005,control_20,Kbh,0.0
SHF-005,control_20,Khe,0.0
SHF-005,control_20,kbh,0.0
SHF-005,control_20,CL,0.0
SHF-005,control_20,AUC_Cb,0.0
SHF-005,control_20,AUC_Cl,0.0
SHF-005,control_20,AUC35_Cb,0.0
SHF-005,control_20,AUC35_Cl,0.0
SHF-005,control_20,RE_R1b,0.0
SHF-005,control_20,RE_R1l,0.0
SHF-005,control_20,RE_Sb,0.0
SHF-005,control_20,RE_Sl,0.0
SHF-005,control_20,T1_1,0.0
SHF-005,control_20,T1_2,0.0
SHF-005,control_20,t1_MOLLI,0.0
SHF-005,control_20,t2_MOLLI,0.0
SHF-005,control_25,BAT,0.010587622963711655
SHF-005,control_25,CO,0.07661231429466106
SHF-005,control_25,Thl,0.8226463024010037
SHF-005,control_25,Dhl,2.087820165092335
SHF-005,control_25,To,2.56384855706304
SHF-005,control_25,Eo,1.3871332725722976
SHF-005,control_25,Toe,0.7108494601761903
SHF-005,control_25,Eb,0.6533762375780827
SHF-005,control_25,H,0.0
SHF-005,control_25,ve,2.4512661323011753
SHF-005,control_25,Te,6.219797176518643
SHF-005,control_25,De,6.672015834090231
SHF-005,control_25,khe,0.667936650642808
SHF-005,control_25,Th,16.120803067367554
SHF-005,control_25,Kbh,0.0
SHF-005,control_25,Khe,0.0
SHF-005,control_25,kbh,0.0
SHF-005,control_25,CL,0.0
SHF-005,control_25,AUC_Cb,0.0
SHF-005,control_25,AUC_Cl,0.0
SHF-005,control_25,AUC35_Cb,0.0
SHF-005,control_25,AUC35_Cl,0.0
SHF-005,control_25,RE_R1b,0.0
SHF-005,control_25,RE_R1l,0.0
SHF-005,control_25,RE_Sb,0.0
SHF-005,control_25,RE_Sl,0.0
SHF-005,control_25,T1_1,0.0
SHF-005,control_25,T1_2,0.0
SHF-005,control_25,t1_MOLLI,0.0
SHF-005,control_25,t2_MOLLI,0.0
SHF-005,control_30,BAT,0.01908537792017637
SHF-005,control_30,CO,0.09816518612237311
SHF-005,control_30,Thl,1.3653989655373262
SHF-005,control_30,Dhl,4.204538336629207
SHF-005,control_30,To,2.2294209610499522
SHF-005,control_30,Eo,1.4785925521975114
SHF-005,control_30,Toe,0.42440759881466356
SHF-005,control_30,Eb,0.5122443168264627
SHF-005,control_30,H,0.0
SHF-005,control_30,ve,2.4031719691159865
SHF-005,control_30,Te,6.25461046309846
SHF-005,control_30,De,6.05855831853953
SHF-005,control_30,khe,0.5733675600776114
SHF-005,control_30,Th,12.893609073411353
SHF-005,control_30,Kbh,0.0
SHF-005,control_30,Khe,0.0
SHF-005,control_30,kbh,0.0
SHF-005,control_30,CL,0.0
SHF-005,control_30,AUC_Cb,0.0
SHF-005,control_30,AUC_Cl,0.0
SHF-005,control_30,AUC35_Cb,0.0
SHF-005,control_30,AUC35_Cl,0.0
SHF-005,control_30,RE_R1b,0.0
SHF-005,control_30,RE_R1l,0.0
SHF-005,control_30,RE_Sb,0.0
SHF-005,control_30,RE_Sl,0.0
SHF-005,control_30,T1_1,0.0
SHF-005,control_30,T1_2,0.0
SHF-005,control_30,t1_MOLLI,0.0
SHF-005,control_30,t2_MOLLI,0.0
SHF-005,control_35,BAT,0.01413232369510287
SHF-005,control_35,CO,0.07206456570089377
SHF-005,control_35,Thl,1.036388103717719
SHF-005,control_35,Dhl,1.8256191698212025
SHF-005,control_35,To,1.9138548267844473
SHF-005,control_35,Eo,1.1151731359675536
SHF-005,control_35,Toe,0.4763901277980922
SHF-005,control_35,Eb,0.4233684878418455
SHF-005,control_35,H,0.0
SHF-005,control_35,ve,2.075611681076666
SHF-005,control_35,Te,5.308904202752256
SHF-005,control_35,De,6.206168656793631
SHF-005,control_35,khe,0.4893468917480834
SHF-005,control_35,Th,7.696525891455173
SHF-005,control_35,Kbh,0.0
SHF-005,control_35,Khe,0.0
SHF-005,control_35,kbh,0.0
SHF-005,control_35,CL,0.0
SHF-005,control_35,AUC_Cb,0.0
SHF-005,control_35,AUC_Cl,0.0
SHF-005,control_35,AUC35_Cb,0.0
SHF-005,control_35,AUC35_Cl,0.0
SHF-005,control_35,RE_R1b,0.0
SHF-005,control_35,RE_R1l,0.0
SHF-005,control_35,RE_Sb,0.0
SHF-005,control_35,RE_Sl,0.0
SHF-005,control_35,T1_1,0.0
SHF-005,control_35,T1_2,0.0
SHF-005,control_35,t1_MOLLI,0.0
SHF-005,control_35,t2_MOLLI,0.0
SHF-005,control_40,BAT,0.011465537448500157
SHF-005,control_40,CO,0.05854416291307235
SHF-005,control_40,Thl,0.8428199560811919
SHF-005,control_40,Dhl,1.4095060431802875
SHF-005,control_40,To,1.8936381033680276
SHF-005,control_40,Eo,0.8329849308279045
SHF-005,control_40,Toe,0.6562497610722539
SHF-005,control_40,Eb,0.4198883039579074
SHF-005,control_40,H,0.0
SHF-005,control_40,ve,1.9476866861309374
SHF-005,control_40,Te,5.079987908938058
SHF-005,control_40,De,6.356392217906494
SHF-005,control_40,khe,0.43309970803930886
SHF-005,control_40,Th,5.769693710676007
SHF-005,control_40,Kbh,0.0
SHF-005,control_40,Khe,0.0
SHF-005,control_40,kbh,0.0
SHF-005,control_40,CL,0.0
SHF-005,control_40,AUC_Cb,0.0
SHF-005,control_40,AUC_Cl,0.0
SHF-005,control_40,AUC35_Cb,0.0
SHF-005,control_40,AUC35_Cl,0.0
SHF-005,control_40,RE_R1b,0.0
SHF-005,control_40,RE_R1l,0.0
SHF-005,control_40,RE_Sb,0.0
SHF-005,control_40,RE_Sl,0.0
SHF-005,control_40,T1_1,0.0
SHF-005,control_40,T1_2,0.0
SHF-005,control_40,t1_MOLLI,0.0
SHF-005,control_40,t2_MOLLI,0.0
SHF-005,drug_05,BAT,0.11729252400666258
SHF-005,drug_05,CO,3.5159751682915594
SHF-005,drug_05,Thl,8.087401775729022
SHF-005,drug_05,Dhl,9.925424237313974
SHF-005,drug_05,To,6.214627545125304
SHF-005,drug_05,Eo,10.799197611492826
SHF-005,drug_05,Toe,1.4796871810820647
SHF-005,drug_05,Eb,28.967165113606043
SHF-005,drug_05,H,0.0
SHF-005,drug_05,ve,501.77641601431253
SHF-005,drug_05,Te,74.69240298989905
SHF-005,drug_05,De,31.468541168565594
SHF-005,drug_05,khe,57.95320564119987
SHF-005,drug_05,Th,25520893.092587244
SHF-005,drug_05,Kbh,0.0
SHF-005,drug_05,Khe,0.0
SHF-005,drug_05,kbh,0.0
SHF-005,drug_05,CL,0.0
SHF-005,drug_05,AUC_Cb,0.0
SHF-005,drug_05,AUC_Cl,0.0
SHF-005,drug_05,AUC35_Cb,0.0
SHF-005,drug_05,AUC35_Cl,0.0
SHF-005,drug_05,RE_R1b,0.0
SHF-005,drug_05,RE_R1l,0.0
SHF-005,drug_05,RE_Sb,0.0
SHF-005,drug_05,RE_Sl,0.0
SHF-005,drug_05,T1_1,0.0
SHF-005,drug_05,T1_2,0.0
SHF-005,drug_05,t1_MOLLI,0.0
SHF-005,drug_05,t2_MOLLI,0.0
SHF-005,drug_10,BAT,0.08218817618251933
SHF-005,drug_10,CO,0.72753020679535
SHF-005,drug_10,Thl,6.158189120436685
SHF-005,drug_10,Dhl,18.651170607157077
SHF-005,drug_10,To,5.204419601154578
SHF-005,drug_10,Eo,8.094779416780874
SHF-005,drug_10,Toe,0.3889973772663058
SHF-005,drug_10,Eb,3.2286567946929976
SHF-005,drug_10,H,0.0
SHF-005,drug_10,ve,12.835138888858308
SHF-005,drug_10,Te,10.799976723821725
SHF-005,drug_10,De,9.323241758716765
SHF-005,drug_10,khe,3.5531900459406516
SHF-005,drug_10,Th,50460.01337299622
SHF-005,drug_10,Kbh,0.0
SHF-005,drug_10,Khe,0.0
SHF-005,drug_10,kbh,0.0
SHF-005,drug_10,CL,0.0
SHF-005,drug_10,AUC_Cb,0.0
SHF-005,drug_10,AUC_Cl,0.0
SHF-005,drug_10,AUC35_Cb,0.0
SHF-005,drug_10,AUC35_Cl,0.0
SHF-005,drug_10,RE_R1b,0.0
SHF-005,drug_10,RE_R1l,0.0
SHF-005,drug_10,RE_Sb,0.0
SHF-005,drug_10,RE_Sl,0.0
SHF-005,drug_10,T1_1,0.0
SHF-005,drug_10,T1_2,0.0
SHF-005,drug_10,t1_MOLLI,0.0
SHF-005,drug_10,t2_MOLLI,0.0
SHF-005,drug_15,BAT,0.12646905169721664
SHF-005,drug_15,CO,0.6180985212923499
SHF-005,drug_15,Thl,9.67131912241919
SHF-005,drug_15,Dhl,20.10906641345973
SHF-005,drug_15,To,6.012698318734231
SHF-005,drug_15,Eo,4.652413099702035
SHF-005,drug_15,Toe,1.0586160636151891
SHF-005,drug_15,Eb,3.691983532708699
SHF-005,drug_15,H,0.0
SHF-005,drug_15,ve,3.01049457401116
SHF-005,drug_15,Te,8.039137024426612
SHF-005,drug_15,De,6.8568376377905205
SHF-005,drug_15,khe,1.5329309029231593
SHF-005,drug_15,Th,1029.2232409872604
SHF-005,drug_15,Kbh,0.0
SHF-005,drug_15,Khe,0.0
SHF-005,drug_15,kbh,0.0
SHF-005,drug_15,CL,0.0
SHF-005,drug_15,AUC_Cb,0.0
SHF-005,drug_15,AUC_Cl,0.0
SHF-005,drug_15,AUC35_Cb,0.0
SHF-005,drug_15,AUC35_Cl,0.0
SHF-005,drug_15,RE_R1b,0.0
SHF-005,drug_15,RE_R1l,0.0
SHF-005,drug_15,RE_Sb,0.0
SHF-005,drug_15,RE_Sl,0.0
SHF-005,drug_15,T1_1,0.0
SHF-005,drug_15,T1_2,0.0
SHF-005,drug_15,t1_MOLLI,0.0
SHF-005,drug_15,t2_MOLLI,0.0
SHF-005,drug_20,BAT,0.03749083856062995
SHF-005,drug_20,CO,0.17476507243790357
SHF-005,drug_20,Thl,2.674004953350087
SHF-005,drug_20,Dhl,5.452130024149011
SHF-005,drug_20,To,4.157575035571488
SHF-005,drug_20,Eo,3.571446025220732
SHF-005,drug_20,Toe,0.31793943732732094
SHF-005,drug_20,Eb,0.7795402165563439
SHF-005,drug_20,H,0.0
SHF-005,drug_20,ve,3.257792468993917
SHF-005,drug_20,Te,7.0183610486114905
SHF-005,drug_20,De,6.013137885044202
SHF-005,drug_20,khe,0.9341308280927026
SHF-005,drug_20,Th,7010.381894279435
SHF-005,drug_20,Kbh,0.0
SHF-005,drug_20,Khe,0.0
SHF-005,drug_20,kbh,0.0
SHF-005,drug_20,CL,0.0
SHF-005,drug_20,AUC_Cb,0.0
SHF-005,drug_20,AUC_Cl,0.0
SHF-005,drug_20,AUC35_Cb,0.0
SHF-005,drug_20,AUC35_Cl,0.0
SHF-005,drug_20,RE_R1b,0.0
SHF-005,drug_20,RE_R1l,0.0
SHF-005,drug_20,RE_Sb,0.0
SHF-005,drug_20,RE_Sl,0.0
SHF-005,drug_20,T1_1,0.0
SHF-005,drug_20,T1_2,0.0
SHF-005,drug_20,t1_MOLLI,0.0
SHF-005,drug_20,t2_MOLLI,0.0
SHF-005,drug_25,BAT,0.04109915329385802
SHF-005,drug_25,CO,0.1503821488812832
SHF-005,drug_25,Thl,3.1848484994038944
SHF-005,drug_25,Dhl,4.5861561517672405
SHF-005,drug_25,To,3.9447165865995872
SHF-005,drug_25,Eo,2.427311021566754
SHF-005,drug_25,Toe,0.4950576339319389
SHF-005,drug_25,Eb,0.782256111672438
SHF-005,drug_25,H,0.0
SHF-005,drug_25,ve,2.406344602404218
SHF-005,drug_25,Te,6.135104583944316
SHF-005,drug_25,De,5.506200937379171
SHF-005,drug_25,khe,0.626190453412356
SHF-005,drug_25,Th,3712.388559822927
SHF-005,drug_25,Kbh,0.0
SHF-005,drug_25,Khe,0.0
SHF-005,drug_25,kbh,0.0
SHF-005,drug_25,CL,0.0
SHF-005,drug_25,AUC_Cb,0.0
SHF-005,drug_25,AUC_Cl,0.0
SHF-005,drug_25,AUC35_Cb,0.0
SHF-005,drug_25,AUC35_Cl,0.0
SHF-005,drug_25,RE_R1b,0.0
SHF-005,drug_25,RE_R1l,0.0
SHF-005,drug_25,RE_Sb,0.0
SHF-005,drug_25,RE_Sl,0.0
SHF-005,drug_25,T1_1,0.0
SHF-005,drug_25,T1_2,0.0
SHF-005,drug_25,t1_MOLLI,0.0
SHF-005,drug_25,t2_MOLLI,0.0
SHF-005,drug_30,BAT,0.031394248730075354
SHF-005,drug_30,CO,0.1417352049552045
SHF-005,drug_30,Thl,2.1568355249588853
SHF-005,drug_30,Dhl,7.5364569006435564
SHF-005,drug_30,To,3.307822381705516
SHF-005,drug_30,Eo,1.0959361642240137
SHF-005,drug_30,Toe,1.0321786889902194
SHF-005,drug_30,Eb,0.8549704915296266
SHF-005,drug_30,H,0.0
SHF-005,drug_30,ve,1.766673910495376
SHF-005,drug_30,Te,5.455702928309531
SHF-005,drug_30,De,5.24342227131313
SHF-005,drug_30,khe,0.4662303966632067
SHF-005,drug_30,Th,324.50329805829466
SHF-005,drug_30,Kbh,0.0
SHF-005,drug_30,Khe,0.0
SHF-005,drug_30,kbh,0.0
SHF-005,drug_30,CL,0.0
SHF-005,drug_30,AUC_Cb,0.0
SHF-005,drug_30,AUC_Cl,0.0
SHF-005,drug_30,AUC35_Cb,0.0
SHF-005,drug_30,AUC35_Cl,0.0
SHF-005,drug_30,RE_R1b,0.0
SHF-005,drug_30,RE_R1l,0.0
SHF-005,drug_30,RE_Sb,0.0
SHF-005,drug_30,RE_Sl,0.0
SHF-005,drug_30,T1_1,0.0
SHF-005,drug_30,T1_2,0.0
SHF-005,drug_30,t1_MOLLI,0.0
SHF-005,drug_30,t2_MOLLI,0.0
SHF-005,drug_35,BAT,0.045133447275417286
SHF-005,drug_35,CO,0.20315525917794247
SHF-005,drug_35,Thl,3.0588923939926107
SHF-005,drug_35,Dhl,16.54063368045161
SHF-005,drug_35,To,3.183726288987412
SHF-005,drug_35,Eo,1.2408953050985938
SHF-005,drug_35,Toe,0.7668198126099668
SHF-005,drug_35,Eb,0.6543319424142352
SHF-005,drug_35,H,0.0
SHF-005,drug_35,ve,1.6479732130776
SHF-005,drug_35,Te,5.243417971734246
SHF-005,drug_35,De,4.961415017438276
SHF-005,drug_35,khe,0.37340608549060833
SHF-005,drug_35,Th,470.2512069920697
SHF-005,drug_35,Kbh,0.0
SHF-005,drug_35,Khe,0.0
SHF-005,drug_35,kbh,0.0
SHF-005,drug_35,CL,0.0
SHF-005,drug_35,AUC_Cb,0.0
SHF-005,drug_35,AUC_Cl,0.0
SHF-005,drug_35,AUC35_Cb,0.0
SHF-005,drug_35,AUC35_Cl,0.0
SHF-005,drug_35,RE_R1b,0.0
SHF-005,drug_35,RE_R1l,0.0
SHF-005,drug_35,RE_Sb,0.0
SHF-005,drug_35,RE_Sl,0.0
SHF-005,drug_35,T1_1,0.0
SHF-005,drug_35,T1_2,0.0
SHF-005,drug_35,t1_MOLLI,0.0
SHF-005,drug_35,t2_MOLLI,0.0
SHF-005,drug_40,BAT,0.015498842774904993
SHF-005,drug_40,CO,0.11044840332751073
SHF-005,drug_40,Thl,0.9725134103833855
SHF-005,drug_40,Dhl,5.453097136104896
SHF-005,drug_40,To,2.9966018708216597
SHF-005,drug_40,Eo,0.9655371051711934
SHF-005,drug_40,Toe,0.6988616996945528
SHF-005,drug_40,Eb,0.4103438298646101
SHF-005,drug_40,H,0.0
SHF-005,drug_40,ve,1.4961539465680775
SHF-005,drug_40,Te,5.013198243507614
SHF-005,drug_40,De,4.87540326671718
SHF-005,drug_40,khe,0.32432472276691954
SHF-005,drug_40,Th,67.85238879241875
SHF-005,drug_40,Kbh,0.0
SHF-005,drug_40,Khe,0.0
SHF-005,drug_40,kbh,0.0
SHF-005,drug_40,CL,0.0
SHF-005,drug_40,AUC_Cb,0.0
SHF-005,drug_40,AUC_Cl,0.0
SHF-005,drug_40,AUC35_Cb,0.0
SHF-005,drug_40,AUC35_Cl,0.0
SHF-005,drug_40,RE_R1b,0.0
SHF-005,drug_40,RE_R1l,0.0
SHF-005,drug_40,RE_Sb,0.0
SHF-005,drug_40,RE_Sl,0.0
SHF-005,drug_40,T1_1,0.0
SHF-005,drug_40,T1_2,0.0
SHF-005,drug_40,t1_MOLLI,0.0
SHF-005,drug_40,t2_MOLLI,0.0
SHF-006,control_05,BAT,0.0523496741796767
SHF-006,control_05,CO,0.4543932981227825
SHF-006,control_05,Thl,3.8651433682391807
SHF-006,control_05,Dhl,4.074121688147851
SHF-006,control_05,To,11.683543626793801
SHF-006,control_05,Eo,39.607557212100616
SHF-006,control_05,Toe,7.930747123613646
SHF-006,control_05,Eb,71.16297953175629
SHF-006,control_05,H,0.0
SHF-006,control_05,ve,1598.3775944274128
SHF-006,control_05,Te,222.88195899004484
SHF-006,control_05,De,72.17690401018862
SHF-006,control_05,khe,129.9013357834733
SHF-006,control_05,Th,238999.28545562187
SHF-006,control_05,Kbh,0.0
SHF-006,control_05,Khe,0.0
SHF-006,control_05,kbh,0.0
SHF-006,control_05,CL,0.0
SHF-006,control_05,AUC_Cb,0.0
SHF-006,control_05,AUC_Cl,0.0
SHF-006,control_05,AUC35_Cb,0.0
SHF-006,control_05,AUC35_Cl,0.0
SHF-006,control_05,RE_R1b,0.0
SHF-006,control_05,RE_R1l,0.0
SHF-006,control_05,RE_Sb,0.0
SHF-006,control_05,RE_Sl,0.0
SHF-006,control_05,T1_1,0.0
SHF-006,control_05,T1_2,0.0
SHF-006,control_05,t1_MOLLI,0.0
SHF-006,control_05,t2_MOLLI,0.0
SHF-006,control_10,BAT,0.04185400714741948
SHF-006,control_10,CO,0.4840239104180879
SHF-006,control_10,Thl,3.4976049505066955
SHF-006,control_10,Dhl,3.0804203945666084
SHF-006,control_10,To,5.370873885474454
SHF-006,control_10,Eo,5.836851112654718
SHF-006,control_10,Toe,3.632093818690245
SHF-006,control_10,Eb,12.037231179422243
SHF-006,control_10,H,0.0
SHF-006,control_10,ve,21.53182959754613
SHF-006,control_10,Te,34.27903029063028
SHF-006,control_10,De,18.42990952361452
SHF-006,control_10,khe,7.7849904750322265
SHF-006,control_10,Th,141.31694952345987
SHF-006,control_10,Kbh,0.0
SHF-006,control_10,Khe,0.0
SHF-006,control_10,kbh,0.0
SHF-006,control_10,CL,0.0
SHF-006,control_10,AUC_Cb,0.0
SHF-006,control_10,AUC_Cl,0.0
SHF-006,control_10,AUC35_Cb,0.0
SHF-006,control_10,AUC35_Cl,0.0
SHF-006,control_10,RE_R1b,0.0
SHF-006,control_10,RE_R1l,0.0
SHF-006,control_10,RE_Sb,0.0
SHF-006,control_10,RE_Sl,0.0
SHF-006,control_10,T1_1,0.0
SHF-006,control_10,T1_2,0.0
SHF-006,control_10,t1_MOLLI,0.0
SHF-006,control_10,t2_MOLLI,0.0
SHF-006,control_15,BAT,0.03776880225957843
SHF-006,control_15,CO,0.3423907810558554
SHF-006,control_15,Thl,2.5869131374544794
SHF-006,control_15,Dhl,5.951935597438601
SHF-006,control_15,To,4.220756143381149
SHF-006,control_15,Eo,2.07442624102345
SHF-006,control_15,Toe,1.8558605360761553
SHF-006,control_15,Eb,3.390452370516876
SHF-006,control_15,H,0.0
SHF-006,control_15,ve,13.140078476469444
SHF-006,control_15,Te,22.160218106796364
SHF-006,control_15,De,15.049236419033479
SHF-006,control_15,khe,3.341257015719794
SHF-006,control_15,Th,17.656646379487242
SHF-006,control_15,Kbh,0.0
SHF-006,control_15,Khe,0.0
SHF-006,control_15,kbh,0.0
SHF-006,control_15,CL,0.0
SHF-006,control_15,AUC_Cb,0.0
SHF-006,control_15,AUC_Cl,0.0
SHF-006,control_15,AUC35_Cb,0.0
SHF-006,control_15,AUC35_Cl,0.0
SHF-006,control_15,RE_R1b,0.0
SHF-006,control_15,RE_R1l,0.0
SHF-006,control_15,RE_Sb,0.0
SHF-006,control_15,RE_Sl,0.0
SHF-006,control_15,T1_1,0.0
SHF-006,control_15,T1_2,0.0
SHF-006,control_15,t1_MOLLI,0.0
SHF-006,control_15,t2_MOLLI,0.0
SHF-006,control_20,BAT,0.018845247377801463
SHF-006,control_20,CO,0.20860289514510194
SHF-006,control_20,Thl,1.1473019240032474
SHF-006,control_20,Dhl,3.039922679912778
SHF-006,control_20,To,3.023560765555558
SHF-006,control_20,Eo,1.7437453334331565
SHF-006,control_20,Toe,2.3174250452782963
SHF-006,control_20,Eb,3.383020301693934
SHF-006,control_20,H,0.0
SHF-006,control_20,ve,10.177870711212009
SHF-006,control_20,Te,17.217658840054757
SHF-006,control_20,De,15.77854296702625
SHF-006,control_20,khe,2.299241735241518
SHF-006,control_20,Th,4.748390365361034
SHF-006,control_20,Kbh,0.0
SHF-006,control_20,Khe,0.0
SHF-006,control_20,kbh,0.0
SHF-006,control_20,CL,0.0
SHF-006,control_20,AUC_Cb,0.0
SHF-006,control_20,AUC_Cl,0.0
SHF-006,control_20,AUC35_Cb,0.0
SHF-006,control_20,AUC35_Cl,0.0
SHF-006,control_20,RE_R1b,0.0
SHF-006,control_20,RE_R1l,0.0
SHF-006,control_20,RE_Sb,0.0
SHF-006,control_20,RE_Sl,0.0
SHF-006,control_20,T1_1,0.0
SHF-006,control_20,T1_2,0.0
SHF-006,control_20,t1_MOLLI,0.0
SHF-006,control_20,t2_MOLLI,0.0
SHF-006,control_25,BAT,0.07275070144502037
SHF-006,control_25,CO,0.7919180779510437
SHF-006,control_25,Thl,4.873769293037966
SHF-006,control_25,Dhl,32.013452450824495
SHF-006,control_25,To,2.8407219699918596
SHF-006,control_25,Eo,1.1707252308120202
SHF-006,control_25,Toe,2.028921137649123
SHF-006,control_25,Eb,2.1801621054644715
SHF-006,control_25,H,0.0
SHF-006,control_25,ve,10.167659462061643
SHF-006,control_25,Te,17.37909195351422
SHF-006,control_25,De,18.461462823075347
SHF-006,control_25,khe,2.041531893702788
SHF-006,control_25,Th,2.188412179531132
SHF-006,control_25,Kbh,0.0
SHF-006,control_25,Khe,0.0
SHF-006,control_25,kbh,0.0
SHF-006,control_25,CL,0.0
SHF-006,control_25,AUC_Cb,0.0
SHF-006,control_25,AUC_Cl,0.0
SHF-006,control_25,AUC35_Cb,0.0
SHF-006,control_25,AUC35_Cl,0.0
SHF-006,control_25,RE_R1b,0.0
SHF-006,control_25,RE_R1l,0.0
SHF-006,control_25,RE_Sb,0.0
SHF-006,control_25,RE_Sl,0.0
SHF-006,control_25,T1_1,0.0
SHF-006,control_25,T1_2,0.0
SHF-006,control_25,t1_MOLLI,0.0
SHF-006,control_25,t2_MOLLI,0.0
SHF-006,control_30,BAT,0.01762563217233906
SHF-006,control_30,CO,0.1794867624271542
SHF-006,control_30,Thl,1.079625390603907
SHF-006,control_30,Dhl,2.304661327909597
SHF-006,control_30,To,2.4128427524648552
SHF-006,control_30,Eo,0.9235322961455403
SHF-006,control_30,Toe,1.2696836390847188
SHF-006,control_30,Eb,1.121965197509007
SHF-006,control_30,H,0.0
SHF-006,control_30,ve,9.747199111870856
SHF-006,control_30,Te,16.78839547194537
SHF-006,control_30,De,21.20048198965984
SHF-006,control_30,khe,1.8520257834171898
SHF-006,control_30,Th,1.412777966150383
SHF-006,control_30,Kbh,0.0
SHF-006,control_30,Khe,0.0
SHF-006,control_30,kbh,0.0
SHF-006,control_30,CL,0.0
SHF-006,control_30,AUC_Cb,0.0
SHF-006,control_30,AUC_Cl,0.0
SHF-006,control_30,AUC35_Cb,0.0
SHF-006,control_30,AUC35_Cl,0.0
SHF-006,control_30,RE_R1b,0.0
SHF-006,control_30,RE_R1l,0.0
SHF-006,control_30,RE_Sb,0.0
SHF-006,control_30,RE_Sl,0.0
SHF-006,control_30,T1_1,0.0
SHF-006,control_30,T1_2,0.0
SHF-006,control_30,t1_MOLLI,0.0
SHF-006,control_30,t2_MOLLI,0.0
SHF-006,control_35,BAT,0.02240950396591325
SHF-006,control_35,CO,0.20309857008999185
SHF-006,control_35,Thl,1.4637422419841248
SHF-006,control_35,Dhl,3.0177936452107654
SHF-006,control_35,To,2.353593928587356
SHF-006,control_35,Eo,0.8860190532305188
SHF-006,control_35,Toe,1.0497130437578048
SHF-006,control_35,Eb,0.7695959474419317
SHF-006,control_35,H,0.0
SHF-006,control_35,ve,10.887384158234548
SHF-006,control_35,Te,18.97575065203604
SHF-006,control_35,De,26.214882887966557
SHF-006,control_35,khe,1.8752174592418234
SHF-006,control_35,Th,1.028278143145963
SHF-006,control_35,Kbh,0.0
SHF-006,control_35,Khe,0.0
SHF-006,control_35,kbh,0.0
SHF-006,control_35,CL,0.0
SHF-006,control_35,AUC_Cb,0.0
SHF-006,control_35,AUC_Cl,0.0
SHF-006,control_35,AUC35_Cb,0.0
SHF-006,control_35,AUC35_Cl,0.0
SHF-006,control_35,RE_R1b,0.0
SHF-006,control_35,RE_R1l,0.0
SHF-006,control_35,RE_Sb,0.0
SHF-006,control_35,RE_Sl,0.0
SHF-006,control_35,T1_1,0.0
SHF-006,control_35,T1_2,0.0
SHF-006,control_35,t1_MOLLI,0.0
SHF-006,control_35,t2_MOLLI,0.0
SHF-006,control_40,BAT,0.029330163026308333
SHF-006,control_40,CO,0.281970654848791
SHF-006,control_40,Thl,1.956197408262695
SHF-006,control_40,Dhl,6.50513242131955
SHF-006,control_40,To,2.3317393055303497
SHF-006,control_40,Eo,0.847054704465342
SHF-006,control_40,Toe,1.043170153395257
SHF-006,control_40,Eb,0.6097406868055881
SHF-006,control_40,H,0.0
SHF-006,control_40,ve,11.472817744322144
SHF-006,control_40,Te,19.977395114068127
SHF-006,control_40,De,33.9306773337687
SHF-006,control_40,khe,1.8953010917054678
SHF-006,control_40,Th,0.7955525783618779
SHF-006,control_40,Kbh,0.0
SHF-006,control_40,Khe,0.0
SHF-006,control_40,kbh,0.0
SHF-006,control_40,CL,0.0
SHF-006,control_40,AUC_Cb,0.0
SHF-006,control_40,AUC_Cl,0.0
SHF-006,control_40,AUC35_Cb,0.0
SHF-006,control_40,AUC35_Cl,0.0
SHF-006,control_40,RE_R1b,0.0
SHF-006,control_40,RE_R1l,0.0
SHF-006,control_40,RE_Sb,0.0
SHF-006,control_40,RE_Sl,0.0
SHF-006,control_40,T1_1,0.0
SHF-006,control_40,T1_2,0.0
SHF-006,control_40,t1_MOLLI,0.0
SHF-006,control_40,t2_MOLLI,0.0
SHF-006,drug_05,BAT,0.1629103104037157
SHF-006,drug_05,CO,1.0012955670941002
SHF-006,drug_05,Thl,12.426484846775523
SHF-006,drug_05,Dhl,21.450986490148313
SHF-006,drug_05,To,28.230152624957153
SHF-006,drug_05,Eo,52.00662035854793
SHF-006,drug_05,Toe,10.541044047588192
SHF-006,drug_05,Eb,116.45777985938427
SHF-006,drug_05,H,0.0
SHF-006,drug_05,ve,430.45059448909007
SHF-006,drug_05,Te,105.05007496955385
SHF-006,drug_05,De,39.30336262209222
SHF-006,drug_05,khe,113.56455475137427
SHF-006,drug_05,Th,4320745.292295398
SHF-006,drug_05,Kbh,0.0
SHF-006,drug_05,Khe,0.0
SHF-006,drug_05,kbh,0.0
SHF-006,drug_05,CL,0.0
SHF-006,drug_05,AUC_Cb,0.0
SHF-006,drug_05,AUC_Cl,0.0
SHF-006,drug_05,AUC35_Cb,0.0
SHF-006,drug_05,AUC35_Cl,0.0
SHF-006,drug_05,RE_R1b,0.0
SHF-006,drug_05,RE_R1l,0.0
SHF-006,drug_05,RE_Sb,0.0
SHF-006,drug_05,RE_Sl,0.0
SHF-006,drug_05,T1_1,0.0
SHF-006,drug_05,T1_2,0.0
SHF-006,drug_05,t1_MOLLI,0.0
SHF-006,drug_05,t2_MOLLI,0.0
SHF-006,drug_10,BAT,0.3976769154876822
SHF-006,drug_10,CO,4.22327098815548
SHF-006,drug_10,Thl,27.831588203788613
SHF-006,drug_10,Dhl,127.77326135830698
SHF-006,drug_10,To,6.818384629859127
SHF-006,drug_10,Eo,7.711832845493366
SHF-006,drug_10,Toe,5.934403730544689
SHF-006,drug_10,Eb,27.577141916994385
SHF-006,drug_10,H,0.0
SHF-006,drug_10,ve,23.230133397569226
SHF-006,drug_10,Te,13.174616564762308
SHF-006,drug_10,De,10.52959546303254
SHF-006,drug_10,khe,5.59781214023368
SHF-006,drug_10,Th,45415.709961326924
SHF-006,drug_10,Kbh,0.0
SHF-006,drug_10,Khe,0.0
SHF-006,drug_10,kbh,0.0
SHF-006,drug_10,CL,0.0
SHF-006,drug_10,AUC_Cb,0.0
SHF-006,drug_10,AUC_Cl,0.0
SHF-006,drug_10,AUC35_Cb,0.0
SHF-006,drug_10,AUC35_Cl,0.0
SHF-006,drug_10,RE_R1b,0.0
SHF-006,drug_10,RE_R1l,0.0
SHF-006,drug_10,RE_Sb,0.0
SHF-006,drug_10,RE_Sl,0.0
SHF-006,drug_10,T1_1,0.0
SHF-006,drug_10,T1_2,0.0
SHF-006,drug_10,t1_MOLLI,0.0
SHF-006,drug_10,t2_MOLLI,0.0
SHF-006,drug_15,BAT,0.3026062083504727
SHF-006,drug_15,CO,2.1065397388659455
SHF-006,drug_15,Thl,25.02790158021827
SHF-006,drug_15,Dhl,118.17193108719455
SHF-006,drug_15,To,6.269660754989159
SHF-006,drug_15,Eo,2.435468425222227
SHF-006,drug_15,Toe,2.589152366615905
SHF-006,drug_15,Eb,9.118612101131061
SHF-006,drug_15,H,0.0
SHF-006,drug_15,ve,8.493478950348951
SHF-006,drug_15,Te,10.173747901040983
SHF-006,drug_15,De,7.521582604550166
SHF-006,drug_15,khe,2.258865558543483
SHF-006,drug_15,Th,12311.135650369866
SHF-006,drug_15,Kbh,0.0
SHF-006,drug_15,Khe,0.0
SHF-006,drug_15,kbh,0.0
SHF-006,drug_15,CL,0.0
SHF-006,drug_15,AUC_Cb,0.0
SHF-006,drug_15,AUC_Cl,0.0
SHF-006,drug_15,AUC35_Cb,0.0
SHF-006,drug_15,AUC35_Cl,0.0
SHF-006,drug_15,RE_R1b,0.0
SHF-006,drug_15,RE_R1l,0.0
SHF-006,drug_15,RE_Sb,0.0
SHF-006,drug_15,RE_Sl,0.0
SHF-006,drug_15,T1_1,0.0
SHF-006,drug_15,T1_2,0.0
SHF-006,drug_15,t1_MOLLI,0.0
SHF-006,drug_15,t2_MOLLI,0.0
SHF-006,drug_20,BAT,0.0762353998449177
SHF-006,drug_20,CO,0.6452271835666218
SHF-006,drug_20,Thl,6.444199420731165
SHF-006,drug_20,Dhl,9.493710814922993
SHF-006,drug_20,To,3.3567610548276536
SHF-006,drug_20,Eo,1.6178070478421185
SHF-006,drug_20,Toe,1.511722216558559
SHF-006,drug_20,Eb,2.576990851142527
SHF-006,drug_20,H,0.0
SHF-006,drug_20,ve,5.130569282925174
SHF-006,drug_20,Te,6.894194470209701
SHF-006,drug_20,De,6.129328018441774
SHF-006,drug_20,khe,1.253964610950407
SHF-006,drug_20,Th,5093.919616101753
SHF-006,drug_20,Kbh,0.0
SHF-006,drug_20,Khe,0.0
SHF-006,drug_20,kbh,0.0
SHF-006,drug_20,CL,0.0
SHF-006,drug_20,AUC_Cb,0.0
SHF-006,drug_20,AUC_Cl,0.0
SHF-006,drug_20,AUC35_Cb,0.0
SHF-006,drug_20,AUC35_Cl,0.0
SHF-006,drug_20,RE_R1b,0.0
SHF-006,drug_20,RE_R1l,0.0
SHF-006,drug_20,RE_Sb,0.0
SHF-006,drug_20,RE_Sl,0.0
SHF-006,drug_20,T1_1,0.0
SHF-006,drug_20,T1_2,0.0
SHF-006,drug_20,t1_MOLLI,0.0
SHF-006,drug_20,t2_MOLLI,0.0
SHF-006,drug_25,BAT,0.024735186665894044
SHF-006,drug_25,CO,0.16705063769120804
SHF-006,drug_25,Thl,1.6507181471371994
SHF-006,drug_25,Dhl,3.055625967637325
SHF-006,drug_25,To,2.9995572688858645
SHF-006,drug_25,Eo,1.3001853485912054
SHF-006,drug_25,Toe,1.0303217073908404
SHF-006,drug_25,Eb,1.0228782581457496
SHF-006,drug_25,H,0.0
SHF-006,drug_25,ve,2.64213126373615
SHF-006,drug_25,Te,5.882153768977244
SHF-006,drug_25,De,5.6304429962165345
SHF-006,drug_25,khe,0.8347913856554897
SHF-006,drug_25,Th,497.0909042277017
SHF-006,drug_25,Kbh,0.0
SHF-006,drug_25,Khe,0.0
SHF-006,drug_25,kbh,0.0
SHF-006,drug_25,CL,0.0
SHF-006,drug_25,AUC_Cb,0.0
SHF-006,drug_25,AUC_Cl,0.0
SHF-006,drug_25,AUC35_Cb,0.0
SHF-006,drug_25,AUC35_Cl,0.0
SHF-006,drug_25,RE_R1b,0.0
SHF-006,drug_25,RE_R1l,0.0
SHF-006,drug_25,RE_Sb,0.0
SHF-006,drug_25,RE_Sl,0.0
SHF-006,drug_25,T1_1,0.0
SHF-006,drug_25,T1_2,0.0
SHF-006,drug_25,t1_MOLLI,0.0
SHF-006,drug_25,t2_MOLLI,0.0
SHF-006,drug_30,BAT,0.027050008525702454
SHF-006,drug_30,CO,0.1651015585419155
SHF-006,drug_30,Thl,1.8567257720576058
SHF-006,drug_30,Dhl,3.0030079325462222
SHF-006,drug_30,To,2.772914751233565
SHF-006,drug_30,Eo,1.1445951955394327
SHF-006,drug_30,Toe,0.8878276884910489
SHF-006,drug_30,Eb,0.811286554466237
SHF-006,drug_30,H,0.0
SHF-006,drug_30,ve,2.456053048912411
SHF-006,drug_30,Te,5.455308916687967
SHF-006,drug_30,De,5.242914361438269
SHF-006,drug_30,khe,0.64278918537724
SHF-006,drug_30,Th,314.38422562620406
SHF-006,drug_30,Kbh,0.0
SHF-006,drug_30,Khe,0.0
SHF-006,drug_30,kbh,0.0
SHF-006,drug_30,CL,0.0
SHF-006,drug_30,AUC_Cb,0.0
SHF-006,drug_30,AUC_Cl,0.0
SHF-006,drug_30,AUC35_Cb,0.0
SHF-006,drug_30,AUC35_Cl,0.0
SHF-006,drug_30,RE_R1b,0.0
SHF-006,drug_30,RE_R1l,0.0
SHF-006,drug_30,RE_Sb,0.0
SHF-006,drug_30,RE_Sl,0.0
SHF-006,drug_30,T1_1,0.0
SHF-006,drug_30,T1_2,0.0
SHF-006,drug_30,t1_MOLLI,0.0
SHF-006,drug_30,t2_MOLLI,0.0
SHF-006,drug_35,BAT,0.048142726210219845
SHF-006,drug_35,CO,0.3932330725716049
SHF-006,drug_35,Thl,4.131861815479061
SHF-006,drug_35,Dhl,5.941425159489723
SHF-006,drug_35,To,2.4199570126584944
SHF-006,drug_35,Eo,0.8370101198071408
SHF-006,drug_35,Toe,1.6352748132617376
SHF-006,drug_35,Eb,1.2516927050356215
SHF-006,drug_35,H,0.0
SHF-006,drug_35,ve,2.1454110820727874
SHF-006,drug_35,Te,5.0576035461209825
SHF-006,drug_35,De,4.946669511850519
SHF-006,drug_35,khe,0.5238740501636354
SHF-006,drug_35,Th,71.07403179514954
SHF-006,drug_35,Kbh,0.0
SHF-006,drug_35,Khe,0.0
SHF-006,drug_35,kbh,0.0
SHF-006,drug_35,CL,0.0
SHF-006,drug_35,AUC_Cb,0.0
SHF-006,drug_35,AUC_Cl,0.0
SHF-006,drug_35,AUC35_Cb,0.0
SHF-006,drug_35,AUC35_Cl,0.0
SHF-006,drug_35,RE_R1b,0.0
SHF-006,drug_35,RE_R1l,0.0
SHF-006,drug_35,RE_Sb,0.0
SHF-006,drug_35,RE_Sl,0.0
SHF-006,drug_35,T1_1,0.0
SHF-006,drug_35,T1_2,0.0
SHF-006,drug_35,t1_MOLLI,0.0
SHF-006,drug_35,t2_MOLLI,0.0
SHF-006,drug_40,BAT,0.04510738560340545
SHF-006,drug_40,CO,0.24230179970429463
SHF-006,drug_40,Thl,3.4103296365996796
SHF-006,drug_40,Dhl,4.3260731865269095
SHF-006,drug_40,To,2.54682912854358
SHF-006,drug_40,Eo,0.8269022499479177
SHF-006,drug_40,Toe,1.2977994444225371
SHF-006,drug_40,Eb,0.8975406182368634
SHF-006,drug_40,H,0.0
SHF-006,drug_40,ve,1.9651125756498058
SHF-006,drug_40,Te,4.598465421435341
SHF-006,drug_40,De,4.914530837694526
SHF-006,drug_40,khe,0.4477627358725836
SHF-006,drug_40,Th,28.051522708913037
SHF-006,drug_40,Kbh,0.0
SHF-006,drug_40,Khe,0.0
SHF-006,drug_40,kbh,0.0
SHF-006,drug_40,CL,0.0
SHF-006,drug_40,AUC_Cb,0.0
SHF-006,drug_40,AUC_Cl,0.0
SHF-006,drug_40,AUC35_Cb,0.0
SHF-006,drug_40,AUC35_Cl,0.0
SHF-006,drug_40,RE_R1b,0.0
SHF-006,drug_40,RE_R1l,0.0
SHF-006,drug_40,RE_Sb,0.0
SHF-006,drug_40,RE_Sl,0.0
SHF-006,drug_40,T1_1,0.0
SHF-006,drug_40,T1_2,0.0
SHF-006,drug_40,t1_MOLLI,0.0
SHF-006,drug_40,t2_MOLLI,0.0
SHF-009,control_05,BAT,0.02298339104996449
SHF-009,control_05,CO,0.44101898971750847
SHF-009,control_05,Thl,1.5689089101067946
SHF-009,control_05,Dhl,3.484016879205253
SHF-009,control_05,To,3.373428393058071
SHF-009,control_05,Eo,4.313031718125094
SHF-009,control_05,Toe,0.5141420115456182
SHF-009,control_05,Eb,10.625469938424606
SHF-009,control_05,H,0.0
SHF-009,control_05,ve,124.64870574627855
SHF-009,control_05,Te,88.496901827177
SHF-009,control_05,De,20.547396634845292
SHF-009,control_05,khe,52.996135770482276
SHF-009,control_05,Th,170887.41191186692
SHF-009,control_05,Kbh,0.0
SHF-009,control_05,Khe,0.0
SHF-009,control_05,kbh,0.0
SHF-009,control_05,CL,0.0
SHF-009,control_05,AUC_Cb,0.0
SHF-009,control_05,AUC_Cl,0.0
SHF-009,control_05,AUC35_Cb,0.0
SHF-009,control_05,AUC35_Cl,0.0
SHF-009,control_05,RE_R1b,0.0
SHF-009,control_05,RE_R1l,0.0
SHF-009,control_05,RE_Sb,0.0
SHF-009,control_05,RE_Sl,0.0
SHF-009,control_05,T1_1,0.0
SHF-009,control_05,T1_2,0.0
SHF-009,control_05,t1_MOLLI,0.0
SHF-009,control_05,t2_MOLLI,0.0
SHF-009,control_10,BAT,0.014908033178941961
SHF-009,control_10,CO,0.30016453500158347
SHF-009,control_10,Thl,1.4448079144458446
SHF-009,control_10,Dhl,1.5007167763142308
SHF-009,control_10,To,2.387338255360048
SHF-009,control_10,Eo,3.943459206535893
SHF-009,control_10,Toe,0.16770338203498478
SHF-009,control_10,Eb,1.088754244842316
SHF-009,control_10,H,0.0
SHF-009,control_10,ve,18.031626106356217
SHF-009,control_10,Te,17.69764692681056
SHF-009,control_10,De,7.729737569889855
SHF-009,control_10,khe,4.091308568286302
SHF-009,control_10,Th,10368.104532262598
SHF-009,control_10,Kbh,0.0
SHF-009,control_10,Khe,0.0
SHF-009,control_10,kbh,0.0
SHF-009,control_10,CL,0.0
SHF-009,control_10,AUC_Cb,0.0
SHF-009,control_10,AUC_Cl,0.0
SHF-009,control_10,AUC35_Cb,0.0
SHF-009,control_10,AUC35_Cl,0.0
SHF-009,control_10,RE_R1b,0.0
SHF-009,control_10,RE_R1l,0.0
SHF-009,control_10,RE_Sb,0.0
SHF-009,control_10,RE_Sl,0.0
SHF-009,control_10,T1_1,0.0
SHF-009,control_10,T1_2,0.0
SHF-009,control_10,t1_MOLLI,0.0
SHF-009,control_10,t2_MOLLI,0.0
SHF-009,control_15,BAT,0.013690802945081937
SHF-009,control_15,CO,0.3456461348443752
SHF-009,control_15,Thl,0.9731451808381764
SHF-009,control_15,Dhl,2.683476335704248
SHF-009,control_15,To,2.3161485510459916
SHF-009,control_15,Eo,2.472318683216862
SHF-009,control_15,Toe,0.2822483802393225
SHF-009,control_15,Eb,0.7232431493532827
SHF-009,control_15,H,0.0
SHF-009,control_15,ve,5.883441442967908
SHF-009,control_15,Te,12.926629152692225
SHF-009,control_15,De,7.815795604653814
SHF-009,control_15,khe,1.8564991270393034
SHF-009,control_15,Th,892.2587675108581
SHF-009,control_15,Kbh,0.0
SHF-009,control_15,Khe,0.0
SHF-009,control_15,kbh,0.0
SHF-009,control_15,CL,0.0
SHF-009,control_15,AUC_Cb,0.0
SHF-009,control_15,AUC_Cl,0.0
SHF-009,control_15,AUC35_Cb,0.0
SHF-009,control_15,AUC35_Cl,0.0
SHF-009,control_15,RE_R1b,0.0
SHF-009,control_15,RE_R1l,0.0
SHF-009,control_15,RE_Sb,0.0
SHF-009,control_15,RE_Sl,0.0
SHF-009,control_15,T1_1,0.0
SHF-009,control_15,T1_2,0.0
SHF-009,control_15,t1_MOLLI,0.0
SHF-009,control_15,t2_MOLLI,0.0
SHF-009,control_20,BAT,0.012887902422286015
SHF-009,control_20,CO,0.31969651260569015
SHF-009,control_20,Thl,1.1581792002238416
SHF-009,control_20,Dhl,3.1306153673326578
SHF-009,control_20,To,3.364873660448924
SHF-009,control_20,Eo,1.3980229264264994
SHF-009,control_20,Toe,2.4452665230437294
SHF-009,control_20,Eb,2.7386643336482965
SHF-009,control_20,H,0.0
SHF-009,control_20,ve,4.104988985462272
SHF-009,control_20,Te,9.28201794405708
SHF-009,control_20,De,9.203417773395865
SHF-009,control_20,khe,1.0809984888376747
SHF-009,control_20,Th,22.37185146525584
SHF-009,control_20,Kbh,0.0
SHF-009,control_20,Khe,0.0
SHF-009,control_20,kbh,0.0
SHF-009,control_20,CL,0.0
SHF-009,control_20,AUC_Cb,0.0
SHF-009,control_20,AUC_Cl,0.0
SHF-009,control_20,AUC35_Cb,0.0
SHF-009,control_20,AUC35_Cl,0.0
SHF-009,control_20,RE_R1b,0.0
SHF-009,control_20,RE_R1l,0.0
SHF-009,control_20,RE_Sb,0.0
SHF-009,control_20,RE_Sl,0.0
SHF-009,control_20,T1_1,0.0
SHF-009,control_20,T1_2,0.0
SHF-009,control_20,t1_MOLLI,0.0
SHF-009,control_20,t2_MOLLI,0.0
SHF-009,control_25,BAT,0.008611539230051509
SHF-009,control_25,CO,0.599504004855996
SHF-009,control_25,Thl,0.7623440830993659
SHF-009,control_25,Dhl,4.224240683176889
SHF-009,control_25,To,1.6087504762076856
SHF-009,control_25,Eo,0.5387111141784372
SHF-009,control_25,Toe,0.9961560505419723
SHF-009,control_25,Eb,0.7263200368472442
SHF-009,control_25,H,0.0
SHF-009,control_25,ve,4.170512089237702
SHF-009,control_25,Te,9.395100805430546
SHF-009,control_25,De,10.144571352135753
SHF-009,control_25,khe,0.9912653271866503
SHF-009,control_25,Th,11.145956599018454
SHF-009,control_25,Kbh,0.0
SHF-009,control_25,Khe,0.0
SHF-009,control_25,kbh,0.0
SHF-009,control_25,CL,0.0
SHF-009,control_25,AUC_Cb,0.0
SHF-009,control_25,AUC_Cl,0.0
SHF-009,control_25,AUC35_Cb,0.0
SHF-009,control_25,AUC35_Cl,0.0
SHF-009,control_25,RE_R1b,0.0
SHF-009,control_25,RE_R1l,0.0
SHF-009,control_25,RE_Sb,0.0
SHF-009,control_25,RE_Sl,0.0
SHF-009,control_25,T1_1,0.0
SHF-009,control_25,T1_2,0.0
SHF-009,control_25,t1_MOLLI,0.0
SHF-009,control_25,t2_MOLLI,0.0
SHF-009,control_30,BAT,0.013188773806343502
SHF-009,control_30,CO,0.2491021533880703
SHF-009,control_30,Thl,0.9357605886733227
SHF-009,control_30,Dhl,2.9404588568843724
SHF-009,control_30,To,2.350875920269992
SHF-009,control_30,Eo,0.6315833284456637
SHF-009,control_30,Toe,0.9770183483668627
SHF-009,control_30,Eb,0.8497772725881967
SHF-009,control_30,H,0.0
SHF-009,control_30,ve,3.551540483773826
SHF-009,control_30,Te,8.454706612956363
SHF-009,control_30,De,10.078394134491488
SHF-009,control_30,khe,0.7304159857524584
SHF-009,control_30,Th,5.36624350235101
SHF-009,control_30,Kbh,0.0
SHF-009,control_30,Khe,0.0
SHF-009,control_30,kbh,0.0
SHF-009,control_30,CL,0.0
SHF-009,control_30,AUC_Cb,0.0
SHF-009,control_30,AUC_Cl,0.0
SHF-009,control_30,AUC35_Cb,0.0
SHF-009,control_30,AUC35_Cl,0.0
SHF-009,control_30,RE_R1b,0.0
SHF-009,control_30,RE_R1l,0.0
SHF-009,control_30,RE_Sb,0.0
SHF-009,control_30,RE_Sl,0.0
SHF-009,control_30,T1_1,0.0
SHF-009,control_30,T1_2,0.0
SHF-009,control_30,t1_MOLLI,0.0
SHF-009,control_30,t2_MOLLI,0.0
SHF-009,control_35,BAT,0.00900722710261396
SHF-009,control_35,CO,0.22123506897694703
SHF-009,control_35,Thl,1.119904182014332
SHF-009,control_35,Dhl,1.1904795914112027
SHF-009,control_35,To,2.4681093068597155
SHF-009,control_35,Eo,0.6885265189932379
SHF-009,control_35,Toe,0.8748474958352982
SHF-009,control_35,Eb,0.7224287300797962
SHF-009,control_35,H,0.0
SHF-009,control_35,ve,3.4981213943426757
SHF-009,control_35,Te,8.302968508411386
SHF-009,control_35,De,12.253888052360063
SHF-009,control_35,khe,0.6848075240568079
SHF-009,control_35,Th,2.5010474766234156
SHF-009,control_35,Kbh,0.0
SHF-009,control_35,Khe,0.0
SHF-009,control_35,kbh,0.0
SHF-009,control_35,CL,0.0
SHF-009,control_35,AUC_Cb,0.0
SHF-009,control_35,AUC_Cl,0.0
SHF-009,control_35,AUC35_Cb,0.0
SHF-009,control_35,AUC35_Cl,0.0
SHF-009,control_35,RE_R1b,0.0
SHF-009,control_35,RE_R1l,0.0
SHF-009,control_35,RE_Sb,0.0
SHF-009,control_35,RE_Sl,0.0
SHF-009,control_35,T1_1,0.0
SHF-009,control_35,T1_2,0.0
SHF-009,control_35,t1_MOLLI,0.0
SHF-009,control_35,t2_MOLLI,0.0
SHF-009,control_40,BAT,0.008197245037297877
SHF-009,control_40,CO,0.21846687111033897
SHF-009,control_40,Thl,0.6179889580774981
SHF-009,control_40,Dhl,1.6310998354565815
SHF-009,control_40,To,1.6995401736847287
SHF-009,control_40,Eo,0.6775825452712682
SHF-009,control_40,Toe,0.5595579559633208
SHF-009,control_40,Eb,0.3693302056118614
SHF-009,control_40,H,0.0
SHF-009,control_40,ve,3.57137168591162
SHF-009,control_40,Te,8.55268785950379
SHF-009,control_40,De,12.785808070204904
SHF-009,control_40,khe,0.6684982959017334
SHF-009,control_40,Th,1.8920027929111798
SHF-009,control_40,Kbh,0.0
SHF-009,control_40,Khe,0.0
SHF-009,control_40,kbh,0.0
SHF-009,control_40,CL,0.0
SHF-009,control_40,AUC_Cb,0.0
SHF-009,control_40,AUC_Cl,0.0
SHF-009,control_40,AUC35_Cb,0.0
SHF-009,control_40,AUC35_Cl,0.0
SHF-009,control_40,RE_R1b,0.0
SHF-009,control_40,RE_R1l,0.0
SHF-009,control_40,RE_Sb,0.0
SHF-009,control_40,RE_Sl,0.0
SHF-009,control_40,T1_1,0.0
SHF-009,control_40,T1_2,0.0
SHF-009,control_40,t1_MOLLI,0.0
SHF-009,control_40,t2_MOLLI,0.0
SHF-009,drug_05,BAT,0.01997819509729208
SHF-009,drug_05,CO,0.3064187321842753
SHF-009,drug_05,Thl,1.1865178095715516
SHF-009,drug_05,Dhl,5.614289714809243
SHF-009,drug_05,To,19.351842315167495
SHF-009,drug_05,Eo,16.731697615996257
SHF-009,drug_05,Toe,3.845617442422556
SHF-009,drug_05,Eb,24.378647904679227
SHF-009,drug_05,H,0.0
SHF-009,drug_05,ve,38.96466309901967
SHF-009,drug_05,Te,61.235498057312725
SHF-009,drug_05,De,19.54509306009404
SHF-009,drug_05,khe,58.696814587654465
SHF-009,drug_05,Th,1012.8736063745865
SHF-009,drug_05,Kbh,0.0
SHF-009,drug_05,Khe,0.0
SHF-009,drug_05,kbh,0.0
SHF-009,drug_05,CL,0.0
SHF-009,drug_05,AUC_Cb,0.0
SHF-009,drug_05,AUC_Cl,0.0
SHF-009,drug_05,AUC35_Cb,0.0
SHF-009,drug_05,AUC35_Cl,0.0
SHF-009,drug_05,RE_R1b,0.0
SHF-009,drug_05,RE_R1l,0.0
SHF-009,drug_05,RE_Sb,0.0
SHF-009,drug_05,RE_Sl,0.0
SHF-009,drug_05,T1_1,0.0
SHF-009,drug_05,T1_2,0.0
SHF-009,drug_05,t1_MOLLI,0.0
SHF-009,drug_05,t2_MOLLI,0.0
SHF-009,drug_10,BAT,0.011835763593948409
SHF-009,drug_10,CO,0.18191880444735709
SHF-009,drug_10,Thl,0.7246398666894117
SHF-009,drug_10,Dhl,1.8366652280047409
SHF-009,drug_10,To,4.563302637793659
SHF-009,drug_10,Eo,6.5660116001455355
SHF-009,drug_10,Toe,0.38568530552604485
SHF-009,drug_10,Eb,1.20384729896662
SHF-009,drug_10,H,0.0
SHF-009,drug_10,ve,42.96349305157992
SHF-009,drug_10,Te,12.081820540519274
SHF-009,drug_10,De,8.46519576642035
SHF-009,drug_10,khe,4.282172272570439
SHF-009,drug_10,Th,58804.9272926763
SHF-009,drug_10,Kbh,0.0
SHF-009,drug_10,Khe,0.0
SHF-009,drug_10,kbh,0.0
SHF-009,drug_10,CL,0.0
SHF-009,drug_10,AUC_Cb,0.0
SHF-009,drug_10,AUC_Cl,0.0
SHF-009,drug_10,AUC35_Cb,0.0
SHF-009,drug_10,AUC35_Cl,0.0
SHF-009,drug_10,RE_R1b,0.0
SHF-009,drug_10,RE_R1l,0.0
SHF-009,drug_10,RE_Sb,0.0
SHF-009,drug_10,RE_Sl,0.0
SHF-009,drug_10,T1_1,0.0
SHF-009,drug_10,T1_2,0.0
SHF-009,drug_10,t1_MOLLI,0.0
SHF-009,drug_10,t2_MOLLI,0.0
SHF-009,drug_15,BAT,0.014045228819697364
SHF-009,drug_15,CO,0.2424105928201483
SHF-009,drug_15,Thl,0.876144305954289
SHF-009,drug_15,Dhl,4.597234201649636
SHF-009,drug_15,To,3.3539408391122967
SHF-009,drug_15,Eo,1.9784705044786866
SHF-009,drug_15,Toe,1.0605715640236635
SHF-009,drug_15,Eb,1.735461333910433
SHF-009,drug_15,H,0.0
SHF-009,drug_15,ve,6.923321109313546
SHF-009,drug_15,Te,9.180767752842375
SHF-009,drug_15,De,7.64344238025108
SHF-009,drug_15,khe,2.145668263814301
SHF-009,drug_15,Th,18477.358669657922
SHF-009,drug_15,Kbh,0.0
SHF-009,drug_15,Khe,0.0
SHF-009,drug_15,kbh,0.0
SHF-009,drug_15,CL,0.0
SHF-009,drug_15,AUC_Cb,0.0
SHF-009,drug_15,AUC_Cl,0.0
SHF-009,drug_15,AUC35_Cb,0.0
SHF-009,drug_15,AUC35_Cl,0.0
SHF-009,drug_15,RE_R1b,0.0
SHF-009,drug_15,RE_R1l,0.0
SHF-009,drug_15,RE_Sb,0.0
SHF-009,drug_15,RE_Sl,0.0
SHF-009,drug_15,T1_1,0.0
SHF-009,drug_15,T1_2,0.0
SHF-009,drug_15,t1_MOLLI,0.0
SHF-009,drug_15,t2_MOLLI,0.0
SHF-009,drug_20,BAT,0.015027370846108803
SHF-009,drug_20,CO,0.15322535764541023
SHF-009,drug_20,Thl,1.00286944212716
SHF-009,drug_20,Dhl,1.389943165703142
SHF-009,drug_20,To,2.38930162265707
SHF-009,drug_20,Eo,2.5251216774689063
SHF-009,drug_20,Toe,0.28279398706457404
SHF-009,drug_20,Eb,0.43748962824463306
SHF-009,drug_20,H,0.0
SHF-009,drug_20,ve,8.063788196842179
SHF-009,drug_20,Te,7.4099859390037315
SHF-009,drug_20,De,6.087362582773542
SHF-009,drug_20,khe,1.1132439515543875
SHF-009,drug_20,Th,7458.654011875324
SHF-009,drug_20,Kbh,0.0
SHF-009,drug_20,Khe,0.0
SHF-009,drug_20,kbh,0.0
SHF-009,drug_20,CL,0.0
SHF-009,drug_20,AUC_Cb,0.0
SHF-009,drug_20,AUC_Cl,0.0
SHF-009,drug_20,AUC35_Cb,0.0
SHF-009,drug_20,AUC35_Cl,0.0
SHF-009,drug_20,RE_R1b,0.0
SHF-009,drug_20,RE_R1l,0.0
SHF-009,drug_20,RE_Sb,0.0
SHF-009,drug_20,RE_Sl,0.0
SHF-009,drug_20,T1_1,0.0
SHF-009,drug_20,T1_2,0.0
SHF-009,drug_20,t1_MOLLI,0.0
SHF-009,drug_20,t2_MOLLI,0.0
SHF-009,drug_25,BAT,0.007528270341944921
SHF-009,drug_25,CO,0.1604033959745097
SHF-009,drug_25,Thl,0.45603237132345725
SHF-009,drug_25,Dhl,1.5710903074981641
SHF-009,drug_25,To,2.031243233773605
SHF-009,drug_25,Eo,2.0796089117861674
SHF-009,drug_25,Toe,0.27491488743569426
SHF-009,drug_25,Eb,0.26678822433853056
SHF-009,drug_25,H,0.0
SHF-009,drug_25,ve,3.05412865268503
SHF-009,drug_25,Te,6.266310763874534
SHF-009,drug_25,De,6.20264304957741
SHF-009,drug_25,khe,0.7962305674803926
SHF-009,drug_25,Th,3906.1220493233236
SHF-009,drug_25,Kbh,0.0
SHF-009,drug_25,Khe,0.0
SHF-009,drug_25,kbh,0.0
SHF-009,drug_25,CL,0.0
SHF-009,drug_25,AUC_Cb,0.0
SHF-009,drug_25,AUC_Cl,0.0
SHF-009,drug_25,AUC35_Cb,0.0
SHF-009,drug_25,AUC35_Cl,0.0
SHF-009,drug_25,RE_R1b,0.0
SHF-009,drug_25,RE_R1l,0.0
SHF-009,drug_25,RE_Sb,0.0
SHF-009,drug_25,RE_Sl,0.0
SHF-009,drug_25,T1_1,0.0
SHF-009,drug_25,T1_2,0.0
SHF-009,drug_25,t1_MOLLI,0.0
SHF-009,drug_25,t2_MOLLI,0.0
SHF-009,drug_30,BAT,0.017352587511309078
SHF-009,drug_30,CO,0.16115851280502694
SHF-009,drug_30,Thl,1.230557825143132
SHF-009,drug_30,Dhl,1.9866842732445618
SHF-009,drug_30,To,2.286446749084354
SHF-009,drug_30,Eo,1.7377061170086576
SHF-009,drug_30,Toe,0.37173614887833295
SHF-009,drug_30,Eb,0.29741076866888927
SHF-009,drug_30,H,0.0
SHF-009,drug_30,ve,2.4932594792981257
SHF-009,drug_30,Te,5.924558623642807
SHF-009,drug_30,De,5.647186562607431
SHF-009,drug_30,khe,0.5801365526423425
SHF-009,drug_30,Th,2334.0501548554507
SHF-009,drug_30,Kbh,0.0
SHF-009,drug_30,Khe,0.0
SHF-009,drug_30,kbh,0.0
SHF-009,drug_30,CL,0.0
SHF-009,drug_30,AUC_Cb,0.0
SHF-009,drug_30,AUC_Cl,0.0
SHF-009,drug_30,AUC35_Cb,0.0
SHF-009,drug_30,AUC35_Cl,0.0
SHF-009,drug_30,RE_R1b,0.0
SHF-009,drug_30,RE_R1l,0.0
SHF-009,drug_30,RE_Sb,0.0
SHF-009,drug_30,RE_Sl,0.0
SHF-009,drug_30,T1_1,0.0
SHF-009,drug_30,T1_2,0.0
SHF-009,drug_30,t1_MOLLI,0.0
SHF-009,drug_30,t2_MOLLI,0.0
SHF-009,drug_35,BAT,0.016942879760723232
SHF-009,drug_35,CO,0.17790519193449267
SHF-009,drug_35,Thl,1.2877073349188517
SHF-009,drug_35,Dhl,1.3841842935547835
SHF-009,drug_35,To,2.0222686918524753
SHF-009,drug_35,Eo,1.6163081213916317
SHF-009,drug_35,Toe,0.3314892141091849
SHF-009,drug_35,Eb,0.2447941734302644
SHF-009,drug_35,H,0.0
SHF-009,drug_35,ve,2.169842167838699
SHF-009,drug_35,Te,5.476070541382634
SHF-009,drug_35,De,5.7309071017336
SHF-009,drug_35,khe,0.4513303164688675
SHF-009,drug_35,Th,1521.7974838936602
SHF-009,drug_35,Kbh,0.0
SHF-009,drug_35,Khe,0.0
SHF-009,drug_35,kbh,0.0
SHF-009,drug_35,CL,0.0
SHF-009,drug_35,AUC_Cb,0.0
SHF-009,drug_35,AUC_Cl,0.0
SHF-009,drug_35,AUC35_Cb,0.0
SHF-009,drug_35,AUC35_Cl,0.0
SHF-009,drug_35,RE_R1b,0.0
SHF-009,drug_35,RE_R1l,0.0
SHF-009,drug_35,RE_Sb,0.0
SHF-009,drug_35,RE_Sl,0.0
SHF-009,drug_35,T1_1,0.0
SHF-009,drug_35,T1_2,0.0
SHF-009,drug_35,t1_MOLLI,0.0
SHF-009,drug_35,t2_MOLLI,0.0
SHF-009,drug_40,BAT,0.010370257378794165
SHF-009,drug_40,CO,0.1476717654419765
SHF-009,drug_40,Thl,0.6595314604936197
SHF-009,drug_40,Dhl,2.323735208007742
SHF-009,drug_40,To,1.9799203215731402
SHF-009,drug_40,Eo,1.1914658477833415
SHF-009,drug_40,Toe,0.42147278509082586
SHF-009,drug_40,Eb,0.19642715989307652
SHF-009,drug_40,H,0.0
SHF-009,drug_40,ve,2.0122244115118617
SHF-009,drug_40,Te,5.303757639881798
SHF-009,drug_40,De,5.685912910892994
SHF-009,drug_40,khe,0.3782113707670759
SHF-009,drug_40,Th,1120.551619207668
SHF-009,drug_40,Kbh,0.0
SHF-009,drug_40,Khe,0.0
SHF-009,drug_40,kbh,0.0
SHF-009,drug_40,CL,0.0
SHF-009,drug_40,AUC_Cb,0.0
SHF-009,drug_40,AUC_Cl,0.0
SHF-009,drug_40,AUC35_Cb,0.0
SHF-009,drug_40,AUC35_Cl,0.0
SHF-009,drug_40,RE_R1b,0.0
SHF-009,drug_40,RE_R1l,0.0
SHF-009,drug_40,RE_Sb,0.0
SHF-009,drug_40,RE_Sl,0.0
SHF-009,drug_40,T1_1,0.0
SHF-009,drug_40,T1_2,0.0
SHF-009,drug_40,t1_MOLLI,0.0
SHF-009,drug_40,t2_MOLLI,0.0
SHF-017,control_05,BAT,0.013493624494203037
SHF-017,control_05,CO,0.21589849955254214
SHF-017,control_05,Thl,0.8752809757009362
SHF-017,control_05,Dhl,1.94777338990927
SHF-017,control_05,To,3.3288498756208114
SHF-017,control_05,Eo,68.37605501015189
SHF-017,control_05,Toe,16.205728240657322
SHF-017,control_05,Eb,98.55026639815611
SHF-017,control_05,H,0.0
SHF-017,control_05,ve,949.3001390511708
SHF-017,control_05,Te,2067.866078630616
SHF-017,control_05,De,317.32430872448356
SHF-017,control_05,khe,151.09676051496828
SHF-017,control_05,Th,959.3287845073521
SHF-017,control_05,Kbh,0.0
SHF-017,control_05,Khe,0.0
SHF-017,control_05,kbh,0.0
SHF-017,control_05,CL,0.0
SHF-017,control_05,AUC_Cb,0.0
SHF-017,control_05,AUC_Cl,0.0
SHF-017,control_05,AUC35_Cb,0.0
SHF-017,control_05,AUC35_Cl,0.0
SHF-017,control_05,RE_R1b,0.0
SHF-017,control_05,RE_R1l,0.0
SHF-017,control_05,RE_Sb,0.0
SHF-017,control_05,RE_Sl,0.0
SHF-017,control_05,T1_1,0.0
SHF-017,control_05,T1_2,0.0
SHF-017,control_05,t1_MOLLI,0.0
SHF-017,control_05,t2_MOLLI,0.0
SHF-017,control_10,BAT,0.008888665263956085
SHF-017,control_10,CO,0.18046964988147668
SHF-017,control_10,Thl,0.718248517283503
SHF-017,control_10,Dhl,0.6829325374900204
SHF-017,control_10,To,1.2890822949620488
SHF-017,control_10,Eo,1.8509374883721188
SHF-017,control_10,Toe,0.430839614067548
SHF-017,control_10,Eb,1.3612360842665088
SHF-017,control_10,H,0.0
SHF-017,control_10,ve,110.677978545094
SHF-017,control_10,Te,250.21892233737353
SHF-017,control_10,De,40.87836492982562
SHF-017,control_10,khe,9.444423419572978
SHF-017,control_10,Th,179.1743318105393
SHF-017,control_10,Kbh,0.0
SHF-017,control_10,Khe,0.0
SHF-017,control_10,kbh,0.0
SHF-017,control_10,CL,0.0
SHF-017,control_10,AUC_Cb,0.0
SHF-017,control_10,AUC_Cl,0.0
SHF-017,control_10,AUC35_Cb,0.0
SHF-017,control_10,AUC35_Cl,0.0
SHF-017,control_10,RE_R1b,0.0
SHF-017,control_10,RE_R1l,0.0
SHF-017,control_10,RE_Sb,0.0
SHF-017,control_10,RE_Sl,0.0
SHF-017,control_10,T1_1,0.0
SHF-017,control_10,T1_2,0.0
SHF-017,control_10,t1_MOLLI,0.0
SHF-017,control_10,t2_MOLLI,0.0
SHF-017,control_15,BAT,0.01251020396808931
SHF-017,control_15,CO,0.1806701501654124
SHF-017,control_15,Thl,0.9444135374584441
SHF-017,control_15,Dhl,0.8788944655974162
SHF-017,control_15,To,1.5828772123815493
SHF-017,control_15,Eo,1.3379899435305398
SHF-017,control_15,Toe,0.693874482061836
SHF-017,control_15,Eb,0.8973011890954783
SHF-017,control_15,H,0.0
SHF-017,control_15,ve,64.05585182650015
SHF-017,control_15,Te,145.4324823315408
SHF-017,control_15,De,26.551206943148912
SHF-017,control_15,khe,4.285229220532427
SHF-017,control_15,Th,28.70614493838337
SHF-017,control_15,Kbh,0.0
SHF-017,control_15,Khe,0.0
SHF-017,control_15,kbh,0.0
SHF-017,control_15,CL,0.0
SHF-017,control_15,AUC_Cb,0.0
SHF-017,control_15,AUC_Cl,0.0
SHF-017,control_15,AUC35_Cb,0.0
SHF-017,control_15,AUC35_Cl,0.0
SHF-017,control_15,RE_R1b,0.0
SHF-017,control_15,RE_R1l,0.0
SHF-017,control_15,RE_Sb,0.0
SHF-017,control_15,RE_Sl,0.0
SHF-017,control_15,T1_1,0.0
SHF-017,control_15,T1_2,0.0
SHF-017,control_15,t1_MOLLI,0.0
SHF-017,control_15,t2_MOLLI,0.0
SHF-017,control_20,BAT,0.01858775431085671
SHF-017,control_20,CO,0.2435172184401667
SHF-017,control_20,Thl,1.376259349265692
SHF-017,control_20,Dhl,2.2174379687164856
SHF-017,control_20,To,1.6372025414428002
SHF-017,control_20,Eo,1.2324427386220353
SHF-017,control_20,Toe,0.6295245239558628
SHF-017,control_20,Eb,0.5849379895036935
SHF-017,control_20,H,0.0
SHF-017,control_20,ve,19.63303146875672
SHF-017,control_20,Te,43.51322992486347
SHF-017,control_20,De,10.364325717760646
SHF-017,control_20,khe,1.6607955615684302
SHF-017,control_20,Th,123.65357819742539
SHF-017,control_20,Kbh,0.0
SHF-017,control_20,Khe,0.0
SHF-017,control_20,kbh,0.0
SHF-017,control_20,CL,0.0
SHF-017,control_20,AUC_Cb,0.0
SHF-017,control_20,AUC_Cl,0.0
SHF-017,control_20,AUC35_Cb,0.0
SHF-017,control_20,AUC35_Cl,0.0
SHF-017,control_20,RE_R1b,0.0
SHF-017,control_20,RE_R1l,0.0
SHF-017,control_20,RE_Sb,0.0
SHF-017,control_20,RE_Sl,0.0
SHF-017,control_20,T1_1,0.0
SHF-017,control_20,T1_2,0.0
SHF-017,control_20,t1_MOLLI,0.0
SHF-017,control_20,t2_MOLLI,0.0
SHF-017,control_25,BAT,0.007830403064189403
SHF-017,control_25,CO,0.15453929373589623
SHF-017,control_25,Thl,0.5115927137610887
SHF-017,control_25,Dhl,1.5310418869810845
SHF-017,control_25,To,1.2032591926799203
SHF-017,control_25,Eo,0.7190513916547903
SHF-017,control_25,Toe,1.9269943503221685
SHF-017,control_25,Eb,1.080909140480073
SHF-017,control_25,H,0.0
SHF-017,control_25,ve,20.959471480137818
SHF-017,control_25,Te,49.26770811159753
SHF-017,control_25,De,10.582544193555417
SHF-017,control_25,khe,1.1773850217162787
SHF-017,control_25,Th,106.39391856093553
SHF-017,control_25,Kbh,0.0
SHF-017,control_25,Khe,0.0
SHF-017,control_25,kbh,0.0
SHF-017,control_25,CL,0.0
SHF-017,control_25,AUC_Cb,0.0
SHF-017,control_25,AUC_Cl,0.0
SHF-017,control_25,AUC35_Cb,0.0
SHF-017,control_25,AUC35_Cl,0.0
SHF-017,control_25,RE_R1b,0.0
SHF-017,control_25,RE_R1l,0.0
SHF-017,control_25,RE_Sb,0.0
SHF-017,control_25,RE_Sl,0.0
SHF-017,control_25,T1_1,0.0
SHF-017,control_25,T1_2,0.0
SHF-017,control_25,t1_MOLLI,0.0
SHF-017,control_25,t2_MOLLI,0.0
SHF-017,control_30,BAT,0.004845619989903976
SHF-017,control_30,CO,0.22448197782885038
SHF-017,control_30,Thl,0.3156925892963874
SHF-017,control_30,Dhl,3.429837395978651
SHF-017,control_30,To,1.3286334747407214
SHF-017,control_30,Eo,0.5624029445126548
SHF-017,control_30,Toe,1.991471900433258
SHF-017,control_30,Eb,0.8032096543338564
SHF-017,control_30,H,0.0
SHF-017,control_30,ve,20.462380198098344
SHF-017,control_30,Te,47.80807189567807
SHF-017,control_30,De,11.039516360122178
SHF-017,control_30,khe,1.0715681344742745
SHF-017,control_30,Th,41.54787015416026
SHF-017,control_30,Kbh,0.0
SHF-017,control_30,Khe,0.0
SHF-017,control_30,kbh,0.0
SHF-017,control_30,CL,0.0
SHF-017,control_30,AUC_Cb,0.0
SHF-017,control_30,AUC_Cl,0.0
SHF-017,control_30,AUC35_Cb,0.0
SHF-017,control_30,AUC35_Cl,0.0
SHF-017,control_30,RE_R1b,0.0
SHF-017,control_30,RE_R1l,0.0
SHF-017,control_30,RE_Sb,0.0
SHF-017,control_30,RE_Sl,0.0
SHF-017,control_30,T1_1,0.0
SHF-017,control_30,T1_2,0.0
SHF-017,control_30,t1_MOLLI,0.0
SHF-017,control_30,t2_MOLLI,0.0
SHF-017,control_35,BAT,0.0027301047938119824
SHF-017,control_35,CO,0.14961690705018804
SHF-017,control_35,Thl,0.20252103175154182
SHF-017,control_35,Dhl,1.0867934106557686
SHF-017,control_35,To,1.019674297621171
SHF-017,control_35,Eo,0.4462128240342378
SHF-017,control_35,Toe,1.2734744022199966
SHF-017,control_35,Eb,0.5670247119543618
SHF-017,control_35,H,0.0
SHF-017,control_35,ve,19.73980377019511
SHF-017,control_35,Te,45.70874530720984
SHF-017,control_35,De,25.964149225086135
SHF-017,control_35,khe,0.9478593839300226
SHF-017,control_35,Th,10.410467470857837
SHF-017,control_35,Kbh,0.0
SHF-017,control_35,Khe,0.0
SHF-017,control_35,kbh,0.0
SHF-017,control_35,CL,0.0
SHF-017,control_35,AUC_Cb,0.0
SHF-017,control_35,AUC_Cl,0.0
SHF-017,control_35,AUC35_Cb,0.0
SHF-017,control_35,AUC35_Cl,0.0
SHF-017,control_35,RE_R1b,0.0
SHF-017,control_35,RE_R1l,0.0
SHF-017,control_35,RE_Sb,0.0
SHF-017,control_35,RE_Sl,0.0
SHF-017,control_35,T1_1,0.0
SHF-017,control_35,T1_2,0.0
SHF-017,control_35,t1_MOLLI,0.0
SHF-017,control_35,t2_MOLLI,0.0
SHF-017,control_40,BAT,0.015209268057145191
SHF-017,control_40,CO,0.16569485029606976
SHF-017,control_40,Thl,1.0630376201397551
SHF-017,control_40,Dhl,1.786739392355304
SHF-017,control_40,To,1.21990387911562
SHF-017,control_40,Eo,0.44329881524314596
SHF-017,control_40,Toe,1.0303655380804764
SHF-017,control_40,Eb,0.4754544528914885
SHF-017,control_40,H,0.0
SHF-017,control_40,ve,239.04447258828858
SHF-017,control_40,Te,572.9526879811049
SHF-017,control_40,De,58.9373575537955
SHF-017,control_40,khe,5.276688925557343
SHF-017,control_40,Th,5.440230879297698
SHF-017,control_40,Kbh,0.0
SHF-017,control_40,Khe,0.0
SHF-017,control_40,kbh,0.0
SHF-017,control_40,CL,0.0
SHF-017,control_40,AUC_Cb,0.0
SHF-017,control_40,AUC_Cl,0.0
SHF-017,control_40,AUC35_Cb,0.0
SHF-017,control_40,AUC35_Cl,0.0
SHF-017,control_40,RE_R1b,0.0
SHF-017,control_40,RE_R1l,0.0
SHF-017,control_40,RE_Sb,0.0
SHF-017,control_40,RE_Sl,0.0
SHF-017,control_40,T1_1,0.0
SHF-017,control_40,T1_2,0.0
SHF-017,control_40,t1_MOLLI,0.0
SHF-017,control_40,t2_MOLLI,0.0
SHF-017,drug_05,BAT,0.05782863782062784
SHF-017,drug_05,CO,0.669541656412463
SHF-017,drug_05,Thl,4.071229031446317
SHF-017,drug_05,Dhl,9.539553323445396
SHF-017,drug_05,To,20.752443675344484
SHF-017,drug_05,Eo,27.698975138633497
SHF-017,drug_05,Toe,2.755663926547933
SHF-017,drug_05,Eb,14.567881855025961
SHF-017,drug_05,H,0.0
SHF-017,drug_05,ve,521.9304759216541
SHF-017,drug_05,Te,133.18978954496754
SHF-017,drug_05,De,32.39447280344224
SHF-017,drug_05,khe,104.02341158853243
SHF-017,drug_05,Th,5162421.696256969
SHF-017,drug_05,Kbh,0.0
SHF-017,drug_05,Khe,0.0
SHF-017,drug_05,kbh,0.0
SHF-017,drug_05,CL,0.0
SHF-017,drug_05,AUC_Cb,0.0
SHF-017,drug_05,AUC_Cl,0.0
SHF-017,drug_05,AUC35_Cb,0.0
SHF-017,drug_05,AUC35_Cl,0.0
SHF-017,drug_05,RE_R1b,0.0
SHF-017,drug_05,RE_R1l,0.0
SHF-017,drug_05,RE_Sb,0.0
SHF-017,drug_05,RE_Sl,0.0
SHF-017,drug_05,T1_1,0.0
SHF-017,drug_05,T1_2,0.0
SHF-017,drug_05,t1_MOLLI,0.0
SHF-017,drug_05,t2_MOLLI,0.0
SHF-017,drug_10,BAT,0.040250198449387854
SHF-017,drug_10,CO,0.6713922233005092
SHF-017,drug_10,Thl,3.0098328068087654
SHF-017,drug_10,Dhl,12.131917371743285
SHF-017,drug_10,To,4.446134628589187
SHF-017,drug_10,Eo,3.051331589754451
SHF-017,drug_10,Toe,2.1122779987001477
SHF-017,drug_10,Eb,5.71321700065325
SHF-017,drug_10,H,0.0
SHF-017,drug_10,ve,106.68188758724666
SHF-017,drug_10,Te,19.816617376382297
SHF-017,drug_10,De,10.24311171312048
SHF-017,drug_10,khe,5.372312385443518
SHF-017,drug_10,Th,51449.10250346202
SHF-017,drug_10,Kbh,0.0
SHF-017,drug_10,Khe,0.0
SHF-017,drug_10,kbh,0.0
SHF-017,drug_10,CL,0.0
SHF-017,drug_10,AUC_Cb,0.0
SHF-017,drug_10,AUC_Cl,0.0
SHF-017,drug_10,AUC35_Cb,0.0
SHF-017,drug_10,AUC35_Cl,0.0
SHF-017,drug_10,RE_R1b,0.0
SHF-017,drug_10,RE_R1l,0.0
SHF-017,drug_10,RE_Sb,0.0
SHF-017,drug_10,RE_Sl,0.0
SHF-017,drug_10,T1_1,0.0
SHF-017,drug_10,T1_2,0.0
SHF-017,drug_10,t1_MOLLI,0.0
SHF-017,drug_10,t2_MOLLI,0.0
SHF-017,drug_15,BAT,0.009641235123976336
SHF-017,drug_15,CO,0.17874452986258993
SHF-017,drug_15,Thl,0.5948988601135625
SHF-017,drug_15,Dhl,1.442605769665795
SHF-017,drug_15,To,2.419777795616164
SHF-017,drug_15,Eo,2.9400910103694384
SHF-017,drug_15,Toe,0.3514336037578415
SHF-017,drug_15,Eb,0.6242214036998038
SHF-017,drug_15,H,0.0
SHF-017,drug_15,ve,7.804293321657985
SHF-017,drug_15,Te,13.71528029097278
SHF-017,drug_15,De,6.01952691980899
SHF-017,drug_15,khe,2.1538013651728773
SHF-017,drug_15,Th,12502.916615374073
SHF-017,drug_15,Kbh,0.0
SHF-017,drug_15,Khe,0.0
SHF-017,drug_15,kbh,0.0
SHF-017,drug_15,CL,0.0
SHF-017,drug_15,AUC_Cb,0.0
SHF-017,drug_15,AUC_Cl,0.0
SHF-017,drug_15,AUC35_Cb,0.0
SHF-017,drug_15,AUC35_Cl,0.0
SHF-017,drug_15,RE_R1b,0.0
SHF-017,drug_15,RE_R1l,0.0
SHF-017,drug_15,RE_Sb,0.0
SHF-017,drug_15,RE_Sl,0.0
SHF-017,drug_15,T1_1,0.0
SHF-017,drug_15,T1_2,0.0
SHF-017,drug_15,t1_MOLLI,0.0
SHF-017,drug_15,t2_MOLLI,0.0
SHF-017,drug_20,BAT,0.014833725314212004
SHF-017,drug_20,CO,0.3231425818894727
SHF-017,drug_20,Thl,1.3679717467757004
SHF-017,drug_20,Dhl,1.215533112811793
SHF-017,drug_20,To,2.3190311893312496
SHF-017,drug_20,Eo,2.1782018748203726
SHF-017,drug_20,Toe,0.36831346096325285
SHF-017,drug_20,Eb,0.570700929959522
SHF-017,drug_20,H,0.0
SHF-017,drug_20,ve,4.343313530927298
SHF-017,drug_20,Te,10.246381260372555
SHF-017,drug_20,De,5.680180519467699
SHF-017,drug_20,khe,1.1242475104337797
SHF-017,drug_20,Th,4515.801662619639
SHF-017,drug_20,Kbh,0.0
SHF-017,drug_20,Khe,0.0
SHF-017,drug_20,kbh,0.0
SHF-017,drug_20,CL,0.0
SHF-017,drug_20,AUC_Cb,0.0
SHF-017,drug_20,AUC_Cl,0.0
SHF-017,drug_20,AUC35_Cb,0.0
SHF-017,drug_20,AUC35_Cl,0.0
SHF-017,drug_20,RE_R1b,0.0
SHF-017,drug_20,RE_R1l,0.0
SHF-017,drug_20,RE_Sb,0.0
SHF-017,drug_20,RE_Sl,0.0
SHF-017,drug_20,T1_1,0.0
SHF-017,drug_20,T1_2,0.0
SHF-017,drug_20,t1_MOLLI,0.0
SHF-017,drug_20,t2_MOLLI,0.0
SHF-017,drug_25,BAT,0.004200378984398383
SHF-017,drug_25,CO,0.1637694073533825
SHF-017,drug_25,Thl,0.26907320369479115
SHF-017,drug_25,Dhl,1.6736747676066759
SHF-017,drug_25,To,2.4549128552944546
SHF-017,drug_25,Eo,2.032555082434343
SHF-017,drug_25,Toe,0.3290193917874261
SHF-017,drug_25,Eb,0.2994690149679306
SHF-017,drug_25,H,0.0
SHF-017,drug_25,ve,2.850498808294657
SHF-017,drug_25,Te,7.082925094821951
SHF-017,drug_25,De,5.950870477111699
SHF-017,drug_25,khe,0.6849334442229345
SHF-017,drug_25,Th,2155.357739629933
SHF-017,drug_25,Kbh,0.0
SHF-017,drug_25,Khe,0.0
SHF-017,drug_25,kbh,0.0
SHF-017,drug_25,CL,0.0
SHF-017,drug_25,AUC_Cb,0.0
SHF-017,drug_25,AUC_Cl,0.0
SHF-017,drug_25,AUC35_Cb,0.0
SHF-017,drug_25,AUC35_Cl,0.0
SHF-017,drug_25,RE_R1b,0.0
SHF-017,drug_25,RE_R1l,0.0
SHF-017,drug_25,RE_Sb,0.0
SHF-017,drug_25,RE_Sl,0.0
SHF-017,drug_25,T1_1,0.0
SHF-017,drug_25,T1_2,0.0
SHF-017,drug_25,t1_MOLLI,0.0
SHF-017,drug_25,t2_MOLLI,0.0
SHF-017,drug_30,BAT,0.004521222454776008
SHF-017,drug_30,CO,0.1597662519698213
SHF-017,drug_30,Thl,0.4567376063631554
SHF-017,drug_30,Dhl,0.6375066660567488
SHF-017,drug_30,To,1.3706145723400258
SHF-017,drug_30,Eo,1.2197236318933236
SHF-017,drug_30,Toe,0.3227464639794257
SHF-017,drug_30,Eb,0.2613227892542161
SHF-017,drug_30,H,0.0
SHF-017,drug_30,ve,2.4958236748648472
SHF-017,drug_30,Te,6.70995679332994
SHF-017,drug_30,De,5.827417301586942
SHF-017,drug_30,khe,0.5420710669632847
SHF-017,drug_30,Th,1405.948408194769
SHF-017,drug_30,Kbh,0.0
SHF-017,drug_30,Khe,0.0
SHF-017,drug_30,kbh,0.0
SHF-017,drug_30,CL,0.0
SHF-017,drug_30,AUC_Cb,0.0
SHF-017,drug_30,AUC_Cl,0.0
SHF-017,drug_30,AUC35_Cb,0.0
SHF-017,drug_30,AUC35_Cl,0.0
SHF-017,drug_30,RE_R1b,0.0
SHF-017,drug_30,RE_R1l,0.0
SHF-017,drug_30,RE_Sb,0.0
SHF-017,drug_30,RE_Sl,0.0
SHF-017,drug_30,T1_1,0.0
SHF-017,drug_30,T1_2,0.0
SHF-017,drug_30,t1_MOLLI,0.0
SHF-017,drug_30,t2_MOLLI,0.0
SHF-017,drug_35,BAT,0.005008312709834647
SHF-017,drug_35,CO,0.19201932881841535
SHF-017,drug_35,Thl,0.30443668006314667
SHF-017,drug_35,Dhl,3.1367500204720686
SHF-017,drug_35,To,2.2030889787857864
SHF-017,drug_35,Eo,0.9455449819932746
SHF-017,drug_35,Toe,0.584318717701855
SHF-017,drug_35,Eb,0.2840315089384675
SHF-017,drug_35,H,0.0
SHF-017,drug_35,ve,1.7442013440702187
SHF-017,drug_35,Te,5.974161477818339
SHF-017,drug_35,De,5.576081551873274
SHF-017,drug_35,khe,0.39635576169243086
SHF-017,drug_35,Th,910.3897336796169
SHF-017,drug_35,Kbh,0.0
SHF-017,drug_35,Khe,0.0
SHF-017,drug_35,kbh,0.0
SHF-017,drug_35,CL,0.0
SHF-017,drug_35,AUC_Cb,0.0
SHF-017,drug_35,AUC_Cl,0.0
SHF-017,drug_35,AUC35_Cb,0.0
SHF-017,drug_35,AUC35_Cl,0.0
SHF-017,drug_35,RE_R1b,0.0
SHF-017,drug_35,RE_R1l,0.0
SHF-017,drug_35,RE_Sb,0.0
SHF-017,drug_35,RE_Sl,0.0
SHF-017,drug_35,T1_1,0.0
SHF-017,drug_35,T1_2,0.0
SHF-017,drug_35,t1_MOLLI,0.0
SHF-017,drug_35,t2_MOLLI,0.0
SHF-017,drug_40,BAT,0.011397474248936803
SHF-017,drug_40,CO,0.13502505092189482
SHF-017,drug_40,Thl,0.7544868271158164
SHF-017,drug_40,Dhl,1.4182712990453656
SHF-017,drug_40,To,1.610381528835912
SHF-017,drug_40,Eo,0.7750113752463446
SHF-017,drug_40,Toe,0.5166975974550553
SHF-017,drug_40,Eb,0.2545199763090576
SHF-017,drug_40,H,0.0
SHF-017,drug_40,ve,1.4258974311404724
SHF-017,drug_40,Te,5.460993571139018
SHF-017,drug_40,De,5.161234780946441
SHF-017,drug_40,khe,0.3158801323299135
SHF-017,drug_40,Th,634.4343179490185
SHF-017,drug_40,Kbh,0.0
SHF-017,drug_40,Khe,0.0
SHF-017,drug_40,kbh,0.0
SHF-017,drug_40,CL,0.0
SHF-017,drug_40,AUC_Cb,0.0
SHF-017,drug_40,AUC_Cl,0.0
SHF-017,drug_40,AUC35_Cb,0.0
SHF-017,drug_40,AUC35_Cl,0.0
SHF-017,drug_40,RE_R1b,0.0
SHF-017,drug_40,RE_R1l,0.0
SHF-017,drug_40,RE_Sb,0.0
SHF-017,drug_40,RE_Sl,0.0
SHF-017,drug_40,T1_1,0.0
SHF-017,drug_40,T1_2,0.0
SHF-017,drug_40,t1_MOLLI,0.0
SHF-017,drug_40,t2_MOLLI,0.0
