subject,study,parameter,value
SHF-007,control_05,BAT,1.1536256680930266
SHF-007,control_05,CO,5.2559249996488315
SHF-007,control_05,Thl,8.624451904239296
SHF-007,control_05,Dhl,64.09600365724454
SHF-007,control_05,To,35.87129512187921
SHF-007,control_05,Eo,27.07447849639702
SHF-007,control_05,Toe,1.6225307124074704
SHF-007,control_05,Eb,5.424331091031334
SHF-007,control_05,H,45.0
SHF-007,control_05,ve,22.743442324568946
SHF-007,control_05,Te,59.990133693662735
SHF-007,control_05,De,89.62736679271191
SHF-007,control_05,khe,31.399244103774848
SHF-007,control_05,Th,10.001794091408945
SHF-007,control_05,Kbh,9.998206230409716
SHF-007,control_05,Khe,138.05845067637514
SHF-007,control_05,kbh,7.724269962905024
SHF-007,control_05,CL,0.22065050774696843
SHF-007,control_05,AUC_Cb,71.33558794640766
SHF-007,control_05,AUC_Cl,253.5266893290109
SHF-007,control_05,AUC35_Cb,54.95654614845781
SHF-007,control_05,AUC35_Cl,162.06119048656205
SHF-007,control_05,RE_R1b,27.380748481073937
SHF-007,control_05,RE_R1l,64.12927079606425
SHF-007,control_05,RE_Sb,2.984930726176896
SHF-007,control_05,RE_Sl,84.07479905911566
SHF-007,control_05,T1_1,0.74539
SHF-007,control_05,T1_2,0.37404
SHF-007,control_05,t1_MOLLI,13.813055555555556
SHF-007,control_05,t2_MOLLI,14.628055555555555
