subject,study,parameter,value
SHF-007,control_05,BAT,0.0213783241764497
SHF-007,control_05,CO,0.16103716879397192
SHF-007,control_05,Thl,1.2434511765223175
SHF-007,control_05,Dhl,11.688543249408228
SHF-007,control_05,To,16.049354997381915
SHF-007,control_05,Eo,15.665313286152138
SHF-007,control_05,Toe,4.855961349458652
SHF-007,control_05,Eb,36.37220430951778
SHF-007,control_05,H,0
SHF-007,control_05,ve,181.30739269444354
SHF-007,control_05,Te,441.5508822295559
SHF-007,control_05,De,78.06809116447894
SHF-007,control_05,khe,82.91236459116915
SHF-007,control_05,Th,66.54494196666444
SHF-007,control_05,Kbh,0
SHF-007,control_05,Khe,0
SHF-007,control_05,kbh,0
SHF-007,control_05,CL,0.0
SHF-007,control_05,AUC_Cb,0
SHF-007,control_05,AUC_Cl,0
SHF-007,control_05,AUC35_Cb,0
SHF-007,control_05,AUC35_Cl,0
SHF-007,control_05,RE_R1b,0
SHF-007,control_05,RE_R1l,0
SHF-007,control_05,RE_Sb,0
SHF-007,control_05,RE_Sl,0
SHF-007,control_05,T1_1,0
SHF-007,control_05,T1_2,0
SHF-007,control_05,t1_MOLLI,0
SHF-007,control_05,t2_MOLLI,0
