subject,study,parameter,value
GOT-003,drug_10,BAT,0.0035952159993707126
GOT-003,drug_10,CO,0.09190985178525495
GOT-003,drug_10,Thl,0.25118816732157445
GOT-003,drug_10,Dhl,0.6508033354769898
GOT-003,drug_10,To,1.2379630560932389
GOT-003,drug_10,Eo,1.2655568179701646
GOT-003,drug_10,Toe,0.27854135239340416
GOT-003,drug_10,Eb,1.193101257365636
GOT-003,drug_10,H,0
GOT-003,drug_10,ve,4.265225811951535
GOT-003,drug_10,Te,14.126882084213154
GOT-003,drug_10,De,4.874557944027659
GOT-003,drug_10,khe,3.595993100065627
GOT-003,drug_10,Th,21.36739873291997
GOT-003,drug_10,Kbh,0
GOT-003,drug_10,Khe,0
GOT-003,drug_10,kbh,0
GOT-003,drug_10,CL,0.0
GOT-003,drug_10,AUC_Cb,0
GOT-003,drug_10,AUC_Cl,0
GOT-003,drug_10,AUC35_Cb,0
GOT-003,drug_10,AUC35_Cl,0
GOT-003,drug_10,RE_R1b,0
GOT-003,drug_10,RE_R1l,0
GOT-003,drug_10,RE_Sb,0
GOT-003,drug_10,RE_Sl,0
GOT-003,drug_10,T1_1,0
GOT-003,drug_10,T1_2,0
GOT-003,drug_10,t1_MOLLI,0
GOT-003,drug_10,t2_MOLLI,0
