subject,study,parameter,value
SHF-005,drug_25,BAT,0.04109915329385802
SHF-005,drug_25,CO,0.1503821488812832
SHF-005,drug_25,Thl,3.1848484994038944
SHF-005,drug_25,Dhl,4.5861561517672405
SHF-005,drug_25,To,3.9447165865995872
SHF-005,drug_25,Eo,2.427311021566754
SHF-005,drug_25,Toe,0.4950576339319389
SHF-005,drug_25,Eb,0.782256111672438
SHF-005,drug_25,H,0
SHF-005,drug_25,ve,2.406344602404218
SHF-005,drug_25,Te,6.135104583944316
SHF-005,drug_25,De,5.506200937379171
SHF-005,drug_25,khe,0.626190453412356
SHF-005,drug_25,Th,3712.388559822927
SHF-005,drug_25,Kbh,0
SHF-005,drug_25,Khe,0
SHF-005,drug_25,kbh,0
SHF-005,drug_25,CL,0.0
SHF-005,drug_25,AUC_Cb,0
SHF-005,drug_25,AUC_Cl,0
SHF-005,drug_25,AUC35_Cb,0
SHF-005,drug_25,AUC35_Cl,0
SHF-005,drug_25,RE_R1b,0
SHF-005,drug_25,RE_R1l,0
SHF-005,drug_25,RE_Sb,0
SHF-005,drug_25,RE_Sl,0
SHF-005,drug_25,T1_1,0
SHF-005,drug_25,T1_2,0
SHF-005,drug_25,t1_MOLLI,0
SHF-005,drug_25,t2_MOLLI,0
