subject,study,parameter,value
LDS-010,control_40,BAT,1.2452434756615107
LDS-010,control_40,CO,6.220972141766028
LDS-010,control_40,Thl,12.54694130003882
LDS-010,control_40,Dhl,45.208700469302194
LDS-010,control_40,To,43.92748668124691
LDS-010,control_40,Eo,13.4568292473725
LDS-010,control_40,Toe,10.121883694098313
LDS-010,control_40,Eb,5.48354983086171
LDS-010,control_40,H,45.0
LDS-010,control_40,ve,8.089294117054461
LDS-010,control_40,Te,43.58955131286661
LDS-010,control_40,De,75.42993805121834
LDS-010,control_40,khe,22.945551486094743
LDS-010,control_40,Th,43.37339506133933
LDS-010,control_40,Kbh,2.3055608134566925
LDS-010,control_40,Khe,283.6533219594426
LDS-010,control_40,kbh,2.1190572182086274
LDS-010,control_40,CL,0.24686914926773273
LDS-010,control_40,AUC_Cb,59.26161158920915
LDS-010,control_40,AUC_Cl,567.254920775866
LDS-010,control_40,AUC35_Cb,35.476918601368375
LDS-010,control_40,AUC35_Cl,145.98537131480606
LDS-010,control_40,RE_R1b,18.342056468228385
LDS-010,control_40,RE_R1l,63.99931263756251
LDS-010,control_40,RE_Sb,9.787718601036127
LDS-010,control_40,RE_Sl,58.05564734974901
LDS-010,control_40,T1_1,0.806320007
LDS-010,control_40,T1_2,0.561890015
LDS-010,control_40,t1_MOLLI,13.861661944444444
LDS-010,control_40,t2_MOLLI,15.021078611111111
