subject,study,parameter,value
LDS-010,control_40,BAT,0.004770794532834813
LDS-010,control_40,CO,0.08650748754599002
LDS-010,control_40,Thl,0.36983726233396813
LDS-010,control_40,Dhl,1.0098695710198033
LDS-010,control_40,To,1.4800685309236792
LDS-010,control_40,Eo,0.4801388049433046
LDS-010,control_40,Toe,0.9476402558939218
LDS-010,control_40,Eb,0.3499109421854689
LDS-010,control_40,H,0
LDS-010,control_40,ve,15.608725636871581
LDS-010,control_40,Te,70.33829359983591
LDS-010,control_40,De,41.81001857292637
LDS-010,control_40,khe,0.8590963686801107
LDS-010,control_40,Th,1.7244636702667044
LDS-010,control_40,Kbh,0
LDS-010,control_40,Khe,0
LDS-010,control_40,kbh,0
LDS-010,control_40,CL,0.0
LDS-010,control_40,AUC_Cb,0
LDS-010,control_40,AUC_Cl,0
LDS-010,control_40,AUC35_Cb,0
LDS-010,control_40,AUC35_Cl,0
LDS-010,control_40,RE_R1b,0
LDS-010,control_40,RE_R1l,0
LDS-010,control_40,RE_Sb,0
LDS-010,control_40,RE_Sl,0
LDS-010,control_40,T1_1,0
LDS-010,control_40,T1_2,0
LDS-010,control_40,t1_MOLLI,0
LDS-010,control_40,t2_MOLLI,0
