subject,study,parameter,value
LDS-005,control,BAT,1.2690917708389016
LDS-005,control,CO,7.0176747813269245
LDS-005,control,Thl,11.477120930788642
LDS-005,control,Dhl,53.69415668839343
LDS-005,control,To,26.163547057139137
LDS-005,control,Eo,16.999854165025265
LDS-005,control,Toe,5.805401275989237
LDS-005,control,Eb,5.664949456199317
LDS-005,control,H,45.0
LDS-005,control,ve,25.954720801159226
LDS-005,control,Te,44.77561955106571
LDS-005,control,De,78.48313537123303
LDS-005,control,khe,37.54334026575838
LDS-005,control,Th,28.916849643396848
LDS-005,control,Kbh,3.4581913739982726
LDS-005,control,Khe,144.6493705456526
LDS-005,control,kbh,2.560627458107249
LDS-005,control,CL,0.2648015381443641
LDS-005,control,AUC_Cb,51.10326893798664
LDS-005,control,AUC_Cl,574.5801660911109
LDS-005,control,AUC35_Cb,36.01146195948268
LDS-005,control,AUC35_Cl,221.10211919191502
LDS-005,control,RE_R1b,15.774696579098352
LDS-005,control,RE_R1l,95.27291809877042
LDS-005,control,RE_Sb,8.177012040999793
LDS-005,control,RE_Sl,73.20949778298443
LDS-005,control,T1_1,0.8025
LDS-005,control,T1_2,0.450480011
LDS-005,control,t1_MOLLI,10.870616388888887
LDS-005,control,t2_MOLLI,11.798355277777777
