subject,study,parameter,value
LDS-005,control,BAT,0.006633862379971311
LDS-005,control,CO,0.15069670168166402
LDS-005,control,Thl,0.5729881828428569
LDS-005,control,Dhl,1.662705104179394
LDS-005,control,To,1.130697442146907
LDS-005,control,Eo,0.6341883614656683
LDS-005,control,Toe,0.28402592585677183
LDS-005,control,Eb,0.2554716806707573
LDS-005,control,H,0
LDS-005,control,ve,3.2821902894808686
LDS-005,control,Te,6.6742651050856105
LDS-005,control,De,4.30710079226531
LDS-005,control,khe,0.6707025051755583
LDS-005,control,Th,0.8094952036927175
LDS-005,control,Kbh,0
LDS-005,control,Khe,0
LDS-005,control,kbh,0
LDS-005,control,CL,0.0
LDS-005,control,AUC_Cb,0
LDS-005,control,AUC_Cl,0
LDS-005,control,AUC35_Cb,0
LDS-005,control,AUC35_Cl,0
LDS-005,control,RE_R1b,0
LDS-005,control,RE_R1l,0
LDS-005,control,RE_Sb,0
LDS-005,control,RE_Sl,0
LDS-005,control,T1_1,0
LDS-005,control,T1_2,0
LDS-005,control,t1_MOLLI,0
LDS-005,control,t2_MOLLI,0
