subject,study,parameter,value
LDS-005,control_10,BAT,1.245023170687355
LDS-005,control_10,CO,6.703561618892205
LDS-005,control_10,Thl,13.398253462679364
LDS-005,control_10,Dhl,52.46044746504197
LDS-005,control_10,To,17.577396383067597
LDS-005,control_10,Eo,28.786779876115776
LDS-005,control_10,Toe,2.0826633765197275
LDS-005,control_10,Eb,5.846166079047811
LDS-005,control_10,H,45.0
LDS-005,control_10,ve,23.602963523983757
LDS-005,control_10,Te,42.41925832847812
LDS-005,control_10,De,78.18934543310837
LDS-005,control_10,khe,38.14657551104611
LDS-005,control_10,Th,24.46975623969049
LDS-005,control_10,Kbh,4.086677407836118
LDS-005,control_10,Khe,161.61773699427235
LDS-005,control_10,kbh,3.122100429921674
LDS-005,control_10,CL,0.2690562906433252
LDS-005,control_10,AUC_Cb,51.933574458338924
LDS-005,control_10,AUC_Cl,506.1631631705397
LDS-005,control_10,AUC35_Cb,42.16199463561729
LDS-005,control_10,AUC35_Cl,242.27514315003356
LDS-005,control_10,RE_R1b,19.462556335916474
LDS-005,control_10,RE_R1l,106.985840074842
LDS-005,control_10,RE_Sb,15.906620301961974
LDS-005,control_10,RE_Sl,71.56140590718427
LDS-005,control_10,T1_1,0.8025
LDS-005,control_10,T1_2,0.450480011
LDS-005,control_10,t1_MOLLI,10.870616388888887
LDS-005,control_10,t2_MOLLI,11.798355277777777
