subject,study,parameter,value
LDS-005,control_10,BAT,0.005332661025922529
LDS-005,control_10,CO,0.20694992270763288
LDS-005,control_10,Thl,0.6526540240284073
LDS-005,control_10,Dhl,1.4419823450044742
LDS-005,control_10,To,1.995836500088434
LDS-005,control_10,Eo,1.882038718462355
LDS-005,control_10,Toe,0.439268218654402
LDS-005,control_10,Eb,1.7059925943297853
LDS-005,control_10,H,0
LDS-005,control_10,ve,7.185822704207212
LDS-005,control_10,Te,13.243394955290883
LDS-005,control_10,De,8.448389150389273
LDS-005,control_10,khe,2.848976071540043
LDS-005,control_10,Th,8.437418280668531
LDS-005,control_10,Kbh,0
LDS-005,control_10,Khe,0
LDS-005,control_10,kbh,0
LDS-005,control_10,CL,0.0
LDS-005,control_10,AUC_Cb,0
LDS-005,control_10,AUC_Cl,0
LDS-005,control_10,AUC35_Cb,0
LDS-005,control_10,AUC35_Cl,0
LDS-005,control_10,RE_R1b,0
LDS-005,control_10,RE_R1l,0
LDS-005,control_10,RE_Sb,0
LDS-005,control_10,RE_Sl,0
LDS-005,control_10,T1_1,0
LDS-005,control_10,T1_2,0
LDS-005,control_10,t1_MOLLI,0
LDS-005,control_10,t2_MOLLI,0
