subject,study,parameter,value
SHF-006,control_15,BAT,1.2951913467486376
SHF-006,control_15,CO,9.079413035549182
SHF-006,control_15,Thl,15.735528631954065
SHF-006,control_15,Dhl,48.01305418674075
SHF-006,control_15,To,33.035181929902166
SHF-006,control_15,Eo,22.96226608387567
SHF-006,control_15,Toe,4.483470872001985
SHF-006,control_15,Eb,5.883630580981586
SHF-006,control_15,H,45.0
SHF-006,control_15,ve,27.46213319666564
SHF-006,control_15,Te,44.828369693146406
SHF-006,control_15,De,74.48561533568548
SHF-006,control_15,khe,44.90539477400556
SHF-006,control_15,Th,43.311599949826935
SHF-006,control_15,Kbh,2.3088502875867456
SHF-006,control_15,Khe,163.51750409344683
SHF-006,control_15,kbh,1.674790746298076
SHF-006,control_15,CL,0.48836518515294336
SHF-006,control_15,AUC_Cb,37.91267337829433
SHF-006,control_15,AUC_Cl,728.1739069340908
SHF-006,control_15,AUC35_Cb,25.02507909717689
SHF-006,control_15,AUC35_Cl,199.3971677620796
SHF-006,control_15,RE_R1b,15.229491311318274
SHF-006,control_15,RE_R1l,73.37074885583327
SHF-006,control_15,RE_Sb,8.305258192133369
SHF-006,control_15,RE_Sl,55.40955022733508
SHF-006,control_15,T1_1,0.68025
SHF-006,control_15,T1_2,0.68286
SHF-006,control_15,t1_MOLLI,8.917222222222222
SHF-006,control_15,t2_MOLLI,8.917222222222222
