subject,study,parameter,value
SHF-006,control_15,BAT,0.03776880225957843
SHF-006,control_15,CO,0.3423907810558554
SHF-006,control_15,Thl,2.5869131374544794
SHF-006,control_15,Dhl,5.951935597438601
SHF-006,control_15,To,4.220756143381149
SHF-006,control_15,Eo,2.07442624102345
SHF-006,control_15,Toe,1.8558605360761553
SHF-006,control_15,Eb,3.390452370516876
SHF-006,control_15,H,0
SHF-006,control_15,ve,13.140078476469444
SHF-006,control_15,Te,22.160218106796364
SHF-006,control_15,De,15.049236419033479
SHF-006,control_15,khe,3.341257015719794
SHF-006,control_15,Th,17.656646379487242
SHF-006,control_15,Kbh,0
SHF-006,control_15,Khe,0
SHF-006,control_15,kbh,0
SHF-006,control_15,CL,0.0
SHF-006,control_15,AUC_Cb,0
SHF-006,control_15,AUC_Cl,0
SHF-006,control_15,AUC35_Cb,0
SHF-006,control_15,AUC35_Cl,0
SHF-006,control_15,RE_R1b,0
SHF-006,control_15,RE_R1l,0
SHF-006,control_15,RE_Sb,0
SHF-006,control_15,RE_Sl,0
SHF-006,control_15,T1_1,0
SHF-006,control_15,T1_2,0
SHF-006,control_15,t1_MOLLI,0
SHF-006,control_15,t2_MOLLI,0
