subject,study,parameter,value
LDS-007,drug_35,BAT,0.0036002290880046343
LDS-007,drug_35,CO,0.09882777889589982
LDS-007,drug_35,Thl,0.2597664273308124
LDS-007,drug_35,Dhl,1.0991178422577996
LDS-007,drug_35,To,1.1081158330727143
LDS-007,drug_35,Eo,0.9451188560148656
LDS-007,drug_35,Toe,0.22678600387984477
LDS-007,drug_35,Eb,0.1962586785556337
LDS-007,drug_35,H,0
LDS-007,drug_35,ve,0.8086643888438093
LDS-007,drug_35,Te,4.359945966960142
LDS-007,drug_35,De,3.3586868156089555
LDS-007,drug_35,khe,0.2016914576977258
LDS-007,drug_35,Th,87.09606829519741
LDS-007,drug_35,Kbh,0
LDS-007,drug_35,Khe,0
LDS-007,drug_35,kbh,0
LDS-007,drug_35,CL,0.0
LDS-007,drug_35,AUC_Cb,0
LDS-007,drug_35,AUC_Cl,0
LDS-007,drug_35,AUC35_Cb,0
LDS-007,drug_35,AUC35_Cl,0
LDS-007,drug_35,RE_R1b,0
LDS-007,drug_35,RE_R1l,0
LDS-007,drug_35,RE_Sb,0
LDS-007,drug_35,RE_Sl,0
LDS-007,drug_35,T1_1,0
LDS-007,drug_35,T1_2,0
LDS-007,drug_35,t1_MOLLI,0
LDS-007,drug_35,t2_MOLLI,0
