subject,study,parameter,value
SHF-014,drug_30,BAT,0.026443407174612483
SHF-014,drug_30,CO,0.33685454656878494
SHF-014,drug_30,Thl,1.914870261184595
SHF-014,drug_30,Dhl,4.393276553303097
SHF-014,drug_30,To,2.2729552467718968
SHF-014,drug_30,Eo,0.5991864961601693
SHF-014,drug_30,Toe,1.3031874020436898
SHF-014,drug_30,Eb,1.090997661086175
SHF-014,drug_30,H,0
SHF-014,drug_30,ve,7.073272172614087
SHF-014,drug_30,Te,12.988055487876906
SHF-014,drug_30,De,13.488212568850495
SHF-014,drug_30,khe,1.3230527327153496
SHF-014,drug_30,Th,0.9440765477011512
SHF-014,drug_30,Kbh,0
SHF-014,drug_30,Khe,0
SHF-014,drug_30,kbh,0
SHF-014,drug_30,CL,0.0
SHF-014,drug_30,AUC_Cb,0
SHF-014,drug_30,AUC_Cl,0
SHF-014,drug_30,AUC35_Cb,0
SHF-014,drug_30,AUC35_Cl,0
SHF-014,drug_30,RE_R1b,0
SHF-014,drug_30,RE_R1l,0
SHF-014,drug_30,RE_Sb,0
SHF-014,drug_30,RE_Sl,0
SHF-014,drug_30,T1_1,0
SHF-014,drug_30,T1_2,0
SHF-014,drug_30,t1_MOLLI,0
SHF-014,drug_30,t2_MOLLI,0
