subject,study,parameter,value
LDS-003,control_25,BAT,1.2488112817898442
LDS-003,control_25,CO,6.423258749027556
LDS-003,control_25,Thl,9.147206388569419
LDS-003,control_25,Dhl,67.74290743974035
LDS-003,control_25,To,29.203859216884123
LDS-003,control_25,Eo,16.19460330116459
LDS-003,control_25,Toe,3.680988674941689
LDS-003,control_25,Eb,8.809369825893794
LDS-003,control_25,H,45.0
LDS-003,control_25,ve,18.32541513775156
LDS-003,control_25,Te,34.252897006970734
LDS-003,control_25,De,72.52366256702139
LDS-003,control_25,khe,49.84747369168086
LDS-003,control_25,Th,47.299550890887964
LDS-003,control_25,Kbh,2.114184978852823
LDS-003,control_25,Khe,272.0127938001895
LDS-003,control_25,kbh,1.7267518046980583
LDS-003,control_25,CL,0.43570294264123893
LDS-003,control_25,AUC_Cb,11.932778513097693
LDS-003,control_25,AUC_Cl,277.0223427708358
LDS-003,control_25,AUC35_Cb,11.08456160986198
LDS-003,control_25,AUC35_Cl,109.48997312100938
LDS-003,control_25,RE_R1b,5.163683818858359
LDS-003,control_25,RE_R1l,42.440320216882895
LDS-003,control_25,RE_Sb,0.003692579898330394
LDS-003,control_25,RE_Sl,33.63859021976309
LDS-003,control_25,T1_1,0.706900024
LDS-003,control_25,T1_2,0.529400024
LDS-003,control_25,t1_MOLLI,10.707445833333333
LDS-003,control_25,t2_MOLLI,11.655478055555555
