subject,study,parameter,value
LDS-003,control_25,BAT,0.0790365844246499
LDS-003,control_25,CO,0.7594111041305436
LDS-003,control_25,Thl,5.791319623683426
LDS-003,control_25,Dhl,31.274142530054267
LDS-003,control_25,To,2.2536896054574154
LDS-003,control_25,Eo,2.005475085723947
LDS-003,control_25,Toe,0.6989055096155482
LDS-003,control_25,Eb,1.9065391946661385
LDS-003,control_25,H,0
LDS-003,control_25,ve,8.522072374222942
LDS-003,control_25,Te,15.53739063691839
LDS-003,control_25,De,14.947594843223042
LDS-003,control_25,khe,1.2657241201643912
LDS-003,control_25,Th,4.1512912688757515
LDS-003,control_25,Kbh,0
LDS-003,control_25,Khe,0
LDS-003,control_25,kbh,0
LDS-003,control_25,CL,0.0
LDS-003,control_25,AUC_Cb,0
LDS-003,control_25,AUC_Cl,0
LDS-003,control_25,AUC35_Cb,0
LDS-003,control_25,AUC35_Cl,0
LDS-003,control_25,RE_R1b,0
LDS-003,control_25,RE_R1l,0
LDS-003,control_25,RE_Sb,0
LDS-003,control_25,RE_Sl,0
LDS-003,control_25,T1_1,0
LDS-003,control_25,T1_2,0
LDS-003,control_25,t1_MOLLI,0
LDS-003,control_25,t2_MOLLI,0
