subject,study,parameter,value
LDS-010,control_30,BAT,1.2024430935737171
LDS-010,control_30,CO,6.38768192535938
LDS-010,control_30,Thl,15.32434597578704
LDS-010,control_30,Dhl,37.8132533207488
LDS-010,control_30,To,39.34813386779656
LDS-010,control_30,Eo,13.38386316267771
LDS-010,control_30,Toe,8.739615643511469
LDS-010,control_30,Eb,5.700323374616243
LDS-010,control_30,H,45.0
LDS-010,control_30,ve,10.230048190736225
LDS-010,control_30,Te,45.668029567244645
LDS-010,control_30,De,69.3459853654519
LDS-010,control_30,khe,22.095169327674675
LDS-010,control_30,Th,51.68202688491567
LDS-010,control_30,Kbh,1.9349086331826275
LDS-010,control_30,Khe,215.98304246193933
LDS-010,control_30,kbh,1.7369665475613292
LDS-010,control_30,CL,0.2377199631987537
LDS-010,control_30,AUC_Cb,55.491460747560005
LDS-010,control_30,AUC_Cl,601.1299509270198
LDS-010,control_30,AUC35_Cb,35.84775132121229
LDS-010,control_30,AUC35_Cl,148.98419435300937
LDS-010,control_30,RE_R1b,18.832465038209683
LDS-010,control_30,RE_R1l,65.27139239829143
LDS-010,control_30,RE_Sb,0.6543926602618466
LDS-010,control_30,RE_Sl,56.78588419705321
LDS-010,control_30,T1_1,0.806320007
LDS-010,control_30,T1_2,0.561890015
LDS-010,control_30,t1_MOLLI,13.861661944444444
LDS-010,control_30,t2_MOLLI,15.021078611111111
