subject,study,parameter,value
LDS-010,control_30,BAT,0.01018097658477384
LDS-010,control_30,CO,0.08929573058383389
LDS-010,control_30,Thl,0.6746340475910653
LDS-010,control_30,Dhl,1.6592153057463737
LDS-010,control_30,To,1.752715986917069
LDS-010,control_30,Eo,0.5639255118168094
LDS-010,control_30,Toe,1.2771173780437783
LDS-010,control_30,Eb,0.5834460833463306
LDS-010,control_30,H,0
LDS-010,control_30,ve,5.119253246139916
LDS-010,control_30,Te,21.320308447916545
LDS-010,control_30,De,15.95417723062683
LDS-010,control_30,khe,0.5395124233254197
LDS-010,control_30,Th,3.8046537315618636
LDS-010,control_30,Kbh,0
LDS-010,control_30,Khe,0
LDS-010,control_30,kbh,0
LDS-010,control_30,CL,0.0
LDS-010,control_30,AUC_Cb,0
LDS-010,control_30,AUC_Cl,0
LDS-010,control_30,AUC35_Cb,0
LDS-010,control_30,AUC35_Cl,0
LDS-010,control_30,RE_R1b,0
LDS-010,control_30,RE_R1l,0
LDS-010,control_30,RE_Sb,0
LDS-010,control_30,RE_Sl,0
LDS-010,control_30,T1_1,0
LDS-010,control_30,T1_2,0
LDS-010,control_30,t1_MOLLI,0
LDS-010,control_30,t2_MOLLI,0
