subject,study,parameter,value
LDS-001,control_30,BAT,1.2217774752820785
LDS-001,control_30,CO,14.617800579824777
LDS-001,control_30,Thl,20.171408990728892
LDS-001,control_30,Dhl,60.007904547569225
LDS-001,control_30,To,23.120177668441798
LDS-001,control_30,Eo,13.491349196669628
LDS-001,control_30,Toe,9.956747456536531
LDS-001,control_30,Eb,3.70699250883119
LDS-001,control_30,H,45.0
LDS-001,control_30,ve,45.48288374955315
LDS-001,control_30,Te,59.968369444696016
LDS-001,control_30,De,84.57754649503565
LDS-001,control_30,khe,31.593103785588326
LDS-001,control_30,Th,39.14171553681225
LDS-001,control_30,Kbh,2.554819037145967
LDS-001,control_30,Khe,69.46152306338473
LDS-001,control_30,kbh,1.3928136644694133
LDS-001,control_30,CL,0.3494871409175336
LDS-001,control_30,AUC_Cb,218.1017375300551
LDS-001,control_30,AUC_Cl,2715.1167659347616
LDS-001,control_30,AUC35_Cb,113.15053007778612
LDS-001,control_30,AUC35_Cl,668.928931647747
LDS-001,control_30,RE_R1b,65.63354839347642
LDS-001,control_30,RE_R1l,268.00739090346565
LDS-001,control_30,RE_Sb,48.27375804538999
LDS-001,control_30,RE_Sl,161.41869792659912
LDS-001,control_30,T1_1,0.762049988
LDS-001,control_30,T1_2,0.164630005
LDS-001,control_30,t1_MOLLI,9.437863611111112
LDS-001,control_30,t2_MOLLI,10.4112
