subject,study,parameter,value
LDS-001,control_30,BAT,0.012410003059796705
LDS-001,control_30,CO,0.3311453755034465
LDS-001,control_30,Thl,1.014240822367599
LDS-001,control_30,Dhl,2.187481565911122
LDS-001,control_30,To,0.7939955400831978
LDS-001,control_30,Eo,0.19968430671015902
LDS-001,control_30,Toe,0.512071340099384
LDS-001,control_30,Eb,0.3508670793492159
LDS-001,control_30,H,0
LDS-001,control_30,ve,1.8179322574768202
LDS-001,control_30,Te,3.407491812804741
LDS-001,control_30,De,1.7109187463061444
LDS-001,control_30,khe,0.39254180216956236
LDS-001,control_30,Th,1.2469899199393042
LDS-001,control_30,Kbh,0
LDS-001,control_30,Khe,0
LDS-001,control_30,kbh,0
LDS-001,control_30,CL,0.0
LDS-001,control_30,AUC_Cb,0
LDS-001,control_30,AUC_Cl,0
LDS-001,control_30,AUC35_Cb,0
LDS-001,control_30,AUC35_Cl,0
LDS-001,control_30,RE_R1b,0
LDS-001,control_30,RE_R1l,0
LDS-001,control_30,RE_Sb,0
LDS-001,control_30,RE_Sl,0
LDS-001,control_30,T1_1,0
LDS-001,control_30,T1_2,0
LDS-001,control_30,t1_MOLLI,0
LDS-001,control_30,t2_MOLLI,0
