subject,study,parameter,value
SHF-002,drug_35,BAT,0.005797944849939027
SHF-002,drug_35,CO,0.03323088388734405
SHF-002,drug_35,Thl,0.3996060275637101
SHF-002,drug_35,Dhl,0.7185780714916117
SHF-002,drug_35,To,1.4399781727380108
SHF-002,drug_35,Eo,1.0089174566166081
SHF-002,drug_35,Toe,0.2661434849961735
SHF-002,drug_35,Eb,0.25964245534431646
SHF-002,drug_35,H,0
SHF-002,drug_35,ve,1.0552026458874344
SHF-002,drug_35,Te,4.39728650982389
SHF-002,drug_35,De,2.713043276255883
SHF-002,drug_35,khe,0.2025773111907362
SHF-002,drug_35,Th,1181.5368519055455
SHF-002,drug_35,Kbh,0
SHF-002,drug_35,Khe,0
SHF-002,drug_35,kbh,0
SHF-002,drug_35,CL,0.0
SHF-002,drug_35,AUC_Cb,0
SHF-002,drug_35,AUC_Cl,0
SHF-002,drug_35,AUC35_Cb,0
SHF-002,drug_35,AUC35_Cl,0
SHF-002,drug_35,RE_R1b,0
SHF-002,drug_35,RE_R1l,0
SHF-002,drug_35,RE_Sb,0
SHF-002,drug_35,RE_Sl,0
SHF-002,drug_35,T1_1,0
SHF-002,drug_35,T1_2,0
SHF-002,drug_35,t1_MOLLI,0
SHF-002,drug_35,t2_MOLLI,0
