subject,study,parameter,value
SHF-017,drug_40,BAT,0.011397474248936803
SHF-017,drug_40,CO,0.13502505092189482
SHF-017,drug_40,Thl,0.7544868271158164
SHF-017,drug_40,Dhl,1.4182712990453656
SHF-017,drug_40,To,1.610381528835912
SHF-017,drug_40,Eo,0.7750113752463446
SHF-017,drug_40,Toe,0.5166975974550553
SHF-017,drug_40,Eb,0.2545199763090576
SHF-017,drug_40,H,0
SHF-017,drug_40,ve,1.4258974311404724
SHF-017,drug_40,Te,5.460993571139018
SHF-017,drug_40,De,5.161234780946441
SHF-017,drug_40,khe,0.3158801323299135
SHF-017,drug_40,Th,634.4343179490185
SHF-017,drug_40,Kbh,0
SHF-017,drug_40,Khe,0
SHF-017,drug_40,kbh,0
SHF-017,drug_40,CL,0.0
SHF-017,drug_40,AUC_Cb,0
SHF-017,drug_40,AUC_Cl,0
SHF-017,drug_40,AUC35_Cb,0
SHF-017,drug_40,AUC35_Cl,0
SHF-017,drug_40,RE_R1b,0
SHF-017,drug_40,RE_R1l,0
SHF-017,drug_40,RE_Sb,0
SHF-017,drug_40,RE_Sl,0
SHF-017,drug_40,T1_1,0
SHF-017,drug_40,T1_2,0
SHF-017,drug_40,t1_MOLLI,0
SHF-017,drug_40,t2_MOLLI,0
