subject,study,parameter,value
SHF-004,control_20,BAT,1.3076423698628614
SHF-004,control_20,CO,10.84570346011662
SHF-004,control_20,Thl,13.950884012285472
SHF-004,control_20,Dhl,86.44864760992293
SHF-004,control_20,To,25.8559203000787
SHF-004,control_20,Eo,17.811834796261437
SHF-004,control_20,Toe,3.911644600633734
SHF-004,control_20,Eb,4.197392999506619
SHF-004,control_20,H,45.0
SHF-004,control_20,ve,24.53698794285502
SHF-004,control_20,Te,31.063591769236773
SHF-004,control_20,De,94.55275561230233
SHF-004,control_20,khe,23.97043175588761
SHF-004,control_20,Th,54.23008534649092
SHF-004,control_20,Kbh,1.8439948851467323
SHF-004,control_20,Khe,97.69101167475453
SHF-004,control_20,kbh,1.3915340825114153
SHF-004,control_20,CL,0.20909950282471199
SHF-004,control_20,AUC_Cb,44.545566989382564
SHF-004,control_20,AUC_Cl,559.0901365956666
SHF-004,control_20,AUC35_Cb,29.613375467977516
SHF-004,control_20,AUC35_Cl,136.27900932542104
SHF-004,control_20,RE_R1b,18.767572353228097
SHF-004,control_20,RE_R1l,58.37509817241735
SHF-004,control_20,RE_Sb,21.42846689454542
SHF-004,control_20,RE_Sl,49.08440698137722
SHF-004,control_20,T1_1,0.79748
SHF-004,control_20,T1_2,0.51401
SHF-004,control_20,t1_MOLLI,10.535277777777777
SHF-004,control_20,t2_MOLLI,11.376388888888888
