subject,study,parameter,value
SHF-004,control_20,BAT,0.06134471871933998
SHF-004,control_20,CO,1.2980300563690836
SHF-004,control_20,Thl,4.67642018144577
SHF-004,control_20,Dhl,19.955874914141074
SHF-004,control_20,To,2.756836528918475
SHF-004,control_20,Eo,1.9528838483108653
SHF-004,control_20,Toe,0.9984771532227865
SHF-004,control_20,Eb,1.8643093680356229
SHF-004,control_20,H,0
SHF-004,control_20,ve,3.800583708077211
SHF-004,control_20,Te,8.738170940203503
SHF-004,control_20,De,8.755147706530568
SHF-004,control_20,khe,1.1553086574202678
SHF-004,control_20,Th,14.04238684413935
SHF-004,control_20,Kbh,0
SHF-004,control_20,Khe,0
SHF-004,control_20,kbh,0
SHF-004,control_20,CL,0.0
SHF-004,control_20,AUC_Cb,0
SHF-004,control_20,AUC_Cl,0
SHF-004,control_20,AUC35_Cb,0
SHF-004,control_20,AUC35_Cl,0
SHF-004,control_20,RE_R1b,0
SHF-004,control_20,RE_R1l,0
SHF-004,control_20,RE_Sb,0
SHF-004,control_20,RE_Sl,0
SHF-004,control_20,T1_1,0
SHF-004,control_20,T1_2,0
SHF-004,control_20,t1_MOLLI,0
SHF-004,control_20,t2_MOLLI,0
