subject,study,parameter,value
SHF-006,drug_40,BAT,0.04510738560340545
SHF-006,drug_40,CO,0.24230179970429463
SHF-006,drug_40,Thl,3.4103296365996796
SHF-006,drug_40,Dhl,4.3260731865269095
SHF-006,drug_40,To,2.54682912854358
SHF-006,drug_40,Eo,0.8269022499479177
SHF-006,drug_40,Toe,1.2977994444225371
SHF-006,drug_40,Eb,0.8975406182368634
SHF-006,drug_40,H,0
SHF-006,drug_40,ve,1.9651125756498058
SHF-006,drug_40,Te,4.598465421435341
SHF-006,drug_40,De,4.914530837694526
SHF-006,drug_40,khe,0.4477627358725836
SHF-006,drug_40,Th,28.051522708913037
SHF-006,drug_40,Kbh,0
SHF-006,drug_40,Khe,0
SHF-006,drug_40,kbh,0
SHF-006,drug_40,CL,0.0
SHF-006,drug_40,AUC_Cb,0
SHF-006,drug_40,AUC_Cl,0
SHF-006,drug_40,AUC35_Cb,0
SHF-006,drug_40,AUC35_Cl,0
SHF-006,drug_40,RE_R1b,0
SHF-006,drug_40,RE_R1l,0
SHF-006,drug_40,RE_Sb,0
SHF-006,drug_40,RE_Sl,0
SHF-006,drug_40,T1_1,0
SHF-006,drug_40,T1_2,0
SHF-006,drug_40,t1_MOLLI,0
SHF-006,drug_40,t2_MOLLI,0
