subject,study,parameter,value
LDS-005,control_40,BAT,1.3207078195845248
LDS-005,control_40,CO,7.161609164431196
LDS-005,control_40,Thl,8.85762406586616
LDS-005,control_40,Dhl,76.53392678829243
LDS-005,control_40,To,27.34622826905367
LDS-005,control_40,Eo,16.463525921479487
LDS-005,control_40,Toe,5.547980284580876
LDS-005,control_40,Eb,5.602855231370234
LDS-005,control_40,H,45.0
LDS-005,control_40,ve,26.52131584893937
LDS-005,control_40,Te,46.38517768970165
LDS-005,control_40,De,79.81450518808965
LDS-005,control_40,khe,36.941377683617404
LDS-005,control_40,Th,28.872541722898625
LDS-005,control_40,Kbh,3.463498328610628
LDS-005,control_40,Khe,139.28938478780174
LDS-005,control_40,kbh,2.544932997457067
LDS-005,control_40,CL,0.260555762021943
LDS-005,control_40,AUC_Cb,50.48715167489954
LDS-005,control_40,AUC_Cl,559.1167578054329
LDS-005,control_40,AUC35_Cb,36.58917168299923
LDS-005,control_40,AUC35_Cl,221.89581285032622
LDS-005,control_40,RE_R1b,16.004499029511248
LDS-005,control_40,RE_R1l,95.67309886491955
LDS-005,control_40,RE_Sb,15.545513428164655
LDS-005,control_40,RE_Sl,71.79490634995743
LDS-005,control_40,T1_1,0.8025
LDS-005,control_40,T1_2,0.450480011
LDS-005,control_40,t1_MOLLI,10.870616388888887
LDS-005,control_40,t2_MOLLI,11.798355277777777
