subject,study,parameter,value
LDS-005,control_40,BAT,0.00763648631806352
LDS-005,control_40,CO,0.18990080401735646
LDS-005,control_40,Thl,0.6000682705869494
LDS-005,control_40,Dhl,3.807132210038212
LDS-005,control_40,To,1.2996095972498714
LDS-005,control_40,Eo,0.6457552363215735
LDS-005,control_40,Toe,0.29265844111754563
LDS-005,control_40,Eb,0.29952189240822424
LDS-005,control_40,H,0
LDS-005,control_40,ve,3.4248771411497376
LDS-005,control_40,Te,7.089246297447559
LDS-005,control_40,De,4.2885057786216745
LDS-005,control_40,khe,0.6830840282646713
LDS-005,control_40,Th,0.8491927222049003
LDS-005,control_40,Kbh,0
LDS-005,control_40,Khe,0
LDS-005,control_40,kbh,0
LDS-005,control_40,CL,0.0
LDS-005,control_40,AUC_Cb,0
LDS-005,control_40,AUC_Cl,0
LDS-005,control_40,AUC35_Cb,0
LDS-005,control_40,AUC35_Cl,0
LDS-005,control_40,RE_R1b,0
LDS-005,control_40,RE_R1l,0
LDS-005,control_40,RE_Sb,0
LDS-005,control_40,RE_Sl,0
LDS-005,control_40,T1_1,0
LDS-005,control_40,T1_2,0
LDS-005,control_40,t1_MOLLI,0
LDS-005,control_40,t2_MOLLI,0
