subject,study,parameter,value
LDS-007,control_25,BAT,1.1300584359221901
LDS-007,control_25,CO,5.7912762367149995
LDS-007,control_25,Thl,12.435195173995256
LDS-007,control_25,Dhl,37.06879650298958
LDS-007,control_25,To,20.093493469444056
LDS-007,control_25,Eo,29.2706670822159
LDS-007,control_25,Toe,3.66040208263322
LDS-007,control_25,Eb,7.758268401999226
LDS-007,control_25,H,45.0
LDS-007,control_25,ve,7.3648295780198225
LDS-007,control_25,Te,59.99999968106213
LDS-007,control_25,De,99.9999733120671
LDS-007,control_25,khe,30.36087831310586
LDS-007,control_25,Th,47.281383744544286
LDS-007,control_25,Kbh,2.1149973219965
LDS-007,control_25,Khe,412.24142380316925
LDS-007,control_25,kbh,1.9592313736517744
LDS-007,control_25,CL,0.2866567985960394
LDS-007,control_25,AUC_Cb,45.263191988726675
LDS-007,control_25,AUC_Cl,630.9892856871368
LDS-007,control_25,AUC35_Cb,34.962174719388344
LDS-007,control_25,AUC35_Cl,191.68166464404288
LDS-007,control_25,RE_R1b,21.043460422317413
LDS-007,control_25,RE_R1l,90.06271040851976
LDS-007,control_25,RE_Sb,19.07316135544974
LDS-007,control_25,RE_Sl,72.97111999670273
LDS-007,control_25,T1_1,0.855419983
LDS-007,control_25,T1_2,0.537539978
LDS-007,control_25,t1_MOLLI,14.784960833333333
LDS-007,control_25,t2_MOLLI,16.253286111111112
