subject,study,parameter,value
LDS-007,control_25,BAT,0.013698702360870063
LDS-007,control_25,CO,0.12185829670277594
LDS-007,control_25,Thl,0.9505571766464268
LDS-007,control_25,Dhl,1.9220505570513406
LDS-007,control_25,To,1.422715028119225
LDS-007,control_25,Eo,1.2308098943824703
LDS-007,control_25,Toe,0.2961402742207476
LDS-007,control_25,Eb,0.5489291825864338
LDS-007,control_25,H,0
LDS-007,control_25,ve,3.917060553514044
LDS-007,control_25,Te,17.431598432760186
LDS-007,control_25,De,5.934198010873222
LDS-007,control_25,khe,0.6376530352029843
LDS-007,control_25,Th,4.147178848165404
LDS-007,control_25,Kbh,0
LDS-007,control_25,Khe,0
LDS-007,control_25,kbh,0
LDS-007,control_25,CL,0.0
LDS-007,control_25,AUC_Cb,0
LDS-007,control_25,AUC_Cl,0
LDS-007,control_25,AUC35_Cb,0
LDS-007,control_25,AUC35_Cl,0
LDS-007,control_25,RE_R1b,0
LDS-007,control_25,RE_R1l,0
LDS-007,control_25,RE_Sb,0
LDS-007,control_25,RE_Sl,0
LDS-007,control_25,T1_1,0
LDS-007,control_25,T1_2,0
LDS-007,control_25,t1_MOLLI,0
LDS-007,control_25,t2_MOLLI,0
