subject,study,parameter,value
LDS-003,drug_05,BAT,0.01508113240635072
LDS-003,drug_05,CO,0.30450529306829355
LDS-003,drug_05,Thl,0.9990388390791709
LDS-003,drug_05,Dhl,1.8824272442170744
LDS-003,drug_05,To,2.486891997517002
LDS-003,drug_05,Eo,8.519388952823101
LDS-003,drug_05,Toe,0.44686444226745997
LDS-003,drug_05,Eb,4.279709751329417
LDS-003,drug_05,H,0
LDS-003,drug_05,ve,260.5287324956684
LDS-003,drug_05,Te,12.451044385371471
LDS-003,drug_05,De,18.23501277262958
LDS-003,drug_05,khe,15.199190457724477
LDS-003,drug_05,Th,1932664.5484355155
LDS-003,drug_05,Kbh,0
LDS-003,drug_05,Khe,0
LDS-003,drug_05,kbh,0
LDS-003,drug_05,CL,0.0
LDS-003,drug_05,AUC_Cb,0
LDS-003,drug_05,AUC_Cl,0
LDS-003,drug_05,AUC35_Cb,0
LDS-003,drug_05,AUC35_Cl,0
LDS-003,drug_05,RE_R1b,0
LDS-003,drug_05,RE_R1l,0
LDS-003,drug_05,RE_Sb,0
LDS-003,drug_05,RE_Sl,0
LDS-003,drug_05,T1_1,0
LDS-003,drug_05,T1_2,0
LDS-003,drug_05,t1_MOLLI,0
LDS-003,drug_05,t2_MOLLI,0
