subject,study,parameter,value
LDS-010,drug_40,BAT,0.00530297612465944
LDS-010,drug_40,CO,0.11549102320421534
LDS-010,drug_40,Thl,0.43427859035798516
LDS-010,drug_40,Dhl,0.9416956729642288
LDS-010,drug_40,To,1.5798287265433766
LDS-010,drug_40,Eo,0.4558352962475109
LDS-010,drug_40,Toe,1.4701141998086587
LDS-010,drug_40,Eb,0.6645560861796121
LDS-010,drug_40,H,0
LDS-010,drug_40,ve,1.255975119509428
LDS-010,drug_40,Te,5.044990044901873
LDS-010,drug_40,De,4.716026096106737
LDS-010,drug_40,khe,0.2471437354217658
LDS-010,drug_40,Th,3563.763698248113
LDS-010,drug_40,Kbh,0
LDS-010,drug_40,Khe,0
LDS-010,drug_40,kbh,0
LDS-010,drug_40,CL,0.0
LDS-010,drug_40,AUC_Cb,0
LDS-010,drug_40,AUC_Cl,0
LDS-010,drug_40,AUC35_Cb,0
LDS-010,drug_40,AUC35_Cl,0
LDS-010,drug_40,RE_R1b,0
LDS-010,drug_40,RE_R1l,0
LDS-010,drug_40,RE_Sb,0
LDS-010,drug_40,RE_Sl,0
LDS-010,drug_40,T1_1,0
LDS-010,drug_40,T1_2,0
LDS-010,drug_40,t1_MOLLI,0
LDS-010,drug_40,t2_MOLLI,0
