subject,study,parameter,value
LDS-005,control_30,BAT,1.2973332243112392
LDS-005,control_30,CO,6.9535287041973435
LDS-005,control_30,Thl,10.743582059591539
LDS-005,control_30,Dhl,70.20361387885261
LDS-005,control_30,To,20.89220220289726
LDS-005,control_30,Eo,22.50190801959007
LDS-005,control_30,Toe,2.564283537951812
LDS-005,control_30,Eb,7.703066242995297
LDS-005,control_30,H,45.0
LDS-005,control_30,ve,34.098957945976224
LDS-005,control_30,Te,59.99601731164744
LDS-005,control_30,De,85.68369391745307
LDS-005,control_30,khe,34.86340759329348
LDS-005,control_30,Th,33.451374958686976
LDS-005,control_30,Kbh,2.9894137422901665
LDS-005,control_30,Khe,102.24185633041454
LDS-005,control_30,kbh,1.970054807475409
LDS-005,control_30,CL,0.24589937630238
LDS-005,control_30,AUC_Cb,37.89714335142802
LDS-005,control_30,AUC_Cl,462.18251577394426
LDS-005,control_30,AUC35_Cb,34.52123878805154
LDS-005,control_30,AUC35_Cl,221.05012324453455
LDS-005,control_30,RE_R1b,13.78102683380453
LDS-005,control_30,RE_R1l,96.742069234963
LDS-005,control_30,RE_Sb,2.180114911274723
LDS-005,control_30,RE_Sl,75.13629108360641
LDS-005,control_30,T1_1,0.8025
LDS-005,control_30,T1_2,0.450480011
LDS-005,control_30,t1_MOLLI,10.870616388888887
LDS-005,control_30,t2_MOLLI,11.798355277777777
