subject,study,parameter,value
LDS-005,control_30,BAT,0.0047422057962984805
LDS-005,control_30,CO,0.1867647970842162
LDS-005,control_30,Thl,0.4250710993995946
LDS-005,control_30,Dhl,2.4453699827879665
LDS-005,control_30,To,1.4562088001856552
LDS-005,control_30,Eo,1.238672290312391
LDS-005,control_30,Toe,0.19354410858947707
LDS-005,control_30,Eb,0.34995204001556485
LDS-005,control_30,H,0
LDS-005,control_30,ve,4.335206214024672
LDS-005,control_30,Te,9.116228986144234
LDS-005,control_30,De,3.2583250732341793
LDS-005,control_30,khe,0.7985155652807778
LDS-005,control_30,Th,1.5853904517950423
LDS-005,control_30,Kbh,0
LDS-005,control_30,Khe,0
LDS-005,control_30,kbh,0
LDS-005,control_30,CL,0.0
LDS-005,control_30,AUC_Cb,0
LDS-005,control_30,AUC_Cl,0
LDS-005,control_30,AUC35_Cb,0
LDS-005,control_30,AUC35_Cl,0
LDS-005,control_30,RE_R1b,0
LDS-005,control_30,RE_R1l,0
LDS-005,control_30,RE_Sb,0
LDS-005,control_30,RE_Sl,0
LDS-005,control_30,T1_1,0
LDS-005,control_30,T1_2,0
LDS-005,control_30,t1_MOLLI,0
LDS-005,control_30,t2_MOLLI,0
