subject,study,parameter,value
LDS-002,drug_35,BAT,0.01979938704518658
LDS-002,drug_35,CO,0.13225725759435258
LDS-002,drug_35,Thl,1.43759780117937
LDS-002,drug_35,Dhl,1.4949246261016929
LDS-002,drug_35,To,1.655462792005419
LDS-002,drug_35,Eo,1.9577902806159841
LDS-002,drug_35,Toe,0.23049820719184844
LDS-002,drug_35,Eb,0.4275483285280529
LDS-002,drug_35,H,0
LDS-002,drug_35,ve,1.0114856284583302
LDS-002,drug_35,Te,4.843874860004827
LDS-002,drug_35,De,4.960102061948433
LDS-002,drug_35,khe,0.23275239529250213
LDS-002,drug_35,Th,1712.682192109164
LDS-002,drug_35,Kbh,0
LDS-002,drug_35,Khe,0
LDS-002,drug_35,kbh,0
LDS-002,drug_35,CL,0.0
LDS-002,drug_35,AUC_Cb,0
LDS-002,drug_35,AUC_Cl,0
LDS-002,drug_35,AUC35_Cb,0
LDS-002,drug_35,AUC35_Cl,0
LDS-002,drug_35,RE_R1b,0
LDS-002,drug_35,RE_R1l,0
LDS-002,drug_35,RE_Sb,0
LDS-002,drug_35,RE_Sl,0
LDS-002,drug_35,T1_1,0
LDS-002,drug_35,T1_2,0
LDS-002,drug_35,t1_MOLLI,0
LDS-002,drug_35,t2_MOLLI,0
