subject,study,parameter,value
SHF-005,drug_15,BAT,0.12646905169721664
SHF-005,drug_15,CO,0.6180985212923499
SHF-005,drug_15,Thl,9.67131912241919
SHF-005,drug_15,Dhl,20.10906641345973
SHF-005,drug_15,To,6.012698318734231
SHF-005,drug_15,Eo,4.652413099702035
SHF-005,drug_15,Toe,1.0586160636151891
SHF-005,drug_15,Eb,3.691983532708699
SHF-005,drug_15,H,0
SHF-005,drug_15,ve,3.01049457401116
SHF-005,drug_15,Te,8.039137024426612
SHF-005,drug_15,De,6.8568376377905205
SHF-005,drug_15,khe,1.5329309029231593
SHF-005,drug_15,Th,1029.2232409872604
SHF-005,drug_15,Kbh,0
SHF-005,drug_15,Khe,0
SHF-005,drug_15,kbh,0
SHF-005,drug_15,CL,0.0
SHF-005,drug_15,AUC_Cb,0
SHF-005,drug_15,AUC_Cl,0
SHF-005,drug_15,AUC35_Cb,0
SHF-005,drug_15,AUC35_Cl,0
SHF-005,drug_15,RE_R1b,0
SHF-005,drug_15,RE_R1l,0
SHF-005,drug_15,RE_Sb,0
SHF-005,drug_15,RE_Sl,0
SHF-005,drug_15,T1_1,0
SHF-005,drug_15,T1_2,0
SHF-005,drug_15,t1_MOLLI,0
SHF-005,drug_15,t2_MOLLI,0
