subject,study,parameter,value
SHF-009,control_10,BAT,1.0807610147845985
SHF-009,control_10,CO,10.026469954723076
SHF-009,control_10,Thl,29.98652816759039
SHF-009,control_10,Dhl,53.50653083786507
SHF-009,control_10,To,9.258679715273422
SHF-009,control_10,Eo,44.06333694344417
SHF-009,control_10,Toe,0.9604854241183756
SHF-009,control_10,Eb,10.414274535324175
SHF-009,control_10,H,45.0
SHF-009,control_10,ve,30.202660562578682
SHF-009,control_10,Te,46.618172958370224
SHF-009,control_10,De,90.84361955637934
SHF-009,control_10,khe,24.584885179672206
SHF-009,control_10,Th,568.5740763572126
SHF-009,control_10,Kbh,0.17587857793427422
SHF-009,control_10,Khe,81.39973340670875
SHF-009,control_10,kbh,0.12275856803849498
SHF-009,control_10,CL,0.19592829604424264
SHF-009,control_10,AUC_Cb,25.87718772863672
SHF-009,control_10,AUC_Cl,944.2529992761094
SHF-009,control_10,AUC35_Cb,24.947258318218825
SHF-009,control_10,AUC35_Cl,162.74426794344774
SHF-009,control_10,RE_R1b,12.531515022650991
SHF-009,control_10,RE_R1l,67.54199064017553
SHF-009,control_10,RE_Sb,26.66024255262391
SHF-009,control_10,RE_Sl,42.18345238457228
SHF-009,control_10,T1_1,0.76084
SHF-009,control_10,T1_2,0.42171
SHF-009,control_10,t1_MOLLI,9.10138888888889
SHF-009,control_10,t2_MOLLI,9.93361111111111
