subject,study,parameter,value
SHF-009,control_10,BAT,0.014908033178941961
SHF-009,control_10,CO,0.30016453500158347
SHF-009,control_10,Thl,1.4448079144458446
SHF-009,control_10,Dhl,1.5007167763142308
SHF-009,control_10,To,2.387338255360048
SHF-009,control_10,Eo,3.943459206535893
SHF-009,control_10,Toe,0.16770338203498478
SHF-009,control_10,Eb,1.088754244842316
SHF-009,control_10,H,0
SHF-009,control_10,ve,18.031626106356217
SHF-009,control_10,Te,17.69764692681056
SHF-009,control_10,De,7.729737569889855
SHF-009,control_10,khe,4.091308568286302
SHF-009,control_10,Th,10368.104532262598
SHF-009,control_10,Kbh,0
SHF-009,control_10,Khe,0
SHF-009,control_10,kbh,0
SHF-009,control_10,CL,0.0
SHF-009,control_10,AUC_Cb,0
SHF-009,control_10,AUC_Cl,0
SHF-009,control_10,AUC35_Cb,0
SHF-009,control_10,AUC35_Cl,0
SHF-009,control_10,RE_R1b,0
SHF-009,control_10,RE_R1l,0
SHF-009,control_10,RE_Sb,0
SHF-009,control_10,RE_Sl,0
SHF-009,control_10,T1_1,0
SHF-009,control_10,T1_2,0
SHF-009,control_10,t1_MOLLI,0
SHF-009,control_10,t2_MOLLI,0
