subject,study,parameter,value
SHF-016,control_20,BAT,1.1623175309015346
SHF-016,control_20,CO,15.186601762987497
SHF-016,control_20,Thl,17.494578423741373
SHF-016,control_20,Dhl,46.80246495790705
SHF-016,control_20,To,19.258175327399893
SHF-016,control_20,Eo,17.907356284011023
SHF-016,control_20,Toe,4.138585735547775
SHF-016,control_20,Eb,7.820153145348711
SHF-016,control_20,H,45.0
SHF-016,control_20,ve,31.010836696152367
SHF-016,control_20,Te,31.549960679893353
SHF-016,control_20,De,80.66211986190348
SHF-016,control_20,khe,70.34411330879063
SHF-016,control_20,Th,57.6000202875972
SHF-016,control_20,Kbh,1.7361104996265537
SHF-016,control_20,Khe,226.8371988735102
SHF-016,control_20,kbh,1.1977281077226083
SHF-016,control_20,CL,0.6611228544710657
SHF-016,control_20,AUC_Cb,17.159242851901165
SHF-016,control_20,AUC_Cl,663.9851513256668
SHF-016,control_20,AUC35_Cb,14.82586494158032
SHF-016,control_20,AUC35_Cl,211.88386340364735
SHF-016,control_20,RE_R1b,7.713182935125343
SHF-016,control_20,RE_R1l,76.19657877488963
SHF-016,control_20,RE_Sb,7.722945120103658
SHF-016,control_20,RE_Sl,61.45453378717352
SHF-016,control_20,T1_1,0.65575
SHF-016,control_20,T1_2,0.41641
SHF-016,control_20,t1_MOLLI,11.832777777777778
SHF-016,control_20,t2_MOLLI,12.673333333333334
