subject,study,parameter,value
SHF-016,control_20,BAT,0.024746776875947615
SHF-016,control_20,CO,0.541762301875909
SHF-016,control_20,Thl,1.8895529152911685
SHF-016,control_20,Dhl,2.914186264836599
SHF-016,control_20,To,1.8600633218820812
SHF-016,control_20,Eo,1.2338733266160564
SHF-016,control_20,Toe,0.6407225631527033
SHF-016,control_20,Eb,0.8731605578329885
SHF-016,control_20,H,0
SHF-016,control_20,ve,11.28598619631363
SHF-016,control_20,Te,13.715533028599463
SHF-016,control_20,De,12.109384993837695
SHF-016,control_20,khe,2.08512491798734
SHF-016,control_20,Th,9.228635332880978
SHF-016,control_20,Kbh,0
SHF-016,control_20,Khe,0
SHF-016,control_20,kbh,0
SHF-016,control_20,CL,0.0
SHF-016,control_20,AUC_Cb,0
SHF-016,control_20,AUC_Cl,0
SHF-016,control_20,AUC35_Cb,0
SHF-016,control_20,AUC35_Cl,0
SHF-016,control_20,RE_R1b,0
SHF-016,control_20,RE_R1l,0
SHF-016,control_20,RE_Sb,0
SHF-016,control_20,RE_Sl,0
SHF-016,control_20,T1_1,0
SHF-016,control_20,T1_2,0
SHF-016,control_20,t1_MOLLI,0
SHF-016,control_20,t2_MOLLI,0
