subject,study,parameter,value
SHF-022,control_25,BAT,1.2563990506282319
SHF-022,control_25,CO,11.835079939307803
SHF-022,control_25,Thl,13.73070929943807
SHF-022,control_25,Dhl,41.73864788719172
SHF-022,control_25,To,26.65543473882231
SHF-022,control_25,Eo,15.147210363824579
SHF-022,control_25,Toe,7.094220480698215
SHF-022,control_25,Eb,5.000854726272079
SHF-022,control_25,H,45.0
SHF-022,control_25,ve,26.303759745508508
SHF-022,control_25,Te,30.94817996291953
SHF-022,control_25,De,83.02819840371434
SHF-022,control_25,khe,52.860541050777556
SHF-022,control_25,Th,51.11700108509029
SHF-022,control_25,Kbh,1.9562962982421088
SHF-022,control_25,Khe,200.96192165001716
SHF-022,control_25,kbh,1.441716820042228
SHF-022,control_25,CL,0.6012958456005992
SHF-022,control_25,AUC_Cb,34.225062966689514
SHF-022,control_25,AUC_Cl,881.9593161975985
SHF-022,control_25,AUC35_Cb,22.16962577539048
SHF-022,control_25,AUC35_Cl,220.67152776857895
SHF-022,control_25,RE_R1b,12.710217264899335
SHF-022,control_25,RE_R1l,90.16429938491059
SHF-022,control_25,RE_Sb,17.12384099373799
SHF-022,control_25,RE_Sl,75.28655737392293
SHF-022,control_25,T1_1,0.75858
SHF-022,control_25,T1_2,0.36546
SHF-022,control_25,t1_MOLLI,13.748333333333333
SHF-022,control_25,t2_MOLLI,14.633333333333333
