subject,study,parameter,value
SHF-022,control_25,BAT,0.021252558947197346
SHF-022,control_25,CO,0.43509541270212515
SHF-022,control_25,Thl,1.7326538797157387
SHF-022,control_25,Dhl,3.4549918156071544
SHF-022,control_25,To,3.138080860279265
SHF-022,control_25,Eo,1.2810147137457306
SHF-022,control_25,Toe,1.955968058326924
SHF-022,control_25,Eb,1.317505182334947
SHF-022,control_25,H,0
SHF-022,control_25,ve,13.63263099866257
SHF-022,control_25,Te,20.869319451108503
SHF-022,control_25,De,16.841216680351046
SHF-022,control_25,khe,2.6017169508919027
SHF-022,control_25,Th,9.878931775987589
SHF-022,control_25,Kbh,0
SHF-022,control_25,Khe,0
SHF-022,control_25,kbh,0
SHF-022,control_25,CL,0.0
SHF-022,control_25,AUC_Cb,0
SHF-022,control_25,AUC_Cl,0
SHF-022,control_25,AUC35_Cb,0
SHF-022,control_25,AUC35_Cl,0
SHF-022,control_25,RE_R1b,0
SHF-022,control_25,RE_R1l,0
SHF-022,control_25,RE_Sb,0
SHF-022,control_25,RE_Sl,0
SHF-022,control_25,T1_1,0
SHF-022,control_25,T1_2,0
SHF-022,control_25,t1_MOLLI,0
SHF-022,control_25,t2_MOLLI,0
