subject,study,parameter,value
GOT-002,control,S02a,188257374.54636762
GOT-002,control,S02l,78446879.24583647
GOT-002,control,BAT2,126.41893332537252
GOT-002,control,BAT,1.4169387293226579
GOT-002,control,CO,10.548808686675764
GOT-002,control,Thl,16.661726892402534
GOT-002,control,Dhl,51.46619250626053
GOT-002,control,To,31.71743707019822
GOT-002,control,Eo,18.596137076988413
GOT-002,control,Toe,10.849169066366281
GOT-002,control,Eb,1.1937486908337074
GOT-002,control,H,45.0
GOT-002,control,ve,38.96928527376247
GOT-002,control,Te,43.375039768358796
GOT-002,control,De,80.58835754523508
GOT-002,control,khe_i,14.761114089608546
GOT-002,control,khe_f,12.721607887993116
GOT-002,control,Th_i,10.048467075017534
GOT-002,control,Th_f,230.50302681749554
GOT-002,control,Th,120.27574694625653
GOT-002,control,khe,13.741360988800832
GOT-002,control,Kbh,0.8314228141495854
GOT-002,control,Khe,35.26202980697908
GOT-002,control,kbh,0.5074232858724894
GOT-002,control,kbh_i,6.073634343488262
GOT-002,control,kbh_f,0.2647718581785027
GOT-002,control,CL,0.1757774126246132
GOT-002,control,AUC_Cb,83.62358006343922
GOT-002,control,AUC_Cl,717.8335169074845
GOT-002,control,AUC35_Cb,25.051626822863174
GOT-002,control,AUC35_Cl,83.56092448586404
GOT-002,control,RE_R1b,16.89964213766478
GOT-002,control,RE_R1l,28.91387937136023
GOT-002,control,RE_Sb,14.545770143613277
GOT-002,control,RE_Sl,26.27339481417502
GOT-002,control,T1_1,0.871559998
GOT-002,control,T1_2,0.655630005
GOT-002,control,t1_MOLLI,13.43755
GOT-002,control,t2_MOLLI,14.05385
GOT-002,control,T1_3,0.648580017
GOT-002,control,t3_MOLLI,15.236341666666668
GOT-002,control,t0,13.676953125
GOT-002,control,t1,14.046461588888889
GOT-002,control,t2,15.611844619444446
GOT-002,control,t3,15.989049480555556
GOT-002,control,dt1,1.7773400000005495
GOT-002,control,dt2,1.7773400000005495
