subject,study,parameter,value
GOT-002,control,S02a,1691088.2924825978
GOT-002,control,S02l,2974411.128459729
GOT-002,control,BAT2,0.01338322791306384
GOT-002,control,BAT,0.013816676882672097
GOT-002,control,CO,0.2192600163641406
GOT-002,control,Thl,1.0331297870421037
GOT-002,control,Dhl,1.8616447118046564
GOT-002,control,To,1.0389762544510368
GOT-002,control,Eo,0.5589370810160814
GOT-002,control,Toe,0.6505210806163396
GOT-002,control,Eb,0.36655110487006726
GOT-002,control,H,0
GOT-002,control,ve,2.920617465261934
GOT-002,control,Te,4.792782718143319
GOT-002,control,De,3.6887313670724717
GOT-002,control,khe_i,2.450582032865976
GOT-002,control,khe_f,0.8845761794696795
GOT-002,control,Th_i,12.190650818312625
GOT-002,control,Th_f,80.26978666251297
GOT-002,control,Th,0.0
GOT-002,control,khe,0
GOT-002,control,Kbh,0
GOT-002,control,Khe,0
GOT-002,control,kbh,0
GOT-002,control,kbh_i,0
GOT-002,control,kbh_f,0
GOT-002,control,CL,0.0
GOT-002,control,AUC_Cb,0
GOT-002,control,AUC_Cl,0
GOT-002,control,AUC35_Cb,0
GOT-002,control,AUC35_Cl,0
GOT-002,control,RE_R1b,0
GOT-002,control,RE_R1l,0
GOT-002,control,RE_Sb,0
GOT-002,control,RE_Sl,0
GOT-002,control,T1_1,0
GOT-002,control,T1_2,0
GOT-002,control,t1_MOLLI,0
GOT-002,control,t2_MOLLI,0
GOT-002,control,T1_3,0
GOT-002,control,t3_MOLLI,0
GOT-002,control,t0,0
GOT-002,control,t1,0
GOT-002,control,t2,0
GOT-002,control,t3,0
GOT-002,control,dt1,0
GOT-002,control,dt2,0
