subject,study,parameter,value
LDS-003,drug_40,BAT,0.00986119305594712
LDS-003,drug_40,CO,0.20905066057407762
LDS-003,drug_40,Thl,0.6693080899522877
LDS-003,drug_40,Dhl,1.5172348517488967
LDS-003,drug_40,To,1.1466405067503076
LDS-003,drug_40,Eo,1.2181188996825374
LDS-003,drug_40,Toe,0.3777525903612613
LDS-003,drug_40,Eb,0.2140753257619852
LDS-003,drug_40,H,0
LDS-003,drug_40,ve,1.3049411434827036
LDS-003,drug_40,Te,2.980542996806283
LDS-003,drug_40,De,5.7960987540423305
LDS-003,drug_40,khe,0.2609132824610709
LDS-003,drug_40,Th,1460.9441072916093
LDS-003,drug_40,Kbh,0
LDS-003,drug_40,Khe,0
LDS-003,drug_40,kbh,0
LDS-003,drug_40,CL,0.0
LDS-003,drug_40,AUC_Cb,0
LDS-003,drug_40,AUC_Cl,0
LDS-003,drug_40,AUC35_Cb,0
LDS-003,drug_40,AUC35_Cl,0
LDS-003,drug_40,RE_R1b,0
LDS-003,drug_40,RE_R1l,0
LDS-003,drug_40,RE_Sb,0
LDS-003,drug_40,RE_Sl,0
LDS-003,drug_40,T1_1,0
LDS-003,drug_40,T1_2,0
LDS-003,drug_40,t1_MOLLI,0
LDS-003,drug_40,t2_MOLLI,0
