subject,study,parameter,value
SHF-009,drug,S02a,135.25125741681794
SHF-009,drug,S02l,981.7337408471167
SHF-009,drug,BAT2,0.00775263278539726
SHF-009,drug,BAT,0.0063487895652114944
SHF-009,drug,CO,0.23081273313382067
SHF-009,drug,Thl,0.4654157572199328
SHF-009,drug,Dhl,1.1281665057445804
SHF-009,drug,To,1.1774620692180793
SHF-009,drug,Eo,0.9922122588317088
SHF-009,drug,Toe,0.29591553944951193
SHF-009,drug,Eb,0.1382103641726423
SHF-009,drug,H,0
SHF-009,drug,ve,1.8067172243531593
SHF-009,drug,Te,2.3240445381179176
SHF-009,drug,De,7.307504093866239
SHF-009,drug,khe_i,0.3165052794889241
SHF-009,drug,khe_f,0.9383995690043108
SHF-009,drug,Th_i,561.4097499561208
SHF-009,drug,Th_f,22.91615779302274
SHF-009,drug,Th,0.0
SHF-009,drug,khe,0
SHF-009,drug,Kbh,0
SHF-009,drug,Khe,0
SHF-009,drug,kbh,0
SHF-009,drug,kbh_i,0
SHF-009,drug,kbh_f,0
SHF-009,drug,CL,0.0
SHF-009,drug,AUC_Cb,0
SHF-009,drug,AUC_Cl,0
SHF-009,drug,AUC35_Cb,0
SHF-009,drug,AUC35_Cl,0
SHF-009,drug,RE_R1b,0
SHF-009,drug,RE_R1l,0
SHF-009,drug,RE_Sb,0
SHF-009,drug,RE_Sl,0
SHF-009,drug,T1_1,0
SHF-009,drug,T1_2,0
SHF-009,drug,t1_MOLLI,0
SHF-009,drug,t2_MOLLI,0
SHF-009,drug,T1_3,0
SHF-009,drug,t3_MOLLI,0
SHF-009,drug,t0,0
SHF-009,drug,t1,0
SHF-009,drug,t2,0
SHF-009,drug,t3,0
SHF-009,drug,dt1,0
SHF-009,drug,dt2,0
