subject,study,parameter,value
LDS-010,control,S02a,6967.478796342874
LDS-010,control,S02l,5657.792190464586
LDS-010,control,BAT2,141.87399113603976
LDS-010,control,BAT,1.2937271504745833
LDS-010,control,CO,7.121990662638001
LDS-010,control,Thl,9.730773100307557
LDS-010,control,Dhl,58.76958719738163
LDS-010,control,To,46.74759800156098
LDS-010,control,Eo,14.240908567670859
LDS-010,control,Toe,8.961321801544944
LDS-010,control,Eb,3.461421813385375
LDS-010,control,H,45.0
LDS-010,control,ve,15.225286048210629
LDS-010,control,Te,39.061742578992515
LDS-010,control,De,74.60718613994918
LDS-010,control,khe_i,26.4304180565601
LDS-010,control,khe_f,30.085265565859242
LDS-010,control,Th_i,26.002871745752508
LDS-010,control,Th_f,26.101913036597683
LDS-010,control,Th,26.052392391175097
LDS-010,control,khe,28.25784181120967
LDS-010,control,Kbh,3.838419078697497
LDS-010,control,Khe,185.59810122273996
LDS-010,control,kbh,3.254008794236712
LDS-010,control,kbh_i,3.260205825752191
LDS-010,control,kbh_f,3.2478352767832046
LDS-010,control,CL,0.3040236087724031
LDS-010,control,AUC_Cb,78.63774756796393
LDS-010,control,AUC_Cl,562.8251190876815
LDS-010,control,AUC35_Cb,37.21383149781865
LDS-010,control,AUC35_Cl,151.7973835977772
LDS-010,control,RE_R1b,21.07237195703773
LDS-010,control,RE_R1l,63.36990678028114
LDS-010,control,RE_Sb,10.056052018883657
LDS-010,control,RE_Sl,51.682063828141736
LDS-010,control,T1_1,0.806320007
LDS-010,control,T1_2,0.561890015
LDS-010,control,t1_MOLLI,13.861661944444444
LDS-010,control,t2_MOLLI,15.021078611111111
LDS-010,control,T1_3,0.715039978
LDS-010,control,t3_MOLLI,16.133095833333332
LDS-010,control,t0,14.110215277777774
LDS-010,control,t1,14.936165972222225
LDS-010,control,t2,16.302099305555558
LDS-010,control,t3,17.136295833333335
LDS-010,control,dt1,2.017500000023574
LDS-010,control,dt2,2.017500000023574
