subject,study,parameter,value
LDS-010,control,S02a,17.80706232003846
LDS-010,control,S02l,69.64524427381045
LDS-010,control,BAT2,0.003116722373188543
LDS-010,control,BAT,0.003078762269301305
LDS-010,control,CO,0.09516224089681495
LDS-010,control,Thl,0.23436195715272132
LDS-010,control,Dhl,1.3260813204671205
LDS-010,control,To,1.4410714605241424
LDS-010,control,Eo,0.5074930499346064
LDS-010,control,Toe,0.5032473763798057
LDS-010,control,Eb,0.15715777135643785
LDS-010,control,H,0
LDS-010,control,ve,2.931517977796643
LDS-010,control,Te,8.401428987901951
LDS-010,control,De,6.747359919934082
LDS-010,control,khe_i,0.5809566077876346
LDS-010,control,khe_f,0.9788664768229651
LDS-010,control,Th_i,0.8122225657311085
LDS-010,control,Th_f,0.816541982618482
LDS-010,control,Th,0.0
LDS-010,control,khe,0
LDS-010,control,Kbh,0
LDS-010,control,Khe,0
LDS-010,control,kbh,0
LDS-010,control,kbh_i,0
LDS-010,control,kbh_f,0
LDS-010,control,CL,0.0
LDS-010,control,AUC_Cb,0
LDS-010,control,AUC_Cl,0
LDS-010,control,AUC35_Cb,0
LDS-010,control,AUC35_Cl,0
LDS-010,control,RE_R1b,0
LDS-010,control,RE_R1l,0
LDS-010,control,RE_Sb,0
LDS-010,control,RE_Sl,0
LDS-010,control,T1_1,0
LDS-010,control,T1_2,0
LDS-010,control,t1_MOLLI,0
LDS-010,control,t2_MOLLI,0
LDS-010,control,T1_3,0
LDS-010,control,t3_MOLLI,0
LDS-010,control,t0,0
LDS-010,control,t1,0
LDS-010,control,t2,0
LDS-010,control,t3,0
LDS-010,control,dt1,0
LDS-010,control,dt2,0
