subject,study,parameter,value
LDS-009,drug,S02a,11.33358705187073
LDS-009,drug,S02l,30.57132817853888
LDS-009,drug,BAT2,0.0021751256335293383
LDS-009,drug,BAT,0.00230252067155687
LDS-009,drug,CO,0.12422539634779191
LDS-009,drug,Thl,0.19805886509755455
LDS-009,drug,Dhl,0.9254525437346242
LDS-009,drug,To,1.1775109054174904
LDS-009,drug,Eo,0.39035463468430975
LDS-009,drug,Toe,0.48291480178978613
LDS-009,drug,Eb,0.10397694046426027
LDS-009,drug,H,0
LDS-009,drug,ve,0.7911607032911516
LDS-009,drug,Te,3.320639945739459
LDS-009,drug,De,2.5871963602426673
LDS-009,drug,khe_i,0.18193120030119025
LDS-009,drug,khe_f,0.257970272027876
LDS-009,drug,Th_i,29.915307261339173
LDS-009,drug,Th_f,14.366400418912129
LDS-009,drug,Th,0.0
LDS-009,drug,khe,0
LDS-009,drug,Kbh,0
LDS-009,drug,Khe,0
LDS-009,drug,kbh,0
LDS-009,drug,kbh_i,0
LDS-009,drug,kbh_f,0
LDS-009,drug,CL,0.0
LDS-009,drug,AUC_Cb,0
LDS-009,drug,AUC_Cl,0
LDS-009,drug,AUC35_Cb,0
LDS-009,drug,AUC35_Cl,0
LDS-009,drug,RE_R1b,0
LDS-009,drug,RE_R1l,0
LDS-009,drug,RE_Sb,0
LDS-009,drug,RE_Sl,0
LDS-009,drug,T1_1,0
LDS-009,drug,T1_2,0
LDS-009,drug,t1_MOLLI,0
LDS-009,drug,t2_MOLLI,0
LDS-009,drug,T1_3,0
LDS-009,drug,t3_MOLLI,0
LDS-009,drug,t0,0
LDS-009,drug,t1,0
LDS-009,drug,t2,0
LDS-009,drug,t3,0
LDS-009,drug,dt1,0
LDS-009,drug,dt2,0
