subject,study,parameter,value
SHF-004,control_35,BAT,1.2301697844563846
SHF-004,control_35,CO,9.838904522273113
SHF-004,control_35,Thl,20.043978968963327
SHF-004,control_35,Dhl,67.54140157744324
SHF-004,control_35,To,25.671912634880616
SHF-004,control_35,Eo,18.080816742273296
SHF-004,control_35,Toe,4.897003822206482
SHF-004,control_35,Eb,4.420042558451712
SHF-004,control_35,H,45.0
SHF-004,control_35,ve,21.402656099888844
SHF-004,control_35,Te,25.906533144173487
SHF-004,control_35,De,92.71387944136048
SHF-004,control_35,khe,25.539586605155304
SHF-004,control_35,Th,42.01951128163406
SHF-004,control_35,Kbh,2.3798468128235495
SHF-004,control_35,Khe,119.3290518987872
SHF-004,control_35,kbh,1.8704963837707598
SHF-004,control_35,CL,0.2227875958127021
SHF-004,control_35,AUC_Cb,46.57313251146155
SHF-004,control_35,AUC_Cl,497.9402318403432
SHF-004,control_35,AUC35_Cb,28.63023458950609
SHF-004,control_35,AUC35_Cl,130.91496164303683
SHF-004,control_35,RE_R1b,18.03310822480362
SHF-004,control_35,RE_R1l,56.14146116500215
SHF-004,control_35,RE_Sb,19.380499222847778
SHF-004,control_35,RE_Sl,50.08174333052071
SHF-004,control_35,T1_1,0.79748
SHF-004,control_35,T1_2,0.51401
SHF-004,control_35,t1_MOLLI,10.535277777777777
SHF-004,control_35,t2_MOLLI,11.376388888888888
