subject,study,parameter,value
SHF-004,control_35,BAT,0.09166456781892716
SHF-004,control_35,CO,1.3932637663865675
SHF-004,control_35,Thl,5.734034776523138
SHF-004,control_35,Dhl,12.95196715697087
SHF-004,control_35,To,2.2058583242572807
SHF-004,control_35,Eo,2.7773350086104593
SHF-004,control_35,Toe,1.022713895625126
SHF-004,control_35,Eb,1.4777916502248019
SHF-004,control_35,H,0
SHF-004,control_35,ve,3.08826124041795
SHF-004,control_35,Te,7.472099320129006
SHF-004,control_35,De,10.78275299722444
SHF-004,control_35,khe,0.7275007470635518
SHF-004,control_35,Th,2.9694812418522463
SHF-004,control_35,Kbh,0
SHF-004,control_35,Khe,0
SHF-004,control_35,kbh,0
SHF-004,control_35,CL,0.0
SHF-004,control_35,AUC_Cb,0
SHF-004,control_35,AUC_Cl,0
SHF-004,control_35,AUC35_Cb,0
SHF-004,control_35,AUC35_Cl,0
SHF-004,control_35,RE_R1b,0
SHF-004,control_35,RE_R1l,0
SHF-004,control_35,RE_Sb,0
SHF-004,control_35,RE_Sl,0
SHF-004,control_35,T1_1,0
SHF-004,control_35,T1_2,0
SHF-004,control_35,t1_MOLLI,0
SHF-004,control_35,t2_MOLLI,0
