subject,study,parameter,value
SHF-005,control_15,BAT,1.297597589493989
SHF-005,control_15,CO,3.786799039580322
SHF-005,control_15,Thl,10.547148026052819
SHF-005,control_15,Dhl,69.16518536712533
SHF-005,control_15,To,36.18443128125653
SHF-005,control_15,Eo,20.2180988450788
SHF-005,control_15,Toe,2.6039389648229334
SHF-005,control_15,Eb,9.867471916377145
SHF-005,control_15,H,45.0
SHF-005,control_15,ve,23.307231185802312
SHF-005,control_15,Te,44.7932978358016
SHF-005,control_15,De,79.11381241226674
SHF-005,control_15,khe,19.818799029403966
SHF-005,control_15,Th,338.21173097322315
SHF-005,control_15,Kbh,0.2956727719415421
SHF-005,control_15,Khe,85.03283324995145
SHF-005,control_15,kbh,0.22675963543165686
SHF-005,control_15,CL,0.17872025112522946
SHF-005,control_15,AUC_Cb,36.46295547811925
SHF-005,control_15,AUC_Cl,972.4107967858272
SHF-005,control_15,AUC35_Cb,33.74381529929485
SHF-005,control_15,AUC35_Cl,175.84708617422933
SHF-005,control_15,RE_R1b,16.712918387037192
SHF-005,control_15,RE_R1l,74.62575823596357
SHF-005,control_15,RE_Sb,27.903632968801094
SHF-005,control_15,RE_Sl,53.001173718741946
SHF-005,control_15,T1_1,0.78715
SHF-005,control_15,T1_2,0.49327
SHF-005,control_15,t1_MOLLI,14.248888888888889
SHF-005,control_15,t2_MOLLI,15.06611111111111
