subject,study,parameter,value
SHF-005,control_15,BAT,0.01636541881174142
SHF-005,control_15,CO,0.1155508333303284
SHF-005,control_15,Thl,1.182940669909723
SHF-005,control_15,Dhl,5.948756807455593
SHF-005,control_15,To,4.3026429960270045
SHF-005,control_15,Eo,3.1744111722220225
SHF-005,control_15,Toe,0.7903495077943725
SHF-005,control_15,Eb,1.1717795551134254
SHF-005,control_15,H,0
SHF-005,control_15,ve,3.972586978675113
SHF-005,control_15,Te,10.016933627265978
SHF-005,control_15,De,6.600981832675734
SHF-005,control_15,khe,1.4738689359217352
SHF-005,control_15,Th,1115.1652991863307
SHF-005,control_15,Kbh,0
SHF-005,control_15,Khe,0
SHF-005,control_15,kbh,0
SHF-005,control_15,CL,0.0
SHF-005,control_15,AUC_Cb,0
SHF-005,control_15,AUC_Cl,0
SHF-005,control_15,AUC35_Cb,0
SHF-005,control_15,AUC35_Cl,0
SHF-005,control_15,RE_R1b,0
SHF-005,control_15,RE_R1l,0
SHF-005,control_15,RE_Sb,0
SHF-005,control_15,RE_Sl,0
SHF-005,control_15,T1_1,0
SHF-005,control_15,T1_2,0
SHF-005,control_15,t1_MOLLI,0
SHF-005,control_15,t2_MOLLI,0
