subject,study,parameter,value
LDS-003,drug_35,BAT,0.010260708776296057
LDS-003,drug_35,CO,0.2175979343476122
LDS-003,drug_35,Thl,0.6962233581312953
LDS-003,drug_35,Dhl,1.574843114701228
LDS-003,drug_35,To,1.2028505374440566
LDS-003,drug_35,Eo,1.277816752040335
LDS-003,drug_35,Toe,0.41386767806901587
LDS-003,drug_35,Eb,0.24326873460332327
LDS-003,drug_35,H,0
LDS-003,drug_35,ve,1.4402430817909788
LDS-003,drug_35,Te,3.112224310640717
LDS-003,drug_35,De,6.113863322345953
LDS-003,drug_35,khe,0.3199304277142823
LDS-003,drug_35,Th,2030.1229313078327
LDS-003,drug_35,Kbh,0
LDS-003,drug_35,Khe,0
LDS-003,drug_35,kbh,0
LDS-003,drug_35,CL,0.0
LDS-003,drug_35,AUC_Cb,0
LDS-003,drug_35,AUC_Cl,0
LDS-003,drug_35,AUC35_Cb,0
LDS-003,drug_35,AUC35_Cl,0
LDS-003,drug_35,RE_R1b,0
LDS-003,drug_35,RE_R1l,0
LDS-003,drug_35,RE_Sb,0
LDS-003,drug_35,RE_Sl,0
LDS-003,drug_35,T1_1,0
LDS-003,drug_35,T1_2,0
LDS-003,drug_35,t1_MOLLI,0
LDS-003,drug_35,t2_MOLLI,0
