subject,study,parameter,value
SHF-006,control_10,BAT,1.2750995466338362
SHF-006,control_10,CO,9.089103195774284
SHF-006,control_10,Thl,16.985870587028966
SHF-006,control_10,Dhl,44.736379570227044
SHF-006,control_10,To,30.63930729325057
SHF-006,control_10,Eo,25.67172582012728
SHF-006,control_10,Toe,3.7347973672173587
SHF-006,control_10,Eb,4.857437345347184
SHF-006,control_10,H,45.0
SHF-006,control_10,ve,31.220303961590535
SHF-006,control_10,Te,49.500141826816105
SHF-006,control_10,De,76.99119543795946
SHF-006,control_10,khe,43.41694540294593
SHF-006,control_10,Th,63.2037604037618
SHF-006,control_10,Kbh,1.5821843409501966
SHF-006,control_10,Khe,139.06637634393496
SHF-006,control_10,kbh,1.0882215804728572
SHF-006,control_10,CL,0.47217766789924565
SHF-006,control_10,AUC_Cb,46.04855869490817
SHF-006,control_10,AUC_Cl,1145.7619783517212
SHF-006,control_10,AUC35_Cb,27.41830435610691
SHF-006,control_10,AUC35_Cl,224.02996076459414
SHF-006,control_10,RE_R1b,17.52286776466226
SHF-006,control_10,RE_R1l,82.32017847864877
SHF-006,control_10,RE_Sb,8.305258192133369
SHF-006,control_10,RE_Sl,55.40955022733508
SHF-006,control_10,T1_1,0.68025
SHF-006,control_10,T1_2,0.68286
SHF-006,control_10,t1_MOLLI,8.917222222222222
SHF-006,control_10,t2_MOLLI,8.917222222222222
