subject,study,parameter,value
SHF-006,control_10,BAT,0.04185400714741948
SHF-006,control_10,CO,0.4840239104180879
SHF-006,control_10,Thl,3.4976049505066955
SHF-006,control_10,Dhl,3.0804203945666084
SHF-006,control_10,To,5.370873885474454
SHF-006,control_10,Eo,5.836851112654718
SHF-006,control_10,Toe,3.632093818690245
SHF-006,control_10,Eb,12.037231179422243
SHF-006,control_10,H,0
SHF-006,control_10,ve,21.53182959754613
SHF-006,control_10,Te,34.27903029063028
SHF-006,control_10,De,18.42990952361452
SHF-006,control_10,khe,7.7849904750322265
SHF-006,control_10,Th,141.31694952345987
SHF-006,control_10,Kbh,0
SHF-006,control_10,Khe,0
SHF-006,control_10,kbh,0
SHF-006,control_10,CL,0.0
SHF-006,control_10,AUC_Cb,0
SHF-006,control_10,AUC_Cl,0
SHF-006,control_10,AUC35_Cb,0
SHF-006,control_10,AUC35_Cl,0
SHF-006,control_10,RE_R1b,0
SHF-006,control_10,RE_R1l,0
SHF-006,control_10,RE_Sb,0
SHF-006,control_10,RE_Sl,0
SHF-006,control_10,T1_1,0
SHF-006,control_10,T1_2,0
SHF-006,control_10,t1_MOLLI,0
SHF-006,control_10,t2_MOLLI,0
