subject,study,parameter,value
LDS-007,drug,S02a,12.119555438428405
LDS-007,drug,S02l,56.76518264304397
LDS-007,drug,BAT2,0.002617296272495856
LDS-007,drug,BAT,0.0022095348641756733
LDS-007,drug,CO,0.12655820807540416
LDS-007,drug,Thl,0.18121520759269338
LDS-007,drug,Dhl,0.8409828634858717
LDS-007,drug,To,0.661572929955736
LDS-007,drug,Eo,0.6130415232211572
LDS-007,drug,Toe,0.17959541392057668
LDS-007,drug,Eb,0.08578045592855982
LDS-007,drug,H,0
LDS-007,drug,ve,0.9812447311725173
LDS-007,drug,Te,3.117168309150877
LDS-007,drug,De,3.0758113690458684
LDS-007,drug,khe_i,1.036049749721199
LDS-007,drug,khe_f,0.13613859145537174
LDS-007,drug,Th_i,28.757483867892002
LDS-007,drug,Th_f,129.2417302561852
LDS-007,drug,Th,0.0
LDS-007,drug,khe,0
LDS-007,drug,Kbh,0
LDS-007,drug,Khe,0
LDS-007,drug,kbh,0
LDS-007,drug,kbh_i,0
LDS-007,drug,kbh_f,0
LDS-007,drug,CL,0.0
LDS-007,drug,AUC_Cb,0
LDS-007,drug,AUC_Cl,0
LDS-007,drug,AUC35_Cb,0
LDS-007,drug,AUC35_Cl,0
LDS-007,drug,RE_R1b,0
LDS-007,drug,RE_R1l,0
LDS-007,drug,RE_Sb,0
LDS-007,drug,RE_Sl,0
LDS-007,drug,T1_1,0
LDS-007,drug,T1_2,0
LDS-007,drug,t1_MOLLI,0
LDS-007,drug,t2_MOLLI,0
LDS-007,drug,T1_3,0
LDS-007,drug,t3_MOLLI,0
LDS-007,drug,t0,0
LDS-007,drug,t1,0
LDS-007,drug,t2,0
LDS-007,drug,t3,0
LDS-007,drug,dt1,0
LDS-007,drug,dt2,0
