subject,study,parameter,value
SHF-004,control_25,BAT,1.2479666470131687
SHF-004,control_25,CO,9.877886524207923
SHF-004,control_25,Thl,18.998849026332117
SHF-004,control_25,Dhl,71.88174157271968
SHF-004,control_25,To,24.84851395397112
SHF-004,control_25,Eo,19.231694484484123
SHF-004,control_25,Toe,3.560415232053922
SHF-004,control_25,Eb,5.337561800425036
SHF-004,control_25,H,45.0
SHF-004,control_25,ve,24.276102166631183
SHF-004,control_25,Te,30.674995750774542
SHF-004,control_25,De,94.35412318879864
SHF-004,control_25,khe,23.96008170337897
SHF-004,control_25,Th,55.36041730541675
SHF-004,control_25,Kbh,1.8063447652193811
SHF-004,control_25,Khe,98.69822403496637
SHF-004,control_25,kbh,1.36783466453313
SHF-004,control_25,CL,0.20900921697355146
SHF-004,control_25,AUC_Cb,38.41294667502658
SHF-004,control_25,AUC_Cl,494.20635030927326
SHF-004,control_25,AUC35_Cb,28.334746456434733
SHF-004,control_25,AUC35_Cl,133.1994685233801
SHF-004,control_25,RE_R1b,17.528683314854387
SHF-004,control_25,RE_R1l,57.30678573838676
SHF-004,control_25,RE_Sb,19.380499222847778
SHF-004,control_25,RE_Sl,50.08174333052071
SHF-004,control_25,T1_1,0.79748
SHF-004,control_25,T1_2,0.51401
SHF-004,control_25,t1_MOLLI,10.535277777777777
SHF-004,control_25,t2_MOLLI,11.376388888888888
