subject,study,parameter,value
SHF-004,control_25,BAT,0.07624180620541782
SHF-004,control_25,CO,1.1779998109828655
SHF-004,control_25,Thl,6.105563985487955
SHF-004,control_25,Dhl,13.93556928680435
SHF-004,control_25,To,2.959371413165484
SHF-004,control_25,Eo,2.9021229685391297
SHF-004,control_25,Toe,0.8605373641347579
SHF-004,control_25,Eb,1.6090436535645765
SHF-004,control_25,H,0
SHF-004,control_25,ve,3.428085493339107
SHF-004,control_25,Te,8.179910748504323
SHF-004,control_25,De,8.705573895898276
SHF-004,control_25,khe,0.8850561358254323
SHF-004,control_25,Th,8.954480361828827
SHF-004,control_25,Kbh,0
SHF-004,control_25,Khe,0
SHF-004,control_25,kbh,0
SHF-004,control_25,CL,0.0
SHF-004,control_25,AUC_Cb,0
SHF-004,control_25,AUC_Cl,0
SHF-004,control_25,AUC35_Cb,0
SHF-004,control_25,AUC35_Cl,0
SHF-004,control_25,RE_R1b,0
SHF-004,control_25,RE_R1l,0
SHF-004,control_25,RE_Sb,0
SHF-004,control_25,RE_Sl,0
SHF-004,control_25,T1_1,0
SHF-004,control_25,T1_2,0
SHF-004,control_25,t1_MOLLI,0
SHF-004,control_25,t2_MOLLI,0
