subject,study,parameter,value
LDS-004,drug_30,BAT,0.003400643481524426
LDS-004,drug_30,CO,0.052143463751529916
LDS-004,drug_30,Thl,0.2799856412727539
LDS-004,drug_30,Dhl,0.4291989145883491
LDS-004,drug_30,To,1.2959255652804456
LDS-004,drug_30,Eo,0.5356706988728712
LDS-004,drug_30,Toe,0.4522469212286088
LDS-004,drug_30,Eb,0.4253382598384959
LDS-004,drug_30,H,0
LDS-004,drug_30,ve,0.6365833470749773
LDS-004,drug_30,Te,3.9796389324381516
LDS-004,drug_30,De,2.211286753178501
LDS-004,drug_30,khe,0.1976264929878694
LDS-004,drug_30,Th,2767.1599990401332
LDS-004,drug_30,Kbh,0
LDS-004,drug_30,Khe,0
LDS-004,drug_30,kbh,0
LDS-004,drug_30,CL,0.0
LDS-004,drug_30,AUC_Cb,0
LDS-004,drug_30,AUC_Cl,0
LDS-004,drug_30,AUC35_Cb,0
LDS-004,drug_30,AUC35_Cl,0
LDS-004,drug_30,RE_R1b,0
LDS-004,drug_30,RE_R1l,0
LDS-004,drug_30,RE_Sb,0
LDS-004,drug_30,RE_Sl,0
LDS-004,drug_30,T1_1,0
LDS-004,drug_30,T1_2,0
LDS-004,drug_30,t1_MOLLI,0
LDS-004,drug_30,t2_MOLLI,0
