subject,study,parameter,value
SHF-017,control_35,BAT,1.1478636929030452
SHF-017,control_35,CO,9.140421465755576
SHF-017,control_35,Thl,17.350714289778267
SHF-017,control_35,Dhl,39.37568469954659
SHF-017,control_35,To,23.866838830583664
SHF-017,control_35,Eo,14.005814813111142
SHF-017,control_35,Toe,12.195179413932681
SHF-017,control_35,Eb,4.9539071012237885
SHF-017,control_35,H,45.0
SHF-017,control_35,ve,15.210199876548907
SHF-017,control_35,Te,35.09495593890198
SHF-017,control_35,De,82.99115427289952
SHF-017,control_35,khe,44.11009088260015
SHF-017,control_35,Th,101.99210204371441
SHF-017,control_35,Kbh,0.9804680754313644
SHF-017,control_35,Khe,290.0033611695603
SHF-017,control_35,kbh,0.8313369214325016
SHF-017,control_35,CL,0.4394339153129072
SHF-017,control_35,AUC_Cb,43.99114165383262
SHF-017,control_35,AUC_Cl,1459.9082093355753
SHF-017,control_35,AUC35_Cb,25.02438315058916
SHF-017,control_35,AUC35_Cl,237.66039610813945
SHF-017,control_35,RE_R1b,12.709993838714981
SHF-017,control_35,RE_R1l,82.32981064528187
SHF-017,control_35,RE_Sb,17.756360826738653
SHF-017,control_35,RE_Sl,68.94518544859544
SHF-017,control_35,T1_1,0.64556
SHF-017,control_35,T1_2,0.37176
SHF-017,control_35,t1_MOLLI,12.851944444444445
SHF-017,control_35,t2_MOLLI,13.6625
