subject,study,parameter,value
SHF-017,control_35,BAT,0.0027301047938119824
SHF-017,control_35,CO,0.14961690705018804
SHF-017,control_35,Thl,0.20252103175154182
SHF-017,control_35,Dhl,1.0867934106557686
SHF-017,control_35,To,1.019674297621171
SHF-017,control_35,Eo,0.4462128240342378
SHF-017,control_35,Toe,1.2734744022199966
SHF-017,control_35,Eb,0.5670247119543618
SHF-017,control_35,H,0
SHF-017,control_35,ve,19.73980377019511
SHF-017,control_35,Te,45.70874530720984
SHF-017,control_35,De,25.964149225086135
SHF-017,control_35,khe,0.9478593839300226
SHF-017,control_35,Th,10.410467470857837
SHF-017,control_35,Kbh,0
SHF-017,control_35,Khe,0
SHF-017,control_35,kbh,0
SHF-017,control_35,CL,0.0
SHF-017,control_35,AUC_Cb,0
SHF-017,control_35,AUC_Cl,0
SHF-017,control_35,AUC35_Cb,0
SHF-017,control_35,AUC35_Cl,0
SHF-017,control_35,RE_R1b,0
SHF-017,control_35,RE_R1l,0
SHF-017,control_35,RE_Sb,0
SHF-017,control_35,RE_Sl,0
SHF-017,control_35,T1_1,0
SHF-017,control_35,T1_2,0
SHF-017,control_35,t1_MOLLI,0
SHF-017,control_35,t2_MOLLI,0
