subject,study,parameter,value
SHF-008,control_10,BAT,1.1159419681642873
SHF-008,control_10,CO,6.997964087726004
SHF-008,control_10,Thl,16.85090063342194
SHF-008,control_10,Dhl,29.0211947369914
SHF-008,control_10,To,7.727358532534051
SHF-008,control_10,Eo,24.635406140123095
SHF-008,control_10,Toe,1.5185985171653555
SHF-008,control_10,Eb,8.286774438841203
SHF-008,control_10,H,45.0
SHF-008,control_10,ve,38.83747303693542
SHF-008,control_10,Te,27.949775742305036
SHF-008,control_10,De,88.74869495222374
SHF-008,control_10,khe,46.80566106485724
SHF-008,control_10,Th,42.04197302736423
SHF-008,control_10,Kbh,2.3785753331536585
SHF-008,control_10,Khe,120.51675200480699
SHF-008,control_10,kbh,1.4547967794769094
SHF-008,control_10,CL,0.3982621567804435
SHF-008,control_10,AUC_Cb,23.363650431359034
SHF-008,control_10,AUC_Cl,468.32546803602725
SHF-008,control_10,AUC35_Cb,23.043060346983264
SHF-008,control_10,AUC35_Cl,226.07657900769567
SHF-008,control_10,RE_R1b,10.999453346202042
SHF-008,control_10,RE_R1l,96.85731750120691
SHF-008,control_10,RE_Sb,9.891334000371906
SHF-008,control_10,RE_Sl,89.43255584626463
SHF-008,control_10,T1_1,0.78759
SHF-008,control_10,T1_2,0.4218
SHF-008,control_10,t1_MOLLI,8.946388888888889
SHF-008,control_10,t2_MOLLI,9.8
