subject,study,parameter,value
SHF-008,control_10,BAT,0.011255296391003502
SHF-008,control_10,CO,0.19750376628370542
SHF-008,control_10,Thl,0.7871482208666946
SHF-008,control_10,Dhl,1.2805599682565199
SHF-008,control_10,To,1.4007181285439008
SHF-008,control_10,Eo,2.7688977465305293
SHF-008,control_10,Toe,0.3734189679845521
SHF-008,control_10,Eb,1.1868274012232127
SHF-008,control_10,H,0
SHF-008,control_10,ve,9.091366312676097
SHF-008,control_10,Te,9.609976484557897
SHF-008,control_10,De,7.638807762415673
SHF-008,control_10,khe,5.257607026674361
SHF-008,control_10,Th,40.603203862143424
SHF-008,control_10,Kbh,0
SHF-008,control_10,Khe,0
SHF-008,control_10,kbh,0
SHF-008,control_10,CL,0.0
SHF-008,control_10,AUC_Cb,0
SHF-008,control_10,AUC_Cl,0
SHF-008,control_10,AUC35_Cb,0
SHF-008,control_10,AUC35_Cl,0
SHF-008,control_10,RE_R1b,0
SHF-008,control_10,RE_R1l,0
SHF-008,control_10,RE_Sb,0
SHF-008,control_10,RE_Sl,0
SHF-008,control_10,T1_1,0
SHF-008,control_10,T1_2,0
SHF-008,control_10,t1_MOLLI,0
SHF-008,control_10,t2_MOLLI,0
