subject,study,parameter,value
LDS-002,control_10,BAT,1.3804353740217992
LDS-002,control_10,CO,4.199156846756569
LDS-002,control_10,Thl,11.590742541340608
LDS-002,control_10,Dhl,88.62264836759799
LDS-002,control_10,To,33.25734441574883
LDS-002,control_10,Eo,29.93805266898471
LDS-002,control_10,Toe,2.7386623377794814
LDS-002,control_10,Eb,11.778392277476964
LDS-002,control_10,H,45.0
LDS-002,control_10,ve,20.87304862010786
LDS-002,control_10,Te,59.95282460782737
LDS-002,control_10,De,74.93049379502229
LDS-002,control_10,khe,31.539431787816614
LDS-002,control_10,Th,84.06443681890916
LDS-002,control_10,Kbh,1.1895636702523693
LDS-002,control_10,Khe,151.1012232177402
LDS-002,control_10,kbh,0.9412654669934528
LDS-002,control_10,CL,0.21562853467917487
LDS-002,control_10,AUC_Cb,13.762012032292484
LDS-002,control_10,AUC_Cl,319.31525640806666
LDS-002,control_10,AUC35_Cb,12.34487913385868
LDS-002,control_10,AUC35_Cl,86.89819473433978
LDS-002,control_10,RE_R1b,6.2539520552847465
LDS-002,control_10,RE_R1l,35.93086978330414
LDS-002,control_10,RE_Sb,9.443887130033653
LDS-002,control_10,RE_Sl,29.613529719170828
LDS-002,control_10,T1_1,0.756169983
LDS-002,control_10,T1_2,0.582789978
LDS-002,control_10,t1_MOLLI,10.691066388888888
LDS-002,control_10,t2_MOLLI,11.615237777777777
