subject,study,parameter,value
LDS-002,control_10,BAT,0.2631527253802672
LDS-002,control_10,CO,1.25716139053901
LDS-002,control_10,Thl,19.183093446625605
LDS-002,control_10,Dhl,116.98979327313026
LDS-002,control_10,To,7.357517577100867
LDS-002,control_10,Eo,3.462061954103448
LDS-002,control_10,Toe,1.563299510273845
LDS-002,control_10,Eb,11.830680704170705
LDS-002,control_10,H,0
LDS-002,control_10,ve,17.161584757941448
LDS-002,control_10,Te,44.00054167525786
LDS-002,control_10,De,20.74040637662983
LDS-002,control_10,khe,4.162813306364682
LDS-002,control_10,Th,175.6591314352788
LDS-002,control_10,Kbh,0
LDS-002,control_10,Khe,0
LDS-002,control_10,kbh,0
LDS-002,control_10,CL,0.0
LDS-002,control_10,AUC_Cb,0
LDS-002,control_10,AUC_Cl,0
LDS-002,control_10,AUC35_Cb,0
LDS-002,control_10,AUC35_Cl,0
LDS-002,control_10,RE_R1b,0
LDS-002,control_10,RE_R1l,0
LDS-002,control_10,RE_Sb,0
LDS-002,control_10,RE_Sl,0
LDS-002,control_10,T1_1,0
LDS-002,control_10,T1_2,0
LDS-002,control_10,t1_MOLLI,0
LDS-002,control_10,t2_MOLLI,0
