subject,study,parameter,value
SHF-021,control_35,BAT,1.192279931484556
SHF-021,control_35,CO,7.476145141164776
SHF-021,control_35,Thl,22.380880764637517
SHF-021,control_35,Dhl,37.47854449699722
SHF-021,control_35,To,26.87238251631995
SHF-021,control_35,Eo,24.762178275007045
SHF-021,control_35,Toe,7.210598317479241
SHF-021,control_35,Eb,3.4918307014606915
SHF-021,control_35,H,45.0
SHF-021,control_35,ve,22.6190039851975
SHF-021,control_35,Te,31.848240284084206
SHF-021,control_35,De,83.91184442370283
SHF-021,control_35,khe,42.476365870789515
SHF-021,control_35,Th,22.905085429928125
SHF-021,control_35,Kbh,4.365842699252216
SHF-021,control_35,Khe,187.7906113752277
SHF-021,control_35,kbh,3.378332565120903
SHF-021,control_35,CL,0.41813546622276765
SHF-021,control_35,AUC_Cb,70.16134153414153
SHF-021,control_35,AUC_Cl,683.1541522270021
SHF-021,control_35,AUC35_Cb,28.970411936208343
SHF-021,control_35,AUC35_Cl,172.6012759673375
SHF-021,control_35,RE_R1b,17.754950782978245
SHF-021,control_35,RE_R1l,72.91553404542253
SHF-021,control_35,RE_Sb,17.316651454961445
SHF-021,control_35,RE_Sl,63.99472921298144
SHF-021,control_35,T1_1,0.80253
SHF-021,control_35,T1_2,0.47129
SHF-021,control_35,t1_MOLLI,11.305833333333334
SHF-021,control_35,t2_MOLLI,12.15
