subject,study,parameter,value
SHF-021,control_35,BAT,0.012569161577079425
SHF-021,control_35,CO,0.1708025864025052
SHF-021,control_35,Thl,1.177196013157983
SHF-021,control_35,Dhl,1.4208809080322562
SHF-021,control_35,To,2.4160467081575403
SHF-021,control_35,Eo,0.9243526601273264
SHF-021,control_35,Toe,0.6235636610657658
SHF-021,control_35,Eb,0.5587188088251529
SHF-021,control_35,H,0
SHF-021,control_35,ve,5.733969587160333
SHF-021,control_35,Te,10.43940698042664
SHF-021,control_35,De,8.339350275042706
SHF-021,control_35,khe,1.3446340916793726
SHF-021,control_35,Th,1.073639102048227
SHF-021,control_35,Kbh,0
SHF-021,control_35,Khe,0
SHF-021,control_35,kbh,0
SHF-021,control_35,CL,0.0
SHF-021,control_35,AUC_Cb,0
SHF-021,control_35,AUC_Cl,0
SHF-021,control_35,AUC35_Cb,0
SHF-021,control_35,AUC35_Cl,0
SHF-021,control_35,RE_R1b,0
SHF-021,control_35,RE_R1l,0
SHF-021,control_35,RE_Sb,0
SHF-021,control_35,RE_Sl,0
SHF-021,control_35,T1_1,0
SHF-021,control_35,T1_2,0
SHF-021,control_35,t1_MOLLI,0
SHF-021,control_35,t2_MOLLI,0
