subject,study,parameter,value
SHF-002,drug_10,BAT,0.09856701349284419
SHF-002,drug_10,CO,0.2626782571726023
SHF-002,drug_10,Thl,6.853179832802888
SHF-002,drug_10,Dhl,29.328195187877213
SHF-002,drug_10,To,8.918307118883876
SHF-002,drug_10,Eo,8.791554789261014
SHF-002,drug_10,Toe,0.7774613136283676
SHF-002,drug_10,Eb,3.6461527077480493
SHF-002,drug_10,H,0
SHF-002,drug_10,ve,23.807326108732436
SHF-002,drug_10,Te,13.093278856306547
SHF-002,drug_10,De,5.373810147926836
SHF-002,drug_10,khe,2.6682978056553424
SHF-002,drug_10,Th,55498.71090920005
SHF-002,drug_10,Kbh,0
SHF-002,drug_10,Khe,0
SHF-002,drug_10,kbh,0
SHF-002,drug_10,CL,0.0
SHF-002,drug_10,AUC_Cb,0
SHF-002,drug_10,AUC_Cl,0
SHF-002,drug_10,AUC35_Cb,0
SHF-002,drug_10,AUC35_Cl,0
SHF-002,drug_10,RE_R1b,0
SHF-002,drug_10,RE_R1l,0
SHF-002,drug_10,RE_Sb,0
SHF-002,drug_10,RE_Sl,0
SHF-002,drug_10,T1_1,0
SHF-002,drug_10,T1_2,0
SHF-002,drug_10,t1_MOLLI,0
SHF-002,drug_10,t2_MOLLI,0
