subject,study,parameter,value
LDS-010,control_25,BAT,1.2720211809870945
LDS-010,control_25,CO,6.388841228100972
LDS-010,control_25,Thl,11.040077430500274
LDS-010,control_25,Dhl,51.675768879709935
LDS-010,control_25,To,45.37236946013886
LDS-010,control_25,Eo,11.765296303523767
LDS-010,control_25,Toe,11.520141324842912
LDS-010,control_25,Eb,5.402637946048557
LDS-010,control_25,H,45.0
LDS-010,control_25,ve,14.364455079454592
LDS-010,control_25,Te,58.870175955635865
LDS-010,control_25,De,75.74547566184509
LDS-010,control_25,khe,20.29488794529156
LDS-010,control_25,Th,89.36907179113592
LDS-010,control_25,Kbh,1.1189553387519742
LDS-010,control_25,Khe,141.28547051060252
LDS-010,control_25,kbh,0.9582235017577879
LDS-010,control_25,CL,0.2183508957967002
LDS-010,control_25,AUC_Cb,58.308070602768325
LDS-010,control_25,AUC_Cl,848.4196947395428
LDS-010,control_25,AUC35_Cb,35.43501898997242
LDS-010,control_25,AUC35_Cl,153.07195746512232
LDS-010,control_25,RE_R1b,17.810474821546034
LDS-010,control_25,RE_R1l,66.63659448347018
LDS-010,control_25,RE_Sb,9.787718601036127
LDS-010,control_25,RE_Sl,58.05564734974901
LDS-010,control_25,T1_1,0.806320007
LDS-010,control_25,T1_2,0.561890015
LDS-010,control_25,t1_MOLLI,13.861661944444444
LDS-010,control_25,t2_MOLLI,15.021078611111111
