subject,study,parameter,value
LDS-010,control_25,BAT,0.03362170107174348
LDS-010,control_25,CO,0.21362998399354702
LDS-010,control_25,Thl,2.328117923826081
LDS-010,control_25,Dhl,7.973096418778722
LDS-010,control_25,To,2.006732221909536
LDS-010,control_25,Eo,0.9701013836955606
LDS-010,control_25,Toe,3.7992688418054805
LDS-010,control_25,Eb,1.7374792850396819
LDS-010,control_25,H,0
LDS-010,control_25,ve,5.172378636303714
LDS-010,control_25,Te,21.991325740579455
LDS-010,control_25,De,10.508990055226345
LDS-010,control_25,khe,0.6007693043237416
LDS-010,control_25,Th,17.08570937834487
LDS-010,control_25,Kbh,0
LDS-010,control_25,Khe,0
LDS-010,control_25,kbh,0
LDS-010,control_25,CL,0.0
LDS-010,control_25,AUC_Cb,0
LDS-010,control_25,AUC_Cl,0
LDS-010,control_25,AUC35_Cb,0
LDS-010,control_25,AUC35_Cl,0
LDS-010,control_25,RE_R1b,0
LDS-010,control_25,RE_R1l,0
LDS-010,control_25,RE_Sb,0
LDS-010,control_25,RE_Sl,0
LDS-010,control_25,T1_1,0
LDS-010,control_25,T1_2,0
LDS-010,control_25,t1_MOLLI,0
LDS-010,control_25,t2_MOLLI,0
