subject,study,parameter,value
LDS-005,control_15,BAT,1.2539712745897837
LDS-005,control_15,CO,7.066011561677416
LDS-005,control_15,Thl,12.758710024756581
LDS-005,control_15,Dhl,51.894023004354786
LDS-005,control_15,To,15.109341151897631
LDS-005,control_15,Eo,28.049424027046438
LDS-005,control_15,Toe,2.1273388604467183
LDS-005,control_15,Eb,6.209147239807085
LDS-005,control_15,H,45.0
LDS-005,control_15,ve,19.422014995503602
LDS-005,control_15,Te,35.12336601393239
LDS-005,control_15,De,73.82453234282849
LDS-005,control_15,khe,40.53642627055491
LDS-005,control_15,Th,19.20886389021582
LDS-005,control_15,Kbh,5.205929958769491
LDS-005,control_15,Khe,208.7138037939911
LDS-005,control_15,kbh,4.194833461521865
LDS-005,control_15,CL,0.2859124401647515
LDS-005,control_15,AUC_Cb,46.18117465396524
LDS-005,control_15,AUC_Cl,375.79492101567376
LDS-005,control_15,AUC35_Cb,39.236721858725716
LDS-005,control_15,AUC35_Cl,216.21321588344526
LDS-005,control_15,RE_R1b,17.529589317551856
LDS-005,control_15,RE_R1l,95.1750392665974
LDS-005,control_15,RE_Sb,7.977821493136528
LDS-005,control_15,RE_Sl,73.21366714564249
LDS-005,control_15,T1_1,0.8025
LDS-005,control_15,T1_2,0.450480011
LDS-005,control_15,t1_MOLLI,10.870616388888887
LDS-005,control_15,t2_MOLLI,11.798355277777777
