subject,study,parameter,value
LDS-005,control_15,BAT,0.011870358143241538
LDS-005,control_15,CO,0.21581717866229608
LDS-005,control_15,Thl,0.9200221662973918
LDS-005,control_15,Dhl,2.5310175039590614
LDS-005,control_15,To,1.395899995193482
LDS-005,control_15,Eo,1.5787837722605587
LDS-005,control_15,Toe,0.22882300488751692
LDS-005,control_15,Eb,0.6637498628615301
LDS-005,control_15,H,0
LDS-005,control_15,ve,4.571977200586723
LDS-005,control_15,Te,8.619300602179447
LDS-005,control_15,De,8.266942015299513
LDS-005,control_15,khe,1.4743263124976154
LDS-005,control_15,Th,1.689533625393307
LDS-005,control_15,Kbh,0
LDS-005,control_15,Khe,0
LDS-005,control_15,kbh,0
LDS-005,control_15,CL,0.0
LDS-005,control_15,AUC_Cb,0
LDS-005,control_15,AUC_Cl,0
LDS-005,control_15,AUC35_Cb,0
LDS-005,control_15,AUC35_Cl,0
LDS-005,control_15,RE_R1b,0
LDS-005,control_15,RE_R1l,0
LDS-005,control_15,RE_Sb,0
LDS-005,control_15,RE_Sl,0
LDS-005,control_15,T1_1,0
LDS-005,control_15,T1_2,0
LDS-005,control_15,t1_MOLLI,0
LDS-005,control_15,t2_MOLLI,0
