subject,study,parameter,value
SHF-016,control_35,BAT,1.177559016399486
SHF-016,control_35,CO,14.818403390231666
SHF-016,control_35,Thl,16.85796832476693
SHF-016,control_35,Dhl,50.279075883612165
SHF-016,control_35,To,27.683118516660038
SHF-016,control_35,Eo,17.068170005447193
SHF-016,control_35,Toe,11.674094240186152
SHF-016,control_35,Eb,2.67674847849376
SHF-016,control_35,H,45.0
SHF-016,control_35,ve,11.697829166152127
SHF-016,control_35,Te,13.72345855767646
SHF-016,control_35,De,49.999700236916496
SHF-016,control_35,khe,77.89223214709735
SHF-016,control_35,Th,32.374675123536115
SHF-016,control_35,Kbh,3.088834084617604
SHF-016,control_35,Khe,665.8691201653028
SHF-016,control_35,kbh,2.727507550173158
SHF-016,control_35,CL,0.7320631739596696
SHF-016,control_35,AUC_Cb,42.162244574959175
SHF-016,control_35,AUC_Cl,984.2149992059863
SHF-016,control_35,AUC35_Cb,16.654535829988077
SHF-016,control_35,AUC35_Cl,204.61812970267363
SHF-016,control_35,RE_R1b,9.27287644062571
SHF-016,control_35,RE_R1l,71.33050911666054
SHF-016,control_35,RE_Sb,7.722945120103658
SHF-016,control_35,RE_Sl,61.45453378717352
SHF-016,control_35,T1_1,0.65575
SHF-016,control_35,T1_2,0.41641
SHF-016,control_35,t1_MOLLI,11.832777777777778
SHF-016,control_35,t2_MOLLI,12.673333333333334
