subject,study,parameter,value
SHF-016,control_35,BAT,0.030326317642188128
SHF-016,control_35,CO,0.6543390622826496
SHF-016,control_35,Thl,2.542411650575435
SHF-016,control_35,Dhl,3.3191819287281557
SHF-016,control_35,To,1.5768660740091978
SHF-016,control_35,Eo,0.6136005605979133
SHF-016,control_35,Toe,1.2817971962794408
SHF-016,control_35,Eb,0.8313471357954431
SHF-016,control_35,H,0
SHF-016,control_35,ve,5.926648203559961
SHF-016,control_35,Te,6.439145443552363
SHF-016,control_35,De,31.4249577995935
SHF-016,control_35,khe,1.5126332850091724
SHF-016,control_35,Th,1.3903457376200195
SHF-016,control_35,Kbh,0
SHF-016,control_35,Khe,0
SHF-016,control_35,kbh,0
SHF-016,control_35,CL,0.0
SHF-016,control_35,AUC_Cb,0
SHF-016,control_35,AUC_Cl,0
SHF-016,control_35,AUC35_Cb,0
SHF-016,control_35,AUC35_Cl,0
SHF-016,control_35,RE_R1b,0
SHF-016,control_35,RE_R1l,0
SHF-016,control_35,RE_Sb,0
SHF-016,control_35,RE_Sl,0
SHF-016,control_35,T1_1,0
SHF-016,control_35,T1_2,0
SHF-016,control_35,t1_MOLLI,0
SHF-016,control_35,t2_MOLLI,0
