subject,study,parameter,value
SHF-010,control,BAT,1.2002558400296361
SHF-010,control,CO,6.745702345843738
SHF-010,control,Thl,17.38679650015898
SHF-010,control,Dhl,47.929707228496035
SHF-010,control,To,39.290569580549
SHF-010,control,Eo,21.247299724472864
SHF-010,control,Toe,8.870072352760586
SHF-010,control,Eb,5.152290557457743
SHF-010,control,H,45.0
SHF-010,control,ve,23.549892974851737
SHF-010,control,Te,41.53235735463736
SHF-010,control,De,89.0619617697706
SHF-010,control,khe,41.45014907205668
SHF-010,control,Th,36.01088539209923
SHF-010,control,Kbh,2.7769381094400956
SHF-010,control,Khe,176.00992546471494
SHF-010,control,kbh,2.1229721566890816
SHF-010,control,CL,0.39174751403905855
SHF-010,control,AUC_Cb,56.23723034876827
SHF-010,control,AUC_Cl,817.3096879689953
SHF-010,control,AUC35_Cb,28.312297760365116
SHF-010,control,AUC35_Cl,199.94195639260371
SHF-010,control,RE_R1b,15.977912558178039
SHF-010,control,RE_R1l,81.2046832148591
SHF-010,control,RE_Sb,20.736894627893147
SHF-010,control,RE_Sl,72.43789701236672
SHF-010,control,T1_1,0.76626
SHF-010,control,T1_2,0.41884
SHF-010,control,t1_MOLLI,10.315555555555555
SHF-010,control,t2_MOLLI,11.1275
