subject,study,parameter,value
SHF-010,control,BAT,0.042860950639822606
SHF-010,control,CO,0.2629321247642884
SHF-010,control,Thl,3.117949035129843
SHF-010,control,Dhl,4.981167793341017
SHF-010,control,To,2.2565097566778425
SHF-010,control,Eo,1.020700174976993
SHF-010,control,Toe,0.8287035817086987
SHF-010,control,Eb,0.7195867576855416
SHF-010,control,H,0
SHF-010,control,ve,8.547367830497425
SHF-010,control,Te,18.103580463585825
SHF-010,control,De,7.519903125757605
SHF-010,control,khe,1.1234144583716743
SHF-010,control,Th,1.6635224466192262
SHF-010,control,Kbh,0
SHF-010,control,Khe,0
SHF-010,control,kbh,0
SHF-010,control,CL,0.0
SHF-010,control,AUC_Cb,0
SHF-010,control,AUC_Cl,0
SHF-010,control,AUC35_Cb,0
SHF-010,control,AUC35_Cl,0
SHF-010,control,RE_R1b,0
SHF-010,control,RE_R1l,0
SHF-010,control,RE_Sb,0
SHF-010,control,RE_Sl,0
SHF-010,control,T1_1,0
SHF-010,control,T1_2,0
SHF-010,control,t1_MOLLI,0
SHF-010,control,t2_MOLLI,0
