subject,study,parameter,value
LDS-009,drug_25,BAT,0.0034199803449290584
LDS-009,drug_25,CO,0.1345000120207304
LDS-009,drug_25,Thl,0.4352354246512239
LDS-009,drug_25,Dhl,0.7180993945335425
LDS-009,drug_25,To,2.761588510675448
LDS-009,drug_25,Eo,1.1455007853704708
LDS-009,drug_25,Toe,1.7293858046098418
LDS-009,drug_25,Eb,0.7378125146733058
LDS-009,drug_25,H,0
LDS-009,drug_25,ve,1.4885371218176877
LDS-009,drug_25,Te,5.777258482613919
LDS-009,drug_25,De,4.180209067610358
LDS-009,drug_25,khe,0.390089782628297
LDS-009,drug_25,Th,11029.13092257513
LDS-009,drug_25,Kbh,0
LDS-009,drug_25,Khe,0
LDS-009,drug_25,kbh,0
LDS-009,drug_25,CL,0.0
LDS-009,drug_25,AUC_Cb,0
LDS-009,drug_25,AUC_Cl,0
LDS-009,drug_25,AUC35_Cb,0
LDS-009,drug_25,AUC35_Cl,0
LDS-009,drug_25,RE_R1b,0
LDS-009,drug_25,RE_R1l,0
LDS-009,drug_25,RE_Sb,0
LDS-009,drug_25,RE_Sl,0
LDS-009,drug_25,T1_1,0
LDS-009,drug_25,T1_2,0
LDS-009,drug_25,t1_MOLLI,0
LDS-009,drug_25,t2_MOLLI,0
