subject,study,parameter,value
SHF-007,control,BAT,1.1506887551328302
SHF-007,control,CO,5.387945167096352
SHF-007,control,Thl,8.545592303568382
SHF-007,control,Dhl,61.18259040007252
SHF-007,control,To,39.64364340496723
SHF-007,control,Eo,18.475089072566995
SHF-007,control,Toe,6.8256286355957245
SHF-007,control,Eb,5.796903554746076
SHF-007,control,H,45.0
SHF-007,control,ve,12.496397772579048
SHF-007,control,Te,37.61694538192653
SHF-007,control,De,84.99576832129826
SHF-007,control,khe,32.747537736558705
SHF-007,control,Th,43.19852841853643
SHF-007,control,Kbh,2.3148936702457235
SHF-007,control,Khe,262.05582066551136
SHF-007,control,kbh,2.0256153491995637
SHF-007,control,CL,0.23012531146143098
SHF-007,control,AUC_Cb,64.9840568448572
SHF-007,control,AUC_Cl,893.3916566070642
SHF-007,control,AUC35_Cb,40.89102681085871
SHF-007,control,AUC35_Cl,238.2823205586306
SHF-007,control,RE_R1b,18.351996236956804
SHF-007,control,RE_R1l,95.54269838916366
SHF-007,control,RE_Sb,2.984930726176896
SHF-007,control,RE_Sl,84.07479905911566
SHF-007,control,T1_1,0.74539
SHF-007,control,T1_2,0.37404
SHF-007,control,t1_MOLLI,13.813055555555556
SHF-007,control,t2_MOLLI,14.628055555555555
