subject,study,parameter,value
SHF-007,control,BAT,0.00868676941127339
SHF-007,control,CO,0.14376976748143472
SHF-007,control,Thl,0.7401930033900199
SHF-007,control,Dhl,1.6085680706872298
SHF-007,control,To,2.0885068271047795
SHF-007,control,Eo,0.8932369593999713
SHF-007,control,Toe,0.5443624730257184
SHF-007,control,Eb,0.41290963109863665
SHF-007,control,H,0
SHF-007,control,ve,12.215935121257587
SHF-007,control,Te,36.8544068144609
SHF-007,control,De,16.97320410464971
SHF-007,control,khe,0.9550598507416869
SHF-007,control,Th,2.0572358092073086
SHF-007,control,Kbh,0
SHF-007,control,Khe,0
SHF-007,control,kbh,0
SHF-007,control,CL,0.0
SHF-007,control,AUC_Cb,0
SHF-007,control,AUC_Cl,0
SHF-007,control,AUC35_Cb,0
SHF-007,control,AUC35_Cl,0
SHF-007,control,RE_R1b,0
SHF-007,control,RE_R1l,0
SHF-007,control,RE_Sb,0
SHF-007,control,RE_Sl,0
SHF-007,control,T1_1,0
SHF-007,control,T1_2,0
SHF-007,control,t1_MOLLI,0
SHF-007,control,t2_MOLLI,0
