subject,study,parameter,value
SHF-006,control_05,BAT,1.235004638885034
SHF-006,control_05,CO,9.070487776717002
SHF-006,control_05,Thl,19.35615667542929
SHF-006,control_05,Dhl,39.09828284546356
SHF-006,control_05,To,21.751470649627215
SHF-006,control_05,Eo,29.453680269285098
SHF-006,control_05,Toe,1.8702464724989574
SHF-006,control_05,Eb,8.84127025137184
SHF-006,control_05,H,45.0
SHF-006,control_05,ve,38.279036679014965
SHF-006,control_05,Te,59.23806473083259
SHF-006,control_05,De,81.53290599742236
SHF-006,control_05,khe,38.866270149347514
SHF-006,control_05,Th,443.88436483749416
SHF-006,control_05,Kbh,0.22528389806342908
SHF-006,control_05,Khe,101.5340863336158
SHF-006,control_05,kbh,0.13904739209181438
SHF-006,control_05,CL,0.4226871473508998
SHF-006,control_05,AUC_Cb,25.283459429425587
SHF-006,control_05,AUC_Cl,1380.3594573750843
SHF-006,control_05,AUC35_Cb,23.20979880090125
SHF-006,control_05,AUC35_Cl,223.93636343163413
SHF-006,control_05,RE_R1b,12.580191930838435
SHF-006,control_05,RE_R1l,82.97947150767067
SHF-006,control_05,RE_Sb,18.81616762806188
SHF-006,control_05,RE_Sl,33.603244918096095
SHF-006,control_05,T1_1,0.68025
SHF-006,control_05,T1_2,0.68286
SHF-006,control_05,t1_MOLLI,8.917222222222222
SHF-006,control_05,t2_MOLLI,8.917222222222222
