subject,study,parameter,value
SHF-006,control_05,BAT,0.0523496741796767
SHF-006,control_05,CO,0.4543932981227825
SHF-006,control_05,Thl,3.8651433682391807
SHF-006,control_05,Dhl,4.074121688147851
SHF-006,control_05,To,11.683543626793801
SHF-006,control_05,Eo,39.607557212100616
SHF-006,control_05,Toe,7.930747123613646
SHF-006,control_05,Eb,71.16297953175629
SHF-006,control_05,H,0
SHF-006,control_05,ve,1598.3775944274128
SHF-006,control_05,Te,222.88195899004484
SHF-006,control_05,De,72.17690401018862
SHF-006,control_05,khe,129.9013357834733
SHF-006,control_05,Th,238999.28545562187
SHF-006,control_05,Kbh,0
SHF-006,control_05,Khe,0
SHF-006,control_05,kbh,0
SHF-006,control_05,CL,0.0
SHF-006,control_05,AUC_Cb,0
SHF-006,control_05,AUC_Cl,0
SHF-006,control_05,AUC35_Cb,0
SHF-006,control_05,AUC35_Cl,0
SHF-006,control_05,RE_R1b,0
SHF-006,control_05,RE_R1l,0
SHF-006,control_05,RE_Sb,0
SHF-006,control_05,RE_Sl,0
SHF-006,control_05,T1_1,0
SHF-006,control_05,T1_2,0
SHF-006,control_05,t1_MOLLI,0
SHF-006,control_05,t2_MOLLI,0
