subject,study,parameter,value
LDS-006,control_05,BAT,1.2799427324605084
LDS-006,control_05,CO,4.775224907150852
LDS-006,control_05,Thl,9.412425550129534
LDS-006,control_05,Dhl,65.79876627289516
LDS-006,control_05,To,43.77927377235666
LDS-006,control_05,Eo,20.773576027781797
LDS-006,control_05,Toe,4.0444779564816224
LDS-006,control_05,Eb,7.104331748026528
LDS-006,control_05,H,45.0
LDS-006,control_05,ve,28.281919455259658
LDS-006,control_05,Te,59.99890621019275
LDS-006,control_05,De,71.52306501280108
LDS-006,control_05,khe,46.26968366899506
LDS-006,control_05,Th,10.289225958849233
LDS-006,control_05,Kbh,9.718904065275694
LDS-006,control_05,Khe,163.60163864475675
LDS-006,control_05,kbh,6.970211445600466
LDS-006,control_05,CL,0.3197928734727784
LDS-006,control_05,AUC_Cb,40.03299970787409
LDS-006,control_05,AUC_Cl,211.17169931442587
LDS-006,control_05,AUC35_Cb,30.21939561005531
LDS-006,control_05,AUC35_Cl,132.5291208318351
LDS-006,control_05,RE_R1b,18.56221962622559
LDS-006,control_05,RE_R1l,56.807808797705626
LDS-006,control_05,RE_Sb,10.170633827127611
LDS-006,control_05,RE_Sl,73.2179959789008
LDS-006,control_05,T1_1,0.83976001
LDS-006,control_05,T1_2,0.498440002
LDS-006,control_05,t1_MOLLI,12.696229722222224
LDS-006,control_05,t2_MOLLI,13.722150833333334
