subject,study,parameter,value
LDS-006,control_05,BAT,0.017003212135190356
LDS-006,control_05,CO,0.14134688433161602
LDS-006,control_05,Thl,1.071697948503588
LDS-006,control_05,Dhl,8.10038984534236
LDS-006,control_05,To,17.43639107525382
LDS-006,control_05,Eo,210.3824380090938
LDS-006,control_05,Toe,68.76845710619654
LDS-006,control_05,Eb,267.35809920623564
LDS-006,control_05,H,0
LDS-006,control_05,ve,88.9952447126971
LDS-006,control_05,Te,141.53697120673525
LDS-006,control_05,De,68.32082898272888
LDS-006,control_05,khe,50.58460702637659
LDS-006,control_05,Th,37.18421648966447
LDS-006,control_05,Kbh,0
LDS-006,control_05,Khe,0
LDS-006,control_05,kbh,0
LDS-006,control_05,CL,0.0
LDS-006,control_05,AUC_Cb,0
LDS-006,control_05,AUC_Cl,0
LDS-006,control_05,AUC35_Cb,0
LDS-006,control_05,AUC35_Cl,0
LDS-006,control_05,RE_R1b,0
LDS-006,control_05,RE_R1l,0
LDS-006,control_05,RE_Sb,0
LDS-006,control_05,RE_Sl,0
LDS-006,control_05,T1_1,0
LDS-006,control_05,T1_2,0
LDS-006,control_05,t1_MOLLI,0
LDS-006,control_05,t2_MOLLI,0
