subject,study,parameter,description,value,unit
002,control,TR,Repetition time,0.0023,sec
002,control,FA_1,Flip angle - first scan,15,deg
002,control,FA_2,Flip angle - second scan,15,deg
002,control,weight,Subject body weight,65.0,kg
002,control,dose_1,Contrast agent dose - first scan,0.025,mL/kg
002,control,dose_2,Contrast agent dose - second scan,0.025,mL/kg
002,control,liver_volume,Whole liver volume,161.35756350300002,mL
002,control,kidney_volume,Both kidneys volume,19.549823001249997,mL
002,control,T1_aorta_1,First aorta T1,1.26167,sec
002,control,T1_aorta_2,Second aorta T1,1.43052,sec
002,control,T1_aorta_3,Third aorta T1,1.3043099999999999,sec
002,control,T1_liver_1,First liver T1,0.73111,sec
002,control,T1_liver_2,Second liver T1,0.33114,sec
002,control,T1_liver_3,Third liver T1,0.62402,sec
002,control,T1_kidney_1,First kidney T1,nan,sec
002,control,T1_kidney_2,Second kidney T1,nan,sec
002,control,T1_kidney_3,Third kidney T1,nan,sec
002,control,T1_portal_1,First portal T1,nan,sec
002,control,T1_portal_2,Second portal T1,nan,sec
002,control,T1_portal_3,Third portal T1,nan,sec
002,control,T1_time_1,First T1 time,40127,sec
002,control,T1_time_2,Second T1 time,43289,sec
002,control,T1_time_3,Third T1 time,49231,sec
002,control,t0,Baseline length,60.0,sec
003,control,TR,Repetition time,0.0023,sec
003,control,FA_1,Flip angle - first scan,15,deg
003,control,FA_2,Flip angle - second scan,15,deg
003,control,weight,Subject body weight,85.0,kg
003,control,dose_1,Contrast agent dose - first scan,0.025,mL/kg
003,control,dose_2,Contrast agent dose - second scan,0.025,mL/kg
003,control,liver_volume,Whole liver volume,964.1781974236002,mL
003,control,kidney_volume,Both kidneys volume,81.4798476696,mL
003,control,T1_aorta_1,First aorta T1,1.681,sec
003,control,T1_aorta_2,Second aorta T1,0.0008399999999999999,sec
003,control,T1_aorta_3,Third aorta T1,0.15406999999999998,sec
003,control,T1_liver_1,First liver T1,0.72478,sec
003,control,T1_liver_2,Second liver T1,0.35727,sec
003,control,T1_liver_3,Third liver T1,0.4655,sec
003,control,T1_kidney_1,First kidney T1,nan,sec
003,control,T1_kidney_2,Second kidney T1,nan,sec
003,control,T1_kidney_3,Third kidney T1,nan,sec
003,control,T1_portal_1,First portal T1,1.35629,sec
003,control,T1_portal_2,Second portal T1,1.23631,sec
003,control,T1_portal_3,Third portal T1,1.2978900000000002,sec
003,control,T1_time_1,First T1 time,32031,sec
003,control,T1_time_2,Second T1 time,35135,sec
003,control,T1_time_3,Third T1 time,39215,sec
003,control,t0,Baseline length,60.0,sec
004,control,TR,Repetition time,0.0023,sec
004,control,FA_1,Flip angle - first scan,15,deg
004,control,FA_2,Flip angle - second scan,15,deg
004,control,weight,Subject body weight,73.0,kg
004,control,dose_1,Contrast agent dose - first scan,0.025,mL/kg
004,control,dose_2,Contrast agent dose - second scan,0.025,mL/kg
004,control,liver_volume,Whole liver volume,872.3226388147999,mL
004,control,kidney_volume,Both kidneys volume,69.9597568474,mL
004,control,T1_aorta_1,First aorta T1,1.681,sec
004,control,T1_aorta_2,Second aorta T1,0.125,sec
004,control,T1_aorta_3,Third aorta T1,1.681,sec
004,control,T1_liver_1,First liver T1,0.79748,sec
004,control,T1_liver_2,Second liver T1,0.51401,sec
004,control,T1_liver_3,Third liver T1,0.69331,sec
004,control,T1_kidney_1,First kidney T1,nan,sec
004,control,T1_kidney_2,Second kidney T1,nan,sec
004,control,T1_kidney_3,Third kidney T1,nan,sec
004,control,T1_portal_1,First portal T1,1.4063800000000002,sec
004,control,T1_portal_2,Second portal T1,nan,sec
004,control,T1_portal_3,Third portal T1,nan,sec
004,control,T1_time_1,First T1 time,37927,sec
004,control,T1_time_2,Second T1 time,40955,sec
004,control,T1_time_3,Third T1 time,46606,sec
004,control,t0,Baseline length,60.0,sec
005,control,TR,Repetition time,0.0023,sec
005,control,FA_1,Flip angle - first scan,15,deg
005,control,FA_2,Flip angle - second scan,15,deg
005,control,weight,Subject body weight,59.0,kg
005,control,dose_1,Contrast agent dose - first scan,0.025,mL/kg
005,control,dose_2,Contrast agent dose - second scan,0.025,mL/kg
005,control,liver_volume,Whole liver volume,901.7713478039999,mL
005,control,kidney_volume,Both kidneys volume,64.23785743239999,mL
005,control,T1_aorta_1,First aorta T1,1.681,sec
005,control,T1_aorta_2,Second aorta T1,0.67234,sec
005,control,T1_aorta_3,Third aorta T1,0.92432,sec
005,control,T1_liver_1,First liver T1,0.78715,sec
005,control,T1_liver_2,Second liver T1,0.49327,sec
005,control,T1_liver_3,Third liver T1,0.57409,sec
005,control,T1_kidney_1,First kidney T1,nan,sec
005,control,T1_kidney_2,Second kidney T1,nan,sec
005,control,T1_kidney_3,Third kidney T1,nan,sec
005,control,T1_portal_1,First portal T1,nan,sec
005,control,T1_portal_2,Second portal T1,1.44661,sec
005,control,T1_portal_3,Third portal T1,nan,sec
005,control,T1_time_1,First T1 time,51296,sec
005,control,T1_time_2,Second T1 time,54238,sec
005,control,T1_time_3,Third T1 time,58197,sec
005,control,t0,Baseline length,60.0,sec
006,control,TR,Repetition time,0.0023,sec
006,control,FA_1,Flip angle - first scan,15,deg
006,control,FA_2,Flip angle - second scan,15,deg
006,control,weight,Subject body weight,66.0,kg
006,control,dose_1,Contrast agent dose - first scan,0.025,mL/kg
006,control,dose_2,Contrast agent dose - second scan,0.025,mL/kg
006,control,liver_volume,Whole liver volume,1087.5423488109998,mL
006,control,kidney_volume,Both kidneys volume,53.70956250880001,mL
006,control,T1_aorta_1,First aorta T1,1.681,sec
006,control,T1_aorta_2,Second aorta T1,0.00212,sec
006,control,T1_aorta_3,Third aorta T1,0.11362,sec
006,control,T1_liver_1,First liver T1,0.68025,sec
006,control,T1_liver_2,Second liver T1,0.68286,sec
006,control,T1_liver_3,Third liver T1,0.6430499999999999,sec
006,control,T1_kidney_1,First kidney T1,nan,sec
006,control,T1_kidney_2,Second kidney T1,nan,sec
006,control,T1_kidney_3,Third kidney T1,nan,sec
006,control,T1_portal_1,First portal T1,1.36828,sec
006,control,T1_portal_2,Second portal T1,1.3656300000000001,sec
006,control,T1_portal_3,Third portal T1,1.18008,sec
006,control,T1_time_1,First T1 time,32102,sec
006,control,T1_time_2,Second T1 time,32102,sec
006,control,T1_time_3,Third T1 time,42202,sec
006,control,t0,Baseline length,60.0,sec
007,control,TR,Repetition time,0.0023,sec
007,control,FA_1,Flip angle - first scan,15,deg
007,control,FA_2,Flip angle - second scan,15,deg
007,control,weight,Subject body weight,72.0,kg
007,control,dose_1,Contrast agent dose - first scan,0.025,mL/kg
007,control,dose_2,Contrast agent dose - second scan,0.025,mL/kg
007,control,liver_volume,Whole liver volume,702.7255401542002,mL
007,control,kidney_volume,Both kidneys volume,0.0,mL
007,control,T1_aorta_1,First aorta T1,1.32044,sec
007,control,T1_aorta_2,Second aorta T1,1.681,sec
007,control,T1_aorta_3,Third aorta T1,1.21048,sec
007,control,T1_liver_1,First liver T1,0.74539,sec
007,control,T1_liver_2,Second liver T1,0.37404000000000004,sec
007,control,T1_liver_3,Third liver T1,0.56183,sec
007,control,T1_kidney_1,First kidney T1,nan,sec
007,control,T1_kidney_2,Second kidney T1,nan,sec
007,control,T1_kidney_3,Third kidney T1,nan,sec
007,control,T1_portal_1,First portal T1,nan,sec
007,control,T1_portal_2,Second portal T1,nan,sec
007,control,T1_portal_3,Third portal T1,nan,sec
007,control,T1_time_1,First T1 time,49727,sec
007,control,T1_time_2,Second T1 time,52661,sec
007,control,T1_time_3,Third T1 time,56997,sec
007,control,t0,Baseline length,60.0,sec
008,control,TR,Repetition time,0.0023,sec
008,control,FA_1,Flip angle - first scan,15,deg
008,control,FA_2,Flip angle - second scan,15,deg
008,control,weight,Subject body weight,60.0,kg
008,control,dose_1,Contrast agent dose - first scan,0.025,mL/kg
008,control,dose_2,Contrast agent dose - second scan,0.025,mL/kg
008,control,liver_volume,Whole liver volume,850.8845890066002,mL
008,control,kidney_volume,Both kidneys volume,40.816215827,mL
008,control,T1_aorta_1,First aorta T1,2.14357,sec
008,control,T1_aorta_2,Second aorta T1,0.35856,sec
008,control,T1_aorta_3,Third aorta T1,1.04088,sec
008,control,T1_liver_1,First liver T1,0.78759,sec
008,control,T1_liver_2,Second liver T1,0.4218,sec
008,control,T1_liver_3,Third liver T1,0.67413,sec
008,control,T1_kidney_1,First kidney T1,nan,sec
008,control,T1_kidney_2,Second kidney T1,nan,sec
008,control,T1_kidney_3,Third kidney T1,nan,sec
008,control,T1_portal_1,First portal T1,1.46375,sec
008,control,T1_portal_2,Second portal T1,1.3302,sec
008,control,T1_portal_3,Third portal T1,1.46767,sec
008,control,T1_time_1,First T1 time,32207,sec
008,control,T1_time_2,Second T1 time,35280,sec
008,control,T1_time_3,Third T1 time,43168,sec
008,control,t0,Baseline length,60.0,sec
009,control,TR,Repetition time,0.0023,sec
009,control,FA_1,Flip angle - first scan,15,deg
009,control,FA_2,Flip angle - second scan,15,deg
009,control,weight,Subject body weight,85.0,kg
009,control,dose_1,Contrast agent dose - first scan,0.025,mL/kg
009,control,dose_2,Contrast agent dose - second scan,0.025,mL/kg
009,control,liver_volume,Whole liver volume,796.9461505211979,mL
009,control,kidney_volume,Both kidneys volume,0.0,mL
009,control,T1_aorta_1,First aorta T1,1.681,sec
009,control,T1_aorta_2,Second aorta T1,1.681,sec
009,control,T1_aorta_3,Third aorta T1,1.681,sec
009,control,T1_liver_1,First liver T1,0.7608400000000001,sec
009,control,T1_liver_2,Second liver T1,0.42171,sec
009,control,T1_liver_3,Third liver T1,0.51971,sec
009,control,T1_kidney_1,First kidney T1,nan,sec
009,control,T1_kidney_2,Second kidney T1,nan,sec
009,control,T1_kidney_3,Third kidney T1,nan,sec
009,control,T1_portal_1,First portal T1,nan,sec
009,control,T1_portal_2,Second portal T1,nan,sec
009,control,T1_portal_3,Third portal T1,nan,sec
009,control,T1_time_1,First T1 time,32765,sec
009,control,T1_time_2,Second T1 time,35761,sec
009,control,T1_time_3,Third T1 time,41148,sec
009,control,t0,Baseline length,60.0,sec
010,control,TR,Repetition time,0.0023,sec
010,control,FA_1,Flip angle - first scan,15,deg
010,control,FA_2,Flip angle - second scan,15,deg
010,control,weight,Subject body weight,65.0,kg
010,control,dose_1,Contrast agent dose - first scan,0.025,mL/kg
010,control,dose_2,Contrast agent dose - second scan,0.025,mL/kg
010,control,liver_volume,Whole liver volume,945.1051993736,mL
010,control,kidney_volume,Both kidneys volume,91.55039064,mL
010,control,T1_aorta_1,First aorta T1,1.681,sec
010,control,T1_aorta_2,Second aorta T1,0.4,sec
010,control,T1_aorta_3,Third aorta T1,1.681,sec
010,control,T1_liver_1,First liver T1,0.7662599999999999,sec
010,control,T1_liver_2,Second liver T1,0.41884,sec
010,control,T1_liver_3,Third liver T1,0.6585599999999999,sec
010,control,T1_kidney_1,First kidney T1,nan,sec
010,control,T1_kidney_2,Second kidney T1,nan,sec
010,control,T1_kidney_3,Third kidney T1,nan,sec
010,control,T1_portal_1,First portal T1,1.35054,sec
010,control,T1_portal_2,Second portal T1,1.4952699999999999,sec
010,control,T1_portal_3,Third portal T1,1.15024,sec
010,control,T1_time_1,First T1 time,37136,sec
010,control,T1_time_2,Second T1 time,40059,sec
010,control,T1_time_3,Third T1 time,45506,sec
010,control,t0,Baseline length,60.0,sec
011,control,TR,Repetition time,0.0023,sec
011,control,FA_1,Flip angle - first scan,15,deg
011,control,FA_2,Flip angle - second scan,15,deg
011,control,weight,Subject body weight,56.0,kg
011,control,dose_1,Contrast agent dose - first scan,0.025,mL/kg
011,control,dose_2,Contrast agent dose - second scan,0.025,mL/kg
011,control,liver_volume,Whole liver volume,809.0765772810001,mL
011,control,kidney_volume,Both kidneys volume,56.303490243599995,mL
011,control,T1_aorta_1,First aorta T1,1.681,sec
011,control,T1_aorta_2,Second aorta T1,1.681,sec
011,control,T1_aorta_3,Third aorta T1,1.681,sec
011,control,T1_liver_1,First liver T1,0.7606499999999999,sec
011,control,T1_liver_2,Second liver T1,0.49798000000000003,sec
011,control,T1_liver_3,Third liver T1,0.70743,sec
011,control,T1_kidney_1,First kidney T1,nan,sec
011,control,T1_kidney_2,Second kidney T1,nan,sec
011,control,T1_kidney_3,Third kidney T1,nan,sec
011,control,T1_portal_1,First portal T1,nan,sec
011,control,T1_portal_2,Second portal T1,nan,sec
011,control,T1_portal_3,Third portal T1,nan,sec
011,control,T1_time_1,First T1 time,52069,sec
011,control,T1_time_2,Second T1 time,55003,sec
011,control,T1_time_3,Third T1 time,59349,sec
011,control,t0,Baseline length,60.0,sec
014,control,TR,Repetition time,0.0023,sec
014,control,FA_1,Flip angle - first scan,15,deg
014,control,FA_2,Flip angle - second scan,15,deg
014,control,weight,Subject body weight,84.0,kg
014,control,dose_1,Contrast agent dose - first scan,0.025,mL/kg
014,control,dose_2,Contrast agent dose - second scan,0.025,mL/kg
014,control,liver_volume,Whole liver volume,1116.7621818236,mL
014,control,kidney_volume,Both kidneys volume,0.0,mL
014,control,T1_aorta_1,First aorta T1,1.681,sec
014,control,T1_aorta_2,Second aorta T1,1.681,sec
014,control,T1_aorta_3,Third aorta T1,0.06948,sec
014,control,T1_liver_1,First liver T1,0.72913,sec
014,control,T1_liver_2,Second liver T1,0.5561799999999999,sec
014,control,T1_liver_3,Third liver T1,0.69255,sec
014,control,T1_kidney_1,First kidney T1,nan,sec
014,control,T1_kidney_2,Second kidney T1,nan,sec
014,control,T1_kidney_3,Third kidney T1,nan,sec
014,control,T1_portal_1,First portal T1,1.32491,sec
014,control,T1_portal_2,Second portal T1,0.84005,sec
014,control,T1_portal_3,Third portal T1,nan,sec
014,control,T1_time_1,First T1 time,44772,sec
014,control,T1_time_2,Second T1 time,47825,sec
014,control,T1_time_3,Third T1 time,51670,sec
014,control,t0,Baseline length,60.0,sec
016,control,TR,Repetition time,0.0023,sec
016,control,FA_1,Flip angle - first scan,15,deg
016,control,FA_2,Flip angle - second scan,15,deg
016,control,weight,Subject body weight,70.0,kg
016,control,dose_1,Contrast agent dose - first scan,0.025,mL/kg
016,control,dose_2,Contrast agent dose - second scan,0.025,mL/kg
016,control,liver_volume,Whole liver volume,939.8410519118,mL
016,control,kidney_volume,Both kidneys volume,0.0,mL
016,control,T1_aorta_1,First aorta T1,1.65861,sec
016,control,T1_aorta_2,Second aorta T1,0.0034,sec
016,control,T1_aorta_3,Third aorta T1,1.681,sec
016,control,T1_liver_1,First liver T1,0.65575,sec
016,control,T1_liver_2,Second liver T1,0.41641,sec
016,control,T1_liver_3,Third liver T1,0.58513,sec
016,control,T1_kidney_1,First kidney T1,nan,sec
016,control,T1_kidney_2,Second kidney T1,nan,sec
016,control,T1_kidney_3,Third kidney T1,nan,sec
016,control,T1_portal_1,First portal T1,nan,sec
016,control,T1_portal_2,Second portal T1,nan,sec
016,control,T1_portal_3,Third portal T1,nan,sec
016,control,T1_time_1,First T1 time,42598,sec
016,control,T1_time_2,Second T1 time,45624,sec
016,control,T1_time_3,Third T1 time,49761,sec
016,control,t0,Baseline length,60.0,sec
017,control,TR,Repetition time,0.0023,sec
017,control,FA_1,Flip angle - first scan,15,deg
017,control,FA_2,Flip angle - second scan,15,deg
017,control,weight,Subject body weight,75.0,kg
017,control,dose_1,Contrast agent dose - first scan,0.025,mL/kg
017,control,dose_2,Contrast agent dose - second scan,0.025,mL/kg
017,control,liver_volume,Whole liver volume,996.2208341476,mL
017,control,kidney_volume,Both kidneys volume,0.4577519532,mL
017,control,T1_aorta_1,First aorta T1,1.681,sec
017,control,T1_aorta_2,Second aorta T1,1.681,sec
017,control,T1_aorta_3,Third aorta T1,1.89578,sec
017,control,T1_liver_1,First liver T1,0.6455599999999999,sec
017,control,T1_liver_2,Second liver T1,0.37176,sec
017,control,T1_liver_3,Third liver T1,0.69299,sec
017,control,T1_kidney_1,First kidney T1,nan,sec
017,control,T1_kidney_2,Second kidney T1,nan,sec
017,control,T1_kidney_3,Third kidney T1,nan,sec
017,control,T1_portal_1,First portal T1,1.50818,sec
017,control,T1_portal_2,Second portal T1,nan,sec
017,control,T1_portal_3,Third portal T1,nan,sec
017,control,T1_time_1,First T1 time,46267,sec
017,control,T1_time_2,Second T1 time,49185,sec
017,control,T1_time_3,Third T1 time,58507,sec
017,control,t0,Baseline length,60.0,sec
021,control,TR,Repetition time,0.0023,sec
021,control,FA_1,Flip angle - first scan,15,deg
021,control,FA_2,Flip angle - second scan,15,deg
021,control,weight,Subject body weight,70.0,kg
021,control,dose_1,Contrast agent dose - first scan,0.025,mL/kg
021,control,dose_2,Contrast agent dose - second scan,0.025,mL/kg
021,control,liver_volume,Whole liver volume,984.3955753566001,mL
021,control,kidney_volume,Both kidneys volume,0.0,mL
021,control,T1_aorta_1,First aorta T1,1.681,sec
021,control,T1_aorta_2,Second aorta T1,1.681,sec
021,control,T1_aorta_3,Third aorta T1,0.00067,sec
021,control,T1_liver_1,First liver T1,0.80253,sec
021,control,T1_liver_2,Second liver T1,0.47129000000000004,sec
021,control,T1_liver_3,Third liver T1,0.63949,sec
021,control,T1_kidney_1,First kidney T1,nan,sec
021,control,T1_kidney_2,Second kidney T1,nan,sec
021,control,T1_kidney_3,Third kidney T1,nan,sec
021,control,T1_portal_1,First portal T1,nan,sec
021,control,T1_portal_2,Second portal T1,nan,sec
021,control,T1_portal_3,Third portal T1,nan,sec
021,control,T1_time_1,First T1 time,40701,sec
021,control,T1_time_2,Second T1 time,43740,sec
021,control,T1_time_3,Third T1 time,47957,sec
021,control,t0,Baseline length,60.0,sec
022,control,TR,Repetition time,0.0023,sec
022,control,FA_1,Flip angle - first scan,15,deg
022,control,FA_2,Flip angle - second scan,15,deg
022,control,weight,Subject body weight,72.0,kg
022,control,dose_1,Contrast agent dose - first scan,0.025,mL/kg
022,control,dose_2,Contrast agent dose - second scan,0.025,mL/kg
022,control,liver_volume,Whole liver volume,1137.5136037020002,mL
022,control,kidney_volume,Both kidneys volume,0.0,mL
022,control,T1_aorta_1,First aorta T1,1.681,sec
022,control,T1_aorta_2,Second aorta T1,1.681,sec
022,control,T1_aorta_3,Third aorta T1,0.7277,sec
022,control,T1_liver_1,First liver T1,0.75858,sec
022,control,T1_liver_2,Second liver T1,0.36546,sec
022,control,T1_liver_3,Third liver T1,0.5474600000000001,sec
022,control,T1_kidney_1,First kidney T1,nan,sec
022,control,T1_kidney_2,Second kidney T1,nan,sec
022,control,T1_kidney_3,Third kidney T1,nan,sec
022,control,T1_portal_1,First portal T1,1.2595399999999999,sec
022,control,T1_portal_2,Second portal T1,nan,sec
022,control,T1_portal_3,Third portal T1,1.15697,sec
022,control,T1_time_1,First T1 time,49494,sec
022,control,T1_time_2,Second T1 time,52680,sec
022,control,T1_time_3,Third T1 time,57649,sec
022,control,t0,Baseline length,60.0,sec
