subject,study,parameter,value
SHF-011,drug,S02a,116.73137543573769
SHF-011,drug,S02l,442.0298647561551
SHF-011,drug,BAT2,0.005153932931675705
SHF-011,drug,BAT,0.004783400906645473
SHF-011,drug,CO,0.22927100791076924
SHF-011,drug,Thl,0.47719041779138566
SHF-011,drug,Dhl,2.489998665202316
SHF-011,drug,To,0.5467893990598078
SHF-011,drug,Eo,0.5368779769562042
SHF-011,drug,Toe,0.23684662585990898
SHF-011,drug,Eb,0.1313714060332973
SHF-011,drug,H,0
SHF-011,drug,ve,1.189033691005311
SHF-011,drug,Te,1.5299008477866198
SHF-011,drug,De,169.62039475307998
SHF-011,drug,khe_i,0.7593432120642476
SHF-011,drug,khe_f,2.837746776077739
SHF-011,drug,Th_i,0.6729365846766088
SHF-011,drug,Th_f,0.6211545017215244
SHF-011,drug,Th,0.0
SHF-011,drug,khe,0
SHF-011,drug,Kbh,0
SHF-011,drug,Khe,0
SHF-011,drug,kbh,0
SHF-011,drug,kbh_i,0
SHF-011,drug,kbh_f,0
SHF-011,drug,CL,0.0
SHF-011,drug,AUC_Cb,0
SHF-011,drug,AUC_Cl,0
SHF-011,drug,AUC35_Cb,0
SHF-011,drug,AUC35_Cl,0
SHF-011,drug,RE_R1b,0
SHF-011,drug,RE_R1l,0
SHF-011,drug,RE_Sb,0
SHF-011,drug,RE_Sl,0
SHF-011,drug,T1_1,0
SHF-011,drug,T1_2,0
SHF-011,drug,t1_MOLLI,0
SHF-011,drug,t2_MOLLI,0
SHF-011,drug,T1_3,0
SHF-011,drug,t3_MOLLI,0
SHF-011,drug,t0,0
SHF-011,drug,t1,0
SHF-011,drug,t2,0
SHF-011,drug,t3,0
SHF-011,drug,dt1,0
SHF-011,drug,dt2,0
