subject,study,parameter,value
007,control,kidney_volume,0
009,control,kidney_volume,0
014,control,kidney_volume,0
016,control,kidney_volume,0
021,control,kidney_volume,0
022,control,kidney_volume,0
021,control,T1_aorta_3,0.00067
003,control,T1_aorta_2,0.00084
006,control,T1_aorta_2,0.00212
002,control,TR,0.0023
003,control,TR,0.0023
004,control,TR,0.0023
005,control,TR,0.0023
006,control,TR,0.0023
007,control,TR,0.0023
008,control,TR,0.0023
009,control,TR,0.0023
010,control,TR,0.0023
011,control,TR,0.0023
014,control,TR,0.0023
016,control,TR,0.0023
017,control,TR,0.0023
021,control,TR,0.0023
022,control,TR,0.0023
016,control,T1_aorta_2,0.0034
002,control,dose_1,0.025
002,control,dose_2,0.025
003,control,dose_1,0.025
003,control,dose_2,0.025
004,control,dose_1,0.025
004,control,dose_2,0.025
005,control,dose_1,0.025
005,control,dose_2,0.025
006,control,dose_1,0.025
006,control,dose_2,0.025
007,control,dose_1,0.025
007,control,dose_2,0.025
008,control,dose_1,0.025
008,control,dose_2,0.025
009,control,dose_1,0.025
009,control,dose_2,0.025
010,control,dose_1,0.025
010,control,dose_2,0.025
011,control,dose_1,0.025
011,control,dose_2,0.025
014,control,dose_1,0.025
014,control,dose_2,0.025
016,control,dose_1,0.025
016,control,dose_2,0.025
017,control,dose_1,0.025
017,control,dose_2,0.025
021,control,dose_1,0.025
021,control,dose_2,0.025
022,control,dose_1,0.025
022,control,dose_2,0.025
014,control,T1_aorta_3,0.06948
006,control,T1_aorta_3,0.11362
004,control,T1_aorta_2,0.125
003,control,T1_aorta_3,0.15407
002,control,T1_liver_2,0.33114
003,control,T1_liver_2,0.35727
008,control,T1_aorta_2,0.35856
022,control,T1_liver_2,0.36546
017,control,T1_liver_2,0.37176
007,control,T1_liver_2,0.37404
010,control,T1_aorta_2,0.4
016,control,T1_liver_2,0.41641
010,control,T1_liver_2,0.41884
009,control,T1_liver_2,0.42171
008,control,T1_liver_2,0.4218
017,control,kidney_volume,0.457751953
003,control,T1_liver_3,0.4655
021,control,T1_liver_2,0.47129
005,control,T1_liver_2,0.49327
011,control,T1_liver_2,0.49798
004,control,T1_liver_2,0.51401
009,control,T1_liver_3,0.51971
022,control,T1_liver_3,0.54746
014,control,T1_liver_2,0.55618
007,control,T1_liver_3,0.56183
005,control,T1_liver_3,0.57409
016,control,T1_liver_3,0.58513
002,control,T1_liver_3,0.62402
021,control,T1_liver_3,0.63949
006,control,T1_liver_3,0.64305
017,control,T1_liver_1,0.64556
016,control,T1_liver_1,0.65575
010,control,T1_liver_3,0.65856
005,control,T1_aorta_2,0.67234
008,control,T1_liver_3,0.67413
006,control,T1_liver_1,0.68025
006,control,T1_liver_2,0.68286
014,control,T1_liver_3,0.69255
017,control,T1_liver_3,0.69299
004,control,T1_liver_3,0.69331
011,control,T1_liver_3,0.70743
003,control,T1_liver_1,0.72478
022,control,T1_aorta_3,0.7277
014,control,T1_liver_1,0.72913
002,control,T1_liver_1,0.73111
007,control,T1_liver_1,0.74539
022,control,T1_liver_1,0.75858
011,control,T1_liver_1,0.76065
009,control,T1_liver_1,0.76084
010,control,T1_liver_1,0.76626
005,control,T1_liver_1,0.78715
008,control,T1_liver_1,0.78759
004,control,T1_liver_1,0.79748
021,control,T1_liver_1,0.80253
014,control,T1_portal_2,0.84005
005,control,T1_aorta_3,0.92432
008,control,T1_aorta_3,1.04088
010,control,T1_portal_3,1.15024
022,control,T1_portal_3,1.15697
006,control,T1_portal_3,1.18008
007,control,T1_aorta_3,1.21048
003,control,T1_portal_2,1.23631
022,control,T1_portal_1,1.25954
002,control,T1_aorta_1,1.26167
003,control,T1_portal_3,1.29789
002,control,T1_aorta_3,1.30431
007,control,T1_aorta_1,1.32044
014,control,T1_portal_1,1.32491
008,control,T1_portal_2,1.3302
010,control,T1_portal_1,1.35054
003,control,T1_portal_1,1.35629
006,control,T1_portal_2,1.36563
006,control,T1_portal_1,1.36828
004,control,T1_portal_1,1.40638
002,control,T1_aorta_2,1.43052
005,control,T1_portal_2,1.44661
008,control,T1_portal_1,1.46375
008,control,T1_portal_3,1.46767
010,control,T1_portal_2,1.49527
017,control,T1_portal_1,1.50818
016,control,T1_aorta_1,1.65861
003,control,T1_aorta_1,1.681
004,control,T1_aorta_1,1.681
004,control,T1_aorta_3,1.681
005,control,T1_aorta_1,1.681
006,control,T1_aorta_1,1.681
007,control,T1_aorta_2,1.681
009,control,T1_aorta_1,1.681
009,control,T1_aorta_2,1.681
009,control,T1_aorta_3,1.681
010,control,T1_aorta_1,1.681
010,control,T1_aorta_3,1.681
011,control,T1_aorta_1,1.681
011,control,T1_aorta_2,1.681
011,control,T1_aorta_3,1.681
014,control,T1_aorta_1,1.681
014,control,T1_aorta_2,1.681
016,control,T1_aorta_3,1.681
017,control,T1_aorta_1,1.681
017,control,T1_aorta_2,1.681
021,control,T1_aorta_1,1.681
021,control,T1_aorta_2,1.681
022,control,T1_aorta_1,1.681
022,control,T1_aorta_2,1.681
017,control,T1_aorta_3,1.89578
008,control,T1_aorta_1,2.14357
002,control,FA_1,15
002,control,FA_2,15
003,control,FA_1,15
003,control,FA_2,15
004,control,FA_1,15
004,control,FA_2,15
005,control,FA_1,15
005,control,FA_2,15
006,control,FA_1,15
006,control,FA_2,15
007,control,FA_1,15
007,control,FA_2,15
008,control,FA_1,15
008,control,FA_2,15
009,control,FA_1,15
009,control,FA_2,15
010,control,FA_1,15
010,control,FA_2,15
011,control,FA_1,15
011,control,FA_2,15
014,control,FA_1,15
014,control,FA_2,15
016,control,FA_1,15
016,control,FA_2,15
017,control,FA_1,15
017,control,FA_2,15
021,control,FA_1,15
021,control,FA_2,15
022,control,FA_1,15
022,control,FA_2,15
002,control,kidney_volume,19.549823
008,control,kidney_volume,40.81621583
006,control,kidney_volume,53.70956251
011,control,weight,56
011,control,kidney_volume,56.30349024
005,control,weight,59
002,control,t0,60
003,control,t0,60
004,control,t0,60
005,control,t0,60
006,control,t0,60
007,control,t0,60
008,control,weight,60
008,control,t0,60
009,control,t0,60
010,control,t0,60
011,control,t0,60
014,control,t0,60
016,control,t0,60
017,control,t0,60
021,control,t0,60
022,control,t0,60
005,control,kidney_volume,64.23785743
002,control,weight,65
010,control,weight,65
006,control,weight,66
004,control,kidney_volume,69.95975685
016,control,weight,70
021,control,weight,70
007,control,weight,72
022,control,weight,72
004,control,weight,73
017,control,weight,75
003,control,kidney_volume,81.47984767
014,control,weight,84
003,control,weight,85
009,control,weight,85
010,control,kidney_volume,91.55039064
002,control,liver_volume,161.3575635
007,control,liver_volume,702.7255402
009,control,liver_volume,796.9461505
011,control,liver_volume,809.0765773
008,control,liver_volume,850.884589
004,control,liver_volume,872.3226388
005,control,liver_volume,901.7713478
016,control,liver_volume,939.8410519
010,control,liver_volume,945.1051994
003,control,liver_volume,964.1781974
021,control,liver_volume,984.3955754
017,control,liver_volume,996.2208341
006,control,liver_volume,1087.542349
014,control,liver_volume,1116.762182
022,control,liver_volume,1137.513604
003,control,T1_time_1,32031
006,control,T1_time_1,32102
006,control,T1_time_2,32102
008,control,T1_time_1,32207
009,control,T1_time_1,32765
003,control,T1_time_2,35135
008,control,T1_time_2,35280
009,control,T1_time_2,35761
010,control,T1_time_1,37136
004,control,T1_time_1,37927
003,control,T1_time_3,39215
010,control,T1_time_2,40059
002,control,T1_time_1,40127
021,control,T1_time_1,40701
004,control,T1_time_2,40955
009,control,T1_time_3,41148
006,control,T1_time_3,42202
016,control,T1_time_1,42598
008,control,T1_time_3,43168
002,control,T1_time_2,43289
021,control,T1_time_2,43740
014,control,T1_time_1,44772
010,control,T1_time_3,45506
016,control,T1_time_2,45624
017,control,T1_time_1,46267
004,control,T1_time_3,46606
014,control,T1_time_2,47825
021,control,T1_time_3,47957
017,control,T1_time_2,49185
002,control,T1_time_3,49231
022,control,T1_time_1,49494
007,control,T1_time_1,49727
016,control,T1_time_3,49761
005,control,T1_time_1,51296
014,control,T1_time_3,51670
011,control,T1_time_1,52069
007,control,T1_time_2,52661
022,control,T1_time_2,52680
005,control,T1_time_2,54238
011,control,T1_time_2,55003
007,control,T1_time_3,56997
022,control,T1_time_3,57649
005,control,T1_time_3,58197
017,control,T1_time_3,58507
011,control,T1_time_3,59349
