subject,study,parameter,value
LDS-006,drug_40,BAT,0.00703989719725319
LDS-006,drug_40,CO,0.11039909572378957
LDS-006,drug_40,Thl,0.501526429935493
LDS-006,drug_40,Dhl,0.7269686528045683
LDS-006,drug_40,To,1.0291428080324094
LDS-006,drug_40,Eo,0.6957920232436499
LDS-006,drug_40,Toe,0.36822738811216743
LDS-006,drug_40,Eb,0.17670538584016018
LDS-006,drug_40,H,0
LDS-006,drug_40,ve,1.0960931620400456
LDS-006,drug_40,Te,2.8869267989691534
LDS-006,drug_40,De,3.043401287989596
LDS-006,drug_40,khe,0.21652903662011044
LDS-006,drug_40,Th,2502.938164160537
LDS-006,drug_40,Kbh,0
LDS-006,drug_40,Khe,0
LDS-006,drug_40,kbh,0
LDS-006,drug_40,CL,0.0
LDS-006,drug_40,AUC_Cb,0
LDS-006,drug_40,AUC_Cl,0
LDS-006,drug_40,AUC35_Cb,0
LDS-006,drug_40,AUC35_Cl,0
LDS-006,drug_40,RE_R1b,0
LDS-006,drug_40,RE_R1l,0
LDS-006,drug_40,RE_Sb,0
LDS-006,drug_40,RE_Sl,0
LDS-006,drug_40,T1_1,0
LDS-006,drug_40,T1_2,0
LDS-006,drug_40,t1_MOLLI,0
LDS-006,drug_40,t2_MOLLI,0
