subject,study,parameter,value
SHF-008,control_05,BAT,1.1110588058396413
SHF-008,control_05,CO,6.978211673991062
SHF-008,control_05,Thl,17.1683474961755
SHF-008,control_05,Dhl,28.701793854181744
SHF-008,control_05,To,6.408940008522164
SHF-008,control_05,Eo,33.129785113207895
SHF-008,control_05,Toe,1.2775130735015408
SHF-008,control_05,Eb,2.9252775312897836
SHF-008,control_05,H,45.0
SHF-008,control_05,ve,42.604360543032854
SHF-008,control_05,Te,30.76564972673551
SHF-008,control_05,De,89.73752292218506
SHF-008,control_05,khe,42.854724401727026
SHF-008,control_05,Th,599.9592514355725
SHF-008,control_05,Kbh,0.16667798648111795
SHF-008,control_05,Khe,100.58764843669297
SHF-008,control_05,kbh,0.09566589617483491
SHF-008,control_05,CL,0.3646442455927177
SHF-008,control_05,AUC_Cb,66.22980127638792
SHF-008,control_05,AUC_Cl,3865.9704823715415
SHF-008,control_05,AUC35_Cb,44.77115648085489
SHF-008,control_05,AUC35_Cl,425.741055754887
SHF-008,control_05,RE_R1b,38.87493342160286
SHF-008,control_05,RE_R1l,181.00917481969913
SHF-008,control_05,RE_Sb,9.891334000371906
SHF-008,control_05,RE_Sl,89.43255584626463
SHF-008,control_05,T1_1,0.78759
SHF-008,control_05,T1_2,0.4218
SHF-008,control_05,t1_MOLLI,8.946388888888889
SHF-008,control_05,t2_MOLLI,9.8
