subject,study,parameter,value
SHF-008,control_05,BAT,0.015179338194176226
SHF-008,control_05,CO,0.2677506630676639
SHF-008,control_05,Thl,1.084425770282983
SHF-008,control_05,Dhl,1.7118816181488823
SHF-008,control_05,To,2.1525989219834933
SHF-008,control_05,Eo,5.537577939566184
SHF-008,control_05,Toe,1.10413062372286
SHF-008,control_05,Eb,13.208471086707654
SHF-008,control_05,H,0
SHF-008,control_05,ve,448.57938923612085
SHF-008,control_05,Te,28.254704533364126
SHF-008,control_05,De,13.68120123484017
SHF-008,control_05,khe,40.71077780182944
SHF-008,control_05,Th,140122.75270114106
SHF-008,control_05,Kbh,0
SHF-008,control_05,Khe,0
SHF-008,control_05,kbh,0
SHF-008,control_05,CL,0.0
SHF-008,control_05,AUC_Cb,0
SHF-008,control_05,AUC_Cl,0
SHF-008,control_05,AUC35_Cb,0
SHF-008,control_05,AUC35_Cl,0
SHF-008,control_05,RE_R1b,0
SHF-008,control_05,RE_R1l,0
SHF-008,control_05,RE_Sb,0
SHF-008,control_05,RE_Sl,0
SHF-008,control_05,T1_1,0
SHF-008,control_05,T1_2,0
SHF-008,control_05,t1_MOLLI,0
SHF-008,control_05,t2_MOLLI,0
