subject,study,parameter,value
SHF-005,drug,BAT,0.04323068649719717
SHF-005,drug,CO,0.2775336242719628
SHF-005,drug,Thl,3.4630903996090012
SHF-005,drug,Dhl,11.439694240663115
SHF-005,drug,To,2.852979178510877
SHF-005,drug,Eo,0.9234059846951344
SHF-005,drug,Toe,1.0096769409998556
SHF-005,drug,Eb,0.7455326819059326
SHF-005,drug,H,0
SHF-005,drug,ve,1.4749624732729913
SHF-005,drug,Te,4.934909076502043
SHF-005,drug,De,4.944665940248768
SHF-005,drug,khe,0.315708266620626
SHF-005,drug,Th,49.737027017420466
SHF-005,drug,Kbh,0
SHF-005,drug,Khe,0
SHF-005,drug,kbh,0
SHF-005,drug,CL,0.0
SHF-005,drug,AUC_Cb,0
SHF-005,drug,AUC_Cl,0
SHF-005,drug,AUC35_Cb,0
SHF-005,drug,AUC35_Cl,0
SHF-005,drug,RE_R1b,0
SHF-005,drug,RE_R1l,0
SHF-005,drug,RE_Sb,0
SHF-005,drug,RE_Sl,0
SHF-005,drug,T1_1,0
SHF-005,drug,T1_2,0
SHF-005,drug,t1_MOLLI,0
SHF-005,drug,t2_MOLLI,0
