subject,study,parameter,value
LDS-010,drug_25,BAT,0.016318102312858556
LDS-010,drug_25,CO,0.131302832002783
LDS-010,drug_25,Thl,1.346571616954916
LDS-010,drug_25,Dhl,2.0806637394341414
LDS-010,drug_25,To,2.2995275356801637
LDS-010,drug_25,Eo,1.7301621427580098
LDS-010,drug_25,Toe,3.7445677095169128
LDS-010,drug_25,Eb,2.891878594166669
LDS-010,drug_25,H,0
LDS-010,drug_25,ve,1.5589444719767314
LDS-010,drug_25,Te,5.160916509346156
LDS-010,drug_25,De,5.050314785604987
LDS-010,drug_25,khe,0.4179152582480101
LDS-010,drug_25,Th,8850.933181621669
LDS-010,drug_25,Kbh,0
LDS-010,drug_25,Khe,0
LDS-010,drug_25,kbh,0
LDS-010,drug_25,CL,0.0
LDS-010,drug_25,AUC_Cb,0
LDS-010,drug_25,AUC_Cl,0
LDS-010,drug_25,AUC35_Cb,0
LDS-010,drug_25,AUC35_Cl,0
LDS-010,drug_25,RE_R1b,0
LDS-010,drug_25,RE_R1l,0
LDS-010,drug_25,RE_Sb,0
LDS-010,drug_25,RE_Sl,0
LDS-010,drug_25,T1_1,0
LDS-010,drug_25,T1_2,0
LDS-010,drug_25,t1_MOLLI,0
LDS-010,drug_25,t2_MOLLI,0
