subject,study,parameter,value
GOT-001,drug_10,BAT,0.0037714315477269627
GOT-001,drug_10,CO,0.13330834180248693
GOT-001,drug_10,Thl,0.2882022882769496
GOT-001,drug_10,Dhl,1.8137340304303615
GOT-001,drug_10,To,2.1784690404768683
GOT-001,drug_10,Eo,2.1082059393116492
GOT-001,drug_10,Toe,1.6015863696330053
GOT-001,drug_10,Eb,4.2208436981318815
GOT-001,drug_10,H,0
GOT-001,drug_10,ve,3.1066354196168673
GOT-001,drug_10,Te,16.395623805268208
GOT-001,drug_10,De,7.913013365150665
GOT-001,drug_10,khe,2.3148321641174174
GOT-001,drug_10,Th,257.21145425928955
GOT-001,drug_10,Kbh,0
GOT-001,drug_10,Khe,0
GOT-001,drug_10,kbh,0
GOT-001,drug_10,CL,0.0
GOT-001,drug_10,AUC_Cb,0
GOT-001,drug_10,AUC_Cl,0
GOT-001,drug_10,AUC35_Cb,0
GOT-001,drug_10,AUC35_Cl,0
GOT-001,drug_10,RE_R1b,0
GOT-001,drug_10,RE_R1l,0
GOT-001,drug_10,RE_Sb,0
GOT-001,drug_10,RE_Sl,0
GOT-001,drug_10,T1_1,0
GOT-001,drug_10,T1_2,0
GOT-001,drug_10,t1_MOLLI,0
GOT-001,drug_10,t2_MOLLI,0
