subject,study,parameter,value
SHF-014,drug_40,BAT,0.00412880313135971
SHF-014,drug_40,CO,0.24706768355172354
SHF-014,drug_40,Thl,0.41169778259372053
SHF-014,drug_40,Dhl,1.405775682787661
SHF-014,drug_40,To,1.8946695865667529
SHF-014,drug_40,Eo,0.5042950589334503
SHF-014,drug_40,Toe,0.7585389584728152
SHF-014,drug_40,Eb,0.4208235267792429
SHF-014,drug_40,H,0
SHF-014,drug_40,ve,6.395823486887641
SHF-014,drug_40,Te,11.757055233313427
SHF-014,drug_40,De,11.600479662897897
SHF-014,drug_40,khe,1.1276977682887968
SHF-014,drug_40,Th,0.6737342687044146
SHF-014,drug_40,Kbh,0
SHF-014,drug_40,Khe,0
SHF-014,drug_40,kbh,0
SHF-014,drug_40,CL,0.0
SHF-014,drug_40,AUC_Cb,0
SHF-014,drug_40,AUC_Cl,0
SHF-014,drug_40,AUC35_Cb,0
SHF-014,drug_40,AUC35_Cl,0
SHF-014,drug_40,RE_R1b,0
SHF-014,drug_40,RE_R1l,0
SHF-014,drug_40,RE_Sb,0
SHF-014,drug_40,RE_Sl,0
SHF-014,drug_40,T1_1,0
SHF-014,drug_40,T1_2,0
SHF-014,drug_40,t1_MOLLI,0
SHF-014,drug_40,t2_MOLLI,0
