subject,study,parameter,value
SHF-017,drug_05,BAT,0.05782863782062784
SHF-017,drug_05,CO,0.669541656412463
SHF-017,drug_05,Thl,4.071229031446317
SHF-017,drug_05,Dhl,9.539553323445396
SHF-017,drug_05,To,20.752443675344484
SHF-017,drug_05,Eo,27.698975138633497
SHF-017,drug_05,Toe,2.755663926547933
SHF-017,drug_05,Eb,14.567881855025961
SHF-017,drug_05,H,0
SHF-017,drug_05,ve,521.9304759216541
SHF-017,drug_05,Te,133.18978954496754
SHF-017,drug_05,De,32.39447280344224
SHF-017,drug_05,khe,104.02341158853243
SHF-017,drug_05,Th,5162421.696256969
SHF-017,drug_05,Kbh,0
SHF-017,drug_05,Khe,0
SHF-017,drug_05,kbh,0
SHF-017,drug_05,CL,0.0
SHF-017,drug_05,AUC_Cb,0
SHF-017,drug_05,AUC_Cl,0
SHF-017,drug_05,AUC35_Cb,0
SHF-017,drug_05,AUC35_Cl,0
SHF-017,drug_05,RE_R1b,0
SHF-017,drug_05,RE_R1l,0
SHF-017,drug_05,RE_Sb,0
SHF-017,drug_05,RE_Sl,0
SHF-017,drug_05,T1_1,0
SHF-017,drug_05,T1_2,0
SHF-017,drug_05,t1_MOLLI,0
SHF-017,drug_05,t2_MOLLI,0
