subject,study,parameter,value
GOT-002,drug_10,BAT,0.00749136488230343
GOT-002,drug_10,CO,0.15050164879968067
GOT-002,drug_10,Thl,0.6564449269445853
GOT-002,drug_10,Dhl,0.9120400055382588
GOT-002,drug_10,To,1.8540008171261646
GOT-002,drug_10,Eo,6.050133426463225
GOT-002,drug_10,Toe,3.808726889486572
GOT-002,drug_10,Eb,9.164403574830523
GOT-002,drug_10,H,0
GOT-002,drug_10,ve,9.680710944674695
GOT-002,drug_10,Te,11.157911077463492
GOT-002,drug_10,De,8.340961839442238
GOT-002,drug_10,khe,2.6578210654813494
GOT-002,drug_10,Th,32226.419091664695
GOT-002,drug_10,Kbh,0
GOT-002,drug_10,Khe,0
GOT-002,drug_10,kbh,0
GOT-002,drug_10,CL,0.0
GOT-002,drug_10,AUC_Cb,0
GOT-002,drug_10,AUC_Cl,0
GOT-002,drug_10,AUC35_Cb,0
GOT-002,drug_10,AUC35_Cl,0
GOT-002,drug_10,RE_R1b,0
GOT-002,drug_10,RE_R1l,0
GOT-002,drug_10,RE_Sb,0
GOT-002,drug_10,RE_Sl,0
GOT-002,drug_10,T1_1,0
GOT-002,drug_10,T1_2,0
GOT-002,drug_10,t1_MOLLI,0
GOT-002,drug_10,t2_MOLLI,0
