parameter,description,unit,type,group,label
S02a,Aorta second signal scale factor,a.u.,float,MRI - aorta,"S0(2,a)"
S02l,Liver second signal scale factor,a.u.,float,MRI - liver,"S0(2,l)"
BAT2,Second bolus arrival time,min,float,MRI - aorta,BAT(2)
BAT,First bolus arrival time,min,float,MRI - aorta,BAT(1)
CO,Cardiac output,L/min,float,MRI - aorta,CO
Thl,Heart-lung mean transit time,sec,float,MRI - aorta,MTT(hl)
Dhl,Heart-lung dispersion,%,float,MRI - aorta,TTD(hl)
To,Organs blood mean transit time,sec,float,MRI - aorta,MTT(o)
Eo,Organs extraction fraction,%,float,MRI - aorta,E(o)
Toe,Organs extravascular mean transit time,min,float,MRI - aorta,"MTT(o,e)"
Eb,Body extraction fraction,%,float,MRI - aorta,E
H,Hematocrit,%,float,MRI - liver,Hct
ve,Liver extracellular volume fraction,mL/100cm3,float,MRI - liver,v(e)
Te,Extracellular mean transit time,sec,float,MRI - liver,MTT(e)
De,Extracellular dispersion,%,float,MRI - liver,TTD(e)
khe_i,Initial hepatocellular uptake rate,mL/min/100cm3,float,MRI - liver,"k(he,i)"
khe_f,Final hepatocellular uptake rate,mL/min/100cm3,float,MRI - liver,"k(he,f)"
Th_i,Initial hepatocellular mean transit time,min,float,MRI - liver,"MTT(h,i)"
Th_f,Final hepatocellular mean transit time,min,float,MRI - liver,"MTT(h,f)"
Th,Hepatocellular mean transit time,min,float,MRI - liver,MTT(h)
khe,Hepatocellular uptake rate,mL/min/100cm3,float,MRI - liver,k(he)
Kbh,Biliary tissue excretion rate,mL/min/100cm3,float,MRI - liver,K(bh)
Khe,Hepatocellular tissue uptake rate,mL/min/100cm3,float,MRI - liver,K(he)
kbh,Biliary excretion rate,mL/min/100cm3,float,MRI - liver,k(bh)
kbh_i,Initial biliary excretion rate,mL/min/100cm3,float,MRI - liver,"k(bh,i)"
kbh_f,Final biliary excretion rate,mL/min/100cm3,float,MRI - liver,"k(bh,f)"
CL,Liver blood clearance,L/min,float,MRI - liver,Cl
AUC_Cb,AUC for Cb (0-inf),mM*sec,float,MRI - aorta,AUC(b)
AUC_Cl,AUC for Cl (0-inf),mM*sec,float,MRI - liver,AUC(l)
AUC35_Cb,AUC for Cb (0-35min),mM*sec,float,MRI - aorta,"AUC(30,b)"
AUC35_Cl,AUC for Cl (0-35min),mM*sec,float,MRI - liver,"AUC(30,l)"
RE_R1b,RE for R1b at 20min,%,float,MRI - aorta,RER1(b)
RE_R1l,RE for R1l at 20min,%,float,MRI - liver,RER1(l)
RE_Sb,RE for Sb at 20min,%,float,MRI - aorta,RES(b)
RE_Sl,RE for Sl at 20min,%,float,MRI - liver,RES(l)
T1_1,Liver T1-MOLLI at baseline,sec,float,MRI - liver,T1(1)
T1_2,Liver T1-MOLLI at 45min,sec,float,MRI - liver,T1(45)
t1_MOLLI,Time of T1-MOLLI at baseline,hrs,float,MRI - liver,t1_MOLLI
t2_MOLLI,Time of T1-MOLLI at 45min,hrs,float,MRI - liver,t2_MOLLI
T1_3,Liver T1-MOLLI at scan 2,sec,float,MRI - liver,T1(2)
t3_MOLLI,Time of T1-MOLLI at scan 2,hrs,float,MRI - liver,t3_MOLLI
t0,Start time first acquisition,hrs,float,MRI - liver,t0
t1,End time first acquisition,hrs,float,MRI - liver,t1
t2,Start time second acquisition,hrs,float,MRI - liver,t2
t3,End time second acquisition,hrs,float,MRI - liver,t3
dt1,Time step first acquisition,sec,float,MRI - liver,dt(1)
dt2,Time step second acquisition,sec,float,MRI - liver,dt(2)
