subject,study,parameter,value
SHF-005,drug,S02a,111.23949036850102
SHF-005,drug,S02l,300.5169586746598
SHF-005,drug,BAT2,0.0042223609230047565
SHF-005,drug,BAT,0.004151029631338339
SHF-005,drug,CO,0.0730411992426119
SHF-005,drug,Thl,0.34435480013088443
SHF-005,drug,Dhl,1.08603576416207
SHF-005,drug,To,1.5014515008546185
SHF-005,drug,Eo,0.769374360970042
SHF-005,drug,Toe,0.3347056980482184
SHF-005,drug,Eb,0.2368836859879154
SHF-005,drug,H,0
SHF-005,drug,ve,1.2307916818587676
SHF-005,drug,Te,1.8411217793778438
SHF-005,drug,De,4.40297282218728
SHF-005,drug,khe_i,0.4376261077524601
SHF-005,drug,khe_f,0.6428853586669223
SHF-005,drug,Th_i,27.186367966025305
SHF-005,drug,Th_f,37.842008685135966
SHF-005,drug,Th,0.0
SHF-005,drug,khe,0
SHF-005,drug,Kbh,0
SHF-005,drug,Khe,0
SHF-005,drug,kbh,0
SHF-005,drug,kbh_i,0
SHF-005,drug,kbh_f,0
SHF-005,drug,CL,0.0
SHF-005,drug,AUC_Cb,0
SHF-005,drug,AUC_Cl,0
SHF-005,drug,AUC35_Cb,0
SHF-005,drug,AUC35_Cl,0
SHF-005,drug,RE_R1b,0
SHF-005,drug,RE_R1l,0
SHF-005,drug,RE_Sb,0
SHF-005,drug,RE_Sl,0
SHF-005,drug,T1_1,0
SHF-005,drug,T1_2,0
SHF-005,drug,t1_MOLLI,0
SHF-005,drug,t2_MOLLI,0
SHF-005,drug,T1_3,0
SHF-005,drug,t3_MOLLI,0
SHF-005,drug,t0,0
SHF-005,drug,t1,0
SHF-005,drug,t2,0
SHF-005,drug,t3,0
SHF-005,drug,dt1,0
SHF-005,drug,dt2,0
