subject,study,parameter,value
LDS-005,control_05,BAT,1.1619151009539115
LDS-005,control_05,CO,6.0403757041515975
LDS-005,control_05,Thl,19.72891423498956
LDS-005,control_05,Dhl,47.73994639831551
LDS-005,control_05,To,10.838741059362405
LDS-005,control_05,Eo,40.74026295191033
LDS-005,control_05,Toe,1.3609712991620682
LDS-005,control_05,Eb,4.204954623836096
LDS-005,control_05,H,45.0
LDS-005,control_05,ve,26.088863924155458
LDS-005,control_05,Te,46.639202412030826
LDS-005,control_05,De,78.06822161497709
LDS-005,control_05,khe,34.87457135601932
LDS-005,control_05,Th,371.67377445282796
LDS-005,control_05,Kbh,0.2690531505679096
LDS-005,control_05,Khe,133.6760828582085
LDS-005,control_05,kbh,0.19886024023259458
LDS-005,control_05,CL,0.24597811680656415
LDS-005,control_05,AUC_Cb,79.87713449270704
LDS-005,control_05,AUC_Cl,3506.2432997113556
LDS-005,control_05,AUC35_Cb,53.993359018771415
LDS-005,control_05,AUC35_Cl,404.131324068811
LDS-005,control_05,RE_R1b,27.5090371430813
LDS-005,control_05,RE_R1l,175.9135872101462
LDS-005,control_05,RE_Sb,35.35474440912452
LDS-005,control_05,RE_Sl,48.66281538399061
LDS-005,control_05,T1_1,0.8025
LDS-005,control_05,T1_2,0.450480011
LDS-005,control_05,t1_MOLLI,10.870616388888887
LDS-005,control_05,t2_MOLLI,11.798355277777777
