subject,study,parameter,value
LDS-005,control_05,BAT,0.03302754644108327
LDS-005,control_05,CO,0.32219462209405525
LDS-005,control_05,Thl,2.6666319121237025
LDS-005,control_05,Dhl,2.759646505778902
LDS-005,control_05,To,3.1414951783521197
LDS-005,control_05,Eo,5.106690526935644
LDS-005,control_05,Toe,0.9108384830061279
LDS-005,control_05,Eb,15.002666769165954
LDS-005,control_05,H,0
LDS-005,control_05,ve,69.15307703822023
LDS-005,control_05,Te,37.495183683690314
LDS-005,control_05,De,19.364238702447444
LDS-005,control_05,khe,18.589039191189336
LDS-005,control_05,Th,30338.979548625117
LDS-005,control_05,Kbh,0
LDS-005,control_05,Khe,0
LDS-005,control_05,kbh,0
LDS-005,control_05,CL,0.0
LDS-005,control_05,AUC_Cb,0
LDS-005,control_05,AUC_Cl,0
LDS-005,control_05,AUC35_Cb,0
LDS-005,control_05,AUC35_Cl,0
LDS-005,control_05,RE_R1b,0
LDS-005,control_05,RE_R1l,0
LDS-005,control_05,RE_Sb,0
LDS-005,control_05,RE_Sl,0
LDS-005,control_05,T1_1,0
LDS-005,control_05,T1_2,0
LDS-005,control_05,t1_MOLLI,0
LDS-005,control_05,t2_MOLLI,0
