subject,study,parameter,value
LDS-003,control_05,BAT,1.0983482975805934
LDS-003,control_05,CO,5.729448992612349
LDS-003,control_05,Thl,19.290569036193833
LDS-003,control_05,Dhl,38.225553298963035
LDS-003,control_05,To,16.275557088241726
LDS-003,control_05,Eo,35.85981811052932
LDS-003,control_05,Toe,1.7968597518396454
LDS-003,control_05,Eb,1.2289632285045604
LDS-003,control_05,H,45.0
LDS-003,control_05,ve,35.8896016031402
LDS-003,control_05,Te,59.99201761967943
LDS-003,control_05,De,84.36284437577136
LDS-003,control_05,khe,42.08498284477275
LDS-003,control_05,Th,157.65741071987688
LDS-003,control_05,Kbh,0.6342867077633183
LDS-003,control_05,Khe,117.26232937924415
LDS-003,control_05,kbh,0.4066437353253893
LDS-003,control_05,CL,0.36785316302867654
LDS-003,control_05,AUC_Cb,75.50875503051181
LDS-003,control_05,AUC_Cl,2442.490407024375
LDS-003,control_05,AUC35_Cb,23.987412145052232
LDS-003,control_05,AUC35_Cl,188.88681355326486
LDS-003,control_05,RE_R1b,17.37203465631362
LDS-003,control_05,RE_R1l,71.47677787307377
LDS-003,control_05,RE_Sb,8.040248870311324
LDS-003,control_05,RE_Sl,20.006060607978743
LDS-003,control_05,T1_1,0.706900024
LDS-003,control_05,T1_2,0.529400024
LDS-003,control_05,t1_MOLLI,10.707445833333333
LDS-003,control_05,t2_MOLLI,11.655478055555555
