subject,study,parameter,value
LDS-003,control_05,BAT,0.023740663822131827
LDS-003,control_05,CO,0.16168405243167702
LDS-003,control_05,Thl,1.640361136164292
LDS-003,control_05,Dhl,2.4183278512375654
LDS-003,control_05,To,4.673484190205673
LDS-003,control_05,Eo,15.25166760112634
LDS-003,control_05,Toe,2.5760046179121945
LDS-003,control_05,Eb,32.950625712116896
LDS-003,control_05,H,0
LDS-003,control_05,ve,91.45662433390478
LDS-003,control_05,Te,138.09458908431228
LDS-003,control_05,De,37.55396965728571
LDS-003,control_05,khe,51.8097189836765
LDS-003,control_05,Th,11509.295762672924
LDS-003,control_05,Kbh,0
LDS-003,control_05,Khe,0
LDS-003,control_05,kbh,0
LDS-003,control_05,CL,0.0
LDS-003,control_05,AUC_Cb,0
LDS-003,control_05,AUC_Cl,0
LDS-003,control_05,AUC35_Cb,0
LDS-003,control_05,AUC35_Cl,0
LDS-003,control_05,RE_R1b,0
LDS-003,control_05,RE_R1l,0
LDS-003,control_05,RE_Sb,0
LDS-003,control_05,RE_Sl,0
LDS-003,control_05,T1_1,0
LDS-003,control_05,T1_2,0
LDS-003,control_05,t1_MOLLI,0
LDS-003,control_05,t2_MOLLI,0
