subject,study,parameter,value
SHF-002,drug_05,BAT,0.014028893830576468
SHF-002,drug_05,CO,0.07466082489826517
SHF-002,drug_05,Thl,0.9349284775929236
SHF-002,drug_05,Dhl,1.6518760573305897
SHF-002,drug_05,To,2.4151063003006294
SHF-002,drug_05,Eo,5.176816503814395
SHF-002,drug_05,Toe,0.2567179994781235
SHF-002,drug_05,Eb,5.050388779638646
SHF-002,drug_05,H,0
SHF-002,drug_05,ve,250.7610676357532
SHF-002,drug_05,Te,71.80877905508726
SHF-002,drug_05,De,14.518490947368301
SHF-002,drug_05,khe,33.1985177021945
SHF-002,drug_05,Th,2309613.452737433
SHF-002,drug_05,Kbh,0
SHF-002,drug_05,Khe,0
SHF-002,drug_05,kbh,0
SHF-002,drug_05,CL,0.0
SHF-002,drug_05,AUC_Cb,0
SHF-002,drug_05,AUC_Cl,0
SHF-002,drug_05,AUC35_Cb,0
SHF-002,drug_05,AUC35_Cl,0
SHF-002,drug_05,RE_R1b,0
SHF-002,drug_05,RE_R1l,0
SHF-002,drug_05,RE_Sb,0
SHF-002,drug_05,RE_Sl,0
SHF-002,drug_05,T1_1,0
SHF-002,drug_05,T1_2,0
SHF-002,drug_05,t1_MOLLI,0
SHF-002,drug_05,t2_MOLLI,0
