subject,study,parameter,value
LDS-010,control_15,BAT,1.305123066481542
LDS-010,control_15,CO,6.623226456077881
LDS-010,control_15,Thl,8.441605585892123
LDS-010,control_15,Dhl,60.42960169793873
LDS-010,control_15,To,43.82455531310635
LDS-010,control_15,Eo,10.325439333460253
LDS-010,control_15,Toe,1.9371204117848844
LDS-010,control_15,Eb,10.24245044362452
LDS-010,control_15,H,45.0
LDS-010,control_15,ve,15.585855056175063
LDS-010,control_15,Te,59.999999994
LDS-010,control_15,De,75.31674642598958
LDS-010,control_15,khe,19.47846491227139
LDS-010,control_15,Th,195.4472500632235
LDS-010,control_15,Kbh,0.5116470043331482
LDS-010,control_15,Khe,124.97527304127013
LDS-010,control_15,kbh,0.43190244383852194
LDS-010,control_15,CL,0.20956707293995114
LDS-010,control_15,AUC_Cb,30.08920252202406
LDS-010,control_15,AUC_Cl,676.5142065592094
LDS-010,control_15,AUC35_Cb,29.65623062824762
LDS-010,control_15,AUC35_Cl,150.65126145886993
LDS-010,control_15,RE_R1b,10.471826835681957
LDS-010,control_15,RE_R1l,67.07248212914527
LDS-010,control_15,RE_Sb,10.056052018883657
LDS-010,control_15,RE_Sl,51.682063828141736
LDS-010,control_15,T1_1,0.806320007
LDS-010,control_15,T1_2,0.561890015
LDS-010,control_15,t1_MOLLI,13.861661944444444
LDS-010,control_15,t2_MOLLI,15.021078611111111
