subject,study,parameter,value
LDS-010,control_15,BAT,0.028768288909231374
LDS-010,control_15,CO,0.23100086437243045
LDS-010,control_15,Thl,1.988131800674296
LDS-010,control_15,Dhl,11.087575062595532
LDS-010,control_15,To,4.961191869962559
LDS-010,control_15,Eo,4.74174844009823
LDS-010,control_15,Toe,1.1487483916491845
LDS-010,control_15,Eb,0.9888252117939037
LDS-010,control_15,H,0
LDS-010,control_15,ve,6.783572839725078
LDS-010,control_15,Te,25.407719298167937
LDS-010,control_15,De,11.878383520809725
LDS-010,control_15,khe,1.3661254350328111
LDS-010,control_15,Th,351.9333731427912
LDS-010,control_15,Kbh,0
LDS-010,control_15,Khe,0
LDS-010,control_15,kbh,0
LDS-010,control_15,CL,0.0
LDS-010,control_15,AUC_Cb,0
LDS-010,control_15,AUC_Cl,0
LDS-010,control_15,AUC35_Cb,0
LDS-010,control_15,AUC35_Cl,0
LDS-010,control_15,RE_R1b,0
LDS-010,control_15,RE_R1l,0
LDS-010,control_15,RE_Sb,0
LDS-010,control_15,RE_Sl,0
LDS-010,control_15,T1_1,0
LDS-010,control_15,T1_2,0
LDS-010,control_15,t1_MOLLI,0
LDS-010,control_15,t2_MOLLI,0
