subject,study,parameter,value
LDS-002,control_05,BAT,1.3991860567984156
LDS-002,control_05,CO,5.457045017635993
LDS-002,control_05,Thl,9.262200322471658
LDS-002,control_05,Dhl,81.84231367695546
LDS-002,control_05,To,18.49560366575817
LDS-002,control_05,Eo,37.493205561714035
LDS-002,control_05,Toe,1.447821666989417
LDS-002,control_05,Eb,4.347577601103678
LDS-002,control_05,H,45.0
LDS-002,control_05,ve,23.615693961203224
LDS-002,control_05,Te,59.925901243522674
LDS-002,control_05,De,77.10359044640303
LDS-002,control_05,khe,33.80768693787871
LDS-002,control_05,Th,16.64709892954354
LDS-002,control_05,Kbh,6.0070526656467695
LDS-002,control_05,Khe,143.15771111117584
LDS-002,control_05,kbh,4.5884454920393285
LDS-002,control_05,CL,0.23113612332493216
LDS-002,control_05,AUC_Cb,28.478696330228576
LDS-002,control_05,AUC_Cl,172.45633885007956
LDS-002,control_05,AUC35_Cb,19.91603328652237
LDS-002,control_05,AUC35_Cl,82.40306162102954
LDS-002,control_05,RE_R1b,13.240967656711048
LDS-002,control_05,RE_R1l,34.27946905206449
LDS-002,control_05,RE_Sb,20.931812664990673
LDS-002,control_05,RE_Sl,16.030601365257226
LDS-002,control_05,T1_1,0.756169983
LDS-002,control_05,T1_2,0.582789978
LDS-002,control_05,t1_MOLLI,10.691066388888888
LDS-002,control_05,t2_MOLLI,11.615237777777777
