subject,study,parameter,value
LDS-002,control_05,BAT,0.005188844612154972
LDS-002,control_05,CO,0.7004935237906841
LDS-002,control_05,Thl,1.4261907674184802
LDS-002,control_05,Dhl,6.95455192661867
LDS-002,control_05,To,14.016560812491344
LDS-002,control_05,Eo,13.957617953712148
LDS-002,control_05,Toe,2.9640260877884548
LDS-002,control_05,Eb,36.308587618118146
LDS-002,control_05,H,0
LDS-002,control_05,ve,195.93760109061728
LDS-002,control_05,Te,405.341935808793
LDS-002,control_05,De,159.42474014489633
LDS-002,control_05,khe,111.07677167284258
LDS-002,control_05,Th,322.4378754568937
LDS-002,control_05,Kbh,0
LDS-002,control_05,Khe,0
LDS-002,control_05,kbh,0
LDS-002,control_05,CL,0.0
LDS-002,control_05,AUC_Cb,0
LDS-002,control_05,AUC_Cl,0
LDS-002,control_05,AUC35_Cb,0
LDS-002,control_05,AUC35_Cl,0
LDS-002,control_05,RE_R1b,0
LDS-002,control_05,RE_R1l,0
LDS-002,control_05,RE_Sb,0
LDS-002,control_05,RE_Sl,0
LDS-002,control_05,T1_1,0
LDS-002,control_05,T1_2,0
LDS-002,control_05,t1_MOLLI,0
LDS-002,control_05,t2_MOLLI,0
