subject,study,parameter,value
SHF-014,control,BAT,1.287756566805327
SHF-014,control,CO,17.99999993559179
SHF-014,control,Thl,29.999111223033445
SHF-014,control,Dhl,89.04097725382563
SHF-014,control,To,59.999999994
SHF-014,control,Eo,49.99992287671359
SHF-014,control,Toe,1.8838417274537762
SHF-014,control,Eb,10.193022650584192
SHF-014,control,H,45.0
SHF-014,control,ve,43.300866572903615
SHF-014,control,Te,59.9999598129565
SHF-014,control,De,99.99996241120111
SHF-014,control,khe,32.62105592377127
SHF-014,control,Th,29.317235984895504
SHF-014,control,Kbh,3.4109627541805394
SHF-014,control,Khe,75.33580388939504
SHF-014,control,kbh,1.9339863231413859
SHF-014,control,CL,0.3642996159257483
SHF-014,control,AUC_Cb,14.814907967228393
SHF-014,control,AUC_Cl,151.80672222099074
SHF-014,control,AUC35_Cb,9.565645467883556
SHF-014,control,AUC35_Cl,52.1972643996368
SHF-014,control,RE_R1b,5.875909441978073
SHF-014,control,RE_R1l,20.01273129143312
SHF-014,control,RE_Sb,4.3313766473709725
SHF-014,control,RE_Sl,15.80900886455402
SHF-014,control,T1_1,0.72913
SHF-014,control,T1_2,0.55618
SHF-014,control,t1_MOLLI,12.436666666666667
SHF-014,control,t2_MOLLI,13.284722222222221
