subject,study,parameter,value
SHF-014,control,BAT,0.13137697675323193
SHF-014,control,CO,1.4082252219495057
SHF-014,control,Thl,9.90121531692085
SHF-014,control,Dhl,22.86144750466208
SHF-014,control,To,36.50628985289652
SHF-014,control,Eo,14.313640603821728
SHF-014,control,Toe,0.7663852294811885
SHF-014,control,Eb,1.5886032687497869
SHF-014,control,H,0
SHF-014,control,ve,13.268888711903964
SHF-014,control,Te,26.577503924095613
SHF-014,control,De,7.747991687945986
SHF-014,control,khe,2.3409265207383676
SHF-014,control,Th,3.001957124474296
SHF-014,control,Kbh,0
SHF-014,control,Khe,0
SHF-014,control,kbh,0
SHF-014,control,CL,0.0
SHF-014,control,AUC_Cb,0
SHF-014,control,AUC_Cl,0
SHF-014,control,AUC35_Cb,0
SHF-014,control,AUC35_Cl,0
SHF-014,control,RE_R1b,0
SHF-014,control,RE_R1l,0
SHF-014,control,RE_Sb,0
SHF-014,control,RE_Sl,0
SHF-014,control,T1_1,0
SHF-014,control,T1_2,0
SHF-014,control,t1_MOLLI,0
SHF-014,control,t2_MOLLI,0
