subject,study,parameter,value
LDS-004,drug,BAT,0.004744966211068103
LDS-004,drug,CO,0.051970072117206965
LDS-004,drug,Thl,0.3211280064155034
LDS-004,drug,Dhl,1.1421085689500656
LDS-004,drug,To,1.392276232228223
LDS-004,drug,Eo,0.4247198668169487
LDS-004,drug,Toe,0.5595368704160777
LDS-004,drug,Eb,0.337286124465163
LDS-004,drug,H,0
LDS-004,drug,ve,0.6942467831323521
LDS-004,drug,Te,3.7477322395926578
LDS-004,drug,De,2.114851142931888
LDS-004,drug,khe,0.1585125995910166
LDS-004,drug,Th,30.189697995375386
LDS-004,drug,Kbh,0
LDS-004,drug,Khe,0
LDS-004,drug,kbh,0
LDS-004,drug,CL,0.0
LDS-004,drug,AUC_Cb,0
LDS-004,drug,AUC_Cl,0
LDS-004,drug,AUC35_Cb,0
LDS-004,drug,AUC35_Cl,0
LDS-004,drug,RE_R1b,0
LDS-004,drug,RE_R1l,0
LDS-004,drug,RE_Sb,0
LDS-004,drug,RE_Sl,0
LDS-004,drug,T1_1,0
LDS-004,drug,T1_2,0
LDS-004,drug,t1_MOLLI,0
LDS-004,drug,t2_MOLLI,0
