subject,study,parameter,value
LDS-002,drug,S02a,15.240761758611086
LDS-002,drug,S02l,147.8798132762707
LDS-002,drug,BAT2,0.0037348891987487496
LDS-002,drug,BAT,0.003561158879856757
LDS-002,drug,CO,0.12230482951151002
LDS-002,drug,Thl,0.323966391081483
LDS-002,drug,Dhl,1.8663489426867967
LDS-002,drug,To,1.116553646726714
LDS-002,drug,Eo,0.6575911655617985
LDS-002,drug,Toe,0.3635689376347396
LDS-002,drug,Eb,0.2143465140267564
LDS-002,drug,H,0
LDS-002,drug,ve,0.8777018154779391
LDS-002,drug,Te,3.203710596020568
LDS-002,drug,De,4.119808544822023
LDS-002,drug,khe_i,0.12631592331565125
LDS-002,drug,khe_f,0.4861437795161313
LDS-002,drug,Th_i,712.8029885992926
LDS-002,drug,Th_f,13.728826578195411
LDS-002,drug,Th,0.0
LDS-002,drug,khe,0
LDS-002,drug,Kbh,0
LDS-002,drug,Khe,0
LDS-002,drug,kbh,0
LDS-002,drug,kbh_i,0
LDS-002,drug,kbh_f,0
LDS-002,drug,CL,0.0
LDS-002,drug,AUC_Cb,0
LDS-002,drug,AUC_Cl,0
LDS-002,drug,AUC35_Cb,0
LDS-002,drug,AUC35_Cl,0
LDS-002,drug,RE_R1b,0
LDS-002,drug,RE_R1l,0
LDS-002,drug,RE_Sb,0
LDS-002,drug,RE_Sl,0
LDS-002,drug,T1_1,0
LDS-002,drug,T1_2,0
LDS-002,drug,t1_MOLLI,0
LDS-002,drug,t2_MOLLI,0
LDS-002,drug,T1_3,0
LDS-002,drug,t3_MOLLI,0
LDS-002,drug,t0,0
LDS-002,drug,t1,0
LDS-002,drug,t2,0
LDS-002,drug,t3,0
LDS-002,drug,dt1,0
LDS-002,drug,dt2,0
