subject,study,parameter,value
SHF-011,drug_30,BAT,0.009152998282229919
SHF-011,drug_30,CO,0.3793456059338293
SHF-011,drug_30,Thl,0.9302923903993311
SHF-011,drug_30,Dhl,3.613151383724679
SHF-011,drug_30,To,0.8469986456319187
SHF-011,drug_30,Eo,0.8759448886569823
SHF-011,drug_30,Toe,0.40632919490806996
SHF-011,drug_30,Eb,0.4589396996542215
SHF-011,drug_30,H,0
SHF-011,drug_30,ve,58.81679002787925
SHF-011,drug_30,Te,135.6729305277223
SHF-011,drug_30,De,8.114270099757285
SHF-011,drug_30,khe,5.1752852498158886
SHF-011,drug_30,Th,1.7073175179985864
SHF-011,drug_30,Kbh,0
SHF-011,drug_30,Khe,0
SHF-011,drug_30,kbh,0
SHF-011,drug_30,CL,0.0
SHF-011,drug_30,AUC_Cb,0
SHF-011,drug_30,AUC_Cl,0
SHF-011,drug_30,AUC35_Cb,0
SHF-011,drug_30,AUC35_Cl,0
SHF-011,drug_30,RE_R1b,0
SHF-011,drug_30,RE_R1l,0
SHF-011,drug_30,RE_Sb,0
SHF-011,drug_30,RE_Sl,0
SHF-011,drug_30,T1_1,0
SHF-011,drug_30,T1_2,0
SHF-011,drug_30,t1_MOLLI,0
SHF-011,drug_30,t2_MOLLI,0
