subject,study,parameter,value
SHF-014,drug_20,BAT,0.0033942072271323275
SHF-014,drug_20,CO,0.24783295817678028
SHF-014,drug_20,Thl,0.41886450706028744
SHF-014,drug_20,Dhl,1.2801461451873906
SHF-014,drug_20,To,2.6504928920760316
SHF-014,drug_20,Eo,1.1035928962078838
SHF-014,drug_20,Toe,2.0344827478872305
SHF-014,drug_20,Eb,2.1182343369978778
SHF-014,drug_20,H,0
SHF-014,drug_20,ve,8.430063916156772
SHF-014,drug_20,Te,15.335288476854238
SHF-014,drug_20,De,11.437234604719555
SHF-014,drug_20,khe,1.8453165785943617
SHF-014,drug_20,Th,2.4620865904653573
SHF-014,drug_20,Kbh,0
SHF-014,drug_20,Khe,0
SHF-014,drug_20,kbh,0
SHF-014,drug_20,CL,0.0
SHF-014,drug_20,AUC_Cb,0
SHF-014,drug_20,AUC_Cl,0
SHF-014,drug_20,AUC35_Cb,0
SHF-014,drug_20,AUC35_Cl,0
SHF-014,drug_20,RE_R1b,0
SHF-014,drug_20,RE_R1l,0
SHF-014,drug_20,RE_Sb,0
SHF-014,drug_20,RE_Sl,0
SHF-014,drug_20,T1_1,0
SHF-014,drug_20,T1_2,0
SHF-014,drug_20,t1_MOLLI,0
SHF-014,drug_20,t2_MOLLI,0
