subject,study,parameter,value
SHF-006,drug_15,BAT,0.3026062083504727
SHF-006,drug_15,CO,2.1065397388659455
SHF-006,drug_15,Thl,25.02790158021827
SHF-006,drug_15,Dhl,118.17193108719455
SHF-006,drug_15,To,6.269660754989159
SHF-006,drug_15,Eo,2.435468425222227
SHF-006,drug_15,Toe,2.589152366615905
SHF-006,drug_15,Eb,9.118612101131061
SHF-006,drug_15,H,0
SHF-006,drug_15,ve,8.493478950348951
SHF-006,drug_15,Te,10.173747901040983
SHF-006,drug_15,De,7.521582604550166
SHF-006,drug_15,khe,2.258865558543483
SHF-006,drug_15,Th,12311.135650369866
SHF-006,drug_15,Kbh,0
SHF-006,drug_15,Khe,0
SHF-006,drug_15,kbh,0
SHF-006,drug_15,CL,0.0
SHF-006,drug_15,AUC_Cb,0
SHF-006,drug_15,AUC_Cl,0
SHF-006,drug_15,AUC35_Cb,0
SHF-006,drug_15,AUC35_Cl,0
SHF-006,drug_15,RE_R1b,0
SHF-006,drug_15,RE_R1l,0
SHF-006,drug_15,RE_Sb,0
SHF-006,drug_15,RE_Sl,0
SHF-006,drug_15,T1_1,0
SHF-006,drug_15,T1_2,0
SHF-006,drug_15,t1_MOLLI,0
SHF-006,drug_15,t2_MOLLI,0
