subject,study,parameter,value
GOT-003,drug_15,BAT,0.006144392177243057
GOT-003,drug_15,CO,0.08514265930263516
GOT-003,drug_15,Thl,0.41301157514751047
GOT-003,drug_15,Dhl,0.7589625567759166
GOT-003,drug_15,To,1.1727000057884942
GOT-003,drug_15,Eo,1.024592088733263
GOT-003,drug_15,Toe,0.2687510010541506
GOT-003,drug_15,Eb,0.5345233555838255
GOT-003,drug_15,H,0
GOT-003,drug_15,ve,2.4420529143413834
GOT-003,drug_15,Te,8.977290279016557
GOT-003,drug_15,De,3.3740489851893956
GOT-003,drug_15,khe,1.6178759692328284
GOT-003,drug_15,Th,7.786577837549236
GOT-003,drug_15,Kbh,0
GOT-003,drug_15,Khe,0
GOT-003,drug_15,kbh,0
GOT-003,drug_15,CL,0.0
GOT-003,drug_15,AUC_Cb,0
GOT-003,drug_15,AUC_Cl,0
GOT-003,drug_15,AUC35_Cb,0
GOT-003,drug_15,AUC35_Cl,0
GOT-003,drug_15,RE_R1b,0
GOT-003,drug_15,RE_R1l,0
GOT-003,drug_15,RE_Sb,0
GOT-003,drug_15,RE_Sl,0
GOT-003,drug_15,T1_1,0
GOT-003,drug_15,T1_2,0
GOT-003,drug_15,t1_MOLLI,0
GOT-003,drug_15,t2_MOLLI,0
