subject,study,parameter,value
SHF-014,drug,S02a,108.05499088588083
SHF-014,drug,S02l,324.08181086782287
SHF-014,drug,BAT2,0.0050368264601698244
SHF-014,drug,BAT,0.0045685578351624635
SHF-014,drug,CO,0.25718050846088875
SHF-014,drug,Thl,0.5541599666002545
SHF-014,drug,Dhl,0.7414660954739731
SHF-014,drug,To,1.2982776143843209
SHF-014,drug,Eo,0.5438369713142794
SHF-014,drug,Toe,0.48927580808417465
SHF-014,drug,Eb,0.2300159001005892
SHF-014,drug,H,0
SHF-014,drug,ve,6.512922578332593
SHF-014,drug,Te,11.530197362370073
SHF-014,drug,De,13.960681055320437
SHF-014,drug,khe_i,1.3147243028881423
SHF-014,drug,khe_f,2.3446621535026484
SHF-014,drug,Th_i,0.8316896413920272
SHF-014,drug,Th_f,1.083326338235227
SHF-014,drug,Th,0.0
SHF-014,drug,khe,0
SHF-014,drug,Kbh,0
SHF-014,drug,Khe,0
SHF-014,drug,kbh,0
SHF-014,drug,kbh_i,0
SHF-014,drug,kbh_f,0
SHF-014,drug,CL,0.0
SHF-014,drug,AUC_Cb,0
SHF-014,drug,AUC_Cl,0
SHF-014,drug,AUC35_Cb,0
SHF-014,drug,AUC35_Cl,0
SHF-014,drug,RE_R1b,0
SHF-014,drug,RE_R1l,0
SHF-014,drug,RE_Sb,0
SHF-014,drug,RE_Sl,0
SHF-014,drug,T1_1,0
SHF-014,drug,T1_2,0
SHF-014,drug,t1_MOLLI,0
SHF-014,drug,t2_MOLLI,0
SHF-014,drug,T1_3,0
SHF-014,drug,t3_MOLLI,0
SHF-014,drug,t0,0
SHF-014,drug,t1,0
SHF-014,drug,t2,0
SHF-014,drug,t3,0
SHF-014,drug,dt1,0
SHF-014,drug,dt2,0
