subject,study,parameter,value
SHF-016,control_10,BAT,1.1363678267937218
SHF-016,control_10,CO,15.285872625129509
SHF-016,control_10,Thl,18.929053371510808
SHF-016,control_10,Dhl,42.59307842855179
SHF-016,control_10,To,8.681023140613032
SHF-016,control_10,Eo,33.06003284782285
SHF-016,control_10,Toe,1.0834579657439443
SHF-016,control_10,Eb,10.606928101099085
SHF-016,control_10,H,45.0
SHF-016,control_10,ve,39.905231588841396
SHF-016,control_10,Te,41.69818612930825
SHF-016,control_10,De,85.725431206192
SHF-016,control_10,khe,68.47032772094943
SHF-016,control_10,Th,75.22758770969993
SHF-016,control_10,Kbh,1.3292995700712318
SHF-016,control_10,Khe,171.58233393161316
SHF-016,control_10,kbh,0.7988394981248338
SHF-016,control_10,CL,0.6435122482919484
SHF-016,control_10,AUC_Cb,12.559928715504503
SHF-016,control_10,AUC_Cl,590.3325103674513
SHF-016,control_10,AUC35_Cb,12.546006476148815
SHF-016,control_10,AUC35_Cl,204.41302725748716
SHF-016,control_10,RE_R1b,3.564382450933886
SHF-016,control_10,RE_R1l,73.81843532251852
SHF-016,control_10,RE_Sb,8.17366806381753
SHF-016,control_10,RE_Sl,59.683382971520174
SHF-016,control_10,T1_1,0.65575
SHF-016,control_10,T1_2,0.41641
SHF-016,control_10,t1_MOLLI,11.832777777777778
SHF-016,control_10,t2_MOLLI,12.673333333333334
