subject,study,parameter,value
SHF-016,control_10,BAT,0.022788713634661235
SHF-016,control_10,CO,0.5802795010283454
SHF-016,control_10,Thl,1.8605809961477395
SHF-016,control_10,Dhl,1.9378840044087704
SHF-016,control_10,To,2.277649478741951
SHF-016,control_10,Eo,4.25413126359308
SHF-016,control_10,Toe,0.2430672599509042
SHF-016,control_10,Eb,1.239961885997906
SHF-016,control_10,H,0
SHF-016,control_10,ve,23.489828977606845
SHF-016,control_10,Te,26.928917076305893
SHF-016,control_10,De,12.374087136656089
SHF-016,control_10,khe,6.72504641291125
SHF-016,control_10,Th,107.16952612868982
SHF-016,control_10,Kbh,0
SHF-016,control_10,Khe,0
SHF-016,control_10,kbh,0
SHF-016,control_10,CL,0.0
SHF-016,control_10,AUC_Cb,0
SHF-016,control_10,AUC_Cl,0
SHF-016,control_10,AUC35_Cb,0
SHF-016,control_10,AUC35_Cl,0
SHF-016,control_10,RE_R1b,0
SHF-016,control_10,RE_R1l,0
SHF-016,control_10,RE_Sb,0
SHF-016,control_10,RE_Sl,0
SHF-016,control_10,T1_1,0
SHF-016,control_10,T1_2,0
SHF-016,control_10,t1_MOLLI,0
SHF-016,control_10,t2_MOLLI,0
