subject,study,parameter,value
SHF-022,drug_35,BAT,0.028916797558452556
SHF-022,drug_35,CO,0.4677698892215511
SHF-022,drug_35,Thl,2.4192882265232005
SHF-022,drug_35,Dhl,11.337316883260602
SHF-022,drug_35,To,3.6206774278166263
SHF-022,drug_35,Eo,1.3018605567855615
SHF-022,drug_35,Toe,0.6923049418453121
SHF-022,drug_35,Eb,0.7942467585385073
SHF-022,drug_35,H,0
SHF-022,drug_35,ve,17.196250572102823
SHF-022,drug_35,Te,26.866636880639454
SHF-022,drug_35,De,14.109572626045836
SHF-022,drug_35,khe,2.173017851980794
SHF-022,drug_35,Th,1.3773583500525504
SHF-022,drug_35,Kbh,0
SHF-022,drug_35,Khe,0
SHF-022,drug_35,kbh,0
SHF-022,drug_35,CL,0.0
SHF-022,drug_35,AUC_Cb,0
SHF-022,drug_35,AUC_Cl,0
SHF-022,drug_35,AUC35_Cb,0
SHF-022,drug_35,AUC35_Cl,0
SHF-022,drug_35,RE_R1b,0
SHF-022,drug_35,RE_R1l,0
SHF-022,drug_35,RE_Sb,0
SHF-022,drug_35,RE_Sl,0
SHF-022,drug_35,T1_1,0
SHF-022,drug_35,T1_2,0
SHF-022,drug_35,t1_MOLLI,0
SHF-022,drug_35,t2_MOLLI,0
