subject,study,parameter,value
LDS-009,control_25,BAT,1.1534438591329803
LDS-009,control_25,CO,9.238876836062191
LDS-009,control_25,Thl,20.237208058714913
LDS-009,control_25,Dhl,43.788197288685396
LDS-009,control_25,To,32.57126342765722
LDS-009,control_25,Eo,14.838117752320684
LDS-009,control_25,Toe,8.430085457106305
LDS-009,control_25,Eb,6.324322573767267
LDS-009,control_25,H,45.0
LDS-009,control_25,ve,16.990950669274937
LDS-009,control_25,Te,36.60466335785502
LDS-009,control_25,De,74.77772028364633
LDS-009,control_25,khe,18.433638036920353
LDS-009,control_25,Th,75.03487139531786
LDS-009,control_25,Kbh,1.3327136855230213
LDS-009,control_25,Khe,108.49091611015182
LDS-009,control_25,kbh,1.1062729606531287
LDS-009,control_25,CL,0.2186444423988538
LDS-009,control_25,AUC_Cb,46.43424752399576
LDS-009,control_25,AUC_Cl,564.4257893413059
LDS-009,control_25,AUC35_Cb,30.924530908550206
LDS-009,control_25,AUC35_Cl,121.47822258139955
LDS-009,control_25,RE_R1b,18.032170923797818
LDS-009,control_25,RE_R1l,54.803586217254164
LDS-009,control_25,RE_Sb,16.152316881256997
LDS-009,control_25,RE_Sl,43.09935131470725
LDS-009,control_25,T1_1,0.847049988
LDS-009,control_25,T1_2,0.621599976
LDS-009,control_25,t1_MOLLI,13.793121388888888
LDS-009,control_25,t2_MOLLI,15.155603333333334
