subject,study,parameter,value
LDS-009,control_25,BAT,0.005190342854467342
LDS-009,control_25,CO,0.16336506864096972
LDS-009,control_25,Thl,0.5012077704273379
LDS-009,control_25,Dhl,0.8664932367237607
LDS-009,control_25,To,1.624316018266305
LDS-009,control_25,Eo,0.6119369606102912
LDS-009,control_25,Toe,1.4961290553331108
LDS-009,control_25,Eb,0.9310147500417341
LDS-009,control_25,H,0
LDS-009,control_25,ve,2.026432781844782
LDS-009,control_25,Te,6.319430941348907
LDS-009,control_25,De,6.58139797621817
LDS-009,control_25,khe,0.5180529391324046
LDS-009,control_25,Th,12.668215705494932
LDS-009,control_25,Kbh,0
LDS-009,control_25,Khe,0
LDS-009,control_25,kbh,0
LDS-009,control_25,CL,0.0
LDS-009,control_25,AUC_Cb,0
LDS-009,control_25,AUC_Cl,0
LDS-009,control_25,AUC35_Cb,0
LDS-009,control_25,AUC35_Cl,0
LDS-009,control_25,RE_R1b,0
LDS-009,control_25,RE_R1l,0
LDS-009,control_25,RE_Sb,0
LDS-009,control_25,RE_Sl,0
LDS-009,control_25,T1_1,0
LDS-009,control_25,T1_2,0
LDS-009,control_25,t1_MOLLI,0
LDS-009,control_25,t2_MOLLI,0
