subject,study,parameter,value
LDS-002,control_20,BAT,1.2463119005803385
LDS-002,control_20,CO,3.9281258498341796
LDS-002,control_20,Thl,20.37890242489128
LDS-002,control_20,Dhl,53.815047790505865
LDS-002,control_20,To,26.996340335401648
LDS-002,control_20,Eo,32.85472636353476
LDS-002,control_20,Toe,3.663215290883525
LDS-002,control_20,Eb,10.907710174909559
LDS-002,control_20,H,45.0
LDS-002,control_20,ve,17.50459370024104
LDS-002,control_20,Te,51.14334984221865
LDS-002,control_20,De,70.11885034266112
LDS-002,control_20,khe,32.166028651446574
LDS-002,control_20,Th,99.59088005350291
LDS-002,control_20,Kbh,1.0041080061374825
LDS-002,control_20,Khe,183.75764214969266
LDS-002,control_20,kbh,0.8283429793515248
LDS-002,control_20,CL,0.21991244709865249
LDS-002,control_20,AUC_Cb,15.766617885775876
LDS-002,control_20,AUC_Cl,409.1308000666546
LDS-002,control_20,AUC35_Cb,12.768729937950276
LDS-002,control_20,AUC35_Cl,89.72922489793412
LDS-002,control_20,RE_R1b,7.020019097215949
LDS-002,control_20,RE_R1l,36.75074534535197
LDS-002,control_20,RE_Sb,9.329765927518007
LDS-002,control_20,RE_Sl,27.30540679904843
LDS-002,control_20,T1_1,0.756169983
LDS-002,control_20,T1_2,0.582789978
LDS-002,control_20,t1_MOLLI,10.691066388888888
LDS-002,control_20,t2_MOLLI,11.615237777777777
