subject,study,parameter,value
LDS-002,control_20,BAT,0.013283372290237553
LDS-002,control_20,CO,0.0977563628672314
LDS-002,control_20,Thl,1.0946783921644936
LDS-002,control_20,Dhl,1.9660128689260032
LDS-002,control_20,To,2.829674801577206
LDS-002,control_20,Eo,1.7497995821135395
LDS-002,control_20,Toe,0.5137931272082005
LDS-002,control_20,Eb,1.2009686287405446
LDS-002,control_20,H,0
LDS-002,control_20,ve,7.592939518900361
LDS-002,control_20,Te,20.524323972647643
LDS-002,control_20,De,14.246026775341072
LDS-002,control_20,khe,1.110370721546133
LDS-002,control_20,Th,31.317652907357793
LDS-002,control_20,Kbh,0
LDS-002,control_20,Khe,0
LDS-002,control_20,kbh,0
LDS-002,control_20,CL,0.0
LDS-002,control_20,AUC_Cb,0
LDS-002,control_20,AUC_Cl,0
LDS-002,control_20,AUC35_Cb,0
LDS-002,control_20,AUC35_Cl,0
LDS-002,control_20,RE_R1b,0
LDS-002,control_20,RE_R1l,0
LDS-002,control_20,RE_Sb,0
LDS-002,control_20,RE_Sl,0
LDS-002,control_20,T1_1,0
LDS-002,control_20,T1_2,0
LDS-002,control_20,t1_MOLLI,0
LDS-002,control_20,t2_MOLLI,0
