subject,study,parameter,value
GOT-001,control_10,BAT,1.2376147479861028
GOT-001,control_10,CO,10.688951977489479
GOT-001,control_10,Thl,17.904598542570643
GOT-001,control_10,Dhl,40.810745959960585
GOT-001,control_10,To,20.713472942221056
GOT-001,control_10,Eo,24.683664717109686
GOT-001,control_10,Toe,2.5503707130455884
GOT-001,control_10,Eb,4.115193803071681
GOT-001,control_10,H,45.0
GOT-001,control_10,ve,22.57133417512442
GOT-001,control_10,Te,59.999999994000106
GOT-001,control_10,De,80.30022194178598
GOT-001,control_10,khe,1.8549143779075292
GOT-001,control_10,Th,64.41001958296614
GOT-001,control_10,Kbh,1.5525534792174784
GOT-001,control_10,Khe,8.21800946065389
GOT-001,control_10,kbh,1.2021214451757805
GOT-001,control_10,CL,0.01538086648368531
GOT-001,control_10,AUC_Cb,61.4403949991275
GOT-001,control_10,AUC_Cl,90.99978768378797
GOT-001,control_10,AUC35_Cb,40.50971293460231
GOT-001,control_10,AUC35_Cl,29.38828091071695
GOT-001,control_10,RE_R1b,29.95371048218134
GOT-001,control_10,RE_R1l,13.83089549937632
GOT-001,control_10,RE_Sb,25.91235694794006
GOT-001,control_10,RE_Sl,10.683175457688572
GOT-001,control_10,T1_1,0.991830017
GOT-001,control_10,T1_2,0.853159973
GOT-001,control_10,t1_MOLLI,12.486702777777777
GOT-001,control_10,t2_MOLLI,13.096444444444444
