subject,study,parameter,value
GOT-001,control_10,BAT,0.003654904235066456
GOT-001,control_10,CO,0.15898127066311005
GOT-001,control_10,Thl,0.2790633796686524
GOT-001,control_10,Dhl,0.9515519541435171
GOT-001,control_10,To,1.4888244285291543
GOT-001,control_10,Eo,1.2640787657311776
GOT-001,control_10,Toe,0.5769542940518236
GOT-001,control_10,Eb,1.8302240676815364
GOT-001,control_10,H,0
GOT-001,control_10,ve,3.8002036962667596
GOT-001,control_10,Te,12.674982679805609
GOT-001,control_10,De,5.758625876038089
GOT-001,control_10,khe,2.9285460267798715
GOT-001,control_10,Th,1300.9238832340118
GOT-001,control_10,Kbh,0
GOT-001,control_10,Khe,0
GOT-001,control_10,kbh,0
GOT-001,control_10,CL,0.0
GOT-001,control_10,AUC_Cb,0
GOT-001,control_10,AUC_Cl,0
GOT-001,control_10,AUC35_Cb,0
GOT-001,control_10,AUC35_Cl,0
GOT-001,control_10,RE_R1b,0
GOT-001,control_10,RE_R1l,0
GOT-001,control_10,RE_Sb,0
GOT-001,control_10,RE_Sl,0
GOT-001,control_10,T1_1,0
GOT-001,control_10,T1_2,0
GOT-001,control_10,t1_MOLLI,0
GOT-001,control_10,t2_MOLLI,0
