subject,study,parameter,value
LDS-006,control_20,BAT,1.224538452070963
LDS-006,control_20,CO,4.957224415186613
LDS-006,control_20,Thl,12.801080452820074
LDS-006,control_20,Dhl,44.166995532441845
LDS-006,control_20,To,37.64611298489078
LDS-006,control_20,Eo,24.538921930779054
LDS-006,control_20,Toe,6.856946862484729
LDS-006,control_20,Eb,2.9709841207398373
LDS-006,control_20,H,45.0
LDS-006,control_20,ve,27.10024536039398
LDS-006,control_20,Te,57.274674609622004
LDS-006,control_20,De,72.68561582705799
LDS-006,control_20,khe,45.40263580416413
LDS-006,control_20,Th,35.412691002043815
LDS-006,control_20,Kbh,2.82384639998775
LDS-006,control_20,Khe,167.5358846400646
LDS-006,control_20,kbh,2.058577096990417
LDS-006,control_20,CL,0.31380027300210517
LDS-006,control_20,AUC_Cb,79.29767710713334
LDS-006,control_20,AUC_Cl,1195.8923144428763
LDS-006,control_20,AUC35_Cb,30.752787026251024
LDS-006,control_20,AUC35_Cl,224.45730918559846
LDS-006,control_20,RE_R1b,20.0510421090147
LDS-006,control_20,RE_R1l,100.27024566216465
LDS-006,control_20,RE_Sb,13.455810576809776
LDS-006,control_20,RE_Sl,74.75502865641614
LDS-006,control_20,T1_1,0.83976001
LDS-006,control_20,T1_2,0.498440002
LDS-006,control_20,t1_MOLLI,12.696229722222224
LDS-006,control_20,t2_MOLLI,13.722150833333334
