subject,study,parameter,value
LDS-006,control_20,BAT,0.0011018310925020895
LDS-006,control_20,CO,0.0912325990713492
LDS-006,control_20,Thl,0.17609584952491333
LDS-006,control_20,Dhl,1.0420514960395477
LDS-006,control_20,To,2.516453532138205
LDS-006,control_20,Eo,1.2283219772332343
LDS-006,control_20,Toe,1.4368430887688663
LDS-006,control_20,Eb,2.0685712861562036
LDS-006,control_20,H,0
LDS-006,control_20,ve,9.621622351684383
LDS-006,control_20,Te,18.225472182587737
LDS-006,control_20,De,9.490658527206275
LDS-006,control_20,khe,1.662393058281887
LDS-006,control_20,Th,3.9432726456211276
LDS-006,control_20,Kbh,0
LDS-006,control_20,Khe,0
LDS-006,control_20,kbh,0
LDS-006,control_20,CL,0.0
LDS-006,control_20,AUC_Cb,0
LDS-006,control_20,AUC_Cl,0
LDS-006,control_20,AUC35_Cb,0
LDS-006,control_20,AUC35_Cl,0
LDS-006,control_20,RE_R1b,0
LDS-006,control_20,RE_R1l,0
LDS-006,control_20,RE_Sb,0
LDS-006,control_20,RE_Sl,0
LDS-006,control_20,T1_1,0
LDS-006,control_20,T1_2,0
LDS-006,control_20,t1_MOLLI,0
LDS-006,control_20,t2_MOLLI,0
