subject,study,parameter,value
SHF-002,drug_20,BAT,0.005280651943877056
SHF-002,drug_20,CO,0.051434217010705545
SHF-002,drug_20,Thl,0.37710996263526086
SHF-002,drug_20,Dhl,1.0241640630483055
SHF-002,drug_20,To,1.7447983459034557
SHF-002,drug_20,Eo,1.689446248771462
SHF-002,drug_20,Toe,0.2756968419852909
SHF-002,drug_20,Eb,0.5045859861480819
SHF-002,drug_20,H,0
SHF-002,drug_20,ve,2.0085854439348996
SHF-002,drug_20,Te,6.477460261195234
SHF-002,drug_20,De,3.397482676982792
SHF-002,drug_20,khe,0.5686675900505708
SHF-002,drug_20,Th,6037.355022116233
SHF-002,drug_20,Kbh,0
SHF-002,drug_20,Khe,0
SHF-002,drug_20,kbh,0
SHF-002,drug_20,CL,0.0
SHF-002,drug_20,AUC_Cb,0
SHF-002,drug_20,AUC_Cl,0
SHF-002,drug_20,AUC35_Cb,0
SHF-002,drug_20,AUC35_Cl,0
SHF-002,drug_20,RE_R1b,0
SHF-002,drug_20,RE_R1l,0
SHF-002,drug_20,RE_Sb,0
SHF-002,drug_20,RE_Sl,0
SHF-002,drug_20,T1_1,0
SHF-002,drug_20,T1_2,0
SHF-002,drug_20,t1_MOLLI,0
SHF-002,drug_20,t2_MOLLI,0
