subject,study,parameter,value
SHF-017,control_05,BAT,1.1110798586047654
SHF-017,control_05,CO,8.66652490102748
SHF-017,control_05,Thl,20.262306418744522
SHF-017,control_05,Dhl,37.87958416108078
SHF-017,control_05,To,16.07530031251533
SHF-017,control_05,Eo,26.09136266729119
SHF-017,control_05,Toe,3.690707697246553
SHF-017,control_05,Eb,1.0933920972670095
SHF-017,control_05,H,45.0
SHF-017,control_05,ve,25.360029195109185
SHF-017,control_05,Te,59.98317686776892
SHF-017,control_05,De,90.89756944691257
SHF-017,control_05,khe,44.70592621858957
SHF-017,control_05,Th,33.370003741468054
SHF-017,control_05,Kbh,2.9967032900188904
SHF-017,control_05,Khe,176.28499507883586
SHF-017,control_05,kbh,2.2367384607793026
SHF-017,control_05,CL,0.4453697510669635
SHF-017,control_05,AUC_Cb,146.73079467862317
SHF-017,control_05,AUC_Cl,1989.5039822375352
SHF-017,control_05,AUC35_Cb,43.97602079054103
SHF-017,control_05,AUC35_Cl,286.14840416828434
SHF-017,control_05,RE_R1b,30.934809097012373
SHF-017,control_05,RE_R1l,100.02206529751285
SHF-017,control_05,RE_Sb,22.785637578772292
SHF-017,control_05,RE_Sl,68.27355007094637
SHF-017,control_05,T1_1,0.64556
SHF-017,control_05,T1_2,0.37176
SHF-017,control_05,t1_MOLLI,12.851944444444445
SHF-017,control_05,t2_MOLLI,13.6625
