subject,study,parameter,value
SHF-017,control_05,BAT,0.013493624494203037
SHF-017,control_05,CO,0.21589849955254214
SHF-017,control_05,Thl,0.8752809757009362
SHF-017,control_05,Dhl,1.94777338990927
SHF-017,control_05,To,3.3288498756208114
SHF-017,control_05,Eo,68.37605501015189
SHF-017,control_05,Toe,16.205728240657322
SHF-017,control_05,Eb,98.55026639815611
SHF-017,control_05,H,0
SHF-017,control_05,ve,949.3001390511708
SHF-017,control_05,Te,2067.866078630616
SHF-017,control_05,De,317.32430872448356
SHF-017,control_05,khe,151.09676051496828
SHF-017,control_05,Th,959.3287845073521
SHF-017,control_05,Kbh,0
SHF-017,control_05,Khe,0
SHF-017,control_05,kbh,0
SHF-017,control_05,CL,0.0
SHF-017,control_05,AUC_Cb,0
SHF-017,control_05,AUC_Cl,0
SHF-017,control_05,AUC35_Cb,0
SHF-017,control_05,AUC35_Cl,0
SHF-017,control_05,RE_R1b,0
SHF-017,control_05,RE_R1l,0
SHF-017,control_05,RE_Sb,0
SHF-017,control_05,RE_Sl,0
SHF-017,control_05,T1_1,0
SHF-017,control_05,T1_2,0
SHF-017,control_05,t1_MOLLI,0
SHF-017,control_05,t2_MOLLI,0
