subject,study,parameter,value
SHF-004,control_40,BAT,1.2404462128595302
SHF-004,control_40,CO,9.99155256799128
SHF-004,control_40,Thl,19.077472635030002
SHF-004,control_40,Dhl,69.66660023048522
SHF-004,control_40,To,25.73596331344768
SHF-004,control_40,Eo,18.30141230048834
SHF-004,control_40,Toe,5.446087270089346
SHF-004,control_40,Eb,3.779658168704757
SHF-004,control_40,H,45.0
SHF-004,control_40,ve,21.232634361784488
SHF-004,control_40,Te,25.95548395616325
SHF-004,control_40,De,92.36651937691835
SHF-004,control_40,khe,25.870224005695224
SHF-004,control_40,Th,40.44632337735607
SHF-004,control_40,Kbh,2.472412611327366
SHF-004,control_40,Khe,121.84180052691761
SHF-004,control_40,kbh,1.9474542816495783
SHF-004,control_40,CL,0.22567182070995165
SHF-004,control_40,AUC_Cb,53.3633331281817
SHF-004,control_40,AUC_Cl,550.7701334066081
SHF-004,control_40,AUC35_Cb,29.050857587181092
SHF-004,control_40,AUC35_Cl,131.18298950429374
SHF-004,control_40,RE_R1b,18.331672138615414
SHF-004,control_40,RE_R1l,55.86112369954819
SHF-004,control_40,RE_Sb,19.380499222847778
SHF-004,control_40,RE_Sl,50.08174333052071
SHF-004,control_40,T1_1,0.79748
SHF-004,control_40,T1_2,0.51401
SHF-004,control_40,t1_MOLLI,10.535277777777777
SHF-004,control_40,t2_MOLLI,11.376388888888888
