subject,study,parameter,value
SHF-004,control_40,BAT,0.0281360117723827
SHF-004,control_40,CO,0.5845348429262847
SHF-004,control_40,Thl,2.0090675168524257
SHF-004,control_40,Dhl,4.735935873197558
SHF-004,control_40,To,2.0800452637221736
SHF-004,control_40,Eo,1.3048705659947344
SHF-004,control_40,Toe,0.5647821759734519
SHF-004,control_40,Eb,0.5723889810278695
SHF-004,control_40,H,0
SHF-004,control_40,ve,2.9901562430361674
SHF-004,control_40,Te,7.235049599662901
SHF-004,control_40,De,9.880414687924487
SHF-004,control_40,khe,0.6557254073833093
SHF-004,control_40,Th,2.2481180593750727
SHF-004,control_40,Kbh,0
SHF-004,control_40,Khe,0
SHF-004,control_40,kbh,0
SHF-004,control_40,CL,0.0
SHF-004,control_40,AUC_Cb,0
SHF-004,control_40,AUC_Cl,0
SHF-004,control_40,AUC35_Cb,0
SHF-004,control_40,AUC35_Cl,0
SHF-004,control_40,RE_R1b,0
SHF-004,control_40,RE_R1l,0
SHF-004,control_40,RE_Sb,0
SHF-004,control_40,RE_Sl,0
SHF-004,control_40,T1_1,0
SHF-004,control_40,T1_2,0
SHF-004,control_40,t1_MOLLI,0
SHF-004,control_40,t2_MOLLI,0
