subject,study,parameter,value
LDS-010,control_05,BAT,1.2632921355364952
LDS-010,control_05,CO,6.3886902666261225
LDS-010,control_05,Thl,11.435663196258206
LDS-010,control_05,Dhl,48.47728140502351
LDS-010,control_05,To,41.71004595372746
LDS-010,control_05,Eo,19.632098004231075
LDS-010,control_05,Toe,3.3972334998415126
LDS-010,control_05,Eb,1.8007096387971384
LDS-010,control_05,H,45.0
LDS-010,control_05,ve,14.757390080117833
LDS-010,control_05,Te,59.78851290523986
LDS-010,control_05,De,76.29081035901692
LDS-010,control_05,khe,22.474544462971608
LDS-010,control_05,Th,10.000256898181444
LDS-010,control_05,Kbh,9.999743108418054
LDS-010,control_05,Khe,152.29349052208667
LDS-010,control_05,kbh,8.524042010899102
LDS-010,control_05,CL,0.2418016265643451
LDS-010,control_05,AUC_Cb,157.01627951340882
LDS-010,control_05,AUC_Cl,389.02789833380467
LDS-010,control_05,AUC35_Cb,57.94745466264536
LDS-010,control_05,AUC35_Cl,113.18125403896889
LDS-010,control_05,RE_R1b,38.52760895008437
LDS-010,control_05,RE_R1l,48.31992637154101
LDS-010,control_05,RE_Sb,40.95457498855998
LDS-010,control_05,RE_Sl,29.731877709532657
LDS-010,control_05,T1_1,0.806320007
LDS-010,control_05,T1_2,0.561890015
LDS-010,control_05,t1_MOLLI,13.861661944444444
LDS-010,control_05,t2_MOLLI,15.021078611111111
