subject,study,parameter,value
LDS-010,control_05,BAT,0.015277798970915933
LDS-010,control_05,CO,0.1955455150721322
LDS-010,control_05,Thl,1.109413591296359
LDS-010,control_05,Dhl,3.4614096679940665
LDS-010,control_05,To,14.792112301473535
LDS-010,control_05,Eo,143.02313704395985
LDS-010,control_05,Toe,45.11700687014987
LDS-010,control_05,Eb,194.3950091611149
LDS-010,control_05,H,0
LDS-010,control_05,ve,113.36755791590288
LDS-010,control_05,Te,365.895521087173
LDS-010,control_05,De,147.5829462213871
LDS-010,control_05,khe,64.14260842077839
LDS-010,control_05,Th,88.94938146781368
LDS-010,control_05,Kbh,0
LDS-010,control_05,Khe,0
LDS-010,control_05,kbh,0
LDS-010,control_05,CL,0.0
LDS-010,control_05,AUC_Cb,0
LDS-010,control_05,AUC_Cl,0
LDS-010,control_05,AUC35_Cb,0
LDS-010,control_05,AUC35_Cl,0
LDS-010,control_05,RE_R1b,0
LDS-010,control_05,RE_R1l,0
LDS-010,control_05,RE_Sb,0
LDS-010,control_05,RE_Sl,0
LDS-010,control_05,T1_1,0
LDS-010,control_05,T1_2,0
LDS-010,control_05,t1_MOLLI,0
LDS-010,control_05,t2_MOLLI,0
