subject,study,parameter,value
SHF-002,drug,BAT,0.006368635318080662
SHF-002,drug,CO,0.04932031221784934
SHF-002,drug,Thl,0.5059138077243756
SHF-002,drug,Dhl,1.3509871588609692
SHF-002,drug,To,1.6839871050718225
SHF-002,drug,Eo,0.8243911651218976
SHF-002,drug,Toe,0.3596944425774868
SHF-002,drug,Eb,0.2487604506424205
SHF-002,drug,H,0
SHF-002,drug,ve,0.8710237063930358
SHF-002,drug,Te,4.134976884126445
SHF-002,drug,De,2.6562524076596734
SHF-002,drug,khe,0.16061104436266585
SHF-002,drug,Th,796.1119827516363
SHF-002,drug,Kbh,0
SHF-002,drug,Khe,0
SHF-002,drug,kbh,0
SHF-002,drug,CL,0.0
SHF-002,drug,AUC_Cb,0
SHF-002,drug,AUC_Cl,0
SHF-002,drug,AUC35_Cb,0
SHF-002,drug,AUC35_Cl,0
SHF-002,drug,RE_R1b,0
SHF-002,drug,RE_R1l,0
SHF-002,drug,RE_Sb,0
SHF-002,drug,RE_Sl,0
SHF-002,drug,T1_1,0
SHF-002,drug,T1_2,0
SHF-002,drug,t1_MOLLI,0
SHF-002,drug,t2_MOLLI,0
