subject,study,parameter,value
SHF-005,control_05,BAT,1.3124414531455864
SHF-005,control_05,CO,3.7186583318429776
SHF-005,control_05,Thl,10.320798420852707
SHF-005,control_05,Dhl,77.58455675403482
SHF-005,control_05,To,33.3165530641237
SHF-005,control_05,Eo,26.54531137784119
SHF-005,control_05,Toe,0.7882216403002845
SHF-005,control_05,Eb,12.14227665078747
SHF-005,control_05,H,45.0
SHF-005,control_05,ve,22.62543027389287
SHF-005,control_05,Te,43.145763185666
SHF-005,control_05,De,78.47923501814401
SHF-005,control_05,khe,20.276872140608297
SHF-005,control_05,Th,25.565263504837276
SHF-005,control_05,Kbh,3.911557570336747
SHF-005,control_05,Khe,89.6198299663077
SHF-005,control_05,kbh,3.0265508396370278
SHF-005,control_05,CL,0.18285102319404614
SHF-005,control_05,AUC_Cb,29.988604538978393
SHF-005,control_05,AUC_Cl,167.60509730539505
SHF-005,control_05,AUC35_Cb,29.97780127600791
SHF-005,control_05,AUC35_Cl,113.35822763365852
SHF-005,control_05,RE_R1b,7.923334497411433
SHF-005,control_05,RE_R1l,46.56256325338777
SHF-005,control_05,RE_Sb,19.100859932592282
SHF-005,control_05,RE_Sl,65.85795623130831
SHF-005,control_05,T1_1,0.78715
SHF-005,control_05,T1_2,0.49327
SHF-005,control_05,t1_MOLLI,14.248888888888889
SHF-005,control_05,t2_MOLLI,15.06611111111111
