subject,study,parameter,value
SHF-005,control_05,BAT,0.04102349030917048
SHF-005,control_05,CO,0.27724581792839936
SHF-005,control_05,Thl,3.0622712907402505
SHF-005,control_05,Dhl,17.528086834946837
SHF-005,control_05,To,29.3479870935562
SHF-005,control_05,Eo,34.818251999117464
SHF-005,control_05,Toe,2.05736688483559
SHF-005,control_05,Eb,12.342669193756448
SHF-005,control_05,H,0
SHF-005,control_05,ve,27.26668458983238
SHF-005,control_05,Te,48.72473886594961
SHF-005,control_05,De,27.3550769934038
SHF-005,control_05,khe,30.824278243522777
SHF-005,control_05,Th,420.35476463586997
SHF-005,control_05,Kbh,0
SHF-005,control_05,Khe,0
SHF-005,control_05,kbh,0
SHF-005,control_05,CL,0.0
SHF-005,control_05,AUC_Cb,0
SHF-005,control_05,AUC_Cl,0
SHF-005,control_05,AUC35_Cb,0
SHF-005,control_05,AUC35_Cl,0
SHF-005,control_05,RE_R1b,0
SHF-005,control_05,RE_R1l,0
SHF-005,control_05,RE_Sb,0
SHF-005,control_05,RE_Sl,0
SHF-005,control_05,T1_1,0
SHF-005,control_05,T1_2,0
SHF-005,control_05,t1_MOLLI,0
SHF-005,control_05,t2_MOLLI,0
