subject,study,parameter,value
SHF-008,control_20,BAT,1.1292580037315072
SHF-008,control_20,CO,7.116309746074714
SHF-008,control_20,Thl,15.905240644775718
SHF-008,control_20,Dhl,29.7591729868944
SHF-008,control_20,To,11.784318587537964
SHF-008,control_20,Eo,18.128803452246512
SHF-008,control_20,Toe,4.079334943776234
SHF-008,control_20,Eb,5.125638884654658
SHF-008,control_20,H,45.0
SHF-008,control_20,ve,35.70729887680797
SHF-008,control_20,Te,24.842270746726257
SHF-008,control_20,De,85.63352876226004
SHF-008,control_20,khe,48.16750106257746
SHF-008,control_20,Th,36.001708483366926
SHF-008,control_20,Kbh,2.777645956613442
SHF-008,control_20,Khe,134.8953927564161
SHF-008,control_20,kbh,1.7858236131459082
SHF-008,control_20,CL,0.40984984344788283
SHF-008,control_20,AUC_Cb,37.062279689991975
SHF-008,control_20,AUC_Cl,657.7180871700949
SHF-008,control_20,AUC35_Cb,28.789721152332582
SHF-008,control_20,AUC35_Cl,246.28587122208688
SHF-008,control_20,RE_R1b,21.48822869767841
SHF-008,control_20,RE_R1l,104.6198718000831
SHF-008,control_20,RE_Sb,11.911487366715724
SHF-008,control_20,RE_Sl,85.42810913057507
SHF-008,control_20,T1_1,0.78759
SHF-008,control_20,T1_2,0.4218
SHF-008,control_20,t1_MOLLI,8.946388888888889
SHF-008,control_20,t2_MOLLI,9.8
