subject,study,parameter,value
SHF-008,control_20,BAT,0.010326360193494626
SHF-008,control_20,CO,0.15609925290577747
SHF-008,control_20,Thl,0.6750529081133121
SHF-008,control_20,Dhl,1.21289797175074
SHF-008,control_20,To,1.101736595722254
SHF-008,control_20,Eo,0.9603197383143167
SHF-008,control_20,Toe,0.5056509905661712
SHF-008,control_20,Eb,0.5801120302139977
SHF-008,control_20,H,0
SHF-008,control_20,ve,4.69609909949093
SHF-008,control_20,Te,5.490095806827791
SHF-008,control_20,De,6.445124422311263
SHF-008,control_20,khe,1.7484947396766894
SHF-008,control_20,Th,4.831409585624328
SHF-008,control_20,Kbh,0
SHF-008,control_20,Khe,0
SHF-008,control_20,kbh,0
SHF-008,control_20,CL,0.0
SHF-008,control_20,AUC_Cb,0
SHF-008,control_20,AUC_Cl,0
SHF-008,control_20,AUC35_Cb,0
SHF-008,control_20,AUC35_Cl,0
SHF-008,control_20,RE_R1b,0
SHF-008,control_20,RE_R1l,0
SHF-008,control_20,RE_Sb,0
SHF-008,control_20,RE_Sl,0
SHF-008,control_20,T1_1,0
SHF-008,control_20,T1_2,0
SHF-008,control_20,t1_MOLLI,0
SHF-008,control_20,t2_MOLLI,0
