subject,study,parameter,value
SHF-010,control_05,BAT,1.133599006202439
SHF-010,control_05,CO,6.706830645759183
SHF-010,control_05,Thl,21.726906183067094
SHF-010,control_05,Dhl,40.05075467874602
SHF-010,control_05,To,28.529589701893926
SHF-010,control_05,Eo,29.451526949527267
SHF-010,control_05,Toe,4.16936619195183
SHF-010,control_05,Eb,1.2834990568274391
SHF-010,control_05,H,45.0
SHF-010,control_05,ve,37.243818381566804
SHF-010,control_05,Te,59.99999274695667
SHF-010,control_05,De,92.00597262817247
SHF-010,control_05,khe,39.73432983097487
SHF-010,control_05,Th,10.0000022850483
SHF-010,control_05,Kbh,9.999997714952224
SHF-010,control_05,Khe,106.6870464888764
SHF-010,control_05,kbh,6.275616727834587
SHF-010,control_05,CL,0.3755312171792887
SHF-010,control_05,AUC_Cb,146.65252665762713
SHF-010,control_05,AUC_Cl,661.9557184440432
SHF-010,control_05,AUC35_Cb,42.48298513490749
SHF-010,control_05,AUC35_Cl,154.8957009790642
SHF-010,control_05,RE_R1b,29.306762897600784
SHF-010,control_05,RE_R1l,60.73066052720706
SHF-010,control_05,RE_Sb,14.355279655349976
SHF-010,control_05,RE_Sl,69.50546173859524
SHF-010,control_05,T1_1,0.76626
SHF-010,control_05,T1_2,0.41884
SHF-010,control_05,t1_MOLLI,10.315555555555555
SHF-010,control_05,t2_MOLLI,11.1275
