subject,study,parameter,value
SHF-010,control_05,BAT,0.04249210621802834
SHF-010,control_05,CO,0.2362710431599528
SHF-010,control_05,Thl,2.8987200341530466
SHF-010,control_05,Dhl,3.846902323012766
SHF-010,control_05,To,12.04825857957744
SHF-010,control_05,Eo,246.22089648621127
SHF-010,control_05,Toe,54.50623685328614
SHF-010,control_05,Eb,364.6713251486092
SHF-010,control_05,H,0
SHF-010,control_05,ve,220.2402424215519
SHF-010,control_05,Te,340.96950551957764
SHF-010,control_05,De,47.68270980597114
SHF-010,control_05,khe,139.883231467536
SHF-010,control_05,Th,105.80903116040612
SHF-010,control_05,Kbh,0
SHF-010,control_05,Khe,0
SHF-010,control_05,kbh,0
SHF-010,control_05,CL,0.0
SHF-010,control_05,AUC_Cb,0
SHF-010,control_05,AUC_Cl,0
SHF-010,control_05,AUC35_Cb,0
SHF-010,control_05,AUC35_Cl,0
SHF-010,control_05,RE_R1b,0
SHF-010,control_05,RE_R1l,0
SHF-010,control_05,RE_Sb,0
SHF-010,control_05,RE_Sl,0
SHF-010,control_05,T1_1,0
SHF-010,control_05,T1_2,0
SHF-010,control_05,t1_MOLLI,0
SHF-010,control_05,t2_MOLLI,0
