subject,study,parameter,value
SHF-021,control_20,BAT,1.174774036968668
SHF-021,control_20,CO,7.458308264074368
SHF-021,control_20,Thl,23.438434559270497
SHF-021,control_20,Dhl,35.88403686219262
SHF-021,control_20,To,22.849185443524636
SHF-021,control_20,Eo,28.735186387480642
SHF-021,control_20,Toe,6.392585081326663
SHF-021,control_20,Eb,1.540795889803028
SHF-021,control_20,H,45.0
SHF-021,control_20,ve,25.371662593928303
SHF-021,control_20,Te,35.57924783650947
SHF-021,control_20,De,86.17987586419264
SHF-021,control_20,khe,41.14734102906891
SHF-021,control_20,Th,24.97329630802364
SHF-021,control_20,Kbh,4.0042771593540545
SHF-021,control_20,Khe,162.17833922683445
SHF-021,control_20,kbh,2.9883254691570067
SHF-021,control_20,CL,0.40505260448490316
SHF-021,control_20,AUC_Cb,106.35142578946957
SHF-021,control_20,AUC_Cl,1043.9318515071402
SHF-021,control_20,AUC35_Cb,31.919906726613455
SHF-021,control_20,AUC35_Cl,185.490628437897
SHF-021,control_20,RE_R1b,20.592348687323234
SHF-021,control_20,RE_R1l,78.18677173712283
SHF-021,control_20,RE_Sb,10.220857647881761
SHF-021,control_20,RE_Sl,61.547898956049295
SHF-021,control_20,T1_1,0.80253
SHF-021,control_20,T1_2,0.47129
SHF-021,control_20,t1_MOLLI,11.305833333333334
SHF-021,control_20,t2_MOLLI,12.15
