subject,study,parameter,value
SHF-021,control_20,BAT,0.03946753959742224
SHF-021,control_20,CO,0.5017438168064072
SHF-021,control_20,Thl,1.8952240948773962
SHF-021,control_20,Dhl,2.5642357263617463
SHF-021,control_20,To,2.0327315762444793
SHF-021,control_20,Eo,1.5786713019031722
SHF-021,control_20,Toe,1.3399274918994046
SHF-021,control_20,Eb,2.783876712918855
SHF-021,control_20,H,0
SHF-021,control_20,ve,7.80712724104108
SHF-021,control_20,Te,13.879161360558586
SHF-021,control_20,De,8.659186538729934
SHF-021,control_20,khe,2.118155103685356
SHF-021,control_20,Th,3.0671366697951443
SHF-021,control_20,Kbh,0
SHF-021,control_20,Khe,0
SHF-021,control_20,kbh,0
SHF-021,control_20,CL,0.0
SHF-021,control_20,AUC_Cb,0
SHF-021,control_20,AUC_Cl,0
SHF-021,control_20,AUC35_Cb,0
SHF-021,control_20,AUC35_Cl,0
SHF-021,control_20,RE_R1b,0
SHF-021,control_20,RE_R1l,0
SHF-021,control_20,RE_Sb,0
SHF-021,control_20,RE_Sl,0
SHF-021,control_20,T1_1,0
SHF-021,control_20,T1_2,0
SHF-021,control_20,t1_MOLLI,0
SHF-021,control_20,t2_MOLLI,0
