subject,study,parameter,description,value,unit
001,control,TR,Repetition time,0.0037099999999999998,sec
001,control,FA_1,Flip angle - first scan,15,deg
001,control,FA_2,Flip angle - second scan,15,deg
001,control,weight,Subject body weight,75.0,kg
001,control,dose_1,Contrast agent dose - first scan,0.125,mL/kg
001,control,dose_2,Contrast agent dose - second scan,0.125,mL/kg
001,control,liver_volume,Whole liver volume,1106.213379,mL
001,control,kidney_volume,Both kidneys volume,188.7451172,mL
001,control,T1_aorta_1,First aorta T1,1.70822998046875,sec
001,control,T1_aorta_2,Second aorta T1,1.334489990234375,sec
001,control,T1_aorta_3,Third aorta T1,1.605119995117188,sec
001,control,T1_liver_1,First liver T1,0.7620499877929687,sec
001,control,T1_liver_2,Second liver T1,0.1646300048828125,sec
001,control,T1_liver_3,Third liver T1,0.2690299987792969,sec
001,control,T1_kidney_1,First kidney T1,1.372089965820312,sec
001,control,T1_kidney_2,Second kidney T1,0.9202899780273438,sec
001,control,T1_kidney_3,Third kidney T1,1.038109985351562,sec
001,control,T1_portal_1,First portal T1,1.691390014648438,sec
001,control,T1_portal_2,Second portal T1,1.315119995117188,sec
001,control,T1_portal_3,Third portal T1,1.4263199462890621,sec
001,control,T1_time_1,First T1 time,33976.309,sec
001,control,T1_time_2,Second T1 time,37480.32,sec
001,control,T1_time_3,Third T1 time,41717.212,sec
001,control,t0,Baseline length,60.0,sec
002,control,TR,Repetition time,0.0037099999999999998,sec
002,control,FA_1,Flip angle - first scan,15,deg
002,control,FA_2,Flip angle - second scan,15,deg
002,control,weight,Subject body weight,63.25,kg
002,control,dose_1,Contrast agent dose - first scan,0.0125,mL/kg
002,control,dose_2,Contrast agent dose - second scan,0.0125,mL/kg
002,control,liver_volume,Whole liver volume,683.6791992000001,mL
002,control,kidney_volume,Both kidneys volume,176.2207031,mL
002,control,T1_aorta_1,First aorta T1,1.699910034179688,sec
002,control,T1_aorta_2,Second aorta T1,1.635400024414062,sec
002,control,T1_aorta_3,Third aorta T1,1.713160034179688,sec
002,control,T1_liver_1,First liver T1,0.7561699829101562,sec
002,control,T1_liver_2,Second liver T1,0.5827899780273438,sec
002,control,T1_liver_3,Third liver T1,0.7398499755859375,sec
002,control,T1_kidney_1,First kidney T1,1.458180053710938,sec
002,control,T1_kidney_2,Second kidney T1,1.32977001953125,sec
002,control,T1_kidney_3,Third kidney T1,1.324010009765625,sec
002,control,T1_portal_1,First portal T1,nan,sec
002,control,T1_portal_2,Second portal T1,1.572030029296875,sec
002,control,T1_portal_3,Third portal T1,1.565469970703125,sec
002,control,T1_time_1,First T1 time,38487.839,sec
002,control,T1_time_2,Second T1 time,41814.856,sec
002,control,T1_time_3,Third T1 time,54840.928,sec
002,control,t0,Baseline length,60.0,sec
003,control,TR,Repetition time,0.0037099999999999998,sec
003,control,FA_1,Flip angle - first scan,15,deg
003,control,FA_2,Flip angle - second scan,15,deg
003,control,weight,Subject body weight,76.3,kg
003,control,dose_1,Contrast agent dose - first scan,0.0125,mL/kg
003,control,dose_2,Contrast agent dose - second scan,0.0,mL/kg
003,control,liver_volume,Whole liver volume,874.0722656,mL
003,control,kidney_volume,Both kidneys volume,205.7739258,mL
003,control,T1_aorta_1,First aorta T1,1.66832,sec
003,control,T1_aorta_2,Second aorta T1,1.602300048828125,sec
003,control,T1_aorta_3,Third aorta T1,1.725489990234375,sec
003,control,T1_liver_1,First liver T1,0.7069000244140625,sec
003,control,T1_liver_2,Second liver T1,0.5294000244140625,sec
003,control,T1_liver_3,Third liver T1,0.6596500244140625,sec
003,control,T1_kidney_1,First kidney T1,1.39097998046875,sec
003,control,T1_kidney_2,Second kidney T1,1.319859985351562,sec
003,control,T1_kidney_3,Third kidney T1,1.4021199951171879,sec
003,control,T1_portal_1,First portal T1,1.668319946289062,sec
003,control,T1_portal_2,Second portal T1,1.66425,sec
003,control,T1_portal_3,Third portal T1,1.6913699951171879,sec
003,control,T1_time_1,First T1 time,38546.805,sec
003,control,T1_time_2,Second T1 time,41959.721,sec
003,control,T1_time_3,Third T1 time,47724.231,sec
003,control,t0,Baseline length,60.0,sec
004,control,TR,Repetition time,0.0037099999999999998,sec
004,control,FA_1,Flip angle - first scan,15,deg
004,control,FA_2,Flip angle - second scan,15,deg
004,control,weight,Subject body weight,81.3,kg
004,control,dose_1,Contrast agent dose - first scan,0.025,mL/kg
004,control,dose_2,Contrast agent dose - second scan,0.025,mL/kg
004,control,liver_volume,Whole liver volume,886.0473632999999,mL
004,control,kidney_volume,Both kidneys volume,178.7475586,mL
004,control,T1_aorta_1,First aorta T1,1.836619995117188,sec
004,control,T1_aorta_2,Second aorta T1,1.6783199462890621,sec
004,control,T1_aorta_3,Third aorta T1,1.564989990234375,sec
004,control,T1_liver_1,First liver T1,0.8023599853515625,sec
004,control,T1_liver_2,Second liver T1,0.5024599914550781,sec
004,control,T1_liver_3,Third liver T1,0.6498900146484375,sec
004,control,T1_kidney_1,First kidney T1,1.3968399658203121,sec
004,control,T1_kidney_2,Second kidney T1,1.1949599609375,sec
004,control,T1_kidney_3,Third kidney T1,1.31152001953125,sec
004,control,T1_portal_1,First portal T1,1.77497998046875,sec
004,control,T1_portal_2,Second portal T1,1.5834599609375,sec
004,control,T1_portal_3,Third portal T1,1.675160034179688,sec
004,control,T1_time_1,First T1 time,35396.105,sec
004,control,T1_time_2,Second T1 time,38520.633,sec
004,control,T1_time_3,Third T1 time,44344.884,sec
004,control,t0,Baseline length,60.0,sec
005,control,TR,Repetition time,0.0037099999999999998,sec
005,control,FA_1,Flip angle - first scan,14.999999,deg
005,control,FA_2,Flip angle - second scan,15,deg
005,control,weight,Subject body weight,74.45,kg
005,control,dose_1,Contrast agent dose - first scan,0.025,mL/kg
005,control,dose_2,Contrast agent dose - second scan,0.025,mL/kg
005,control,liver_volume,Whole liver volume,705.3222656,mL
005,control,kidney_volume,Both kidneys volume,114.9169922,mL
005,control,T1_aorta_1,First aorta T1,1.28156005859375,sec
005,control,T1_aorta_2,Second aorta T1,1.2402099609375,sec
005,control,T1_aorta_3,Third aorta T1,0.9654400024414063,sec
005,control,T1_liver_1,First liver T1,0.8025,sec
005,control,T1_liver_2,Second liver T1,0.4504800109863281,sec
005,control,T1_liver_3,Third liver T1,0.66952001953125,sec
005,control,T1_kidney_1,First kidney T1,1.451339965820312,sec
005,control,T1_kidney_2,Second kidney T1,1.19568994140625,sec
005,control,T1_kidney_3,Third kidney T1,1.396550048828125,sec
005,control,T1_portal_1,First portal T1,1.781319946289062,sec
005,control,T1_portal_2,Second portal T1,1.5744599609375,sec
005,control,T1_portal_3,Third portal T1,1.746,sec
005,control,T1_time_1,First T1 time,39134.219,sec
005,control,T1_time_2,Second T1 time,42474.079,sec
005,control,T1_time_3,Third T1 time,49023.399,sec
005,control,t0,Baseline length,60.0,sec
006,control,TR,Repetition time,0.0037099999999999998,sec
006,control,FA_1,Flip angle - first scan,15,deg
006,control,FA_2,Flip angle - second scan,15,deg
006,control,weight,Subject body weight,57.05,kg
006,control,dose_1,Contrast agent dose - first scan,0.025,mL/kg
006,control,dose_2,Contrast agent dose - second scan,0.025,mL/kg
006,control,liver_volume,Whole liver volume,691.1499023,mL
006,control,kidney_volume,Both kidneys volume,146.4477539,mL
006,control,T1_aorta_1,First aorta T1,1.7650400390625,sec
006,control,T1_aorta_2,Second aorta T1,1.753660034179688,sec
006,control,T1_aorta_3,Third aorta T1,1.812239990234375,sec
006,control,T1_liver_1,First liver T1,0.839760009765625,sec
006,control,T1_liver_2,Second liver T1,0.4984400024414062,sec
006,control,T1_liver_3,Third liver T1,0.6847100219726563,sec
006,control,T1_kidney_1,First kidney T1,1.424449951171875,sec
006,control,T1_kidney_2,Second kidney T1,1.2643599853515621,sec
006,control,T1_kidney_3,Third kidney T1,1.370829956054688,sec
006,control,T1_portal_1,First portal T1,1.7920400390625,sec
006,control,T1_portal_2,Second portal T1,1.72952001953125,sec
006,control,T1_portal_3,Third portal T1,1.73577001953125,sec
006,control,T1_time_1,First T1 time,45706.427,sec
006,control,T1_time_2,Second T1 time,49399.743,sec
006,control,T1_time_3,Third T1 time,54602.341,sec
006,control,t0,Baseline length,60.0,sec
007,control,TR,Repetition time,0.0037099999999999998,sec
007,control,FA_1,Flip angle - first scan,15,deg
007,control,FA_2,Flip angle - second scan,15,deg
007,control,weight,Subject body weight,72.0,kg
007,control,dose_1,Contrast agent dose - first scan,0.025,mL/kg
007,control,dose_2,Contrast agent dose - second scan,0.025,mL/kg
007,control,liver_volume,Whole liver volume,944.1650391000001,mL
007,control,kidney_volume,Both kidneys volume,170.3979492,mL
007,control,T1_aorta_1,First aorta T1,1.77997998046875,sec
007,control,T1_aorta_2,Second aorta T1,1.710680053710938,sec
007,control,T1_aorta_3,Third aorta T1,1.756,sec
007,control,T1_liver_1,First liver T1,0.8554199829101562,sec
007,control,T1_liver_2,Second liver T1,0.5375399780273438,sec
007,control,T1_liver_3,Third liver T1,0.6018400268554688,sec
007,control,T1_kidney_1,First kidney T1,1.4873399658203121,sec
007,control,T1_kidney_2,Second kidney T1,1.25806005859375,sec
007,control,T1_kidney_3,Third kidney T1,1.3220400390625,sec
007,control,T1_portal_1,First portal T1,1.778280029296875,sec
007,control,T1_portal_2,Second portal T1,1.431030029296875,sec
007,control,T1_portal_3,Third portal T1,1.72727001953125,sec
007,control,T1_time_1,First T1 time,53225.859,sec
007,control,T1_time_2,Second T1 time,58511.83,sec
007,control,T1_time_3,Third T1 time,61038.221,sec
007,control,t0,Baseline length,60.0,sec
008,control,TR,Repetition time,0.0037099999999999998,sec
008,control,FA_1,Flip angle - first scan,14.999999,deg
008,control,FA_2,Flip angle - second scan,14.999999,deg
008,control,weight,Subject body weight,74.0,kg
008,control,dose_1,Contrast agent dose - first scan,0.025,mL/kg
008,control,dose_2,Contrast agent dose - second scan,0.025,mL/kg
008,control,liver_volume,Whole liver volume,1029.309082,mL
008,control,kidney_volume,Both kidneys volume,182.9223633,mL
008,control,T1_aorta_1,First aorta T1,1.7884300537109379,sec
008,control,T1_aorta_2,Second aorta T1,1.63072998046875,sec
008,control,T1_aorta_3,Third aorta T1,1.682119995117188,sec
008,control,T1_liver_1,First liver T1,0.74397998046875,sec
008,control,T1_liver_2,Second liver T1,0.460239990234375,sec
008,control,T1_liver_3,Third liver T1,0.5749299926757813,sec
008,control,T1_kidney_1,First kidney T1,1.419420043945312,sec
008,control,T1_kidney_2,Second kidney T1,1.21897998046875,sec
008,control,T1_kidney_3,Third kidney T1,1.30043994140625,sec
008,control,T1_portal_1,First portal T1,1.762300048828125,sec
008,control,T1_portal_2,Second portal T1,1.633010009765625,sec
008,control,T1_portal_3,Third portal T1,1.648,sec
008,control,T1_time_1,First T1 time,50794.655,sec
008,control,T1_time_2,Second T1 time,55539.45,sec
008,control,T1_time_3,Third T1 time,59098.597,sec
008,control,t0,Baseline length,60.0,sec
009,control,TR,Repetition time,0.0037099999999999998,sec
009,control,FA_1,Flip angle - first scan,12.499999,deg
009,control,FA_2,Flip angle - second scan,13.5,deg
009,control,weight,Subject body weight,82.8,kg
009,control,dose_1,Contrast agent dose - first scan,0.025,mL/kg
009,control,dose_2,Contrast agent dose - second scan,0.025,mL/kg
009,control,liver_volume,Whole liver volume,1186.116609,mL
009,control,kidney_volume,Both kidneys volume,259.8741478,mL
009,control,T1_aorta_1,First aorta T1,1.79881005859375,sec
009,control,T1_aorta_2,Second aorta T1,1.68118994140625,sec
009,control,T1_aorta_3,Third aorta T1,1.548160034179688,sec
009,control,T1_liver_1,First liver T1,0.8470499877929687,sec
009,control,T1_liver_2,Second liver T1,0.6215999755859375,sec
009,control,T1_liver_3,Third liver T1,0.7264299926757812,sec
009,control,T1_kidney_1,First kidney T1,1.393949951171875,sec
009,control,T1_kidney_2,Second kidney T1,1.161630004882812,sec
009,control,T1_kidney_3,Third kidney T1,1.2219599609375,sec
009,control,T1_portal_1,First portal T1,1.798880004882812,sec
009,control,T1_portal_2,Second portal T1,1.519449951171875,sec
009,control,T1_portal_3,Third portal T1,nan,sec
009,control,T1_time_1,First T1 time,49655.237,sec
009,control,T1_time_2,Second T1 time,54560.172,sec
009,control,T1_time_3,Third T1 time,57679.274,sec
009,control,t0,Baseline length,60.0,sec
010,control,TR,Repetition time,0.0037099999999999998,sec
010,control,FA_1,Flip angle - first scan,15.0,deg
010,control,FA_2,Flip angle - second scan,15,deg
010,control,weight,Subject body weight,74.0,kg
010,control,dose_1,Contrast agent dose - first scan,0.025,mL/kg
010,control,dose_2,Contrast agent dose - second scan,0.025,mL/kg
010,control,liver_volume,Whole liver volume,1075.891113,mL
010,control,kidney_volume,Both kidneys volume,194.5678711,mL
010,control,T1_aorta_1,First aorta T1,1.59027001953125,sec
010,control,T1_aorta_2,Second aorta T1,1.4461500244140622,sec
010,control,T1_aorta_3,Third aorta T1,1.34277001953125,sec
010,control,T1_liver_1,First liver T1,0.8063200073242187,sec
010,control,T1_liver_2,Second liver T1,0.5618900146484375,sec
010,control,T1_liver_3,Third liver T1,0.7150399780273438,sec
010,control,T1_kidney_1,First kidney T1,1.370910034179688,sec
010,control,T1_kidney_2,Second kidney T1,1.1658299560546879,sec
010,control,T1_kidney_3,Third kidney T1,1.356630004882812,sec
010,control,T1_portal_1,First portal T1,1.7507900390625,sec
010,control,T1_portal_2,Second portal T1,1.663300048828125,sec
010,control,T1_portal_3,Third portal T1,1.675739990234375,sec
010,control,T1_time_1,First T1 time,49901.983,sec
010,control,T1_time_2,Second T1 time,54075.883,sec
010,control,T1_time_3,Third T1 time,58079.145,sec
010,control,t0,Baseline length,60.0,sec
002,drug,TR,Repetition time,0.0037099999999999998,sec
002,drug,FA_1,Flip angle - first scan,15,deg
002,drug,FA_2,Flip angle - second scan,15,deg
002,drug,weight,Subject body weight,64.45,kg
002,drug,dose_1,Contrast agent dose - first scan,0.0125,mL/kg
002,drug,dose_2,Contrast agent dose - second scan,0.0125,mL/kg
002,drug,liver_volume,Whole liver volume,802.4414063,mL
002,drug,kidney_volume,Both kidneys volume,187.6464844,mL
002,drug,T1_aorta_1,First aorta T1,1.560800048828125,sec
002,drug,T1_aorta_2,Second aorta T1,1.297819946289062,sec
002,drug,T1_aorta_3,Third aorta T1,1.587010009765625,sec
002,drug,T1_liver_1,First liver T1,0.814510009765625,sec
002,drug,T1_liver_2,Second liver T1,0.7183599853515625,sec
002,drug,T1_liver_3,Third liver T1,0.75377001953125,sec
002,drug,T1_kidney_1,First kidney T1,1.448599975585938,sec
002,drug,T1_kidney_2,Second kidney T1,1.2773800048828121,sec
002,drug,T1_kidney_3,Third kidney T1,1.411,sec
002,drug,T1_portal_1,First portal T1,1.520400024414062,sec
002,drug,T1_portal_2,Second portal T1,1.539930053710938,sec
002,drug,T1_portal_3,Third portal T1,1.578300048828125,sec
002,drug,T1_time_1,First T1 time,33800.03,sec
002,drug,T1_time_2,Second T1 time,37821.412,sec
002,drug,T1_time_3,Third T1 time,44028.385,sec
002,drug,t0,Baseline length,60.0,sec
003,drug,TR,Repetition time,0.0037099999999999998,sec
003,drug,FA_1,Flip angle - first scan,15,deg
003,drug,FA_2,Flip angle - second scan,15,deg
003,drug,weight,Subject body weight,77.25,kg
003,drug,dose_1,Contrast agent dose - first scan,0.0125,mL/kg
003,drug,dose_2,Contrast agent dose - second scan,0.0125,mL/kg
003,drug,liver_volume,Whole liver volume,861.7675781,mL
003,drug,kidney_volume,Both kidneys volume,187.5366211,mL
003,drug,T1_aorta_1,First aorta T1,1.71099,sec
003,drug,T1_aorta_2,Second aorta T1,0.5571699829101563,sec
003,drug,T1_aorta_3,Third aorta T1,1.198579956054688,sec
003,drug,T1_liver_1,First liver T1,0.7255399780273437,sec
003,drug,T1_liver_2,Second liver T1,0.689530029296875,sec
003,drug,T1_liver_3,Third liver T1,0.7096699829101563,sec
003,drug,T1_kidney_1,First kidney T1,1.40093994140625,sec
003,drug,T1_kidney_2,Second kidney T1,1.1780400390625,sec
003,drug,T1_kidney_3,Third kidney T1,1.2885400390625,sec
003,drug,T1_portal_1,First portal T1,1.7019200439453122,sec
003,drug,T1_portal_2,Second portal T1,1.593839965820312,sec
003,drug,T1_portal_3,Third portal T1,1.6526700439453121,sec
003,drug,T1_time_1,First T1 time,36122.05,sec
003,drug,T1_time_2,Second T1 time,39785.031,sec
003,drug,T1_time_3,Third T1 time,43812,sec
003,drug,t0,Baseline length,20.0,sec
004,drug,TR,Repetition time,0.0037099999999999998,sec
004,drug,FA_1,Flip angle - first scan,15,deg
004,drug,FA_2,Flip angle - second scan,15,deg
004,drug,weight,Subject body weight,81.35,kg
004,drug,dose_1,Contrast agent dose - first scan,0.025,mL/kg
004,drug,dose_2,Contrast agent dose - second scan,0.025,mL/kg
004,drug,liver_volume,Whole liver volume,983.2763672,mL
004,drug,kidney_volume,Both kidneys volume,197.644043,mL
004,drug,T1_aorta_1,First aorta T1,1.787920043945312,sec
004,drug,T1_aorta_2,Second aorta T1,1.5757099609375,sec
004,drug,T1_aorta_3,Third aorta T1,1.515869995117188,sec
004,drug,T1_liver_1,First liver T1,0.8022899780273437,sec
004,drug,T1_liver_2,Second liver T1,0.709969970703125,sec
004,drug,T1_liver_3,Third liver T1,0.7423300170898437,sec
004,drug,T1_kidney_1,First kidney T1,1.355180053710938,sec
004,drug,T1_kidney_2,Second kidney T1,1.054,sec
004,drug,T1_kidney_3,Third kidney T1,1.222599975585938,sec
004,drug,T1_portal_1,First portal T1,1.73381005859375,sec
004,drug,T1_portal_2,Second portal T1,1.409260009765625,sec
004,drug,T1_portal_3,Third portal T1,1.594829956054688,sec
004,drug,T1_time_1,First T1 time,35820.63,sec
004,drug,T1_time_2,Second T1 time,39542.226,sec
004,drug,T1_time_3,Third T1 time,44999.096,sec
004,drug,t0,Baseline length,60.0,sec
006,drug,TR,Repetition time,0.0037099999999999998,sec
006,drug,FA_1,Flip angle - first scan,15,deg
006,drug,FA_2,Flip angle - second scan,15,deg
006,drug,weight,Subject body weight,56.35,kg
006,drug,dose_1,Contrast agent dose - first scan,0.025,mL/kg
006,drug,dose_2,Contrast agent dose - second scan,0.025,mL/kg
006,drug,liver_volume,Whole liver volume,705.7617188,mL
006,drug,kidney_volume,Both kidneys volume,151.6113281,mL
006,drug,T1_aorta_1,First aorta T1,1.781569946289062,sec
006,drug,T1_aorta_2,Second aorta T1,1.7205400390625,sec
006,drug,T1_aorta_3,Third aorta T1,1.656099975585938,sec
006,drug,T1_liver_1,First liver T1,0.836510009765625,sec
006,drug,T1_liver_2,Second liver T1,0.754489990234375,sec
006,drug,T1_liver_3,Third liver T1,0.7904400024414062,sec
006,drug,T1_kidney_1,First kidney T1,1.474819946289062,sec
006,drug,T1_kidney_2,Second kidney T1,1.32002001953125,sec
006,drug,T1_kidney_3,Third kidney T1,1.34302001953125,sec
006,drug,T1_portal_1,First portal T1,1.8067099609375,sec
006,drug,T1_portal_2,Second portal T1,1.529260009765625,sec
006,drug,T1_portal_3,Third portal T1,1.5203699951171878,sec
006,drug,T1_time_1,First T1 time,40022.25,sec
006,drug,T1_time_2,Second T1 time,43619.957,sec
006,drug,T1_time_3,Third T1 time,49413.508,sec
006,drug,t0,Baseline length,60.0,sec
007,drug,TR,Repetition time,0.0037099999999999998,sec
007,drug,FA_1,Flip angle - first scan,15,deg
007,drug,FA_2,Flip angle - second scan,15,deg
007,drug,weight,Subject body weight,72.3,kg
007,drug,dose_1,Contrast agent dose - first scan,0.025,mL/kg
007,drug,dose_2,Contrast agent dose - second scan,0.025,mL/kg
007,drug,liver_volume,Whole liver volume,1115.5517579999998,mL
007,drug,kidney_volume,Both kidneys volume,176.11083979999998,mL
007,drug,T1_aorta_1,First aorta T1,1.70381005859375,sec
007,drug,T1_aorta_2,Second aorta T1,1.55806005859375,sec
007,drug,T1_aorta_3,Third aorta T1,1.587609985351562,sec
007,drug,T1_liver_1,First liver T1,0.84047998046875,sec
007,drug,T1_liver_2,Second liver T1,0.7546400146484376,sec
007,drug,T1_liver_3,Third liver T1,0.80072998046875,sec
007,drug,T1_kidney_1,First kidney T1,1.509530029296875,sec
007,drug,T1_kidney_2,Second kidney T1,1.1647900390625,sec
007,drug,T1_kidney_3,Third kidney T1,1.323640014648438,sec
007,drug,T1_portal_1,First portal T1,1.771530029296875,sec
007,drug,T1_portal_2,Second portal T1,1.5667099609375,sec
007,drug,T1_portal_3,Third portal T1,1.683380004882812,sec
007,drug,T1_time_1,First T1 time,50966.509,sec
007,drug,T1_time_2,Second T1 time,56353.678,sec
007,drug,T1_time_3,Third T1 time,60013.114,sec
007,drug,t0,Baseline length,60.0,sec
008,drug,TR,Repetition time,0.0037099999999999998,sec
008,drug,FA_1,Flip angle - first scan,14.5,deg
008,drug,FA_2,Flip angle - second scan,14.999999,deg
008,drug,weight,Subject body weight,74.7,kg
008,drug,dose_1,Contrast agent dose - first scan,0.025,mL/kg
008,drug,dose_2,Contrast agent dose - second scan,0.025,mL/kg
008,drug,liver_volume,Whole liver volume,880.6640625,mL
008,drug,kidney_volume,Both kidneys volume,188.5253906,mL
008,drug,T1_aorta_1,First aorta T1,1.6791400146484379,sec
008,drug,T1_aorta_2,Second aorta T1,1.488430053710938,sec
008,drug,T1_aorta_3,Third aorta T1,1.601670043945312,sec
008,drug,T1_liver_1,First liver T1,0.70625,sec
008,drug,T1_liver_2,Second liver T1,0.6151199951171875,sec
008,drug,T1_liver_3,Third liver T1,0.6568800048828125,sec
008,drug,T1_kidney_1,First kidney T1,1.447089965820312,sec
008,drug,T1_kidney_2,Second kidney T1,1.1332099609375,sec
008,drug,T1_kidney_3,Third kidney T1,1.23352001953125,sec
008,drug,T1_portal_1,First portal T1,1.70247998046875,sec
008,drug,T1_portal_2,Second portal T1,1.423109985351562,sec
008,drug,T1_portal_3,Third portal T1,1.544910034179688,sec
008,drug,T1_time_1,First T1 time,54203.529,sec
008,drug,T1_time_2,Second T1 time,58217.241,sec
008,drug,T1_time_3,Third T1 time,61716.854,sec
008,drug,t0,Baseline length,60.0,sec
009,drug,TR,Repetition time,0.0037099999999999998,sec
009,drug,FA_1,Flip angle - first scan,12,deg
009,drug,FA_2,Flip angle - second scan,12,deg
009,drug,weight,Subject body weight,85.0,kg
009,drug,dose_1,Contrast agent dose - first scan,0.025,mL/kg
009,drug,dose_2,Contrast agent dose - second scan,0.025,mL/kg
009,drug,liver_volume,Whole liver volume,1199.815611,mL
009,drug,kidney_volume,Both kidneys volume,216.7426348,mL
009,drug,T1_aorta_1,First aorta T1,1.918819946289062,sec
009,drug,T1_aorta_2,Second aorta T1,1.739680053710938,sec
009,drug,T1_aorta_3,Third aorta T1,1.6378199462890621,sec
009,drug,T1_liver_1,First liver T1,0.8813200073242188,sec
009,drug,T1_liver_2,Second liver T1,0.8171500244140625,sec
009,drug,T1_liver_3,Third liver T1,0.8295399780273438,sec
009,drug,T1_kidney_1,First kidney T1,1.449739990234375,sec
009,drug,T1_kidney_2,Second kidney T1,1.194530029296875,sec
009,drug,T1_kidney_3,Third kidney T1,1.30002001953125,sec
009,drug,T1_portal_1,First portal T1,1.868550048828125,sec
009,drug,T1_portal_2,Second portal T1,1.703550048828125,sec
009,drug,T1_portal_3,Third portal T1,1.80522998046875,sec
009,drug,T1_time_1,First T1 time,50108.189,sec
009,drug,T1_time_2,Second T1 time,54550.621,sec
009,drug,T1_time_3,Third T1 time,59530.646,sec
009,drug,t0,Baseline length,60.0,sec
010,drug,TR,Repetition time,0.0037099999999999998,sec
010,drug,FA_1,Flip angle - first scan,14.499999,deg
010,drug,FA_2,Flip angle - second scan,15,deg
010,drug,weight,Subject body weight,74.0,kg
010,drug,dose_1,Contrast agent dose - first scan,0.025,mL/kg
010,drug,dose_2,Contrast agent dose - second scan,0.025,mL/kg
010,drug,liver_volume,Whole liver volume,1109.069824,mL
010,drug,kidney_volume,Both kidneys volume,191.4916992,mL
010,drug,T1_aorta_1,First aorta T1,1.723430053710938,sec
010,drug,T1_aorta_2,Second aorta T1,1.627920043945312,sec
010,drug,T1_aorta_3,Third aorta T1,1.6082900390625,sec
010,drug,T1_liver_1,First liver T1,0.8304400024414063,sec
010,drug,T1_liver_2,Second liver T1,0.7540599975585938,sec
010,drug,T1_liver_3,Third liver T1,0.785260009765625,sec
010,drug,T1_kidney_1,First kidney T1,1.413699951171875,sec
010,drug,T1_kidney_2,Second kidney T1,1.134680053710938,sec
010,drug,T1_kidney_3,Third kidney T1,1.232400024414062,sec
010,drug,T1_portal_1,First portal T1,1.640010009765625,sec
010,drug,T1_portal_2,Second portal T1,1.570109985351562,sec
010,drug,T1_portal_3,Third portal T1,nan,sec
010,drug,T1_time_1,First T1 time,50057.229,sec
010,drug,T1_time_2,Second T1 time,54085.239,sec
010,drug,T1_time_3,Third T1 time,57162.112,sec
010,drug,t0,Baseline length,60.0,sec
