subject,study,parameter,value
LDS-010,drug_20,BAT,0.003303868763152236
LDS-010,drug_20,CO,0.19869417382905627
LDS-010,drug_20,Thl,0.6425814482435994
LDS-010,drug_20,Dhl,1.2040705069162791
LDS-010,drug_20,To,3.670792930667819
LDS-010,drug_20,Eo,3.7286671317974833
LDS-010,drug_20,Toe,0.341594799014609
LDS-010,drug_20,Eb,0.5461450334293158
LDS-010,drug_20,H,0
LDS-010,drug_20,ve,2.639360229237447
LDS-010,drug_20,Te,6.830766090393422
LDS-010,drug_20,De,6.636981514539814
LDS-010,drug_20,khe,0.7792691512065535
LDS-010,drug_20,Th,21302.210799905402
LDS-010,drug_20,Kbh,0
LDS-010,drug_20,Khe,0
LDS-010,drug_20,kbh,0
LDS-010,drug_20,CL,0.0
LDS-010,drug_20,AUC_Cb,0
LDS-010,drug_20,AUC_Cl,0
LDS-010,drug_20,AUC35_Cb,0
LDS-010,drug_20,AUC35_Cl,0
LDS-010,drug_20,RE_R1b,0
LDS-010,drug_20,RE_R1l,0
LDS-010,drug_20,RE_Sb,0
LDS-010,drug_20,RE_Sl,0
LDS-010,drug_20,T1_1,0
LDS-010,drug_20,T1_2,0
LDS-010,drug_20,t1_MOLLI,0
LDS-010,drug_20,t2_MOLLI,0
