subject,study,parameter,value
LDS-006,drug,BAT,0.00703989719725319
LDS-006,drug,CO,0.11039909572378957
LDS-006,drug,Thl,0.501526429935493
LDS-006,drug,Dhl,0.7269686528045683
LDS-006,drug,To,1.0291428080324094
LDS-006,drug,Eo,0.6957920232436499
LDS-006,drug,Toe,0.36822738811216743
LDS-006,drug,Eb,0.17670538584016018
LDS-006,drug,H,0
LDS-006,drug,ve,1.0960931620400456
LDS-006,drug,Te,2.8869267989691534
LDS-006,drug,De,3.043401287989596
LDS-006,drug,khe,0.21652903662011044
LDS-006,drug,Th,2502.938164160537
LDS-006,drug,Kbh,0
LDS-006,drug,Khe,0
LDS-006,drug,kbh,0
LDS-006,drug,CL,0.0
LDS-006,drug,AUC_Cb,0
LDS-006,drug,AUC_Cl,0
LDS-006,drug,AUC35_Cb,0
LDS-006,drug,AUC35_Cl,0
LDS-006,drug,RE_R1b,0
LDS-006,drug,RE_R1l,0
LDS-006,drug,RE_Sb,0
LDS-006,drug,RE_Sl,0
LDS-006,drug,T1_1,0
LDS-006,drug,T1_2,0
LDS-006,drug,t1_MOLLI,0
LDS-006,drug,t2_MOLLI,0
