subject,study,parameter,value
LDS-006,drug_05,BAT,0.008430551335938024
LDS-006,drug_05,CO,0.35581341961882124
LDS-006,drug_05,Thl,0.580867955674965
LDS-006,drug_05,Dhl,2.3150104620185386
LDS-006,drug_05,To,8.980036322265951
LDS-006,drug_05,Eo,18.903092634967336
LDS-006,drug_05,Toe,1.9980260079645182
LDS-006,drug_05,Eb,6.689450913558918
LDS-006,drug_05,H,0
LDS-006,drug_05,ve,7.211707052427347
LDS-006,drug_05,Te,12.298797110557741
LDS-006,drug_05,De,10.285264789757276
LDS-006,drug_05,khe,6.252420134795711
LDS-006,drug_05,Th,0.0
LDS-006,drug_05,Kbh,0
LDS-006,drug_05,Khe,0
LDS-006,drug_05,kbh,0
LDS-006,drug_05,CL,0.0
LDS-006,drug_05,AUC_Cb,0
LDS-006,drug_05,AUC_Cl,0
LDS-006,drug_05,AUC35_Cb,0
LDS-006,drug_05,AUC35_Cl,0
LDS-006,drug_05,RE_R1b,0
LDS-006,drug_05,RE_R1l,0
LDS-006,drug_05,RE_Sb,0
LDS-006,drug_05,RE_Sl,0
LDS-006,drug_05,T1_1,0
LDS-006,drug_05,T1_2,0
LDS-006,drug_05,t1_MOLLI,0
LDS-006,drug_05,t2_MOLLI,0
