subject,study,parameter,value
SHF-003,drug,S02a,89.62543796062651
SHF-003,drug,S02l,212.5181707358983
SHF-003,drug,BAT2,0.005590347329144306
SHF-003,drug,BAT,0.007383869990587852
SHF-003,drug,CO,0.20201062885149618
SHF-003,drug,Thl,0.4034758138826649
SHF-003,drug,Dhl,0.9214864640979691
SHF-003,drug,To,0.736828767669423
SHF-003,drug,Eo,0.5304184768736397
SHF-003,drug,Toe,0.29420097011255014
SHF-003,drug,Eb,0.21213017227203979
SHF-003,drug,H,0
SHF-003,drug,ve,1.6075331099775731
SHF-003,drug,Te,1.5367253484821466
SHF-003,drug,De,4.572099833299075
SHF-003,drug,khe_i,0.6534304911389036
SHF-003,drug,khe_f,1.042415621624754
SHF-003,drug,Th_i,2.316613148416147
SHF-003,drug,Th_f,2.846105370876481
SHF-003,drug,Th,0.0
SHF-003,drug,khe,0
SHF-003,drug,Kbh,0
SHF-003,drug,Khe,0
SHF-003,drug,kbh,0
SHF-003,drug,kbh_i,0
SHF-003,drug,kbh_f,0
SHF-003,drug,CL,0.0
SHF-003,drug,AUC_Cb,0
SHF-003,drug,AUC_Cl,0
SHF-003,drug,AUC35_Cb,0
SHF-003,drug,AUC35_Cl,0
SHF-003,drug,RE_R1b,0
SHF-003,drug,RE_R1l,0
SHF-003,drug,RE_Sb,0
SHF-003,drug,RE_Sl,0
SHF-003,drug,T1_1,0
SHF-003,drug,T1_2,0
SHF-003,drug,t1_MOLLI,0
SHF-003,drug,t2_MOLLI,0
SHF-003,drug,T1_3,0
SHF-003,drug,t3_MOLLI,0
SHF-003,drug,t0,0
SHF-003,drug,t1,0
SHF-003,drug,t2,0
SHF-003,drug,t3,0
SHF-003,drug,dt1,0
SHF-003,drug,dt2,0
