subject,study,parameter,value
SHF-021,control_05,BAT,1.2752094577867947
SHF-021,control_05,CO,7.662284415393645
SHF-021,control_05,Thl,16.964606687073257
SHF-021,control_05,Dhl,47.013063618585605
SHF-021,control_05,To,35.248755561284554
SHF-021,control_05,Eo,11.164838703074723
SHF-021,control_05,Toe,12.91177743416969
SHF-021,control_05,Eb,13.753495895923749
SHF-021,control_05,H,45.0
SHF-021,control_05,ve,41.205967606396015
SHF-021,control_05,Te,59.02274973308393
SHF-021,control_05,De,91.93310123644135
SHF-021,control_05,khe,33.675796046129044
SHF-021,control_05,Th,472.71926190885154
SHF-021,control_05,Kbh,0.2115420463219494
SHF-021,control_05,Khe,81.72553152447236
SHF-021,control_05,kbh,0.12437409924061969
SHF-021,control_05,CL,0.33150304625882243
SHF-021,control_05,AUC_Cb,19.348117464641174
SHF-021,control_05,AUC_Cl,929.0072248930326
SHF-021,control_05,AUC35_Cb,16.71793756529171
SHF-021,control_05,AUC35_Cl,161.61892949149677
SHF-021,control_05,RE_R1b,4.761532293601121
SHF-021,control_05,RE_R1l,67.29203327437699
SHF-021,control_05,RE_Sb,33.0966819076269
SHF-021,control_05,RE_Sl,42.76954021566474
SHF-021,control_05,T1_1,0.80253
SHF-021,control_05,T1_2,0.47129
SHF-021,control_05,t1_MOLLI,11.305833333333334
SHF-021,control_05,t2_MOLLI,12.15
