subject,study,parameter,value
SHF-021,control_05,BAT,0.050479340216355265
SHF-021,control_05,CO,0.49409037993038046
SHF-021,control_05,Thl,4.935247521543852
SHF-021,control_05,Dhl,8.729999705202328
SHF-021,control_05,To,23.495933210153506
SHF-021,control_05,Eo,4290.954964840579
SHF-021,control_05,Toe,5689.871909853075
SHF-021,control_05,Eb,4193.471283949022
SHF-021,control_05,H,0
SHF-021,control_05,ve,211.58899633809108
SHF-021,control_05,Te,245.32625234821404
SHF-021,control_05,De,36.52855087026406
SHF-021,control_05,khe,127.66798190480259
SHF-021,control_05,Th,317813.78991557175
SHF-021,control_05,Kbh,0
SHF-021,control_05,Khe,0
SHF-021,control_05,kbh,0
SHF-021,control_05,CL,0.0
SHF-021,control_05,AUC_Cb,0
SHF-021,control_05,AUC_Cl,0
SHF-021,control_05,AUC35_Cb,0
SHF-021,control_05,AUC35_Cl,0
SHF-021,control_05,RE_R1b,0
SHF-021,control_05,RE_R1l,0
SHF-021,control_05,RE_Sb,0
SHF-021,control_05,RE_Sl,0
SHF-021,control_05,T1_1,0
SHF-021,control_05,T1_2,0
SHF-021,control_05,t1_MOLLI,0
SHF-021,control_05,t2_MOLLI,0
