subject,study,parameter,value
SHF-007,control_30,BAT,1.1010844577026389
SHF-007,control_30,CO,5.093394394472955
SHF-007,control_30,Thl,11.910449133558801
SHF-007,control_30,Dhl,47.14822053862458
SHF-007,control_30,To,39.90808868242324
SHF-007,control_30,Eo,18.447806455853616
SHF-007,control_30,Toe,6.334505267738419
SHF-007,control_30,Eb,6.7166587649245075
SHF-007,control_30,H,45.0
SHF-007,control_30,ve,14.854634550288303
SHF-007,control_30,Te,42.2343642026975
SHF-007,control_30,De,86.32188905003095
SHF-007,control_30,khe,31.338178375310275
SHF-007,control_30,Th,51.996541381948674
SHF-007,control_30,Kbh,1.9232048390571683
SHF-007,control_30,Khe,210.96566374096395
SHF-007,control_30,kbh,1.6375197885617656
SHF-007,control_30,CL,0.22022138327673868
SHF-007,control_30,AUC_Cb,59.57701206648142
SHF-007,control_30,AUC_Cl,927.6107591822496
SHF-007,control_30,AUC35_Cb,40.757938114042226
SHF-007,control_30,AUC35_Cl,241.69427198177644
SHF-007,control_30,RE_R1b,18.097523004382154
SHF-007,control_30,RE_R1l,97.27255932653266
SHF-007,control_30,RE_Sb,10.614132260316886
SHF-007,control_30,RE_Sl,80.28930278544851
SHF-007,control_30,T1_1,0.74539
SHF-007,control_30,T1_2,0.37404
SHF-007,control_30,t1_MOLLI,13.813055555555556
SHF-007,control_30,t2_MOLLI,14.628055555555555
