subject,study,parameter,value
SHF-007,control_30,BAT,0.010865433200433637
SHF-007,control_30,CO,0.12493198569275675
SHF-007,control_30,Thl,0.8822055129785726
SHF-007,control_30,Dhl,0.9289876724974053
SHF-007,control_30,To,2.1838732747419436
SHF-007,control_30,Eo,1.0060955725005156
SHF-007,control_30,Toe,0.7710008150584353
SHF-007,control_30,Eb,0.6059592755443954
SHF-007,control_30,H,0
SHF-007,control_30,ve,9.40483399970619
SHF-007,control_30,Te,28.36923155128274
SHF-007,control_30,De,11.089745935395598
SHF-007,control_30,khe,0.8928759801063879
SHF-007,control_30,Th,4.214285982214655
SHF-007,control_30,Kbh,0
SHF-007,control_30,Khe,0
SHF-007,control_30,kbh,0
SHF-007,control_30,CL,0.0
SHF-007,control_30,AUC_Cb,0
SHF-007,control_30,AUC_Cl,0
SHF-007,control_30,AUC35_Cb,0
SHF-007,control_30,AUC35_Cl,0
SHF-007,control_30,RE_R1b,0
SHF-007,control_30,RE_R1l,0
SHF-007,control_30,RE_Sb,0
SHF-007,control_30,RE_Sl,0
SHF-007,control_30,T1_1,0
SHF-007,control_30,T1_2,0
SHF-007,control_30,t1_MOLLI,0
SHF-007,control_30,t2_MOLLI,0
