subject,study,parameter,value
SHF-014,control_40,BAT,1.2802963461026484
SHF-014,control_40,CO,17.999999999999993
SHF-014,control_40,Thl,29.99999999961935
SHF-014,control_40,Dhl,87.42731387292166
SHF-014,control_40,To,59.99999999999881
SHF-014,control_40,Eo,42.01232882902811
SHF-014,control_40,Toe,5.5138744818820475
SHF-014,control_40,Eb,4.753646253680797
SHF-014,control_40,H,45.0
SHF-014,control_40,ve,35.36361505729918
SHF-014,control_40,Te,59.99999984111629
SHF-014,control_40,De,99.99999999999999
SHF-014,control_40,khe,36.0599170138725
SHF-014,control_40,Th,25.408577087363554
SHF-014,control_40,Kbh,3.9356788715938364
SHF-014,control_40,Khe,101.96897844138705
SHF-014,control_40,kbh,2.543880545551936
SHF-014,control_40,CL,0.4027035160715118
SHF-014,control_40,AUC_Cb,25.701652875068906
SHF-014,control_40,AUC_Cl,236.59917870813686
SHF-014,control_40,AUC35_Cb,9.476742916543847
SHF-014,control_40,AUC35_Cl,51.92709195084086
SHF-014,control_40,RE_R1b,5.77730980872605
SHF-014,control_40,RE_R1l,19.62307115057937
SHF-014,control_40,RE_Sb,4.3313766473709725
SHF-014,control_40,RE_Sl,15.80900886455402
SHF-014,control_40,T1_1,0.72913
SHF-014,control_40,T1_2,0.55618
SHF-014,control_40,t1_MOLLI,12.436666666666667
SHF-014,control_40,t2_MOLLI,13.284722222222221
