subject,study,parameter,value
SHF-014,control_40,BAT,0.0653914630141419
SHF-014,control_40,CO,1.0569997269000166
SHF-014,control_40,Thl,4.923012792083808
SHF-014,control_40,Dhl,11.091601108293665
SHF-014,control_40,To,13.673813728569149
SHF-014,control_40,Eo,3.58210086971345
SHF-014,control_40,Toe,1.0391654820611385
SHF-014,control_40,Eb,1.705132973642662
SHF-014,control_40,H,0
SHF-014,control_40,ve,19.86922134486142
SHF-014,control_40,Te,44.21609473639187
SHF-014,control_40,De,9.428888947323264
SHF-014,control_40,khe,2.952040524711368
SHF-014,control_40,Th,2.3859002410092978
SHF-014,control_40,Kbh,0
SHF-014,control_40,Khe,0
SHF-014,control_40,kbh,0
SHF-014,control_40,CL,0.0
SHF-014,control_40,AUC_Cb,0
SHF-014,control_40,AUC_Cl,0
SHF-014,control_40,AUC35_Cb,0
SHF-014,control_40,AUC35_Cl,0
SHF-014,control_40,RE_R1b,0
SHF-014,control_40,RE_R1l,0
SHF-014,control_40,RE_Sb,0
SHF-014,control_40,RE_Sl,0
SHF-014,control_40,T1_1,0
SHF-014,control_40,T1_2,0
SHF-014,control_40,t1_MOLLI,0
SHF-014,control_40,t2_MOLLI,0
