subject,study,parameter,value
SHF-004,drug_10,BAT,0.013265912567598358
SHF-004,drug_10,CO,0.20469064950226518
SHF-004,drug_10,Thl,0.9998653830772729
SHF-004,drug_10,Dhl,1.6737411893299803
SHF-004,drug_10,To,1.6115941239244738
SHF-004,drug_10,Eo,1.7507133448048355
SHF-004,drug_10,Toe,0.6156437727563204
SHF-004,drug_10,Eb,1.4775077345401217
SHF-004,drug_10,H,0
SHF-004,drug_10,ve,5.994685343050615
SHF-004,drug_10,Te,4.53763931882065
SHF-004,drug_10,De,6.865727760156826
SHF-004,drug_10,khe,1.7574103087892212
SHF-004,drug_10,Th,43710.42602354832
SHF-004,drug_10,Kbh,0
SHF-004,drug_10,Khe,0
SHF-004,drug_10,kbh,0
SHF-004,drug_10,CL,0.0
SHF-004,drug_10,AUC_Cb,0
SHF-004,drug_10,AUC_Cl,0
SHF-004,drug_10,AUC35_Cb,0
SHF-004,drug_10,AUC35_Cl,0
SHF-004,drug_10,RE_R1b,0
SHF-004,drug_10,RE_R1l,0
SHF-004,drug_10,RE_Sb,0
SHF-004,drug_10,RE_Sl,0
SHF-004,drug_10,T1_1,0
SHF-004,drug_10,T1_2,0
SHF-004,drug_10,t1_MOLLI,0
SHF-004,drug_10,t2_MOLLI,0
