subject,study,parameter,value
SHF-021,control_30,BAT,1.2072025174936805
SHF-021,control_30,CO,7.504580708850272
SHF-021,control_30,Thl,21.355213543404837
SHF-021,control_30,Dhl,38.53297476016243
SHF-021,control_30,To,25.29112235009133
SHF-021,control_30,Eo,25.857077682370317
SHF-021,control_30,Toe,5.361118062016808
SHF-021,control_30,Eb,5.192275904534408
SHF-021,control_30,H,45.0
SHF-021,control_30,ve,25.343793289661953
SHF-021,control_30,Te,35.806362102053754
SHF-021,control_30,De,86.2834286924826
SHF-021,control_30,khe,41.53630555210873
SHF-021,control_30,Th,24.111029993658896
SHF-021,control_30,Kbh,4.147479391228811
SHF-021,control_30,Khe,163.89143123674347
SHF-021,control_30,kbh,3.096350787584451
SHF-021,control_30,CL,0.4088815540395829
SHF-021,control_30,AUC_Cb,51.816474570253284
SHF-021,control_30,AUC_Cl,535.8232575465767
SHF-021,control_30,AUC35_Cb,28.757858283673276
SHF-021,control_30,AUC35_Cl,173.93490374394077
SHF-021,control_30,RE_R1b,17.49975398036567
SHF-021,control_30,RE_R1l,73.96629094816983
SHF-021,control_30,RE_Sb,17.316651454961445
SHF-021,control_30,RE_Sl,63.99472921298144
SHF-021,control_30,T1_1,0.80253
SHF-021,control_30,T1_2,0.47129
SHF-021,control_30,t1_MOLLI,11.305833333333334
SHF-021,control_30,t2_MOLLI,12.15
