subject,study,parameter,value
SHF-021,control_30,BAT,0.03162611731980676
SHF-021,control_30,CO,0.342563799307735
SHF-021,control_30,Thl,1.7152312007866115
SHF-021,control_30,Dhl,2.5347159323260686
SHF-021,control_30,To,1.9326151462113816
SHF-021,control_30,Eo,1.5506301678825662
SHF-021,control_30,Toe,0.5965162792638298
SHF-021,control_30,Eb,0.8369852186371589
SHF-021,control_30,H,0
SHF-021,control_30,ve,6.424304841438942
SHF-021,control_30,Te,11.67320234240384
SHF-021,control_30,De,7.274704428237171
SHF-021,control_30,khe,1.4728427098113412
SHF-021,control_30,Th,1.4258533005778065
SHF-021,control_30,Kbh,0
SHF-021,control_30,Khe,0
SHF-021,control_30,kbh,0
SHF-021,control_30,CL,0.0
SHF-021,control_30,AUC_Cb,0
SHF-021,control_30,AUC_Cl,0
SHF-021,control_30,AUC35_Cb,0
SHF-021,control_30,AUC35_Cl,0
SHF-021,control_30,RE_R1b,0
SHF-021,control_30,RE_R1l,0
SHF-021,control_30,RE_Sb,0
SHF-021,control_30,RE_Sl,0
SHF-021,control_30,T1_1,0
SHF-021,control_30,T1_2,0
SHF-021,control_30,t1_MOLLI,0
SHF-021,control_30,t2_MOLLI,0
