subject,study,parameter,value
LDS-010,control,BAT,1.2427546203713329
LDS-010,control,CO,6.203182612576608
LDS-010,control,Thl,13.024430591020126
LDS-010,control,Dhl,44.694545032114
LDS-010,control,To,45.48073113069628
LDS-010,control,Eo,14.234990723950954
LDS-010,control,Toe,13.286512399934344
LDS-010,control,Eb,3.7411491401125057
LDS-010,control,H,45.0
LDS-010,control,ve,10.204435097997019
LDS-010,control,Te,59.92881041249099
LDS-010,control,De,84.1620679194517
LDS-010,control,khe,24.00807827810986
LDS-010,control,Th,35.25744394876178
LDS-010,control,Kbh,2.8362804786792246
LDS-010,control,Khe,235.27101743066888
LDS-010,control,kbh,2.5468540780352438
LDS-010,control,CL,0.2583007805962674
LDS-010,control,AUC_Cb,79.49445102173596
LDS-010,control,AUC_Cl,638.8142941355125
LDS-010,control,AUC35_Cb,36.256284699308885
LDS-010,control,AUC35_Cl,144.7248708144751
LDS-010,control,RE_R1b,18.776412750828833
LDS-010,control,RE_R1l,63.26723589311637
LDS-010,control,RE_Sb,16.70244832693715
LDS-010,control,RE_Sl,51.768162608823
LDS-010,control,T1_1,0.806320007
LDS-010,control,T1_2,0.561890015
LDS-010,control,t1_MOLLI,13.861661944444444
LDS-010,control,t2_MOLLI,15.021078611111111
