subject,study,parameter,value
LDS-010,control,BAT,0.023951264907135134
LDS-010,control,CO,0.20529128242193714
LDS-010,control,Thl,1.6771377838466148
LDS-010,control,Dhl,3.0308534886995804
LDS-010,control,To,1.4593979735780687
LDS-010,control,Eo,0.45575888340942505
LDS-010,control,Toe,1.0335465919365516
LDS-010,control,Eb,0.4555658527667628
LDS-010,control,H,0
LDS-010,control,ve,25.211402019379943
LDS-010,control,Te,115.31821791089939
LDS-010,control,De,29.28518910312961
LDS-010,control,khe,1.1930404061809128
LDS-010,control,Th,1.0682146964655856
LDS-010,control,Kbh,0
LDS-010,control,Khe,0
LDS-010,control,kbh,0
LDS-010,control,CL,0.0
LDS-010,control,AUC_Cb,0
LDS-010,control,AUC_Cl,0
LDS-010,control,AUC35_Cb,0
LDS-010,control,AUC35_Cl,0
LDS-010,control,RE_R1b,0
LDS-010,control,RE_R1l,0
LDS-010,control,RE_Sb,0
LDS-010,control,RE_Sl,0
LDS-010,control,T1_1,0
LDS-010,control,T1_2,0
LDS-010,control,t1_MOLLI,0
LDS-010,control,t2_MOLLI,0
