subject,study,parameter,value
LDS-004,control_05,BAT,1.1195103549512602
LDS-004,control_05,CO,3.525969142438193
LDS-004,control_05,Thl,16.691677180333986
LDS-004,control_05,Dhl,35.25735210921847
LDS-004,control_05,To,34.430823446546185
LDS-004,control_05,Eo,39.30886135778974
LDS-004,control_05,Toe,4.578275451672281
LDS-004,control_05,Eb,11.083865693541304
LDS-004,control_05,H,45.0
LDS-004,control_05,ve,8.116780222149625
LDS-004,control_05,Te,40.823698792548214
LDS-004,control_05,De,71.27273510640465
LDS-004,control_05,khe,17.279035822067524
LDS-004,control_05,Th,599.9862533619942
LDS-004,control_05,Kbh,0.16667048526471198
LDS-004,control_05,Khe,212.88041993443787
LDS-004,control_05,kbh,0.15314220828058506
LDS-004,control_05,CL,0.15310044130509176
LDS-004,control_05,AUC_Cb,69.43094058963081
LDS-004,control_05,AUC_Cl,1636.6955857251094
LDS-004,control_05,AUC35_Cb,47.393134011670654
LDS-004,control_05,AUC35_Cl,197.91828617174824
LDS-004,control_05,RE_R1b,28.479834660584647
LDS-004,control_05,RE_R1l,84.41796317219196
LDS-004,control_05,RE_Sb,15.406238580887175
LDS-004,control_05,RE_Sl,60.901091182059005
LDS-004,control_05,T1_1,0.802359985
LDS-004,control_05,T1_2,0.502459991
LDS-004,control_05,t1_MOLLI,9.83225138888889
LDS-004,control_05,t2_MOLLI,10.700175833333335
