subject,study,parameter,value
LDS-004,control_05,BAT,0.011004145980485826
LDS-004,control_05,CO,0.07885715876874921
LDS-004,control_05,Thl,0.7688636175043438
LDS-004,control_05,Dhl,1.0071995511038547
LDS-004,control_05,To,7.529758532424978
LDS-004,control_05,Eo,170.9112295556748
LDS-004,control_05,Toe,29.984621310903574
LDS-004,control_05,Eb,260.80977634193
LDS-004,control_05,H,0
LDS-004,control_05,ve,56.623932441946145
LDS-004,control_05,Te,43.16328483596034
LDS-004,control_05,De,32.27335831727408
LDS-004,control_05,khe,6.870161384591153
LDS-004,control_05,Th,60540.919526143
LDS-004,control_05,Kbh,0
LDS-004,control_05,Khe,0
LDS-004,control_05,kbh,0
LDS-004,control_05,CL,0.0
LDS-004,control_05,AUC_Cb,0
LDS-004,control_05,AUC_Cl,0
LDS-004,control_05,AUC35_Cb,0
LDS-004,control_05,AUC35_Cl,0
LDS-004,control_05,RE_R1b,0
LDS-004,control_05,RE_R1l,0
LDS-004,control_05,RE_Sb,0
LDS-004,control_05,RE_Sl,0
LDS-004,control_05,T1_1,0
LDS-004,control_05,T1_2,0
LDS-004,control_05,t1_MOLLI,0
LDS-004,control_05,t2_MOLLI,0
