subject,study,parameter,value
SHF-005,drug_35,BAT,0.045133447275417286
SHF-005,drug_35,CO,0.20315525917794247
SHF-005,drug_35,Thl,3.0588923939926107
SHF-005,drug_35,Dhl,16.54063368045161
SHF-005,drug_35,To,3.183726288987412
SHF-005,drug_35,Eo,1.2408953050985938
SHF-005,drug_35,Toe,0.7668198126099668
SHF-005,drug_35,Eb,0.6543319424142352
SHF-005,drug_35,H,0
SHF-005,drug_35,ve,1.6479732130776
SHF-005,drug_35,Te,5.243417971734246
SHF-005,drug_35,De,4.961415017438276
SHF-005,drug_35,khe,0.37340608549060833
SHF-005,drug_35,Th,470.2512069920697
SHF-005,drug_35,Kbh,0
SHF-005,drug_35,Khe,0
SHF-005,drug_35,kbh,0
SHF-005,drug_35,CL,0.0
SHF-005,drug_35,AUC_Cb,0
SHF-005,drug_35,AUC_Cl,0
SHF-005,drug_35,AUC35_Cb,0
SHF-005,drug_35,AUC35_Cl,0
SHF-005,drug_35,RE_R1b,0
SHF-005,drug_35,RE_R1l,0
SHF-005,drug_35,RE_Sb,0
SHF-005,drug_35,RE_Sl,0
SHF-005,drug_35,T1_1,0
SHF-005,drug_35,T1_2,0
SHF-005,drug_35,t1_MOLLI,0
SHF-005,drug_35,t2_MOLLI,0
