subject,study,parameter,value
LDS-003,control,dose_2,0.0
LDS-003,control,TR,0.00371
LDS-003,control,dose_1,0.0125
LDS-003,control,T1_liver_2,0.529400024
LDS-003,control,T1_liver_3,0.659650024
LDS-003,control,T1_liver_1,0.706900024
LDS-003,control,T1_kidney_2,1.319859985
LDS-003,control,T1_kidney_1,1.39097998
LDS-003,control,T1_kidney_3,1.402119995
LDS-003,control,T1_aorta_2,1.602300049
LDS-003,control,T1_portal_2,1.66425
LDS-003,control,T1_portal_1,1.668319946
LDS-003,control,T1_aorta_1,1.66832
LDS-003,control,T1_portal_3,1.691369995
LDS-003,control,T1_aorta_3,1.72548999
LDS-003,control,FA_1,15.0
LDS-003,control,FA_2,15.0
LDS-003,control,t0,60.0
LDS-003,control,weight,76.3
LDS-003,control,kidney_volume,205.7739258
LDS-003,control,liver_volume,874.0722656
LDS-003,control,T1_time_1,38546.805
LDS-003,control,T1_time_2,41959.721
LDS-003,control,T1_time_3,47724.231
LDS-003,drug,TR,0.00371
LDS-003,drug,dose_1,0.0125
LDS-003,drug,dose_2,0.0125
LDS-003,drug,T1_aorta_2,0.557169983
LDS-003,drug,T1_liver_2,0.689530029
LDS-003,drug,T1_liver_3,0.709669983
LDS-003,drug,T1_liver_1,0.725539978
LDS-003,drug,T1_kidney_2,1.178040039
LDS-003,drug,T1_aorta_3,1.198579956
LDS-003,drug,T1_kidney_3,1.288540039
LDS-003,drug,T1_kidney_1,1.400939941
LDS-003,drug,T1_portal_2,1.593839966
LDS-003,drug,T1_portal_3,1.652670044
LDS-003,drug,T1_portal_1,1.701920044
LDS-003,drug,T1_aorta_1,1.71099
LDS-003,drug,FA_1,15.0
LDS-003,drug,FA_2,15.0
LDS-003,drug,t0,20.0
LDS-003,drug,weight,77.25
LDS-003,drug,kidney_volume,187.5366211
LDS-003,drug,liver_volume,861.7675781
LDS-003,drug,T1_time_1,36122.05
LDS-003,drug,T1_time_2,39785.031
LDS-003,drug,T1_time_3,43812.0
LDS-002,control,TR,0.00371
LDS-002,control,dose_1,0.0125
LDS-002,control,dose_2,0.0125
LDS-002,control,T1_liver_2,0.582789978
LDS-002,control,T1_liver_3,0.739849976
LDS-002,control,T1_liver_1,0.756169983
LDS-002,control,T1_kidney_3,1.32401001
LDS-002,control,T1_kidney_2,1.32977002
LDS-002,control,T1_kidney_1,1.458180054
LDS-002,control,T1_portal_3,1.565469971
LDS-002,control,T1_portal_2,1.572030029
LDS-002,control,T1_aorta_2,1.635400024
LDS-002,control,T1_aorta_1,1.699910034
LDS-002,control,T1_aorta_3,1.713160034
LDS-002,control,FA_1,15.0
LDS-002,control,FA_2,15.0
LDS-002,control,t0,60.0
LDS-002,control,weight,63.25
LDS-002,control,kidney_volume,176.2207031
LDS-002,control,liver_volume,683.6791992
LDS-002,control,T1_time_1,38487.839
LDS-002,control,T1_time_2,41814.856
LDS-002,control,T1_time_3,54840.928
LDS-002,drug,TR,0.00371
LDS-002,drug,dose_1,0.0125
LDS-002,drug,dose_2,0.0125
LDS-002,drug,T1_liver_2,0.718359985
LDS-002,drug,T1_liver_3,0.75377002
LDS-002,drug,T1_liver_1,0.81451001
LDS-002,drug,T1_kidney_2,1.277380005
LDS-002,drug,T1_aorta_2,1.297819946
LDS-002,drug,T1_kidney_3,1.411
LDS-002,drug,T1_kidney_1,1.448599976
LDS-002,drug,T1_portal_1,1.520400024
LDS-002,drug,T1_portal_2,1.539930054
LDS-002,drug,T1_aorta_1,1.560800049
LDS-002,drug,T1_portal_3,1.578300049
LDS-002,drug,T1_aorta_3,1.58701001
LDS-002,drug,FA_1,15.0
LDS-002,drug,FA_2,15.0
LDS-002,drug,t0,60.0
LDS-002,drug,weight,64.45
LDS-002,drug,kidney_volume,187.6464844
LDS-002,drug,liver_volume,802.4414063
LDS-002,drug,T1_time_1,33800.03
LDS-002,drug,T1_time_2,37821.412
LDS-002,drug,T1_time_3,44028.385
LDS-004,control,TR,0.00371
LDS-004,control,dose_1,0.025
LDS-004,control,dose_2,0.025
LDS-004,control,T1_liver_2,0.502459991
LDS-004,control,T1_liver_3,0.649890015
LDS-004,control,T1_liver_1,0.802359985
LDS-004,control,T1_kidney_2,1.194959961
LDS-004,control,T1_kidney_3,1.31152002
LDS-004,control,T1_kidney_1,1.396839966
LDS-004,control,T1_aorta_3,1.56498999
LDS-004,control,T1_portal_2,1.583459961
LDS-004,control,T1_portal_3,1.675160034
LDS-004,control,T1_aorta_2,1.678319946
LDS-004,control,T1_portal_1,1.77497998
LDS-004,control,T1_aorta_1,1.836619995
LDS-004,control,FA_1,15.0
LDS-004,control,FA_2,15.0
LDS-004,control,t0,60.0
LDS-004,control,weight,81.3
LDS-004,control,kidney_volume,178.7475586
LDS-004,control,liver_volume,886.0473633
LDS-004,control,T1_time_1,35396.105
LDS-004,control,T1_time_2,38520.633
LDS-004,control,T1_time_3,44344.884
LDS-004,drug,TR,0.00371
LDS-004,drug,dose_1,0.025
LDS-004,drug,dose_2,0.025
LDS-004,drug,T1_liver_2,0.709969971
LDS-004,drug,T1_liver_3,0.742330017
LDS-004,drug,T1_liver_1,0.802289978
LDS-004,drug,T1_kidney_2,1.054
LDS-004,drug,T1_kidney_3,1.222599976
LDS-004,drug,T1_kidney_1,1.355180054
LDS-004,drug,T1_portal_2,1.40926001
LDS-004,drug,T1_aorta_3,1.515869995
LDS-004,drug,T1_aorta_2,1.575709961
LDS-004,drug,T1_portal_3,1.594829956
LDS-004,drug,T1_portal_1,1.733810059
LDS-004,drug,T1_aorta_1,1.787920044
LDS-004,drug,FA_1,15.0
LDS-004,drug,FA_2,15.0
LDS-004,drug,t0,60.0
LDS-004,drug,weight,81.35
LDS-004,drug,kidney_volume,197.644043
LDS-004,drug,liver_volume,983.2763672
LDS-004,drug,T1_time_1,35820.63
LDS-004,drug,T1_time_2,39542.226
LDS-004,drug,T1_time_3,44999.096
LDS-006,control,TR,0.00371
LDS-006,control,dose_1,0.025
LDS-006,control,dose_2,0.025
LDS-006,control,T1_liver_2,0.498440002
LDS-006,control,T1_liver_3,0.684710022
LDS-006,control,T1_liver_1,0.83976001
LDS-006,control,T1_kidney_2,1.264359985
LDS-006,control,T1_kidney_3,1.370829956
LDS-006,control,T1_kidney_1,1.424449951
LDS-006,control,T1_portal_2,1.72952002
LDS-006,control,T1_portal_3,1.73577002
LDS-006,control,T1_aorta_2,1.753660034
LDS-006,control,T1_aorta_1,1.765040039
LDS-006,control,T1_portal_1,1.792040039
LDS-006,control,T1_aorta_3,1.81223999
LDS-006,control,FA_1,15.0
LDS-006,control,FA_2,15.0
LDS-006,control,weight,57.05
LDS-006,control,t0,60.0
LDS-006,control,kidney_volume,146.4477539
LDS-006,control,liver_volume,691.1499023
LDS-006,control,T1_time_1,45706.427
LDS-006,control,T1_time_2,49399.743
LDS-006,control,T1_time_3,54602.341
LDS-006,drug,TR,0.00371
LDS-006,drug,dose_1,0.025
LDS-006,drug,dose_2,0.025
LDS-006,drug,T1_liver_2,0.75448999
LDS-006,drug,T1_liver_3,0.790440002
LDS-006,drug,T1_liver_1,0.83651001
LDS-006,drug,T1_kidney_2,1.32002002
LDS-006,drug,T1_kidney_3,1.34302002
LDS-006,drug,T1_kidney_1,1.474819946
LDS-006,drug,T1_portal_3,1.520369995
LDS-006,drug,T1_portal_2,1.52926001
LDS-006,drug,T1_aorta_3,1.656099976
LDS-006,drug,T1_aorta_2,1.720540039
LDS-006,drug,T1_aorta_1,1.781569946
LDS-006,drug,T1_portal_1,1.806709961
LDS-006,drug,FA_1,15.0
LDS-006,drug,FA_2,15.0
LDS-006,drug,weight,56.35
LDS-006,drug,t0,60.0
LDS-006,drug,kidney_volume,151.6113281
LDS-006,drug,liver_volume,705.7617188
LDS-006,drug,T1_time_1,40022.25
LDS-006,drug,T1_time_2,43619.957
LDS-006,drug,T1_time_3,49413.508
LDS-007,control,TR,0.00371
LDS-007,control,dose_1,0.025
LDS-007,control,dose_2,0.025
LDS-007,control,T1_liver_2,0.537539978
LDS-007,control,T1_liver_3,0.601840027
LDS-007,control,T1_liver_1,0.855419983
LDS-007,control,T1_kidney_2,1.258060059
LDS-007,control,T1_kidney_3,1.322040039
LDS-007,control,T1_portal_2,1.431030029
LDS-007,control,T1_kidney_1,1.487339966
LDS-007,control,T1_aorta_2,1.710680054
LDS-007,control,T1_portal_3,1.72727002
LDS-007,control,T1_aorta_3,1.756
LDS-007,control,T1_portal_1,1.778280029
LDS-007,control,T1_aorta_1,1.77997998
LDS-007,control,FA_1,15.0
LDS-007,control,FA_2,15.0
LDS-007,control,t0,60.0
LDS-007,control,weight,72.0
LDS-007,control,kidney_volume,170.3979492
LDS-007,control,liver_volume,944.1650391
LDS-007,control,T1_time_1,53225.859
LDS-007,control,T1_time_2,58511.83
LDS-007,control,T1_time_3,61038.221
LDS-007,drug,TR,0.00371
LDS-007,drug,dose_1,0.025
LDS-007,drug,dose_2,0.025
LDS-007,drug,T1_liver_2,0.754640015
LDS-007,drug,T1_liver_3,0.80072998
LDS-007,drug,T1_liver_1,0.84047998
LDS-007,drug,T1_kidney_2,1.164790039
LDS-007,drug,T1_kidney_3,1.323640015
LDS-007,drug,T1_kidney_1,1.509530029
LDS-007,drug,T1_aorta_2,1.558060059
LDS-007,drug,T1_portal_2,1.566709961
LDS-007,drug,T1_aorta_3,1.587609985
LDS-007,drug,T1_portal_3,1.683380005
LDS-007,drug,T1_aorta_1,1.703810059
LDS-007,drug,T1_portal_1,1.771530029
LDS-007,drug,FA_1,15.0
LDS-007,drug,FA_2,15.0
LDS-007,drug,t0,60.0
LDS-007,drug,weight,72.3
LDS-007,drug,kidney_volume,176.1108398
LDS-007,drug,liver_volume,1115.551758
LDS-007,drug,T1_time_1,50966.509
LDS-007,drug,T1_time_2,56353.678
LDS-007,drug,T1_time_3,60013.114
LDS-008,control,TR,0.00371
LDS-008,control,dose_1,0.025
LDS-008,control,dose_2,0.025
LDS-008,control,T1_liver_2,0.46023999
LDS-008,control,T1_liver_3,0.574929993
LDS-008,control,T1_liver_1,0.74397998
LDS-008,control,T1_kidney_2,1.21897998
LDS-008,control,T1_kidney_3,1.300439941
LDS-008,control,T1_kidney_1,1.419420044
LDS-008,control,T1_aorta_2,1.63072998
LDS-008,control,T1_portal_2,1.63301001
LDS-008,control,T1_portal_3,1.648
LDS-008,control,T1_aorta_3,1.682119995
LDS-008,control,T1_portal_1,1.762300049
LDS-008,control,T1_aorta_1,1.788430054
LDS-008,control,FA_1,14.999999
LDS-008,control,FA_2,14.999999
LDS-008,control,t0,60.0
LDS-008,control,weight,74.0
LDS-008,control,kidney_volume,182.9223633
LDS-008,control,liver_volume,1029.309082
LDS-008,control,T1_time_1,50794.655
LDS-008,control,T1_time_2,55539.45
LDS-008,control,T1_time_3,59098.597
LDS-008,drug,TR,0.00371
LDS-008,drug,dose_1,0.025
LDS-008,drug,dose_2,0.025
LDS-008,drug,T1_liver_2,0.615119995
LDS-008,drug,T1_liver_3,0.656880005
LDS-008,drug,T1_liver_1,0.70625
LDS-008,drug,T1_kidney_2,1.133209961
LDS-008,drug,T1_kidney_3,1.23352002
LDS-008,drug,T1_portal_2,1.423109985
LDS-008,drug,T1_kidney_1,1.447089966
LDS-008,drug,T1_aorta_2,1.488430054
LDS-008,drug,T1_portal_3,1.544910034
LDS-008,drug,T1_aorta_3,1.601670044
LDS-008,drug,T1_aorta_1,1.679140015
LDS-008,drug,T1_portal_1,1.70247998
LDS-008,drug,FA_1,14.5
LDS-008,drug,FA_2,14.999999
LDS-008,drug,t0,60.0
LDS-008,drug,weight,74.7
LDS-008,drug,kidney_volume,188.5253906
LDS-008,drug,liver_volume,880.6640625
LDS-008,drug,T1_time_1,54203.529
LDS-008,drug,T1_time_2,58217.241
LDS-008,drug,T1_time_3,61716.854
LDS-009,control,TR,0.00371
LDS-009,control,dose_1,0.025
LDS-009,control,dose_2,0.025
LDS-009,control,T1_liver_2,0.621599976
LDS-009,control,T1_liver_3,0.726429993
LDS-009,control,T1_liver_1,0.847049988
LDS-009,control,T1_kidney_2,1.161630005
LDS-009,control,T1_kidney_3,1.221959961
LDS-009,control,T1_kidney_1,1.393949951
LDS-009,control,T1_portal_2,1.519449951
LDS-009,control,T1_aorta_3,1.548160034
LDS-009,control,T1_aorta_2,1.681189941
LDS-009,control,T1_aorta_1,1.798810059
LDS-009,control,T1_portal_1,1.798880005
LDS-009,control,FA_1,12.499999
LDS-009,control,FA_2,13.5
LDS-009,control,t0,60.0
LDS-009,control,weight,82.8
LDS-009,control,kidney_volume,259.8741478
LDS-009,control,liver_volume,1186.116609
LDS-009,control,T1_time_1,49655.237
LDS-009,control,T1_time_2,54560.172
LDS-009,control,T1_time_3,57679.274
LDS-009,drug,TR,0.00371
LDS-009,drug,dose_1,0.025
LDS-009,drug,dose_2,0.025
LDS-009,drug,T1_liver_2,0.817150024
LDS-009,drug,T1_liver_3,0.829539978
LDS-009,drug,T1_liver_1,0.881320007
LDS-009,drug,T1_kidney_2,1.194530029
LDS-009,drug,T1_kidney_3,1.30002002
LDS-009,drug,T1_kidney_1,1.44973999
LDS-009,drug,T1_aorta_3,1.637819946
LDS-009,drug,T1_portal_2,1.703550049
LDS-009,drug,T1_aorta_2,1.739680054
LDS-009,drug,T1_portal_3,1.80522998
LDS-009,drug,T1_portal_1,1.868550049
LDS-009,drug,T1_aorta_1,1.918819946
LDS-009,drug,FA_1,12.0
LDS-009,drug,FA_2,12.0
LDS-009,drug,t0,60.0
LDS-009,drug,weight,85.0
LDS-009,drug,kidney_volume,216.7426348
LDS-009,drug,liver_volume,1199.815611
LDS-009,drug,T1_time_1,50108.189
LDS-009,drug,T1_time_2,54550.621
LDS-009,drug,T1_time_3,59530.646
LDS-010,control,TR,0.00371
LDS-010,control,dose_1,0.025
LDS-010,control,dose_2,0.025
LDS-010,control,T1_liver_2,0.561890015
LDS-010,control,T1_liver_3,0.715039978
LDS-010,control,T1_liver_1,0.806320007
LDS-010,control,T1_kidney_2,1.165829956
LDS-010,control,T1_aorta_3,1.34277002
LDS-010,control,T1_kidney_3,1.356630005
LDS-010,control,T1_kidney_1,1.370910034
LDS-010,control,T1_aorta_2,1.446150024
LDS-010,control,T1_aorta_1,1.59027002
LDS-010,control,T1_portal_2,1.663300049
LDS-010,control,T1_portal_3,1.67573999
LDS-010,control,T1_portal_1,1.750790039
LDS-010,control,FA_1,15.0
LDS-010,control,FA_2,15.0
LDS-010,control,t0,60.0
LDS-010,control,weight,74.0
LDS-010,control,kidney_volume,194.5678711
LDS-010,control,liver_volume,1075.891113
LDS-010,control,T1_time_1,49901.983
LDS-010,control,T1_time_2,54075.883
LDS-010,control,T1_time_3,58079.145
LDS-010,drug,TR,0.00371
LDS-010,drug,dose_1,0.025
LDS-010,drug,dose_2,0.025
LDS-010,drug,T1_liver_2,0.754059998
LDS-010,drug,T1_liver_3,0.78526001
LDS-010,drug,T1_liver_1,0.830440002
LDS-010,drug,T1_kidney_2,1.134680054
LDS-010,drug,T1_kidney_3,1.232400024
LDS-010,drug,T1_kidney_1,1.413699951
LDS-010,drug,T1_portal_2,1.570109985
LDS-010,drug,T1_aorta_3,1.608290039
LDS-010,drug,T1_aorta_2,1.627920044
LDS-010,drug,T1_portal_1,1.64001001
LDS-010,drug,T1_aorta_1,1.723430054
LDS-010,drug,FA_1,14.499999
LDS-010,drug,FA_2,15.0
LDS-010,drug,t0,60.0
LDS-010,drug,weight,74.0
LDS-010,drug,kidney_volume,191.4916992
LDS-010,drug,liver_volume,1109.069824
LDS-010,drug,T1_time_1,50057.229
LDS-010,drug,T1_time_2,54085.239
LDS-010,drug,T1_time_3,57162.112
