subject,study,parameter,value
GOT-003,control_10,BAT,1.1770356485090328
GOT-003,control_10,CO,9.262938474746928
GOT-003,control_10,Thl,11.954861148646732
GOT-003,control_10,Dhl,27.130361120893063
GOT-003,control_10,To,31.22921963151553
GOT-003,control_10,Eo,26.618046998186628
GOT-003,control_10,Toe,2.7991406709983795
GOT-003,control_10,Eb,4.241222894702734
GOT-003,control_10,H,45.0
GOT-003,control_10,ve,30.778554976317906
GOT-003,control_10,Te,59.97455595522546
GOT-003,control_10,De,89.9938345322451
GOT-003,control_10,khe,11.26227878845994
GOT-003,control_10,Th,10.019228408338583
GOT-003,control_10,Kbh,9.980808493873061
GOT-003,control_10,Khe,36.59131754926613
GOT-003,control_10,kbh,6.9088598645053345
GOT-003,control_10,CL,0.1121397258849364
GOT-003,control_10,AUC_Cb,51.75507841622538
GOT-003,control_10,AUC_Cl,87.35042740573303
GOT-003,control_10,AUC35_Cb,31.219541061526446
GOT-003,control_10,AUC35_Cl,44.892803962947774
GOT-003,control_10,RE_R1b,23.642361570204766
GOT-003,control_10,RE_R1l,23.822290870812786
GOT-003,control_10,RE_Sb,21.280320715722493
GOT-003,control_10,RE_Sl,21.64071265542876
GOT-003,control_10,T1_1,1.084219971
GOT-003,control_10,T1_2,0.871650024
GOT-003,control_10,t1_MOLLI,12.362388888888889
GOT-003,control_10,t2_MOLLI,13.050686111111112
