subject,study,parameter,value
GOT-003,control_10,BAT,0.0049040896430630615
GOT-003,control_10,CO,0.09398441643006901
GOT-003,control_10,Thl,0.31858837923510575
GOT-003,control_10,Dhl,0.3964652688887808
GOT-003,control_10,To,1.551031053996239
GOT-003,control_10,Eo,1.12754118292648
GOT-003,control_10,Toe,0.5834099280135961
GOT-003,control_10,Eb,1.9974938287546453
GOT-003,control_10,H,0
GOT-003,control_10,ve,4.992876520204701
GOT-003,control_10,Te,11.38132928502086
GOT-003,control_10,De,2.4431274136773453
GOT-003,control_10,khe,3.6319705757054277
GOT-003,control_10,Th,6.089010175488186
GOT-003,control_10,Kbh,0
GOT-003,control_10,Khe,0
GOT-003,control_10,kbh,0
GOT-003,control_10,CL,0.0
GOT-003,control_10,AUC_Cb,0
GOT-003,control_10,AUC_Cl,0
GOT-003,control_10,AUC35_Cb,0
GOT-003,control_10,AUC35_Cl,0
GOT-003,control_10,RE_R1b,0
GOT-003,control_10,RE_R1l,0
GOT-003,control_10,RE_Sb,0
GOT-003,control_10,RE_Sl,0
GOT-003,control_10,T1_1,0
GOT-003,control_10,T1_2,0
GOT-003,control_10,t1_MOLLI,0
GOT-003,control_10,t2_MOLLI,0
