subject,study,parameter,value
SHF-007,control_10,BAT,1.0446413035633526
SHF-007,control_10,CO,4.889667334527784
SHF-007,control_10,Thl,15.834133011893046
SHF-007,control_10,Dhl,39.35899626420413
SHF-007,control_10,To,30.612663595521678
SHF-007,control_10,Eo,26.171212487849786
SHF-007,control_10,Toe,2.7632836447118168
SHF-007,control_10,Eb,7.914954955775236
SHF-007,control_10,H,45.0
SHF-007,control_10,ve,22.54170561441062
SHF-007,control_10,Te,59.884571222618604
SHF-007,control_10,De,90.06840350987503
SHF-007,control_10,khe,28.894773233897265
SHF-007,control_10,Th,80.35769182516508
SHF-007,control_10,Kbh,1.2444359429533003
SHF-007,control_10,Khe,128.18361542005593
SHF-007,control_10,kbh,0.9639188561328524
SHF-007,control_10,CL,0.20305095129746953
SHF-007,control_10,AUC_Cb,52.35965684689157
SHF-007,control_10,AUC_Cl,1072.0670230654384
SHF-007,control_10,AUC35_Cb,43.452335135924265
SHF-007,control_10,AUC35_Cl,262.1952701403257
SHF-007,control_10,RE_R1b,19.773800319312226
SHF-007,control_10,RE_R1l,106.71209629643596
SHF-007,control_10,RE_Sb,11.767070475987234
SHF-007,control_10,RE_Sl,44.54680231509097
SHF-007,control_10,T1_1,0.74539
SHF-007,control_10,T1_2,0.37404
SHF-007,control_10,t1_MOLLI,13.813055555555556
SHF-007,control_10,t2_MOLLI,14.628055555555555
