subject,study,parameter,value
SHF-007,control_10,BAT,0.01343101459893037
SHF-007,control_10,CO,0.09270405161309296
SHF-007,control_10,Thl,0.8461191673646333
SHF-007,control_10,Dhl,2.4054005322567367
SHF-007,control_10,To,4.070871480886969
SHF-007,control_10,Eo,2.674221003742939
SHF-007,control_10,Toe,1.3413288380871267
SHF-007,control_10,Eb,4.197292530983592
SHF-007,control_10,H,0
SHF-007,control_10,ve,19.592651911328165
SHF-007,control_10,Te,53.82337273102377
SHF-007,control_10,De,10.38392371804506
SHF-007,control_10,khe,4.4727176924210275
SHF-007,control_10,Th,176.24250432004598
SHF-007,control_10,Kbh,0
SHF-007,control_10,Khe,0
SHF-007,control_10,kbh,0
SHF-007,control_10,CL,0.0
SHF-007,control_10,AUC_Cb,0
SHF-007,control_10,AUC_Cl,0
SHF-007,control_10,AUC35_Cb,0
SHF-007,control_10,AUC35_Cl,0
SHF-007,control_10,RE_R1b,0
SHF-007,control_10,RE_R1l,0
SHF-007,control_10,RE_Sb,0
SHF-007,control_10,RE_Sl,0
SHF-007,control_10,T1_1,0
SHF-007,control_10,T1_2,0
SHF-007,control_10,t1_MOLLI,0
SHF-007,control_10,t2_MOLLI,0
