subject,study,parameter,value
LDS-002,drug_30,BAT,0.012463893062534604
LDS-002,drug_30,CO,0.1255737229876239
LDS-002,drug_30,Thl,0.8676871971098555
LDS-002,drug_30,Dhl,1.2318656605123965
LDS-002,drug_30,To,1.4781984548547384
LDS-002,drug_30,Eo,2.0806252902724425
LDS-002,drug_30,Toe,0.2464057043121092
LDS-002,drug_30,Eb,0.3511519386198976
LDS-002,drug_30,H,0
LDS-002,drug_30,ve,1.8430888547533282
LDS-002,drug_30,Te,6.160310917758735
LDS-002,drug_30,De,6.2330268959001955
LDS-002,drug_30,khe,0.3780368071885995
LDS-002,drug_30,Th,3457.5615939676095
LDS-002,drug_30,Kbh,0
LDS-002,drug_30,Khe,0
LDS-002,drug_30,kbh,0
LDS-002,drug_30,CL,0.0
LDS-002,drug_30,AUC_Cb,0
LDS-002,drug_30,AUC_Cl,0
LDS-002,drug_30,AUC35_Cb,0
LDS-002,drug_30,AUC35_Cl,0
LDS-002,drug_30,RE_R1b,0
LDS-002,drug_30,RE_R1l,0
LDS-002,drug_30,RE_Sb,0
LDS-002,drug_30,RE_Sl,0
LDS-002,drug_30,T1_1,0
LDS-002,drug_30,T1_2,0
LDS-002,drug_30,t1_MOLLI,0
LDS-002,drug_30,t2_MOLLI,0
