subject,study,parameter,value
SHF-016,control_40,BAT,1.179661401727435
SHF-016,control_40,CO,14.78114298999884
SHF-016,control_40,Thl,16.88011724675533
SHF-016,control_40,Dhl,51.19054250890868
SHF-016,control_40,To,29.472626770302753
SHF-016,control_40,Eo,17.543373125954872
SHF-016,control_40,Toe,12.782057365237943
SHF-016,control_40,Eb,1.5058605107066199
SHF-016,control_40,H,45.0
SHF-016,control_40,ve,41.15320290829778
SHF-016,control_40,Te,59.99970288356881
SHF-016,control_40,De,97.49350970865686
SHF-016,control_40,khe,80.34519814851231
SHF-016,control_40,Th,25.960078121171616
SHF-016,control_40,Kbh,3.852068531274776
SHF-016,control_40,Khe,195.23437416899623
SHF-016,control_40,kbh,2.266818952432581
SHF-016,control_40,CL,0.7551171554301175
SHF-016,control_40,AUC_Cb,53.05593395509054
SHF-016,control_40,AUC_Cl,1044.7065788425361
SHF-016,control_40,AUC35_Cb,17.148362188278504
SHF-016,control_40,AUC35_Cl,201.54473711423387
SHF-016,control_40,RE_R1b,9.698872867849886
SHF-016,control_40,RE_R1l,70.09381937569121
SHF-016,control_40,RE_Sb,7.722945120103658
SHF-016,control_40,RE_Sl,61.45453378717352
SHF-016,control_40,T1_1,0.65575
SHF-016,control_40,T1_2,0.41641
SHF-016,control_40,t1_MOLLI,11.832777777777778
SHF-016,control_40,t2_MOLLI,12.673333333333334
