subject,study,parameter,value
SHF-016,control_40,BAT,0.02866590996669979
SHF-016,control_40,CO,0.5218353788600019
SHF-016,control_40,Thl,2.0394308414609665
SHF-016,control_40,Dhl,4.420053368754597
SHF-016,control_40,To,1.8518860801360186
SHF-016,control_40,Eo,0.6378126118684124
SHF-016,control_40,Toe,1.2542183592651632
SHF-016,control_40,Eb,0.6676347203396017
SHF-016,control_40,H,0
SHF-016,control_40,ve,116.95859373819368
SHF-016,control_40,Te,157.47263897044948
SHF-016,control_40,De,6.6141941284754715
SHF-016,control_40,khe,7.429448060046987
SHF-016,control_40,Th,1.1349334879307464
SHF-016,control_40,Kbh,0
SHF-016,control_40,Khe,0
SHF-016,control_40,kbh,0
SHF-016,control_40,CL,0.0
SHF-016,control_40,AUC_Cb,0
SHF-016,control_40,AUC_Cl,0
SHF-016,control_40,AUC35_Cb,0
SHF-016,control_40,AUC35_Cl,0
SHF-016,control_40,RE_R1b,0
SHF-016,control_40,RE_R1l,0
SHF-016,control_40,RE_Sb,0
SHF-016,control_40,RE_Sl,0
SHF-016,control_40,T1_1,0
SHF-016,control_40,T1_2,0
SHF-016,control_40,t1_MOLLI,0
SHF-016,control_40,t2_MOLLI,0
