subject,study,parameter,value
SHF-003,control_10,BAT,1.3310507526816469
SHF-003,control_10,CO,11.702716207586079
SHF-003,control_10,Thl,10.124827553856063
SHF-003,control_10,Dhl,91.02308571487144
SHF-003,control_10,To,26.63784356746222
SHF-003,control_10,Eo,20.270050792423486
SHF-003,control_10,Toe,5.59005132270724
SHF-003,control_10,Eb,1.058280892608781
SHF-003,control_10,H,45.0
SHF-003,control_10,ve,31.910265867150134
SHF-003,control_10,Te,28.45131376767547
SHF-003,control_10,De,85.71565363548366
SHF-003,control_10,khe,38.016495421131125
SHF-003,control_10,Th,67.83430215989793
SHF-003,control_10,Kbh,1.4741804192852401
SHF-003,control_10,Khe,119.1356273225759
SHF-003,control_10,kbh,1.0037655281298514
SHF-003,control_10,CL,0.36654676026611566
SHF-003,control_10,AUC_Cb,140.76861774556718
SHF-003,control_10,AUC_Cl,2716.484121517815
SHF-003,control_10,AUC35_Cb,42.035992131802075
SHF-003,control_10,AUC35_Cl,294.43181269541117
SHF-003,control_10,RE_R1b,28.455069871741777
SHF-003,control_10,RE_R1l,112.70633644491004
SHF-003,control_10,RE_Sb,20.309774052265674
SHF-003,control_10,RE_Sl,79.86943866677737
SHF-003,control_10,T1_1,0.72478
SHF-003,control_10,T1_2,0.35727
SHF-003,control_10,t1_MOLLI,8.8975
SHF-003,control_10,t2_MOLLI,9.759722222222223
