subject,study,parameter,value
SHF-003,control_10,BAT,0.028963108285134962
SHF-003,control_10,CO,0.7899396117344704
SHF-003,control_10,Thl,2.4433235068971886
SHF-003,control_10,Dhl,15.186049534707003
SHF-003,control_10,To,2.848473781220321
SHF-003,control_10,Eo,5.9423338677972
SHF-003,control_10,Toe,4.273360082418455
SHF-003,control_10,Eb,9.511686787396107
SHF-003,control_10,H,0
SHF-003,control_10,ve,6.28519223206473
SHF-003,control_10,Te,8.067688836253899
SHF-003,control_10,De,8.487693372182074
SHF-003,control_10,khe,3.526808233958151
SHF-003,control_10,Th,89.31290369663614
SHF-003,control_10,Kbh,0
SHF-003,control_10,Khe,0
SHF-003,control_10,kbh,0
SHF-003,control_10,CL,0.0
SHF-003,control_10,AUC_Cb,0
SHF-003,control_10,AUC_Cl,0
SHF-003,control_10,AUC35_Cb,0
SHF-003,control_10,AUC35_Cl,0
SHF-003,control_10,RE_R1b,0
SHF-003,control_10,RE_R1l,0
SHF-003,control_10,RE_Sb,0
SHF-003,control_10,RE_Sl,0
SHF-003,control_10,T1_1,0
SHF-003,control_10,T1_2,0
SHF-003,control_10,t1_MOLLI,0
SHF-003,control_10,t2_MOLLI,0
