subject,study,parameter,value
SHF-005,control_35,BAT,1.1870926813821339
SHF-005,control_35,CO,3.570251636306894
SHF-005,control_35,Thl,18.15749303790811
SHF-005,control_35,Dhl,45.95379879451442
SHF-005,control_35,To,31.87196016506904
SHF-005,control_35,Eo,20.633253125989
SHF-005,control_35,Toe,5.126614706674535
SHF-005,control_35,Eb,8.280186248122337
SHF-005,control_35,H,45.0
SHF-005,control_35,ve,18.826599115849866
SHF-005,control_35,Te,34.71166703200907
SHF-005,control_35,De,71.34079285426466
SHF-005,control_35,khe,21.728672256174146
SHF-005,control_35,Th,77.36736003874645
SHF-005,control_35,Kbh,1.292534732346029
SHF-005,control_35,Khe,115.41474975095774
SHF-005,control_35,kbh,1.0491943998541189
SHF-005,control_35,CL,0.19594294066354623
SHF-005,control_35,AUC_Cb,45.82131495387375
SHF-005,control_35,AUC_Cl,685.1962705897216
SHF-005,control_35,AUC35_Cb,35.63223449317251
SHF-005,control_35,AUC35_Cl,167.15689545133887
SHF-005,control_35,RE_R1b,19.637872011647453
SHF-005,control_35,RE_R1l,70.35495310284524
SHF-005,control_35,RE_Sb,16.725352256554345
SHF-005,control_35,RE_Sl,57.95036722738561
SHF-005,control_35,T1_1,0.78715
SHF-005,control_35,T1_2,0.49327
SHF-005,control_35,t1_MOLLI,14.248888888888889
SHF-005,control_35,t2_MOLLI,15.06611111111111
