subject,study,parameter,value
SHF-005,control_35,BAT,0.01413232369510287
SHF-005,control_35,CO,0.07206456570089377
SHF-005,control_35,Thl,1.036388103717719
SHF-005,control_35,Dhl,1.8256191698212025
SHF-005,control_35,To,1.9138548267844473
SHF-005,control_35,Eo,1.1151731359675536
SHF-005,control_35,Toe,0.4763901277980922
SHF-005,control_35,Eb,0.4233684878418455
SHF-005,control_35,H,0
SHF-005,control_35,ve,2.075611681076666
SHF-005,control_35,Te,5.308904202752256
SHF-005,control_35,De,6.206168656793631
SHF-005,control_35,khe,0.4893468917480834
SHF-005,control_35,Th,7.696525891455173
SHF-005,control_35,Kbh,0
SHF-005,control_35,Khe,0
SHF-005,control_35,kbh,0
SHF-005,control_35,CL,0.0
SHF-005,control_35,AUC_Cb,0
SHF-005,control_35,AUC_Cl,0
SHF-005,control_35,AUC35_Cb,0
SHF-005,control_35,AUC35_Cl,0
SHF-005,control_35,RE_R1b,0
SHF-005,control_35,RE_R1l,0
SHF-005,control_35,RE_Sb,0
SHF-005,control_35,RE_Sl,0
SHF-005,control_35,T1_1,0
SHF-005,control_35,T1_2,0
SHF-005,control_35,t1_MOLLI,0
SHF-005,control_35,t2_MOLLI,0
