subject,study,parameter,value
LDS-001,control_05,BAT,1.18810959210644
LDS-001,control_05,CO,14.961796382642797
LDS-001,control_05,Thl,21.480977244722254
LDS-001,control_05,Dhl,52.410565117827836
LDS-001,control_05,To,14.46603014085805
LDS-001,control_05,Eo,21.31239651549207
LDS-001,control_05,Toe,1.5119175136719425
LDS-001,control_05,Eb,6.535332094644384
LDS-001,control_05,H,45.0
LDS-001,control_05,ve,38.73156735107882
LDS-001,control_05,Te,50.43282230452007
LDS-001,control_05,De,80.58509684173559
LDS-001,control_05,khe,33.76994098073651
LDS-001,control_05,Th,348.24858917390077
LDS-001,control_05,Kbh,0.2871511991971465
LDS-001,control_05,Khe,87.1897092999927
LDS-001,control_05,kbh,0.17593303908067315
LDS-001,control_05,CL,0.3735676052093111
LDS-001,control_05,AUC_Cb,125.10046875119119
LDS-001,control_05,AUC_Cl,5694.9341835494015
LDS-001,control_05,AUC35_Cb,117.66163621132463
LDS-001,control_05,AUC35_Cl,992.3545265241258
LDS-001,control_05,RE_R1b,65.3723472308197
LDS-001,control_05,RE_R1l,414.4526771953568
LDS-001,control_05,RE_Sb,133.43848275532005
LDS-001,control_05,RE_Sl,130.90286141679576
LDS-001,control_05,T1_1,0.762049988
LDS-001,control_05,T1_2,0.164630005
LDS-001,control_05,t1_MOLLI,9.437863611111112
LDS-001,control_05,t2_MOLLI,10.4112
