subject,study,parameter,value
LDS-001,control_05,BAT,0.03294180385469106
LDS-001,control_05,CO,0.7730549648822961
LDS-001,control_05,Thl,2.7613595289426467
LDS-001,control_05,Dhl,3.46110404115701
LDS-001,control_05,To,3.3818723756063984
LDS-001,control_05,Eo,5.423109260707186
LDS-001,control_05,Toe,1.9469931823972029
LDS-001,control_05,Eb,12.673576173274444
LDS-001,control_05,H,0
LDS-001,control_05,ve,165.8530683508785
LDS-001,control_05,Te,31.025561972558528
LDS-001,control_05,De,13.401164139004804
LDS-001,control_05,khe,26.163809504453244
LDS-001,control_05,Th,37205.718178746596
LDS-001,control_05,Kbh,0
LDS-001,control_05,Khe,0
LDS-001,control_05,kbh,0
LDS-001,control_05,CL,0.0
LDS-001,control_05,AUC_Cb,0
LDS-001,control_05,AUC_Cl,0
LDS-001,control_05,AUC35_Cb,0
LDS-001,control_05,AUC35_Cl,0
LDS-001,control_05,RE_R1b,0
LDS-001,control_05,RE_R1l,0
LDS-001,control_05,RE_Sb,0
LDS-001,control_05,RE_Sl,0
LDS-001,control_05,T1_1,0
LDS-001,control_05,T1_2,0
LDS-001,control_05,t1_MOLLI,0
LDS-001,control_05,t2_MOLLI,0
