subject,study,parameter,value
LDS-003,control_40,BAT,1.1429364993964328
LDS-003,control_40,CO,5.803486629231109
LDS-003,control_40,Thl,16.3654905717579
LDS-003,control_40,Dhl,43.40725100464813
LDS-003,control_40,To,31.02423182330249
LDS-003,control_40,Eo,13.825885583027478
LDS-003,control_40,Toe,5.700715595761962
LDS-003,control_40,Eb,9.402503344891388
LDS-003,control_40,H,45.0
LDS-003,control_40,ve,13.856328946330843
LDS-003,control_40,Te,27.619770552245107
LDS-003,control_40,De,65.86623786000706
LDS-003,control_40,khe,50.78712779649401
LDS-003,control_40,Th,43.11345095503946
LDS-003,control_40,Kbh,2.3194617407055684
LDS-003,control_40,Khe,366.52657419729087
LDS-003,control_40,kbh,1.9980694921291138
LDS-003,control_40,CL,0.4439161985639826
LDS-003,control_40,AUC_Cb,12.45945100902
LDS-003,control_40,AUC_Cl,269.7969743685688
LDS-003,control_40,AUC35_Cb,10.93706318590899
LDS-003,control_40,AUC35_Cl,106.38611904943832
LDS-003,control_40,RE_R1b,5.157849343379717
LDS-003,control_40,RE_R1l,41.17508803811226
LDS-003,control_40,RE_Sb,4.933627520762346
LDS-003,control_40,RE_Sl,33.40205560489671
LDS-003,control_40,T1_1,0.706900024
LDS-003,control_40,T1_2,0.529400024
LDS-003,control_40,t1_MOLLI,10.707445833333333
LDS-003,control_40,t2_MOLLI,11.655478055555555
