subject,study,parameter,value
LDS-003,control_40,BAT,0.02450534963116231
LDS-003,control_40,CO,0.18878138013563764
LDS-003,control_40,Thl,1.6818162200253073
LDS-003,control_40,Dhl,3.1250391340028534
LDS-003,control_40,To,1.856684176482005
LDS-003,control_40,Eo,1.0102243648531883
LDS-003,control_40,Toe,0.5327460681450966
LDS-003,control_40,Eb,0.5437616951761106
LDS-003,control_40,H,0
LDS-003,control_40,ve,7.038302386643447
LDS-003,control_40,Te,12.840557120054369
LDS-003,control_40,De,18.7892156861495
LDS-003,control_40,khe,0.9955765663639268
LDS-003,control_40,Th,1.950080754090192
LDS-003,control_40,Kbh,0
LDS-003,control_40,Khe,0
LDS-003,control_40,kbh,0
LDS-003,control_40,CL,0.0
LDS-003,control_40,AUC_Cb,0
LDS-003,control_40,AUC_Cl,0
LDS-003,control_40,AUC35_Cb,0
LDS-003,control_40,AUC35_Cl,0
LDS-003,control_40,RE_R1b,0
LDS-003,control_40,RE_R1l,0
LDS-003,control_40,RE_Sb,0
LDS-003,control_40,RE_Sl,0
LDS-003,control_40,T1_1,0
LDS-003,control_40,T1_2,0
LDS-003,control_40,t1_MOLLI,0
LDS-003,control_40,t2_MOLLI,0
