subject,study,parameter,value
SHF-004,drug_25,BAT,0.017308161270242654
SHF-004,drug_25,CO,0.37184298999176957
SHF-004,drug_25,Thl,1.4314887097565665
SHF-004,drug_25,Dhl,5.071927707579845
SHF-004,drug_25,To,1.100617845388855
SHF-004,drug_25,Eo,0.6851254952142973
SHF-004,drug_25,Toe,0.6234292067448841
SHF-004,drug_25,Eb,0.49602146761456484
SHF-004,drug_25,H,0
SHF-004,drug_25,ve,1.0778939062438149
SHF-004,drug_25,Te,3.0303000775218316
SHF-004,drug_25,De,5.32469015249242
SHF-004,drug_25,khe,0.38212796274888366
SHF-004,drug_25,Th,112.81037763873978
SHF-004,drug_25,Kbh,0
SHF-004,drug_25,Khe,0
SHF-004,drug_25,kbh,0
SHF-004,drug_25,CL,0.0
SHF-004,drug_25,AUC_Cb,0
SHF-004,drug_25,AUC_Cl,0
SHF-004,drug_25,AUC35_Cb,0
SHF-004,drug_25,AUC35_Cl,0
SHF-004,drug_25,RE_R1b,0
SHF-004,drug_25,RE_R1l,0
SHF-004,drug_25,RE_Sb,0
SHF-004,drug_25,RE_Sl,0
SHF-004,drug_25,T1_1,0
SHF-004,drug_25,T1_2,0
SHF-004,drug_25,t1_MOLLI,0
SHF-004,drug_25,t2_MOLLI,0
