subject,study,parameter,value
SHF-017,drug_25,BAT,0.004200378984398383
SHF-017,drug_25,CO,0.1637694073533825
SHF-017,drug_25,Thl,0.26907320369479115
SHF-017,drug_25,Dhl,1.6736747676066759
SHF-017,drug_25,To,2.4549128552944546
SHF-017,drug_25,Eo,2.032555082434343
SHF-017,drug_25,Toe,0.3290193917874261
SHF-017,drug_25,Eb,0.2994690149679306
SHF-017,drug_25,H,0
SHF-017,drug_25,ve,2.850498808294657
SHF-017,drug_25,Te,7.082925094821951
SHF-017,drug_25,De,5.950870477111699
SHF-017,drug_25,khe,0.6849334442229345
SHF-017,drug_25,Th,2155.357739629933
SHF-017,drug_25,Kbh,0
SHF-017,drug_25,Khe,0
SHF-017,drug_25,kbh,0
SHF-017,drug_25,CL,0.0
SHF-017,drug_25,AUC_Cb,0
SHF-017,drug_25,AUC_Cl,0
SHF-017,drug_25,AUC35_Cb,0
SHF-017,drug_25,AUC35_Cl,0
SHF-017,drug_25,RE_R1b,0
SHF-017,drug_25,RE_R1l,0
SHF-017,drug_25,RE_Sb,0
SHF-017,drug_25,RE_Sl,0
SHF-017,drug_25,T1_1,0
SHF-017,drug_25,T1_2,0
SHF-017,drug_25,t1_MOLLI,0
SHF-017,drug_25,t2_MOLLI,0
