subject,study,parameter,value
LDS-010,drug,BAT,0.02491628231367974
LDS-010,drug,CO,0.18008436117712012
LDS-010,drug,Thl,1.8401482477396551
LDS-010,drug,Dhl,3.384457408530088
LDS-010,drug,To,1.65171054453138
LDS-010,drug,Eo,0.4829972596599147
LDS-010,drug,Toe,0.9921255875473901
LDS-010,drug,Eb,0.4099822974800365
LDS-010,drug,H,0
LDS-010,drug,ve,1.0246987654955775
LDS-010,drug,Te,4.452069702164256
LDS-010,drug,De,4.451793536412345
LDS-010,drug,khe,0.20132914077687114
LDS-010,drug,Th,41.43516160321589
LDS-010,drug,Kbh,0
LDS-010,drug,Khe,0
LDS-010,drug,kbh,0
LDS-010,drug,CL,0.0
LDS-010,drug,AUC_Cb,0
LDS-010,drug,AUC_Cl,0
LDS-010,drug,AUC35_Cb,0
LDS-010,drug,AUC35_Cl,0
LDS-010,drug,RE_R1b,0
LDS-010,drug,RE_R1l,0
LDS-010,drug,RE_Sb,0
LDS-010,drug,RE_Sl,0
LDS-010,drug,T1_1,0
LDS-010,drug,T1_2,0
LDS-010,drug,t1_MOLLI,0
LDS-010,drug,t2_MOLLI,0
