subject,study,parameter,value
LDS-002,drug_10,BAT,0.05787826046003221
LDS-002,drug_10,CO,0.507919317631241
LDS-002,drug_10,Thl,4.323122259161118
LDS-002,drug_10,Dhl,14.47520326982329
LDS-002,drug_10,To,4.111433917365382
LDS-002,drug_10,Eo,2.886333036123993
LDS-002,drug_10,Toe,1.9225214146232494
LDS-002,drug_10,Eb,6.222317823962315
LDS-002,drug_10,H,0
LDS-002,drug_10,ve,3.8484833015619833
LDS-002,drug_10,Te,13.663334728595611
LDS-002,drug_10,De,11.313930903714583
LDS-002,drug_10,khe,3.379704449200698
LDS-002,drug_10,Th,12827.595033529007
LDS-002,drug_10,Kbh,0
LDS-002,drug_10,Khe,0
LDS-002,drug_10,kbh,0
LDS-002,drug_10,CL,0.0
LDS-002,drug_10,AUC_Cb,0
LDS-002,drug_10,AUC_Cl,0
LDS-002,drug_10,AUC35_Cb,0
LDS-002,drug_10,AUC35_Cl,0
LDS-002,drug_10,RE_R1b,0
LDS-002,drug_10,RE_R1l,0
LDS-002,drug_10,RE_Sb,0
LDS-002,drug_10,RE_Sl,0
LDS-002,drug_10,T1_1,0
LDS-002,drug_10,T1_2,0
LDS-002,drug_10,t1_MOLLI,0
LDS-002,drug_10,t2_MOLLI,0
