subject,study,parameter,value
SHF-002,drug_15,BAT,0.003420398236881847
SHF-002,drug_15,CO,0.07951569118591562
SHF-002,drug_15,Thl,0.390855226485099
SHF-002,drug_15,Dhl,1.3695641195163286
SHF-002,drug_15,To,3.2679112128269914
SHF-002,drug_15,Eo,2.7032816632858956
SHF-002,drug_15,Toe,0.6805667531865773
SHF-002,drug_15,Eb,1.5759806385709747
SHF-002,drug_15,H,0
SHF-002,drug_15,ve,10.893469404343241
SHF-002,drug_15,Te,12.643825101127032
SHF-002,drug_15,De,4.880224443874024
SHF-002,drug_15,khe,1.3886701943581616
SHF-002,drug_15,Th,21678.48637954919
SHF-002,drug_15,Kbh,0
SHF-002,drug_15,Khe,0
SHF-002,drug_15,kbh,0
SHF-002,drug_15,CL,0.0
SHF-002,drug_15,AUC_Cb,0
SHF-002,drug_15,AUC_Cl,0
SHF-002,drug_15,AUC35_Cb,0
SHF-002,drug_15,AUC35_Cl,0
SHF-002,drug_15,RE_R1b,0
SHF-002,drug_15,RE_R1l,0
SHF-002,drug_15,RE_Sb,0
SHF-002,drug_15,RE_Sl,0
SHF-002,drug_15,T1_1,0
SHF-002,drug_15,T1_2,0
SHF-002,drug_15,t1_MOLLI,0
SHF-002,drug_15,t2_MOLLI,0
