subject,study,parameter,value
GOT-001,drug,S02a,584647.2932888953
GOT-001,drug,S02l,954815.3499313103
GOT-001,drug,BAT2,0.0028501322866099415
GOT-001,drug,BAT,0.0028123516058511954
GOT-001,drug,CO,0.18912678422776277
GOT-001,drug,Thl,0.2712979260765279
GOT-001,drug,Dhl,1.0194632984679703
GOT-001,drug,To,0.97502235388343
GOT-001,drug,Eo,0.543455946965894
GOT-001,drug,Toe,0.49161100444596123
GOT-001,drug,Eb,0.280726793135532
GOT-001,drug,H,0
GOT-001,drug,ve,1.574084142128991
GOT-001,drug,Te,7.6560084001127615
GOT-001,drug,De,5.6734426010196595
GOT-001,drug,khe_i,0.8325247650350641
GOT-001,drug,khe_f,0.9697104957831759
GOT-001,drug,Th_i,5.707784009459456
GOT-001,drug,Th_f,14.000221457470666
GOT-001,drug,Th,0.0
GOT-001,drug,khe,0
GOT-001,drug,Kbh,0
GOT-001,drug,Khe,0
GOT-001,drug,kbh,0
GOT-001,drug,kbh_i,0
GOT-001,drug,kbh_f,0
GOT-001,drug,CL,0.0
GOT-001,drug,AUC_Cb,0
GOT-001,drug,AUC_Cl,0
GOT-001,drug,AUC35_Cb,0
GOT-001,drug,AUC35_Cl,0
GOT-001,drug,RE_R1b,0
GOT-001,drug,RE_R1l,0
GOT-001,drug,RE_Sb,0
GOT-001,drug,RE_Sl,0
GOT-001,drug,T1_1,0
GOT-001,drug,T1_2,0
GOT-001,drug,t1_MOLLI,0
GOT-001,drug,t2_MOLLI,0
GOT-001,drug,T1_3,0
GOT-001,drug,t3_MOLLI,0
GOT-001,drug,t0,0
GOT-001,drug,t1,0
GOT-001,drug,t2,0
GOT-001,drug,t3,0
GOT-001,drug,dt1,0
GOT-001,drug,dt2,0
