subject,study,parameter,value
SHF-010,control_35,BAT,1.0972845872014676
SHF-010,control_35,CO,6.817671408404222
SHF-010,control_35,Thl,23.79302327999529
SHF-010,control_35,Dhl,36.26340431348294
SHF-010,control_35,To,25.10950432872527
SHF-010,control_35,Eo,23.897359157842153
SHF-010,control_35,Toe,6.204545834008627
SHF-010,control_35,Eb,6.732188274373872
SHF-010,control_35,H,45.0
SHF-010,control_35,ve,21.98078168325358
SHF-010,control_35,Te,36.23614161714565
SHF-010,control_35,De,86.53319248796413
SHF-010,control_35,khe,41.21550461829784
SHF-010,control_35,Th,38.04007193068431
SHF-010,control_35,Kbh,2.6288068062073475
SHF-010,control_35,Khe,187.5070013988563
SHF-010,control_35,kbh,2.0509745212604
SHF-010,control_35,CL,0.38952987710648
SHF-010,control_35,AUC_Cb,44.0862629392487
SHF-010,control_35,AUC_Cl,687.9260784012876
SHF-010,control_35,AUC35_Cb,27.842869339031772
SHF-010,control_35,AUC35_Cl,200.17517705009925
SHF-010,control_35,RE_R1b,16.01945292345176
SHF-010,control_35,RE_R1l,82.17631599595315
SHF-010,control_35,RE_Sb,11.42058632522894
SHF-010,control_35,RE_Sl,68.63040849247601
SHF-010,control_35,T1_1,0.76626
SHF-010,control_35,T1_2,0.41884
SHF-010,control_35,t1_MOLLI,10.315555555555555
SHF-010,control_35,t2_MOLLI,11.1275
