subject,study,parameter,value
SHF-010,control_35,BAT,0.00979022044749495
SHF-010,control_35,CO,0.11035092007909882
SHF-010,control_35,Thl,0.6309394039920325
SHF-010,control_35,Dhl,1.1166412373069505
SHF-010,control_35,To,1.6190881697236854
SHF-010,control_35,Eo,0.9455932015261228
SHF-010,control_35,Toe,0.4961284849668098
SHF-010,control_35,Eb,0.4636613462947664
SHF-010,control_35,H,0
SHF-010,control_35,ve,6.754709066561546
SHF-010,control_35,Te,13.866397821933221
SHF-010,control_35,De,8.035785244281124
SHF-010,control_35,khe,1.0561837914293626
SHF-010,control_35,Th,2.0859870219234002
SHF-010,control_35,Kbh,0
SHF-010,control_35,Khe,0
SHF-010,control_35,kbh,0
SHF-010,control_35,CL,0.0
SHF-010,control_35,AUC_Cb,0
SHF-010,control_35,AUC_Cl,0
SHF-010,control_35,AUC35_Cb,0
SHF-010,control_35,AUC35_Cl,0
SHF-010,control_35,RE_R1b,0
SHF-010,control_35,RE_R1l,0
SHF-010,control_35,RE_Sb,0
SHF-010,control_35,RE_Sl,0
SHF-010,control_35,T1_1,0
SHF-010,control_35,T1_2,0
SHF-010,control_35,t1_MOLLI,0
SHF-010,control_35,t2_MOLLI,0
