subject,study,parameter,value
009,control,kidney_volume,0
009,drug,kidney_volume,0
017,drug,kidney_volume,0
006,drug,T1_aorta_2,0.00055
017,drug,T1_aorta_2,0.00116
006,control,T1_aorta_2,0.00212
002,control,TR,0.0023
004,control,TR,0.0023
005,control,TR,0.0023
006,control,TR,0.0023
009,control,TR,0.0023
017,control,TR,0.0023
002,drug,TR,0.0023
004,drug,TR,0.0023
005,drug,TR,0.0023
006,drug,TR,0.0023
009,drug,TR,0.0023
017,drug,TR,0.0023
002,control,dose_1,0.025
002,control,dose_2,0.025
004,control,dose_1,0.025
004,control,dose_2,0.025
005,control,dose_1,0.025
005,control,dose_2,0.025
006,control,dose_1,0.025
006,control,dose_2,0.025
009,control,dose_1,0.025
009,control,dose_2,0.025
017,control,dose_1,0.025
017,control,dose_2,0.025
002,drug,dose_1,0.025
002,drug,dose_2,0.025
004,drug,dose_1,0.025
004,drug,dose_2,0.025
005,drug,dose_1,0.025
005,drug,dose_2,0.025
006,drug,dose_1,0.025
006,drug,dose_2,0.025
009,drug,dose_1,0.025
009,drug,dose_2,0.025
017,drug,dose_1,0.025
017,drug,dose_2,0.025
006,control,T1_aorta_3,0.11362
004,control,T1_aorta_2,0.125
009,drug,T1_aorta_2,0.18586
004,drug,T1_aorta_3,0.20502
002,control,T1_liver_2,0.33114
017,control,T1_liver_2,0.37176
009,control,T1_liver_2,0.42171
017,control,kidney_volume,0.457751953
006,drug,T1_aorta_3,0.48005
005,control,T1_liver_2,0.49327
004,control,T1_liver_2,0.51401
009,control,T1_liver_3,0.51971
017,drug,T1_liver_3,0.53179
017,drug,T1_liver_2,0.53874
006,drug,T1_liver_2,0.5706
009,drug,T1_liver_3,0.57185
005,control,T1_liver_3,0.57409
009,drug,T1_liver_2,0.58453
002,drug,T1_liver_2,0.59264
002,drug,T1_liver_3,0.59412
006,drug,T1_liver_3,0.62077
002,control,T1_liver_3,0.62402
006,control,T1_liver_3,0.64305
017,control,T1_liver_1,0.64556
005,control,T1_aorta_2,0.67234
006,control,T1_liver_1,0.68025
006,control,T1_liver_2,0.68286
017,control,T1_liver_3,0.69299
004,control,T1_liver_3,0.69331
004,drug,T1_liver_3,0.69465
017,drug,T1_liver_1,0.70301
005,drug,T1_liver_2,0.70946
006,drug,T1_liver_1,0.721
005,drug,T1_liver_3,0.72449
002,control,T1_liver_1,0.73111
009,drug,T1_liver_1,0.73764
009,control,T1_liver_1,0.76084
002,drug,T1_liver_1,0.77562
004,drug,T1_liver_2,0.78002
004,drug,T1_liver_1,0.78004
005,control,T1_liver_1,0.78715
005,drug,T1_liver_1,0.78973
004,control,T1_liver_1,0.79748
009,drug,T1_aorta_3,0.9236
005,control,T1_aorta_3,0.92432
009,drug,T1_portal_2,0.94819
002,drug,T1_aorta_1,1.15364
006,control,T1_portal_3,1.18008
002,control,T1_aorta_1,1.26167
009,drug,T1_portal_3,1.26391
009,drug,T1_portal_1,1.27615
002,control,T1_aorta_3,1.30431
005,drug,T1_aorta_3,1.31038
006,control,T1_portal_2,1.36563
006,control,T1_portal_1,1.36828
004,control,T1_portal_1,1.40638
002,control,T1_aorta_2,1.43052
005,control,T1_portal_2,1.44661
004,drug,T1_aorta_2,1.49161
004,drug,T1_aorta_1,1.4991
017,control,T1_portal_1,1.50818
002,drug,T1_aorta_3,1.64468
004,control,T1_aorta_1,1.681
004,control,T1_aorta_3,1.681
005,control,T1_aorta_1,1.681
006,control,T1_aorta_1,1.681
009,control,T1_aorta_1,1.681
009,control,T1_aorta_2,1.681
009,control,T1_aorta_3,1.681
017,control,T1_aorta_1,1.681
017,control,T1_aorta_2,1.681
002,drug,T1_aorta_2,1.681
005,drug,T1_aorta_2,1.681
006,drug,T1_aorta_1,1.681
009,drug,T1_aorta_1,1.681
017,drug,T1_aorta_1,1.681
017,drug,T1_aorta_3,1.681
017,control,T1_aorta_3,1.89578
005,drug,T1_aorta_1,2.08029
002,control,FA_1,15
002,control,FA_2,15
004,control,FA_1,15
004,control,FA_2,15
005,control,FA_1,15
005,control,FA_2,15
006,control,FA_1,15
006,control,FA_2,15
009,control,FA_1,15
009,control,FA_2,15
017,control,FA_1,15
017,control,FA_2,15
002,drug,FA_1,15
002,drug,FA_2,15
004,drug,FA_1,15
004,drug,FA_2,15
005,drug,FA_1,15
005,drug,FA_2,15
006,drug,FA_1,15
006,drug,FA_2,15
009,drug,FA_1,15
009,drug,FA_2,15
017,drug,FA_1,15
017,drug,FA_2,15
002,control,kidney_volume,19.549823
002,drug,kidney_volume,46.84328321
004,drug,kidney_volume,52.03113868
005,drug,kidney_volume,52.87035059
006,control,kidney_volume,53.70956251
005,control,weight,59
005,drug,weight,59
002,control,t0,60
004,control,t0,60
005,control,t0,60
006,control,t0,60
009,control,t0,60
017,control,t0,60
002,drug,t0,60
004,drug,t0,60
005,drug,t0,60
006,drug,t0,60
009,drug,t0,60
017,drug,t0,60
005,control,kidney_volume,64.23785743
002,control,weight,65
002,drug,weight,65
006,control,weight,66
006,drug,weight,66
004,control,kidney_volume,69.95975685
006,drug,kidney_volume,72.09593263
004,control,weight,73
004,drug,weight,73
017,control,weight,75
017,drug,weight,75
009,control,weight,85
009,drug,weight,85
002,control,liver_volume,161.3575635
002,drug,liver_volume,706.9215997
009,control,liver_volume,796.9461505
004,drug,liver_volume,822.1225079
009,drug,liver_volume,831.735299
004,control,liver_volume,872.3226388
005,control,liver_volume,901.7713478
005,drug,liver_volume,908.7139191
017,control,liver_volume,996.2208341
006,drug,liver_volume,1050.769609
006,control,liver_volume,1087.542349
017,drug,liver_volume,1088.763021
006,control,T1_time_1,32102
006,control,T1_time_2,32102
009,control,T1_time_1,32765
002,drug,T1_time_1,35409
009,control,T1_time_2,35761
009,drug,T1_time_1,35799
006,drug,T1_time_1,37685
004,control,T1_time_1,37927
002,drug,T1_time_2,38358
009,drug,T1_time_2,38730
002,control,T1_time_1,40127
004,drug,T1_time_1,40364
004,drug,T1_time_2,40364
017,drug,T1_time_1,40731
004,control,T1_time_2,40955
009,control,T1_time_3,41148
006,drug,T1_time_2,41603
006,control,T1_time_3,42202
002,control,T1_time_2,43289
017,drug,T1_time_2,43829
002,drug,T1_time_3,44680
009,drug,T1_time_3,44953
017,control,T1_time_1,46267
004,control,T1_time_3,46606
006,drug,T1_time_3,47214
005,drug,T1_time_1,47929
004,drug,T1_time_3,48829
017,drug,T1_time_3,48933
017,control,T1_time_2,49185
002,control,T1_time_3,49231
005,drug,T1_time_2,50765
005,control,T1_time_1,51296
005,control,T1_time_2,54238
005,drug,T1_time_3,55100
005,control,T1_time_3,58197
017,control,T1_time_3,58507
