subject,study,parameter,value
LDS-010,drug_10,BAT,0.025865446281075174
LDS-010,drug_10,CO,0.14942685023858726
LDS-010,drug_10,Thl,1.874905319803925
LDS-010,drug_10,Dhl,1.8923212071452324
LDS-010,drug_10,To,3.2300867444042933
LDS-010,drug_10,Eo,6.169513587910989
LDS-010,drug_10,Toe,0.13874021233370024
LDS-010,drug_10,Eb,0.8802817261378851
LDS-010,drug_10,H,0
LDS-010,drug_10,ve,11.295795065963315
LDS-010,drug_10,Te,11.582784423446968
LDS-010,drug_10,De,8.086616150538918
LDS-010,drug_10,khe,3.247697789091334
LDS-010,drug_10,Th,825217.797696976
LDS-010,drug_10,Kbh,0
LDS-010,drug_10,Khe,0
LDS-010,drug_10,kbh,0
LDS-010,drug_10,CL,0.0
LDS-010,drug_10,AUC_Cb,0
LDS-010,drug_10,AUC_Cl,0
LDS-010,drug_10,AUC35_Cb,0
LDS-010,drug_10,AUC35_Cl,0
LDS-010,drug_10,RE_R1b,0
LDS-010,drug_10,RE_R1l,0
LDS-010,drug_10,RE_Sb,0
LDS-010,drug_10,RE_Sl,0
LDS-010,drug_10,T1_1,0
LDS-010,drug_10,T1_2,0
LDS-010,drug_10,t1_MOLLI,0
LDS-010,drug_10,t2_MOLLI,0
