subject,study,parameter,value
SHF-011,drug_25,BAT,0.21427325083064946
SHF-011,drug_25,CO,1.3400567789884412
SHF-011,drug_25,Thl,17.012716473406325
SHF-011,drug_25,Dhl,53.84230978084609
SHF-011,drug_25,To,2.1912168194937687
SHF-011,drug_25,Eo,4.474080146343209
SHF-011,drug_25,Toe,2.151266366027706
SHF-011,drug_25,Eb,5.452649770192938
SHF-011,drug_25,H,0
SHF-011,drug_25,ve,25.632332173815815
SHF-011,drug_25,Te,61.7673635603596
SHF-011,drug_25,De,10.347674491499923
SHF-011,drug_25,khe,2.2028179683597333
SHF-011,drug_25,Th,2.687686012715862
SHF-011,drug_25,Kbh,0
SHF-011,drug_25,Khe,0
SHF-011,drug_25,kbh,0
SHF-011,drug_25,CL,0.0
SHF-011,drug_25,AUC_Cb,0
SHF-011,drug_25,AUC_Cl,0
SHF-011,drug_25,AUC35_Cb,0
SHF-011,drug_25,AUC35_Cl,0
SHF-011,drug_25,RE_R1b,0
SHF-011,drug_25,RE_R1l,0
SHF-011,drug_25,RE_Sb,0
SHF-011,drug_25,RE_Sl,0
SHF-011,drug_25,T1_1,0
SHF-011,drug_25,T1_2,0
SHF-011,drug_25,t1_MOLLI,0
SHF-011,drug_25,t2_MOLLI,0
