subject,study,parameter,value
SHF-017,drug,S02a,104.6571396519569
SHF-017,drug,S02l,501.5876337795614
SHF-017,drug,BAT2,0.014098403269213073
SHF-017,drug,BAT,0.014128032321040382
SHF-017,drug,CO,0.22230258950229217
SHF-017,drug,Thl,1.0584848076669686
SHF-017,drug,Dhl,1.5303832537766067
SHF-017,drug,To,1.2531101249151722
SHF-017,drug,Eo,0.7731424560411756
SHF-017,drug,Toe,0.3355330968580657
SHF-017,drug,Eb,0.13479306094593088
SHF-017,drug,H,0
SHF-017,drug,ve,1.9598444550048149
SHF-017,drug,Te,3.5418523734960408
SHF-017,drug,De,4.596316020468449
SHF-017,drug,khe_i,0.43761184224304184
SHF-017,drug,khe_f,0.7814681554954621
SHF-017,drug,Th_i,19.84042013206946
SHF-017,drug,Th_f,1.472605548163159
SHF-017,drug,Th,0.0
SHF-017,drug,khe,0
SHF-017,drug,Kbh,0
SHF-017,drug,Khe,0
SHF-017,drug,kbh,0
SHF-017,drug,kbh_i,0
SHF-017,drug,kbh_f,0
SHF-017,drug,CL,0.0
SHF-017,drug,AUC_Cb,0
SHF-017,drug,AUC_Cl,0
SHF-017,drug,AUC35_Cb,0
SHF-017,drug,AUC35_Cl,0
SHF-017,drug,RE_R1b,0
SHF-017,drug,RE_R1l,0
SHF-017,drug,RE_Sb,0
SHF-017,drug,RE_Sl,0
SHF-017,drug,T1_1,0
SHF-017,drug,T1_2,0
SHF-017,drug,t1_MOLLI,0
SHF-017,drug,t2_MOLLI,0
SHF-017,drug,T1_3,0
SHF-017,drug,t3_MOLLI,0
SHF-017,drug,t0,0
SHF-017,drug,t1,0
SHF-017,drug,t2,0
SHF-017,drug,t3,0
SHF-017,drug,dt1,0
SHF-017,drug,dt2,0
