subject,study,parameter,value
LDS-009,drug,BAT,0.0071105453197469306
LDS-009,drug,CO,0.11303427395434054
LDS-009,drug,Thl,0.5007998156412148
LDS-009,drug,Dhl,1.7702702169012183
LDS-009,drug,To,1.6834675940660013
LDS-009,drug,Eo,0.3399231603733057
LDS-009,drug,Toe,1.269969680259844
LDS-009,drug,Eb,0.33083868185875515
LDS-009,drug,H,0
LDS-009,drug,ve,0.7986377432920149
LDS-009,drug,Te,4.364793288002921
LDS-009,drug,De,3.3380803315313003
LDS-009,drug,khe,0.17479263842159135
LDS-009,drug,Th,14.778161566776099
LDS-009,drug,Kbh,0
LDS-009,drug,Khe,0
LDS-009,drug,kbh,0
LDS-009,drug,CL,0.0
LDS-009,drug,AUC_Cb,0
LDS-009,drug,AUC_Cl,0
LDS-009,drug,AUC35_Cb,0
LDS-009,drug,AUC35_Cl,0
LDS-009,drug,RE_R1b,0
LDS-009,drug,RE_R1l,0
LDS-009,drug,RE_Sb,0
LDS-009,drug,RE_Sl,0
LDS-009,drug,T1_1,0
LDS-009,drug,T1_2,0
LDS-009,drug,t1_MOLLI,0
LDS-009,drug,t2_MOLLI,0
