subject,study,parameter,value
LDS-004,control_30,BAT,1.1943519275199177
LDS-004,control_30,CO,3.6297658378007003
LDS-004,control_30,Thl,12.211514074710774
LDS-004,control_30,Dhl,47.69426795339186
LDS-004,control_30,To,37.596183604095096
LDS-004,control_30,Eo,33.997224093324895
LDS-004,control_30,Toe,9.633290877213634
LDS-004,control_30,Eb,14.997993673218426
LDS-004,control_30,H,45.0
LDS-004,control_30,ve,8.023766333089474
LDS-004,control_30,Te,59.99999478014571
LDS-004,control_30,De,87.80617992908766
LDS-004,control_30,khe,20.809880419318112
LDS-004,control_30,Th,599.9991353285453
LDS-004,control_30,Kbh,0.166666906853528
LDS-004,control_30,Khe,259.3530214545202
LDS-004,control_30,kbh,0.15329394369301302
LDS-004,control_30,CL,0.18438539676125112
LDS-004,control_30,AUC_Cb,49.35420662372025
LDS-004,control_30,AUC_Cl,1397.6405062580984
LDS-004,control_30,AUC35_Cb,34.21485401044995
LDS-004,control_30,AUC35_Cl,183.6145396320785
LDS-004,control_30,RE_R1b,15.786421013519867
LDS-004,control_30,RE_R1l,77.16238441438017
LDS-004,control_30,RE_Sb,17.390914279984095
LDS-004,control_30,RE_Sl,61.598412555258506
LDS-004,control_30,T1_1,0.802359985
LDS-004,control_30,T1_2,0.502459991
LDS-004,control_30,t1_MOLLI,9.83225138888889
LDS-004,control_30,t2_MOLLI,10.700175833333335
