subject,study,parameter,value
LDS-004,control_30,BAT,0.004740758130650936
LDS-004,control_30,CO,0.060052067025601244
LDS-004,control_30,Thl,0.37986949631323397
LDS-004,control_30,Dhl,0.8181210917370177
LDS-004,control_30,To,1.8272006083750927
LDS-004,control_30,Eo,1.3326610724353944
LDS-004,control_30,Toe,1.1357660264941964
LDS-004,control_30,Eb,1.796665911303566
LDS-004,control_30,H,0
LDS-004,control_30,ve,7.5809829508178606
LDS-004,control_30,Te,43.5842744830241
LDS-004,control_30,De,8.233113862331763
LDS-004,control_30,khe,0.3985272173981752
LDS-004,control_30,Th,420.1875915029331
LDS-004,control_30,Kbh,0
LDS-004,control_30,Khe,0
LDS-004,control_30,kbh,0
LDS-004,control_30,CL,0.0
LDS-004,control_30,AUC_Cb,0
LDS-004,control_30,AUC_Cl,0
LDS-004,control_30,AUC35_Cb,0
LDS-004,control_30,AUC35_Cl,0
LDS-004,control_30,RE_R1b,0
LDS-004,control_30,RE_R1l,0
LDS-004,control_30,RE_Sb,0
LDS-004,control_30,RE_Sl,0
LDS-004,control_30,T1_1,0
LDS-004,control_30,T1_2,0
LDS-004,control_30,t1_MOLLI,0
LDS-004,control_30,t2_MOLLI,0
