subject,study,parameter,value
LDS-002,control_15,BAT,1.412703416697774
LDS-002,control_15,CO,5.469875898894901
LDS-002,control_15,Thl,8.634796534668293
LDS-002,control_15,Dhl,81.72740319337804
LDS-002,control_15,To,23.479609000746976
LDS-002,control_15,Eo,25.345605908269274
LDS-002,control_15,Toe,3.083865466569353
LDS-002,control_15,Eb,9.380619153424398
LDS-002,control_15,H,45.0
LDS-002,control_15,ve,24.488797132479007
LDS-002,control_15,Te,59.912830933296156
LDS-002,control_15,De,77.51650446535108
LDS-002,control_15,khe,31.32225611900763
LDS-002,control_15,Th,308.1846407872091
LDS-002,control_15,Kbh,0.32448080392509426
LDS-002,control_15,Khe,127.9044289091094
LDS-002,control_15,kbh,0.24501935811804096
LDS-002,control_15,CL,0.21414374980580433
LDS-002,control_15,AUC_Cb,13.242255964401355
LDS-002,control_15,AUC_Cl,538.8789922337119
LDS-002,control_15,AUC35_Cb,11.821226359438525
LDS-002,control_15,AUC35_Cl,92.75804696567064
LDS-002,control_15,RE_R1b,6.0142331989299755
LDS-002,control_15,RE_R1l,38.060672659550434
LDS-002,control_15,RE_Sb,9.839799956648841
LDS-002,control_15,RE_Sl,28.74294475123814
LDS-002,control_15,T1_1,0.756169983
LDS-002,control_15,T1_2,0.582789978
LDS-002,control_15,t1_MOLLI,10.691066388888888
LDS-002,control_15,t2_MOLLI,11.615237777777777
