subject,study,parameter,value
LDS-002,control_15,BAT,0.31188876284100225
LDS-002,control_15,CO,2.468721945639854
LDS-002,control_15,Thl,24.01111661798011
LDS-002,control_15,Dhl,167.60661054162665
LDS-002,control_15,To,4.005813259936747
LDS-002,control_15,Eo,6.496463196585607
LDS-002,control_15,Toe,1.5086089292950688
LDS-002,control_15,Eb,10.614652779162068
LDS-002,control_15,H,0
LDS-002,control_15,ve,10.81136053077542
LDS-002,control_15,Te,33.707467149979315
LDS-002,control_15,De,15.243445823307308
LDS-002,control_15,khe,2.7115886648306997
LDS-002,control_15,Th,995.1390281527594
LDS-002,control_15,Kbh,0
LDS-002,control_15,Khe,0
LDS-002,control_15,kbh,0
LDS-002,control_15,CL,0.0
LDS-002,control_15,AUC_Cb,0
LDS-002,control_15,AUC_Cl,0
LDS-002,control_15,AUC35_Cb,0
LDS-002,control_15,AUC35_Cl,0
LDS-002,control_15,RE_R1b,0
LDS-002,control_15,RE_R1l,0
LDS-002,control_15,RE_Sb,0
LDS-002,control_15,RE_Sl,0
LDS-002,control_15,T1_1,0
LDS-002,control_15,T1_2,0
LDS-002,control_15,t1_MOLLI,0
LDS-002,control_15,t2_MOLLI,0
