subject,study,parameter,value
LDS-007,control,S02a,6497.575708731592
LDS-007,control,S02l,7461.439285512554
LDS-007,control,BAT2,121.16427802117914
LDS-007,control,BAT,1.1278610474042299
LDS-007,control,CO,9.39284599173318
LDS-007,control,Thl,12.14141882777849
LDS-007,control,Dhl,32.600226072424135
LDS-007,control,To,19.123169396940476
LDS-007,control,Eo,19.816098529405718
LDS-007,control,Toe,4.566546863622205
LDS-007,control,Eb,3.202102321650984
LDS-007,control,H,45.0
LDS-007,control,ve,21.175554139560628
LDS-007,control,Te,57.9681145119969
LDS-007,control,De,95.11093886174659
LDS-007,control,khe_i,35.811538611573894
LDS-007,control,khe_f,29.985629768717253
LDS-007,control,Th_i,23.864159841994038
LDS-007,control,Th_f,35.61896912178767
LDS-007,control,Th,29.741564481890855
LDS-007,control,khe,32.89858419014558
LDS-007,control,Kbh,3.3622979067186716
LDS-007,control,Khe,155.36114886686119
LDS-007,control,kbh,2.650312693148145
LDS-007,control,kbh_i,3.3030471796342513
LDS-007,control,kbh_f,2.212990656493297
LDS-007,control,CL,0.3106169302822344
LDS-007,control,AUC_Cb,67.06861720263596
LDS-007,control,AUC_Cl,656.6836304300978
LDS-007,control,AUC35_Cb,36.4121566914554
LDS-007,control,AUC35_Cl,188.07329544304505
LDS-007,control,RE_R1b,24.77679298873401
LDS-007,control,RE_R1l,85.36895657455756
LDS-007,control,RE_Sb,19.07316135544974
LDS-007,control,RE_Sl,72.97111999670273
LDS-007,control,T1_1,0.855419983
LDS-007,control,T1_2,0.537539978
LDS-007,control,t1_MOLLI,14.784960833333333
LDS-007,control,t2_MOLLI,16.253286111111112
LDS-007,control,T1_3,0.601840027
LDS-007,control,t3_MOLLI,16.95506138888889
LDS-007,control,t0,15.300554861111111
LDS-007,control,t1,16.156451388888893
LDS-007,control,t2,17.149264583333334
LDS-007,control,t3,18.06257777777778
LDS-007,control,dt1,2.017500000009022
LDS-007,control,dt2,2.017500000009022
