subject,study,parameter,value
LDS-007,control,S02a,18.533893510804187
LDS-007,control,S02l,51.12693374897452
LDS-007,control,BAT2,0.006350244825635957
LDS-007,control,BAT,0.006427299843141627
LDS-007,control,CO,0.15339408574311714
LDS-007,control,Thl,0.4218885306637373
LDS-007,control,Dhl,1.086706601580827
LDS-007,control,To,0.9251487918372252
LDS-007,control,Eo,0.7074517703276946
LDS-007,control,Toe,0.1696765102705843
LDS-007,control,Eb,0.10623734444332536
LDS-007,control,H,0
LDS-007,control,ve,9.526870005963763
LDS-007,control,Te,27.712596354065546
LDS-007,control,De,3.549709533581008
LDS-007,control,khe_i,0.9415774178840363
LDS-007,control,khe_f,1.093323934757859
LDS-007,control,Th_i,0.6774919746365746
LDS-007,control,Th_f,1.2872889631016913
LDS-007,control,Th,0.0
LDS-007,control,khe,0
LDS-007,control,Kbh,0
LDS-007,control,Khe,0
LDS-007,control,kbh,0
LDS-007,control,kbh_i,0
LDS-007,control,kbh_f,0
LDS-007,control,CL,0.0
LDS-007,control,AUC_Cb,0
LDS-007,control,AUC_Cl,0
LDS-007,control,AUC35_Cb,0
LDS-007,control,AUC35_Cl,0
LDS-007,control,RE_R1b,0
LDS-007,control,RE_R1l,0
LDS-007,control,RE_Sb,0
LDS-007,control,RE_Sl,0
LDS-007,control,T1_1,0
LDS-007,control,T1_2,0
LDS-007,control,t1_MOLLI,0
LDS-007,control,t2_MOLLI,0
LDS-007,control,T1_3,0
LDS-007,control,t3_MOLLI,0
LDS-007,control,t0,0
LDS-007,control,t1,0
LDS-007,control,t2,0
LDS-007,control,t3,0
LDS-007,control,dt1,0
LDS-007,control,dt2,0
