subject,study,parameter,value
GOT-001,drug,BAT,0.007880266833240966
GOT-001,drug,CO,0.082419671927454
GOT-001,drug,Thl,0.5482945594033503
GOT-001,drug,Dhl,1.4506815388408745
GOT-001,drug,To,1.2870704083350502
GOT-001,drug,Eo,0.4938539210797949
GOT-001,drug,Toe,0.7013044955064222
GOT-001,drug,Eb,0.7898108625029355
GOT-001,drug,H,0
GOT-001,drug,ve,1.3002718924097816
GOT-001,drug,Te,8.278504389359338
GOT-001,drug,De,5.153156222560091
GOT-001,drug,khe,0.6302902834897979
GOT-001,drug,Th,2.9780866709749776
GOT-001,drug,Kbh,0
GOT-001,drug,Khe,0
GOT-001,drug,kbh,0
GOT-001,drug,CL,0.0
GOT-001,drug,AUC_Cb,0
GOT-001,drug,AUC_Cl,0
GOT-001,drug,AUC35_Cb,0
GOT-001,drug,AUC35_Cl,0
GOT-001,drug,RE_R1b,0
GOT-001,drug,RE_R1l,0
GOT-001,drug,RE_Sb,0
GOT-001,drug,RE_Sl,0
GOT-001,drug,T1_1,0
GOT-001,drug,T1_2,0
GOT-001,drug,t1_MOLLI,0
GOT-001,drug,t2_MOLLI,0
