subject,study,parameter,value
GOT-001,drug_05,BAT,0.005839509179801197
GOT-001,drug_05,CO,0.18597317054694953
GOT-001,drug_05,Thl,0.5200391513910293
GOT-001,drug_05,Dhl,1.246868390056532
GOT-001,drug_05,To,6.4153320706747925
GOT-001,drug_05,Eo,9.91967782277011
GOT-001,drug_05,Toe,2.842583342428461
GOT-001,drug_05,Eb,21.338622402839636
GOT-001,drug_05,H,0
GOT-001,drug_05,ve,21.982411687979777
GOT-001,drug_05,Te,86.35703975898207
GOT-001,drug_05,De,36.412815919346805
GOT-001,drug_05,khe,30.948870745768
GOT-001,drug_05,Th,442.53601928857273
GOT-001,drug_05,Kbh,0
GOT-001,drug_05,Khe,0
GOT-001,drug_05,kbh,0
GOT-001,drug_05,CL,0.0
GOT-001,drug_05,AUC_Cb,0
GOT-001,drug_05,AUC_Cl,0
GOT-001,drug_05,AUC35_Cb,0
GOT-001,drug_05,AUC35_Cl,0
GOT-001,drug_05,RE_R1b,0
GOT-001,drug_05,RE_R1l,0
GOT-001,drug_05,RE_Sb,0
GOT-001,drug_05,RE_Sl,0
GOT-001,drug_05,T1_1,0
GOT-001,drug_05,T1_2,0
GOT-001,drug_05,t1_MOLLI,0
GOT-001,drug_05,t2_MOLLI,0
