subject,study,parameter,value
SHF-003,drug_15,BAT,0.04536525696418872
SHF-003,drug_15,CO,1.5442436514306184
SHF-003,drug_15,Thl,3.1769560615343413
SHF-003,drug_15,Dhl,15.237241500878094
SHF-003,drug_15,To,2.9340338460775652
SHF-003,drug_15,Eo,1.4617683077049348
SHF-003,drug_15,Toe,2.0080733916026694
SHF-003,drug_15,Eb,3.0944408700227295
SHF-003,drug_15,H,0
SHF-003,drug_15,ve,10.219115288497536
SHF-003,drug_15,Te,14.586852241751313
SHF-003,drug_15,De,6.938695729631012
SHF-003,drug_15,khe,3.729863543443802
SHF-003,drug_15,Th,42.10178293154134
SHF-003,drug_15,Kbh,0
SHF-003,drug_15,Khe,0
SHF-003,drug_15,kbh,0
SHF-003,drug_15,CL,0.0
SHF-003,drug_15,AUC_Cb,0
SHF-003,drug_15,AUC_Cl,0
SHF-003,drug_15,AUC35_Cb,0
SHF-003,drug_15,AUC35_Cl,0
SHF-003,drug_15,RE_R1b,0
SHF-003,drug_15,RE_R1l,0
SHF-003,drug_15,RE_Sb,0
SHF-003,drug_15,RE_Sl,0
SHF-003,drug_15,T1_1,0
SHF-003,drug_15,T1_2,0
SHF-003,drug_15,t1_MOLLI,0
SHF-003,drug_15,t2_MOLLI,0
