subject,study,parameter,value
SHF-010,control_20,BAT,1.1288034686342732
SHF-010,control_20,CO,6.527579650355656
SHF-010,control_20,Thl,22.348504477336572
SHF-010,control_20,Dhl,40.62442860010838
SHF-010,control_20,To,30.814701064083508
SHF-010,control_20,Eo,23.19632069355597
SHF-010,control_20,Toe,5.515992919379525
SHF-010,control_20,Eb,7.761199539504577
SHF-010,control_20,H,45.0
SHF-010,control_20,ve,27.500480797062586
SHF-010,control_20,Te,45.70554595794609
SHF-010,control_20,De,88.64487722375009
SHF-010,control_20,khe,38.528063473841556
SHF-010,control_20,Th,50.04770636858809
SHF-010,control_20,Kbh,1.9980935642390187
SHF-010,control_20,Khe,140.0995995602988
SHF-010,control_20,kbh,1.448608227298124
SHF-010,control_20,CL,0.3641307311194088
SHF-010,control_20,AUC_Cb,40.14449666005718
SHF-010,control_20,AUC_Cl,753.3909975916472
SHF-010,control_20,AUC35_Cb,28.246559044158374
SHF-010,control_20,AUC35_Cl,208.00521549428674
SHF-010,control_20,RE_R1b,16.01785249590094
SHF-010,control_20,RE_R1l,85.52926623302514
SHF-010,control_20,RE_Sb,25.398949796970165
SHF-010,control_20,RE_Sl,70.7329360944496
SHF-010,control_20,T1_1,0.76626
SHF-010,control_20,T1_2,0.41884
SHF-010,control_20,t1_MOLLI,10.315555555555555
SHF-010,control_20,t2_MOLLI,11.1275
