subject,study,parameter,value
SHF-010,control_20,BAT,0.023165108733288566
SHF-010,control_20,CO,0.13928458610107805
SHF-010,control_20,Thl,1.6274476607549975
SHF-010,control_20,Dhl,2.005401478089146
SHF-010,control_20,To,2.5599689810196877
SHF-010,control_20,Eo,1.222999982816945
SHF-010,control_20,Toe,1.063367094261943
SHF-010,control_20,Eb,1.4497741356946736
SHF-010,control_20,H,0
SHF-010,control_20,ve,8.109649570961427
SHF-010,control_20,Te,16.585595027394767
SHF-010,control_20,De,6.6799982184351405
SHF-010,control_20,khe,1.5284658562499522
SHF-010,control_20,Th,8.961572152561425
SHF-010,control_20,Kbh,0
SHF-010,control_20,Khe,0
SHF-010,control_20,kbh,0
SHF-010,control_20,CL,0.0
SHF-010,control_20,AUC_Cb,0
SHF-010,control_20,AUC_Cl,0
SHF-010,control_20,AUC35_Cb,0
SHF-010,control_20,AUC35_Cl,0
SHF-010,control_20,RE_R1b,0
SHF-010,control_20,RE_R1l,0
SHF-010,control_20,RE_Sb,0
SHF-010,control_20,RE_Sl,0
SHF-010,control_20,T1_1,0
SHF-010,control_20,T1_2,0
SHF-010,control_20,t1_MOLLI,0
SHF-010,control_20,t2_MOLLI,0
