subject,study,parameter,value
LDS-010,control_10,BAT,1.204542544715711
LDS-010,control_10,CO,6.219736040058846
LDS-010,control_10,Thl,15.362594645695012
LDS-010,control_10,Dhl,39.894407895735334
LDS-010,control_10,To,34.60506228880566
LDS-010,control_10,Eo,19.16576951480768
LDS-010,control_10,Toe,2.2839995957336012
LDS-010,control_10,Eb,7.596845700998656
LDS-010,control_10,H,45.0
LDS-010,control_10,ve,15.743967980771655
LDS-010,control_10,Te,59.999999994
LDS-010,control_10,De,75.39139852079315
LDS-010,control_10,khe,19.205273007877018
LDS-010,control_10,Th,248.44522101644998
LDS-010,control_10,Kbh,0.4025032141527038
LDS-010,control_10,Khe,121.98495977210261
LDS-010,control_10,kbh,0.33913323699492537
LDS-010,control_10,CL,0.2066278255191366
LDS-010,control_10,AUC_Cb,43.16845300218218
LDS-010,control_10,AUC_Cl,1010.5024863172889
LDS-010,control_10,AUC35_Cb,38.32446272073259
LDS-010,control_10,AUC35_Cl,173.45645571421886
LDS-010,control_10,RE_R1b,20.540015273993824
LDS-010,control_10,RE_R1l,76.75916735250316
LDS-010,control_10,RE_Sb,12.836310582579028
LDS-010,control_10,RE_Sl,42.56724745721366
LDS-010,control_10,T1_1,0.806320007
LDS-010,control_10,T1_2,0.561890015
LDS-010,control_10,t1_MOLLI,13.861661944444444
LDS-010,control_10,t2_MOLLI,15.021078611111111
