subject,study,parameter,value
LDS-010,control_10,BAT,0.018637692788012177
LDS-010,control_10,CO,0.13580878010768074
LDS-010,control_10,Thl,1.2507886192506819
LDS-010,control_10,Dhl,2.5089665832921835
LDS-010,control_10,To,4.652845803350433
LDS-010,control_10,Eo,3.6395090737551343
LDS-010,control_10,Toe,1.3938480196253704
LDS-010,control_10,Eb,2.964767460577486
LDS-010,control_10,H,0
LDS-010,control_10,ve,9.171918836213438
LDS-010,control_10,Te,36.29808951339585
LDS-010,control_10,De,16.54977435342486
LDS-010,control_10,khe,3.196307884709388
LDS-010,control_10,Th,2040.3699249247902
LDS-010,control_10,Kbh,0
LDS-010,control_10,Khe,0
LDS-010,control_10,kbh,0
LDS-010,control_10,CL,0.0
LDS-010,control_10,AUC_Cb,0
LDS-010,control_10,AUC_Cl,0
LDS-010,control_10,AUC35_Cb,0
LDS-010,control_10,AUC35_Cl,0
LDS-010,control_10,RE_R1b,0
LDS-010,control_10,RE_R1l,0
LDS-010,control_10,RE_Sb,0
LDS-010,control_10,RE_Sl,0
LDS-010,control_10,T1_1,0
LDS-010,control_10,T1_2,0
LDS-010,control_10,t1_MOLLI,0
LDS-010,control_10,t2_MOLLI,0
