subject,study,parameter,value
SHF-005,control_25,BAT,1.2365808783034251
SHF-005,control_25,CO,3.543030784506654
SHF-005,control_25,Thl,15.2122176848503
SHF-005,control_25,Dhl,55.04393348758172
SHF-005,control_25,To,37.42071194205411
SHF-005,control_25,Eo,19.130703040575533
SHF-005,control_25,Toe,4.664556557890232
SHF-005,control_25,Eb,8.907817183774641
SHF-005,control_25,H,45.0
SHF-005,control_25,ve,19.090392899198676
SHF-005,control_25,Te,36.16113976453232
SHF-005,control_25,De,72.9523593672936
SHF-005,control_25,khe,21.49544041168039
SHF-005,control_25,Th,81.05672972524249
SHF-005,control_25,Kbh,1.2337038557929663
SHF-005,control_25,Khe,112.59820856061411
SHF-005,control_25,kbh,0.9981849425095257
SHF-005,control_25,CL,0.1938397227159561
SHF-005,control_25,AUC_Cb,42.91461415198361
SHF-005,control_25,AUC_Cl,660.168582918216
SHF-005,control_25,AUC35_Cb,35.466419171726784
SHF-005,control_25,AUC35_Cl,168.18709841439056
SHF-005,control_25,RE_R1b,19.13894245133398
SHF-005,control_25,RE_R1l,71.05542005338097
SHF-005,control_25,RE_Sb,22.927915979818202
SHF-005,control_25,RE_Sl,57.64127655903992
SHF-005,control_25,T1_1,0.78715
SHF-005,control_25,T1_2,0.49327
SHF-005,control_25,t1_MOLLI,14.248888888888889
SHF-005,control_25,t2_MOLLI,15.06611111111111
