subject,study,parameter,value
SHF-005,control_25,BAT,0.010587622963711655
SHF-005,control_25,CO,0.07661231429466106
SHF-005,control_25,Thl,0.8226463024010037
SHF-005,control_25,Dhl,2.087820165092335
SHF-005,control_25,To,2.56384855706304
SHF-005,control_25,Eo,1.3871332725722976
SHF-005,control_25,Toe,0.7108494601761903
SHF-005,control_25,Eb,0.6533762375780827
SHF-005,control_25,H,0
SHF-005,control_25,ve,2.4512661323011753
SHF-005,control_25,Te,6.219797176518643
SHF-005,control_25,De,6.672015834090231
SHF-005,control_25,khe,0.667936650642808
SHF-005,control_25,Th,16.120803067367554
SHF-005,control_25,Kbh,0
SHF-005,control_25,Khe,0
SHF-005,control_25,kbh,0
SHF-005,control_25,CL,0.0
SHF-005,control_25,AUC_Cb,0
SHF-005,control_25,AUC_Cl,0
SHF-005,control_25,AUC35_Cb,0
SHF-005,control_25,AUC35_Cl,0
SHF-005,control_25,RE_R1b,0
SHF-005,control_25,RE_R1l,0
SHF-005,control_25,RE_Sb,0
SHF-005,control_25,RE_Sl,0
SHF-005,control_25,T1_1,0
SHF-005,control_25,T1_2,0
SHF-005,control_25,t1_MOLLI,0
SHF-005,control_25,t2_MOLLI,0
