subject,study,parameter,value
SHF-011,control,BAT,1.3245904988219577
SHF-011,control,CO,6.6879927132867
SHF-011,control,Thl,14.008872214602107
SHF-011,control,Dhl,56.39798680939603
SHF-011,control,To,32.89419193655599
SHF-011,control,Eo,14.358823075677012
SHF-011,control,Toe,12.301527141435269
SHF-011,control,Eb,4.857723144927634
SHF-011,control,H,45.0
SHF-011,control,ve,34.08262655333283
SHF-011,control,Te,35.274007493916
SHF-011,control,De,90.47817523996638
SHF-011,control,khe,60.66413830962103
SHF-011,control,Th,15.540887629941668
SHF-011,control,Kbh,6.434638894585158
SHF-011,control,Khe,177.9913828375087
SHF-011,control,kbh,4.241544950088195
SHF-011,control,CL,0.4908193338840199
SHF-011,control,AUC_Cb,40.52369821334317
SHF-011,control,AUC_Cl,403.287197179965
SHF-011,control,AUC35_Cb,22.11362528363095
SHF-011,control,AUC35_Cl,164.5532223537033
SHF-011,control,RE_R1b,11.41998252587277
SHF-011,control,RE_R1l,63.318780121396536
SHF-011,control,RE_Sb,16.3280526841157
SHF-011,control,RE_Sl,53.57301238625388
SHF-011,control,T1_1,0.76065
SHF-011,control,T1_2,0.49798
SHF-011,control,t1_MOLLI,14.463611111111112
SHF-011,control,t2_MOLLI,15.278611111111111
