subject,study,parameter,value
SHF-011,control,BAT,0.06779118914207004
SHF-011,control,CO,1.15264315126091
SHF-011,control,Thl,3.079447878733835
SHF-011,control,Dhl,9.981298099531523
SHF-011,control,To,4.485572403481038
SHF-011,control,Eo,1.1185790042149797
SHF-011,control,Toe,1.4615138375987855
SHF-011,control,Eb,1.9435538420469765
SHF-011,control,H,0
SHF-011,control,ve,9.705691174991935
SHF-011,control,Te,13.084278074626358
SHF-011,control,De,7.490554512403104
SHF-011,control,khe,2.5836510744605183
SHF-011,control,Th,0.603523560880795
SHF-011,control,Kbh,0
SHF-011,control,Khe,0
SHF-011,control,kbh,0
SHF-011,control,CL,0.0
SHF-011,control,AUC_Cb,0
SHF-011,control,AUC_Cl,0
SHF-011,control,AUC35_Cb,0
SHF-011,control,AUC35_Cl,0
SHF-011,control,RE_R1b,0
SHF-011,control,RE_R1l,0
SHF-011,control,RE_Sb,0
SHF-011,control,RE_Sl,0
SHF-011,control,T1_1,0
SHF-011,control,T1_2,0
SHF-011,control,t1_MOLLI,0
SHF-011,control,t2_MOLLI,0
