subject,study,parameter,value
SHF-017,drug_10,BAT,0.040250198449387854
SHF-017,drug_10,CO,0.6713922233005092
SHF-017,drug_10,Thl,3.0098328068087654
SHF-017,drug_10,Dhl,12.131917371743285
SHF-017,drug_10,To,4.446134628589187
SHF-017,drug_10,Eo,3.051331589754451
SHF-017,drug_10,Toe,2.1122779987001477
SHF-017,drug_10,Eb,5.71321700065325
SHF-017,drug_10,H,0
SHF-017,drug_10,ve,106.68188758724666
SHF-017,drug_10,Te,19.816617376382297
SHF-017,drug_10,De,10.24311171312048
SHF-017,drug_10,khe,5.372312385443518
SHF-017,drug_10,Th,51449.10250346202
SHF-017,drug_10,Kbh,0
SHF-017,drug_10,Khe,0
SHF-017,drug_10,kbh,0
SHF-017,drug_10,CL,0.0
SHF-017,drug_10,AUC_Cb,0
SHF-017,drug_10,AUC_Cl,0
SHF-017,drug_10,AUC35_Cb,0
SHF-017,drug_10,AUC35_Cl,0
SHF-017,drug_10,RE_R1b,0
SHF-017,drug_10,RE_R1l,0
SHF-017,drug_10,RE_Sb,0
SHF-017,drug_10,RE_Sl,0
SHF-017,drug_10,T1_1,0
SHF-017,drug_10,T1_2,0
SHF-017,drug_10,t1_MOLLI,0
SHF-017,drug_10,t2_MOLLI,0
