subject,study,parameter,value
SHF-009,control,S02a,47592.01746910636
SHF-009,control,S02l,22640.249200921455
SHF-009,control,BAT2,143.88511850630798
SHF-009,control,BAT,1.31334685074248
SHF-009,control,CO,13.458027926786382
SHF-009,control,Thl,9.708568700625376
SHF-009,control,Dhl,83.04361736614034
SHF-009,control,To,28.031205280862064
SHF-009,control,Eo,16.281645791934878
SHF-009,control,Toe,7.60871207721218
SHF-009,control,Eb,3.2023185677967247
SHF-009,control,H,45.0
SHF-009,control,ve,18.36878063763954
SHF-009,control,Te,18.88322514029061
SHF-009,control,De,59.370040896442156
SHF-009,control,khe_i,29.642590230881382
SHF-009,control,khe_f,40.82070344202129
SHF-009,control,Th_i,47.45416284443946
SHF-009,control,Th_f,41.871017415687234
SHF-009,control,Th,44.66259013006335
SHF-009,control,khe,35.23164683645134
SHF-009,control,Kbh,2.2390103150933887
SHF-009,control,Khe,191.80177242825815
SHF-009,control,kbh,1.8277314218597622
SHF-009,control,kbh_i,1.7202119786615468
SHF-009,control,kbh_f,1.9495876718719718
SHF-009,control,CL,0.28077725322085395
SHF-009,control,AUC_Cb,60.57985148639913
SHF-009,control,AUC_Cl,827.2766085328245
SHF-009,control,AUC35_Cb,29.470466513968223
SHF-009,control,AUC35_Cl,171.6682577753439
SHF-009,control,RE_R1b,17.78575189977458
SHF-009,control,RE_R1l,65.18507091248796
SHF-009,control,RE_Sb,15.103180160129066
SHF-009,control,RE_Sl,60.056761262114975
SHF-009,control,T1_1,0.76084
SHF-009,control,T1_2,0.42171
SHF-009,control,t1_MOLLI,9.10138888888889
SHF-009,control,t2_MOLLI,9.93361111111111
SHF-009,control,T1_3,0.51971
SHF-009,control,t3_MOLLI,11.43
SHF-009,control,t0,9.248611111111112
SHF-009,control,t1,9.93138888888889
SHF-009,control,t2,11.559444444444445
SHF-009,control,t3,12.243055555555555
SHF-009,control,dt1,2.0
SHF-009,control,dt2,2.0
