subject,study,parameter,value
SHF-009,control,S02a,126.27723103450761
SHF-009,control,S02l,497.7625071227233
SHF-009,control,BAT2,0.00737461549561921
SHF-009,control,BAT,0.007517579392464501
SHF-009,control,CO,0.34805182403036866
SHF-009,control,Thl,0.6149169058000411
SHF-009,control,Dhl,3.6664521470470044
SHF-009,control,To,1.1737812365032692
SHF-009,control,Eo,0.5349789819388018
SHF-009,control,Toe,0.415409555267489
SHF-009,control,Eb,0.1997046470257655
SHF-009,control,H,0
SHF-009,control,ve,1.8822306452559754
SHF-009,control,Te,2.809094927317791
SHF-009,control,De,9.50464218514929
SHF-009,control,khe_i,0.5962020459445888
SHF-009,control,khe_f,1.7682099783912728
SHF-009,control,Th_i,2.56192958898154
SHF-009,control,Th_f,2.3464583367187783
SHF-009,control,Th,0.0
SHF-009,control,khe,0
SHF-009,control,Kbh,0
SHF-009,control,Khe,0
SHF-009,control,kbh,0
SHF-009,control,kbh_i,0
SHF-009,control,kbh_f,0
SHF-009,control,CL,0.0
SHF-009,control,AUC_Cb,0
SHF-009,control,AUC_Cl,0
SHF-009,control,AUC35_Cb,0
SHF-009,control,AUC35_Cl,0
SHF-009,control,RE_R1b,0
SHF-009,control,RE_R1l,0
SHF-009,control,RE_Sb,0
SHF-009,control,RE_Sl,0
SHF-009,control,T1_1,0
SHF-009,control,T1_2,0
SHF-009,control,t1_MOLLI,0
SHF-009,control,t2_MOLLI,0
SHF-009,control,T1_3,0
SHF-009,control,t3_MOLLI,0
SHF-009,control,t0,0
SHF-009,control,t1,0
SHF-009,control,t2,0
SHF-009,control,t3,0
SHF-009,control,dt1,0
SHF-009,control,dt2,0
