subject,study,parameter,value
LDS-001,control_05,BAT,1.18810959210644
LDS-001,control_05,CO,14.961796382642797
LDS-001,control_05,Thl,21.480977244722254
LDS-001,control_05,Dhl,52.410565117827836
LDS-001,control_05,To,14.46603014085805
LDS-001,control_05,Eo,21.31239651549207
LDS-001,control_05,Toe,1.5119175136719425
LDS-001,control_05,Eb,6.535332094644384
LDS-001,control_05,H,45.0
LDS-001,control_05,ve,38.73156735107882
LDS-001,control_05,Te,50.43282230452007
LDS-001,control_05,De,80.58509684173559
LDS-001,control_05,khe,33.76994098073651
LDS-001,control_05,Th,348.24858917390077
LDS-001,control_05,Kbh,0.2871511991971465
LDS-001,control_05,Khe,87.1897092999927
LDS-001,control_05,kbh,0.17593303908067315
LDS-001,control_05,CL,0.3735676052093111
LDS-001,control_05,AUC_Cb,125.10046875119119
LDS-001,control_05,AUC_Cl,5694.9341835494015
LDS-001,control_05,AUC35_Cb,117.66163621132463
LDS-001,control_05,AUC35_Cl,992.3545265241258
LDS-001,control_05,RE_R1b,65.3723472308197
LDS-001,control_05,RE_R1l,414.4526771953568
LDS-001,control_05,RE_Sb,46.32785929640599
LDS-001,control_05,RE_Sl,176.79020286474122
LDS-001,control_05,T1_1,0.762049988
LDS-001,control_05,T1_2,0.164630005
LDS-001,control_05,t1_MOLLI,9.437863611111112
LDS-001,control_05,t2_MOLLI,10.4112
LDS-001,control_10,BAT,1.236604722375624
LDS-001,control_10,CO,15.421700070796392
LDS-001,control_10,Thl,18.27603254390138
LDS-001,control_10,Dhl,60.14935444290603
LDS-001,control_10,To,20.412346454935502
LDS-001,control_10,Eo,17.600721816112813
LDS-001,control_10,Toe,6.392965932121801
LDS-001,control_10,Eb,1.002216853059249
LDS-001,control_10,H,45.0
LDS-001,control_10,ve,45.88974024294467
LDS-001,control_10,Te,59.999999996634706
LDS-001,control_10,De,84.40120640426738
LDS-001,control_10,khe,30.46205665474384
LDS-001,control_10,Th,85.94312237993827
LDS-001,control_10,Kbh,1.163560238804438
LDS-001,control_10,Khe,66.38097425148803
LDS-001,control_10,kbh,0.6296054676468947
LDS-001,control_10,CL,0.3369753462333362
LDS-001,control_10,AUC_Cb,499.8819428471708
LDS-001,control_10,AUC_Cl,8967.449754920039
LDS-001,control_10,AUC35_Cb,149.28667182694295
LDS-001,control_10,AUC35_Cl,897.5532407276739
LDS-001,control_10,RE_R1b,101.89822781841352
LDS-001,control_10,RE_R1l,359.21483014328066
LDS-001,control_10,RE_Sb,49.04295798194405
LDS-001,control_10,RE_Sl,173.574383816121
LDS-001,control_10,T1_1,0.762049988
LDS-001,control_10,T1_2,0.164630005
LDS-001,control_10,t1_MOLLI,9.437863611111112
LDS-001,control_10,t2_MOLLI,10.4112
LDS-001,control_15,BAT,1.1957923185543478
LDS-001,control_15,CO,13.960908488639397
LDS-001,control_15,Thl,22.612212058029158
LDS-001,control_15,Dhl,57.68130700454422
LDS-001,control_15,To,21.08365252390945
LDS-001,control_15,Eo,15.778241076299441
LDS-001,control_15,Toe,6.570376448625017
LDS-001,control_15,Eb,4.2962461550781175
LDS-001,control_15,H,45.0
LDS-001,control_15,ve,40.62658880479791
LDS-001,control_15,Te,53.33805193972943
LDS-001,control_15,De,82.06269183122983
LDS-001,control_15,khe,33.90401886594388
LDS-001,control_15,Th,27.906053901574502
LDS-001,control_15,Kbh,3.583451832806711
LDS-001,control_15,Khe,83.45278268093206
LDS-001,control_15,kbh,2.127617591674334
LDS-001,control_15,CL,0.3750507927137553
LDS-001,control_15,AUC_Cb,201.97906798939024
LDS-001,control_15,AUC_Cl,2032.6010828473327
LDS-001,control_15,AUC35_Cb,120.236841825063
LDS-001,control_15,AUC35_Cl,667.5634832403159
LDS-001,control_15,RE_R1b,73.88629164673196
LDS-001,control_15,RE_R1l,270.20249596923634
LDS-001,control_15,RE_Sb,48.27375804538999
LDS-001,control_15,RE_Sl,161.41869792659912
LDS-001,control_15,T1_1,0.762049988
LDS-001,control_15,T1_2,0.164630005
LDS-001,control_15,t1_MOLLI,9.437863611111112
LDS-001,control_15,t2_MOLLI,10.4112
LDS-001,control_20,BAT,1.1548990792124654
LDS-001,control_20,CO,13.465461266585006
LDS-001,control_20,Thl,25.65047165186241
LDS-001,control_20,Dhl,52.82767972974213
LDS-001,control_20,To,20.416506049934355
LDS-001,control_20,Eo,15.242904763186191
LDS-001,control_20,Toe,7.158498360563912
LDS-001,control_20,Eb,4.87026110357647
LDS-001,control_20,H,45.0
LDS-001,control_20,ve,45.57848672288168
LDS-001,control_20,Te,59.901427704505544
LDS-001,control_20,De,84.57278890236621
LDS-001,control_20,khe,31.42049774163279
LDS-001,control_20,Th,42.49975177008922
LDS-001,control_20,Kbh,2.3529549193832873
LDS-001,control_20,Khe,68.937123631748
LDS-001,control_20,kbh,1.2805136738567846
LDS-001,control_20,CL,0.3475777497663348
LDS-001,control_20,AUC_Cb,185.04548412723648
LDS-001,control_20,AUC_Cl,2517.7262517601325
LDS-001,control_20,AUC35_Cb,114.91980248781248
LDS-001,control_20,AUC35_Cl,691.1613892873069
LDS-001,control_20,RE_R1b,68.93074189746578
LDS-001,control_20,RE_R1l,280.13315069474277
LDS-001,control_20,RE_Sb,46.32785929640599
LDS-001,control_20,RE_Sl,176.79020286474122
LDS-001,control_20,T1_1,0.762049988
LDS-001,control_20,T1_2,0.164630005
LDS-001,control_20,t1_MOLLI,9.437863611111112
LDS-001,control_20,t2_MOLLI,10.4112
LDS-001,control_25,BAT,1.2033328834809882
LDS-001,control_25,CO,14.060324039305298
LDS-001,control_25,Thl,22.034266341662505
LDS-001,control_25,Dhl,58.60204382722822
LDS-001,control_25,To,22.634573010684253
LDS-001,control_25,Eo,14.784700810996782
LDS-001,control_25,Toe,9.119980420425804
LDS-001,control_25,Eb,3.617118379913905
LDS-001,control_25,H,45.0
LDS-001,control_25,ve,43.35541307008441
LDS-001,control_25,Te,57.016354452928596
LDS-001,control_25,De,83.40604363310537
LDS-001,control_25,khe,32.442204947105246
LDS-001,control_25,Th,35.35410575844272
LDS-001,control_25,Kbh,2.8285257922587834
LDS-001,control_25,Khe,74.82849925720264
LDS-001,control_25,kbh,1.60220675123111
LDS-001,control_25,CL,0.3588800115674782
LDS-001,control_25,AUC_Cb,231.63450613430922
LDS-001,control_25,AUC_Cl,2700.122052653901
LDS-001,control_25,AUC35_Cb,115.94525010243204
LDS-001,control_25,AUC35_Cl,673.2957832253186
LDS-001,control_25,RE_R1b,69.16740453187349
LDS-001,control_25,RE_R1l,270.59892483495946
LDS-001,control_25,RE_Sb,48.27375804538999
LDS-001,control_25,RE_Sl,161.41869792659912
LDS-001,control_25,T1_1,0.762049988
LDS-001,control_25,T1_2,0.164630005
LDS-001,control_25,t1_MOLLI,9.437863611111112
LDS-001,control_25,t2_MOLLI,10.4112
LDS-001,control_30,BAT,1.2217774752820785
LDS-001,control_30,CO,14.617800579824777
LDS-001,control_30,Thl,20.171408990728892
LDS-001,control_30,Dhl,60.007904547569225
LDS-001,control_30,To,23.120177668441798
LDS-001,control_30,Eo,13.491349196669628
LDS-001,control_30,Toe,9.956747456536531
LDS-001,control_30,Eb,3.70699250883119
LDS-001,control_30,H,45.0
LDS-001,control_30,ve,45.48288374955315
LDS-001,control_30,Te,59.968369444696016
LDS-001,control_30,De,84.57754649503565
LDS-001,control_30,khe,31.593103785588326
LDS-001,control_30,Th,39.14171553681225
LDS-001,control_30,Kbh,2.554819037145967
LDS-001,control_30,Khe,69.46152306338473
LDS-001,control_30,kbh,1.3928136644694133
LDS-001,control_30,CL,0.3494871409175336
LDS-001,control_30,AUC_Cb,218.1017375300551
LDS-001,control_30,AUC_Cl,2715.1167659347616
LDS-001,control_30,AUC35_Cb,113.15053007778612
LDS-001,control_30,AUC35_Cl,668.928931647747
LDS-001,control_30,RE_R1b,65.63354839347642
LDS-001,control_30,RE_R1l,268.00739090346565
LDS-001,control_30,RE_Sb,48.27375804538999
LDS-001,control_30,RE_Sl,161.41869792659912
LDS-001,control_30,T1_1,0.762049988
LDS-001,control_30,T1_2,0.164630005
LDS-001,control_30,t1_MOLLI,9.437863611111112
LDS-001,control_30,t2_MOLLI,10.4112
LDS-001,control_35,BAT,1.2546625105206988
LDS-001,control_35,CO,15.308247956554505
LDS-001,control_35,Thl,17.224224190772613
LDS-001,control_35,Dhl,64.05095193492909
LDS-001,control_35,To,24.284389473983392
LDS-001,control_35,Eo,12.341032087824122
LDS-001,control_35,Toe,10.315931809806392
LDS-001,control_35,Eb,3.7949602520789445
LDS-001,control_35,H,45.0
LDS-001,control_35,ve,45.66302577833542
LDS-001,control_35,Te,59.99999728664042
LDS-001,control_35,De,84.40209465869329
LDS-001,control_35,khe,31.355177618092565
LDS-001,control_35,Th,40.42719209338952
LDS-001,control_35,Kbh,2.47358262649044
LDS-001,control_35,Khe,68.66644748927011
LDS-001,control_35,kbh,1.3440699541076842
LDS-001,control_35,CL,0.3468551698205535
LDS-001,control_35,AUC_Cb,205.2789207595489
LDS-001,control_35,AUC_Cl,2620.832535653879
LDS-001,control_35,AUC35_Cb,111.20303066935656
LDS-001,control_35,AUC35_Cl,664.3066139797621
LDS-001,control_35,RE_R1b,63.431419092240574
LDS-001,control_35,RE_R1l,266.1265959334999
LDS-001,control_35,RE_Sb,49.04295798194405
LDS-001,control_35,RE_Sl,173.574383816121
LDS-001,control_35,T1_1,0.762049988
LDS-001,control_35,T1_2,0.164630005
LDS-001,control_35,t1_MOLLI,9.437863611111112
LDS-001,control_35,t2_MOLLI,10.4112
LDS-001,control_40,BAT,1.1810475208228088
LDS-001,control_40,CO,13.580985516268145
LDS-001,control_40,Thl,23.9159348312634
LDS-001,control_40,Dhl,56.61602490242387
LDS-001,control_40,To,23.139916586471845
LDS-001,control_40,Eo,13.714888293463806
LDS-001,control_40,Toe,9.647067164357479
LDS-001,control_40,Eb,4.733845030155288
LDS-001,control_40,H,45.0
LDS-001,control_40,ve,46.07311137154696
LDS-001,control_40,Te,59.99999998790875
LDS-001,control_40,De,84.33551713128993
LDS-001,control_40,khe,31.064623805823526
LDS-001,control_40,Th,42.080085064247356
LDS-001,control_40,Kbh,2.376421051604844
LDS-001,control_40,Khe,67.42462768643814
LDS-001,control_40,kbh,1.2815299338420572
LDS-001,control_40,CL,0.34364102467603885
LDS-001,control_40,AUC_Cb,187.87408794326706
LDS-001,control_40,AUC_Cl,2483.5683885320304
LDS-001,control_40,AUC35_Cb,109.61844463453647
LDS-001,control_40,AUC35_Cl,659.4809824164378
LDS-001,control_40,RE_R1b,62.02288095064109
LDS-001,control_40,RE_R1l,264.5514303762191
LDS-001,control_40,RE_Sb,46.32785929640599
LDS-001,control_40,RE_Sl,176.79020286474122
LDS-001,control_40,T1_1,0.762049988
LDS-001,control_40,T1_2,0.164630005
LDS-001,control_40,t1_MOLLI,9.437863611111112
LDS-001,control_40,t2_MOLLI,10.4112
LDS-005,control_05,BAT,1.1619151009539115
LDS-005,control_05,CO,6.0403757041515975
LDS-005,control_05,Thl,19.72891423498956
LDS-005,control_05,Dhl,47.73994639831551
LDS-005,control_05,To,10.838741059362405
LDS-005,control_05,Eo,40.74026295191033
LDS-005,control_05,Toe,1.3609712991620682
LDS-005,control_05,Eb,4.204954623836096
LDS-005,control_05,H,45.0
LDS-005,control_05,ve,26.088863924155458
LDS-005,control_05,Te,46.639202412030826
LDS-005,control_05,De,78.06822161497709
LDS-005,control_05,khe,34.87457135601932
LDS-005,control_05,Th,371.67377445282796
LDS-005,control_05,Kbh,0.2690531505679096
LDS-005,control_05,Khe,133.6760828582085
LDS-005,control_05,kbh,0.19886024023259458
LDS-005,control_05,CL,0.24597811680656415
LDS-005,control_05,AUC_Cb,79.87713449270704
LDS-005,control_05,AUC_Cl,3506.2432997113556
LDS-005,control_05,AUC35_Cb,53.993359018771415
LDS-005,control_05,AUC35_Cl,404.131324068811
LDS-005,control_05,RE_R1b,27.5090371430813
LDS-005,control_05,RE_R1l,175.9135872101462
LDS-005,control_05,RE_Sb,14.931873810495125
LDS-005,control_05,RE_Sl,73.02810783599283
LDS-005,control_05,T1_1,0.8025
LDS-005,control_05,T1_2,0.450480011
LDS-005,control_05,t1_MOLLI,10.870616388888887
LDS-005,control_05,t2_MOLLI,11.798355277777777
LDS-005,control_10,BAT,1.245023170687355
LDS-005,control_10,CO,6.703561618892205
LDS-005,control_10,Thl,13.398253462679364
LDS-005,control_10,Dhl,52.46044746504197
LDS-005,control_10,To,17.577396383067597
LDS-005,control_10,Eo,28.786779876115776
LDS-005,control_10,Toe,2.0826633765197275
LDS-005,control_10,Eb,5.846166079047811
LDS-005,control_10,H,45.0
LDS-005,control_10,ve,23.602963523983757
LDS-005,control_10,Te,42.41925832847812
LDS-005,control_10,De,78.18934543310837
LDS-005,control_10,khe,38.14657551104611
LDS-005,control_10,Th,24.46975623969049
LDS-005,control_10,Kbh,4.086677407836118
LDS-005,control_10,Khe,161.61773699427235
LDS-005,control_10,kbh,3.122100429921674
LDS-005,control_10,CL,0.2690562906433252
LDS-005,control_10,AUC_Cb,51.933574458338924
LDS-005,control_10,AUC_Cl,506.1631631705397
LDS-005,control_10,AUC35_Cb,42.16199463561729
LDS-005,control_10,AUC35_Cl,242.27514315003356
LDS-005,control_10,RE_R1b,19.462556335916474
LDS-005,control_10,RE_R1l,106.985840074842
LDS-005,control_10,RE_Sb,15.906620301961974
LDS-005,control_10,RE_Sl,71.56140590718427
LDS-005,control_10,T1_1,0.8025
LDS-005,control_10,T1_2,0.450480011
LDS-005,control_10,t1_MOLLI,10.870616388888887
LDS-005,control_10,t2_MOLLI,11.798355277777777
LDS-005,control_15,BAT,1.2539712745897837
LDS-005,control_15,CO,7.066011561677416
LDS-005,control_15,Thl,12.758710024756581
LDS-005,control_15,Dhl,51.894023004354786
LDS-005,control_15,To,15.109341151897631
LDS-005,control_15,Eo,28.049424027046438
LDS-005,control_15,Toe,2.1273388604467183
LDS-005,control_15,Eb,6.209147239807085
LDS-005,control_15,H,45.0
LDS-005,control_15,ve,19.422014995503602
LDS-005,control_15,Te,35.12336601393239
LDS-005,control_15,De,73.82453234282849
LDS-005,control_15,khe,40.53642627055491
LDS-005,control_15,Th,19.20886389021582
LDS-005,control_15,Kbh,5.205929958769491
LDS-005,control_15,Khe,208.7138037939911
LDS-005,control_15,kbh,4.194833461521865
LDS-005,control_15,CL,0.2859124401647515
LDS-005,control_15,AUC_Cb,46.18117465396524
LDS-005,control_15,AUC_Cl,375.79492101567376
LDS-005,control_15,AUC35_Cb,39.236721858725716
LDS-005,control_15,AUC35_Cl,216.21321588344526
LDS-005,control_15,RE_R1b,17.529589317551856
LDS-005,control_15,RE_R1l,95.1750392665974
LDS-005,control_15,RE_Sb,7.977821493136528
LDS-005,control_15,RE_Sl,73.21366714564249
LDS-005,control_15,T1_1,0.8025
LDS-005,control_15,T1_2,0.450480011
LDS-005,control_15,t1_MOLLI,10.870616388888887
LDS-005,control_15,t2_MOLLI,11.798355277777777
LDS-005,control_20,BAT,1.2287361338774787
LDS-005,control_20,CO,6.935350509601394
LDS-005,control_20,Thl,14.55505244487203
LDS-005,control_20,Dhl,47.094024678375774
LDS-005,control_20,To,14.182910405311068
LDS-005,control_20,Eo,28.22112278792987
LDS-005,control_20,Toe,1.8049722232578227
LDS-005,control_20,Eb,7.864207172293984
LDS-005,control_20,H,45.0
LDS-005,control_20,ve,33.682613130126015
LDS-005,control_20,Te,59.99968354764948
LDS-005,control_20,De,86.15674949833789
LDS-005,control_20,khe,35.68296141944522
LDS-005,control_20,Th,28.50467355230695
LDS-005,control_20,Kbh,3.508196640684094
LDS-005,control_20,Khe,105.93881561858414
LDS-005,control_20,kbh,2.326544338358394
LDS-005,control_20,CL,0.25167987191680496
LDS-005,control_20,AUC_Cb,37.41731298143366
LDS-005,control_20,AUC_Cl,402.33379377394454
LDS-005,control_20,AUC35_Cb,34.682711074567116
LDS-005,control_20,AUC35_Cl,216.6372621149906
LDS-005,control_20,RE_R1b,13.755515962109275
LDS-005,control_20,RE_R1l,95.74684293047655
LDS-005,control_20,RE_Sb,15.906620301961974
LDS-005,control_20,RE_Sl,71.56140590718427
LDS-005,control_20,T1_1,0.8025
LDS-005,control_20,T1_2,0.450480011
LDS-005,control_20,t1_MOLLI,10.870616388888887
LDS-005,control_20,t2_MOLLI,11.798355277777777
LDS-005,control_25,BAT,1.2529678892260967
LDS-005,control_25,CO,6.82313879334917
LDS-005,control_25,Thl,13.618340597028707
LDS-005,control_25,Dhl,54.918712110306835
LDS-005,control_25,To,16.619559500515773
LDS-005,control_25,Eo,26.869259122996255
LDS-005,control_25,Toe,1.8115981966823285
LDS-005,control_25,Eb,8.337314596151813
LDS-005,control_25,H,45.0
LDS-005,control_25,ve,34.53194162009634
LDS-005,control_25,Te,59.98990832313217
LDS-005,control_25,De,86.04091045234684
LDS-005,control_25,khe,34.53807019337945
LDS-005,control_25,Th,32.594923548600306
LDS-005,control_25,Kbh,3.0679624037435183
LDS-005,control_25,Khe,100.01774754906783
LDS-005,control_25,kbh,2.008535417556302
LDS-005,control_25,CL,0.24360469918246222
LDS-005,control_25,AUC_Cb,35.782071258782544
LDS-005,control_25,AUC_Cl,422.8557708473071
LDS-005,control_25,AUC35_Cb,33.972363700040134
LDS-005,control_25,AUC35_Cl,217.83475266819568
LDS-005,control_25,RE_R1b,12.76837677596341
LDS-005,control_25,RE_R1l,95.74379920684221
LDS-005,control_25,RE_Sb,7.977821493136528
LDS-005,control_25,RE_Sl,73.21366714564249
LDS-005,control_25,T1_1,0.8025
LDS-005,control_25,T1_2,0.450480011
LDS-005,control_25,t1_MOLLI,10.870616388888887
LDS-005,control_25,t2_MOLLI,11.798355277777777
LDS-005,control_30,BAT,1.2973332243112392
LDS-005,control_30,CO,6.9535287041973435
LDS-005,control_30,Thl,10.743582059591539
LDS-005,control_30,Dhl,70.20361387885261
LDS-005,control_30,To,20.89220220289726
LDS-005,control_30,Eo,22.50190801959007
LDS-005,control_30,Toe,2.564283537951812
LDS-005,control_30,Eb,7.703066242995297
LDS-005,control_30,H,45.0
LDS-005,control_30,ve,34.098957945976224
LDS-005,control_30,Te,59.99601731164744
LDS-005,control_30,De,85.68369391745307
LDS-005,control_30,khe,34.86340759329348
LDS-005,control_30,Th,33.451374958686976
LDS-005,control_30,Kbh,2.9894137422901665
LDS-005,control_30,Khe,102.24185633041454
LDS-005,control_30,kbh,1.970054807475409
LDS-005,control_30,CL,0.24589937630238
LDS-005,control_30,AUC_Cb,37.89714335142802
LDS-005,control_30,AUC_Cl,462.18251577394426
LDS-005,control_30,AUC35_Cb,34.52123878805154
LDS-005,control_30,AUC35_Cl,221.05012324453455
LDS-005,control_30,RE_R1b,13.78102683380453
LDS-005,control_30,RE_R1l,96.742069234963
LDS-005,control_30,RE_Sb,2.180114911274723
LDS-005,control_30,RE_Sl,75.13629108360641
LDS-005,control_30,T1_1,0.8025
LDS-005,control_30,T1_2,0.450480011
LDS-005,control_30,t1_MOLLI,10.870616388888887
LDS-005,control_30,t2_MOLLI,11.798355277777777
LDS-005,control_35,BAT,1.3303699362637595
LDS-005,control_35,CO,8.64319974011205
LDS-005,control_35,Thl,6.795404259731628
LDS-005,control_35,Dhl,75.5541743275943
LDS-005,control_35,To,19.179893358622785
LDS-005,control_35,Eo,16.801499938038496
LDS-005,control_35,Toe,3.850542847187692
LDS-005,control_35,Eb,5.473066173502156
LDS-005,control_35,H,45.0
LDS-005,control_35,ve,33.97248252534876
LDS-005,control_35,Te,59.92403284432844
LDS-005,control_35,De,86.83268707198178
LDS-005,control_35,khe,36.24695354545454
LDS-005,control_35,Th,30.425817705889703
LDS-005,control_35,Kbh,3.2866824144759934
LDS-005,control_35,Khe,106.69503919358459
LDS-005,control_35,kbh,2.1701148055544257
LDS-005,control_35,CL,0.25565783395777947
LDS-005,control_35,AUC_Cb,42.83175937969929
LDS-005,control_35,AUC_Cl,496.09502243096097
LDS-005,control_35,AUC35_Cb,35.352384779116605
LDS-005,control_35,AUC35_Cl,221.6889006704578
LDS-005,control_35,RE_R1b,15.194660303703996
LDS-005,control_35,RE_R1l,96.49978443799498
LDS-005,control_35,RE_Sb,15.545513428164655
LDS-005,control_35,RE_Sl,71.79490634995743
LDS-005,control_35,T1_1,0.8025
LDS-005,control_35,T1_2,0.450480011
LDS-005,control_35,t1_MOLLI,10.870616388888887
LDS-005,control_35,t2_MOLLI,11.798355277777777
LDS-005,control_40,BAT,1.3207078195845248
LDS-005,control_40,CO,7.161609164431196
LDS-005,control_40,Thl,8.85762406586616
LDS-005,control_40,Dhl,76.53392678829243
LDS-005,control_40,To,27.34622826905367
LDS-005,control_40,Eo,16.463525921479487
LDS-005,control_40,Toe,5.547980284580876
LDS-005,control_40,Eb,5.602855231370234
LDS-005,control_40,H,45.0
LDS-005,control_40,ve,26.52131584893937
LDS-005,control_40,Te,46.38517768970165
LDS-005,control_40,De,79.81450518808965
LDS-005,control_40,khe,36.941377683617404
LDS-005,control_40,Th,28.872541722898625
LDS-005,control_40,Kbh,3.463498328610628
LDS-005,control_40,Khe,139.28938478780174
LDS-005,control_40,kbh,2.544932997457067
LDS-005,control_40,CL,0.260555762021943
LDS-005,control_40,AUC_Cb,50.48715167489954
LDS-005,control_40,AUC_Cl,559.1167578054329
LDS-005,control_40,AUC35_Cb,36.58917168299923
LDS-005,control_40,AUC35_Cl,221.89581285032622
LDS-005,control_40,RE_R1b,16.004499029511248
LDS-005,control_40,RE_R1l,95.67309886491955
LDS-005,control_40,RE_Sb,15.545513428164655
LDS-005,control_40,RE_Sl,71.79490634995743
LDS-005,control_40,T1_1,0.8025
LDS-005,control_40,T1_2,0.450480011
LDS-005,control_40,t1_MOLLI,10.870616388888887
LDS-005,control_40,t2_MOLLI,11.798355277777777
SHF-007,control_05,BAT,1.1536256680930266
SHF-007,control_05,CO,5.2559249996488315
SHF-007,control_05,Thl,8.624451904239296
SHF-007,control_05,Dhl,64.09600365724454
SHF-007,control_05,To,35.87129512187921
SHF-007,control_05,Eo,27.07447849639702
SHF-007,control_05,Toe,1.6225307124074704
SHF-007,control_05,Eb,5.424331091031334
SHF-007,control_05,H,45.0
SHF-007,control_05,ve,22.743442324568946
SHF-007,control_05,Te,59.990133693662735
SHF-007,control_05,De,89.62736679271191
SHF-007,control_05,khe,31.399244103774848
SHF-007,control_05,Th,10.001794091408945
SHF-007,control_05,Kbh,9.998206230409716
SHF-007,control_05,Khe,138.05845067637514
SHF-007,control_05,kbh,7.724269962905024
SHF-007,control_05,CL,0.22065050774696843
SHF-007,control_05,AUC_Cb,71.33558794640766
SHF-007,control_05,AUC_Cl,253.5266893290109
SHF-007,control_05,AUC35_Cb,54.95654614845781
SHF-007,control_05,AUC35_Cl,162.06119048656205
SHF-007,control_05,RE_R1b,27.380748481073937
SHF-007,control_05,RE_R1l,64.12927079606425
SHF-007,control_05,RE_Sb,2.984930726176896
SHF-007,control_05,RE_Sl,84.07479905911566
SHF-007,control_05,T1_1,0.74539
SHF-007,control_05,T1_2,0.37404
SHF-007,control_05,t1_MOLLI,13.813055555555556
SHF-007,control_05,t2_MOLLI,14.628055555555555
SHF-007,control_10,BAT,1.0446413035633526
SHF-007,control_10,CO,4.889667334527784
SHF-007,control_10,Thl,15.834133011893046
SHF-007,control_10,Dhl,39.35899626420413
SHF-007,control_10,To,30.612663595521678
SHF-007,control_10,Eo,26.171212487849786
SHF-007,control_10,Toe,2.7632836447118168
SHF-007,control_10,Eb,7.914954955775236
SHF-007,control_10,H,45.0
SHF-007,control_10,ve,22.54170561441062
SHF-007,control_10,Te,59.884571222618604
SHF-007,control_10,De,90.06840350987503
SHF-007,control_10,khe,28.894773233897265
SHF-007,control_10,Th,80.35769182516508
SHF-007,control_10,Kbh,1.2444359429533003
SHF-007,control_10,Khe,128.18361542005593
SHF-007,control_10,kbh,0.9639188561328524
SHF-007,control_10,CL,0.20305095129746953
SHF-007,control_10,AUC_Cb,52.35965684689157
SHF-007,control_10,AUC_Cl,1072.0670230654384
SHF-007,control_10,AUC35_Cb,43.452335135924265
SHF-007,control_10,AUC35_Cl,262.1952701403257
SHF-007,control_10,RE_R1b,19.773800319312226
SHF-007,control_10,RE_R1l,106.71209629643596
SHF-007,control_10,RE_Sb,19.966690982385245
SHF-007,control_10,RE_Sl,81.96405710752579
SHF-007,control_10,T1_1,0.74539
SHF-007,control_10,T1_2,0.37404
SHF-007,control_10,t1_MOLLI,13.813055555555556
SHF-007,control_10,t2_MOLLI,14.628055555555555
SHF-007,control_15,BAT,1.0929671212575576
SHF-007,control_15,CO,5.053416963838206
SHF-007,control_15,Thl,12.72509913788252
SHF-007,control_15,Dhl,46.92938444621692
SHF-007,control_15,To,33.220389158687766
SHF-007,control_15,Eo,22.74097349373686
SHF-007,control_15,Toe,3.171312050042723
SHF-007,control_15,Eb,8.659497071688989
SHF-007,control_15,H,45.0
SHF-007,control_15,ve,22.61078466380016
SHF-007,control_15,Te,59.94008741947229
SHF-007,control_15,De,90.8117957654382
SHF-007,control_15,khe,28.688246425834947
SHF-007,control_15,Th,102.04886885562829
SHF-007,control_15,Kbh,0.9799226696130569
SHF-007,control_15,Khe,126.87859732601316
SHF-007,control_15,kbh,0.7583544649150867
SHF-007,control_15,CL,0.20159963466985578
SHF-007,control_15,AUC_Cb,46.537510876572206
SHF-007,control_15,AUC_Cl,1105.8988545813174
SHF-007,control_15,AUC35_Cb,39.81812328734549
SHF-007,control_15,AUC35_Cl,254.4190503338315
SHF-007,control_15,RE_R1b,17.26718316713111
SHF-007,control_15,RE_R1l,103.60187307401168
SHF-007,control_15,RE_Sb,10.718832558627035
SHF-007,control_15,RE_Sl,80.18031803918491
SHF-007,control_15,T1_1,0.74539
SHF-007,control_15,T1_2,0.37404
SHF-007,control_15,t1_MOLLI,13.813055555555556
SHF-007,control_15,t2_MOLLI,14.628055555555555
SHF-007,control_20,BAT,1.0266835350264116
SHF-007,control_20,CO,5.108872249044859
SHF-007,control_20,Thl,16.204242990544692
SHF-007,control_20,Dhl,32.43576960908589
SHF-007,control_20,To,26.849295844509165
SHF-007,control_20,Eo,24.825039770885738
SHF-007,control_20,Toe,2.8720355965996456
SHF-007,control_20,Eb,9.003872183821523
SHF-007,control_20,H,45.0
SHF-007,control_20,ve,19.20938163268895
SHF-007,control_20,Te,51.01874589901728
SHF-007,control_20,De,89.07718828380732
SHF-007,control_20,khe,29.938033474484918
SHF-007,control_20,Th,67.62825188516501
SHF-007,control_20,Kbh,1.4786719634540204
SHF-007,control_20,Khe,155.85110466824622
SHF-007,control_20,kbh,1.1946282228985627
SHF-007,control_20,CL,0.210382207458831
SHF-007,control_20,AUC_Cb,44.28961361711688
SHF-007,control_20,AUC_Cl,832.5040511918658
SHF-007,control_20,AUC35_Cb,38.763852280586526
SHF-007,control_20,AUC35_Cl,243.11446270710806
SHF-007,control_20,RE_R1b,16.551633394314617
SHF-007,control_20,RE_R1l,99.59114131124535
SHF-007,control_20,RE_Sb,11.917002857403432
SHF-007,control_20,RE_Sl,81.61306882584101
SHF-007,control_20,T1_1,0.74539
SHF-007,control_20,T1_2,0.37404
SHF-007,control_20,t1_MOLLI,13.813055555555556
SHF-007,control_20,t2_MOLLI,14.628055555555555
SHF-007,control_25,BAT,1.0905435180869996
SHF-007,control_25,CO,5.202742504557098
SHF-007,control_25,Thl,12.367876090031926
SHF-007,control_25,Dhl,40.57033818919216
SHF-007,control_25,To,32.50915662722105
SHF-007,control_25,Eo,21.335270052723114
SHF-007,control_25,Toe,3.792670299180426
SHF-007,control_25,Eb,8.254264224123546
SHF-007,control_25,H,45.0
SHF-007,control_25,ve,17.184442483194413
SHF-007,control_25,Te,46.52208310545148
SHF-007,control_25,De,89.05972799422857
SHF-007,control_25,khe,30.30093491325783
SHF-007,control_25,Th,62.18328956324807
SHF-007,control_25,Kbh,1.6081490815677688
SHF-007,control_25,Khe,176.32771585630863
SHF-007,control_25,kbh,1.3317976276017363
SHF-007,control_25,CL,0.2129324085548415
SHF-007,control_25,AUC_Cb,47.27493636583847
SHF-007,control_25,AUC_Cl,838.4761971089654
SHF-007,control_25,AUC35_Cb,39.65433627725296
SHF-007,control_25,AUC35_Cl,243.10890239331357
SHF-007,control_25,RE_R1b,17.118849127751325
SHF-007,control_25,RE_R1l,98.74094780253738
SHF-007,control_25,RE_Sb,10.718832558627035
SHF-007,control_25,RE_Sl,80.18031803918491
SHF-007,control_25,T1_1,0.74539
SHF-007,control_25,T1_2,0.37404
SHF-007,control_25,t1_MOLLI,13.813055555555556
SHF-007,control_25,t2_MOLLI,14.628055555555555
SHF-007,control_30,BAT,1.1010844577026389
SHF-007,control_30,CO,5.093394394472955
SHF-007,control_30,Thl,11.910449133558801
SHF-007,control_30,Dhl,47.14822053862458
SHF-007,control_30,To,39.90808868242324
SHF-007,control_30,Eo,18.447806455853616
SHF-007,control_30,Toe,6.334505267738419
SHF-007,control_30,Eb,6.7166587649245075
SHF-007,control_30,H,45.0
SHF-007,control_30,ve,14.854634550288303
SHF-007,control_30,Te,42.2343642026975
SHF-007,control_30,De,86.32188905003095
SHF-007,control_30,khe,31.338178375310275
SHF-007,control_30,Th,51.996541381948674
SHF-007,control_30,Kbh,1.9232048390571683
SHF-007,control_30,Khe,210.96566374096395
SHF-007,control_30,kbh,1.6375197885617656
SHF-007,control_30,CL,0.22022138327673868
SHF-007,control_30,AUC_Cb,59.57701206648142
SHF-007,control_30,AUC_Cl,927.6107591822496
SHF-007,control_30,AUC35_Cb,40.757938114042226
SHF-007,control_30,AUC35_Cl,241.69427198177644
SHF-007,control_30,RE_R1b,18.097523004382154
SHF-007,control_30,RE_R1l,97.27255932653266
SHF-007,control_30,RE_Sb,10.614132260316886
SHF-007,control_30,RE_Sl,80.28930278544851
SHF-007,control_30,T1_1,0.74539
SHF-007,control_30,T1_2,0.37404
SHF-007,control_30,t1_MOLLI,13.813055555555556
SHF-007,control_30,t2_MOLLI,14.628055555555555
SHF-007,control_35,BAT,1.1400258294977965
SHF-007,control_35,CO,5.614871999224418
SHF-007,control_35,Thl,9.311347584054367
SHF-007,control_35,Dhl,51.745547450034316
SHF-007,control_35,To,38.48342822051319
SHF-007,control_35,Eo,17.16306870744497
SHF-007,control_35,Toe,5.812578329083506
SHF-007,control_35,Eb,6.447290715107338
SHF-007,control_35,H,45.0
SHF-007,control_35,ve,15.507215588608695
SHF-007,control_35,Te,41.74322797240412
SHF-007,control_35,De,87.86279974398211
SHF-007,control_35,khe,32.20427756223161
SHF-007,control_35,Th,45.74926738842332
SHF-007,control_35,Kbh,2.1858273521841056
SHF-007,control_35,Khe,207.67285640813725
SHF-007,control_35,kbh,1.8468663922861392
SHF-007,control_35,CL,0.22630768346669947
SHF-007,control_35,AUC_Cb,56.12032650409364
SHF-007,control_35,AUC_Cl,810.4109728601352
SHF-007,control_35,AUC35_Cb,40.31983675757452
SHF-007,control_35,AUC35_Cl,238.6447391093288
SHF-007,control_35,RE_R1b,17.982315461053513
SHF-007,control_35,RE_R1l,96.26239992725559
SHF-007,control_35,RE_Sb,6.332107323336392
SHF-007,control_35,RE_Sl,81.33591038287169
SHF-007,control_35,T1_1,0.74539
SHF-007,control_35,T1_2,0.37404
SHF-007,control_35,t1_MOLLI,13.813055555555556
SHF-007,control_35,t2_MOLLI,14.628055555555555
SHF-007,control_40,BAT,1.0520832422225408
SHF-007,control_40,CO,5.352038431680259
SHF-007,control_40,Thl,14.923346305924337
SHF-007,control_40,Dhl,37.50854283890783
SHF-007,control_40,To,26.111001655534363
SHF-007,control_40,Eo,25.332432416283286
SHF-007,control_40,Toe,3.8586442973245494
SHF-007,control_40,Eb,7.080940931681636
SHF-007,control_40,H,45.0
SHF-007,control_40,ve,16.689476937161462
SHF-007,control_40,Te,45.32135114204985
SHF-007,control_40,De,87.98532763488484
SHF-007,control_40,khe,32.7346971108576
SHF-007,control_40,Th,43.522655835706935
SHF-007,control_40,Kbh,2.297653901854901
SHF-007,control_40,Khe,196.1397426300953
SHF-007,control_40,kbh,1.9141874838090367
SHF-007,control_40,CL,0.23003507710510787
SHF-007,control_40,AUC_Cb,53.709227021809646
SHF-007,control_40,AUC_Cl,758.1549499747493
SHF-007,control_40,AUC35_Cb,40.320850536135225
SHF-007,control_40,AUC35_Cl,237.97505171000245
SHF-007,control_40,RE_R1b,18.4864480256588
SHF-007,control_40,RE_R1l,96.419051049166
SHF-007,control_40,RE_Sb,19.966690982385245
SHF-007,control_40,RE_Sl,81.96405710752579
SHF-007,control_40,T1_1,0.74539
SHF-007,control_40,T1_2,0.37404
SHF-007,control_40,t1_MOLLI,13.813055555555556
SHF-007,control_40,t2_MOLLI,14.628055555555555
SHF-010,control_05,BAT,1.133599006202439
SHF-010,control_05,CO,6.706830645759183
SHF-010,control_05,Thl,21.726906183067094
SHF-010,control_05,Dhl,40.05075467874602
SHF-010,control_05,To,28.529589701893926
SHF-010,control_05,Eo,29.451526949527267
SHF-010,control_05,Toe,4.16936619195183
SHF-010,control_05,Eb,1.2834990568274391
SHF-010,control_05,H,45.0
SHF-010,control_05,ve,37.243818381566804
SHF-010,control_05,Te,59.99999274695667
SHF-010,control_05,De,92.00597262817247
SHF-010,control_05,khe,39.73432983097487
SHF-010,control_05,Th,10.0000022850483
SHF-010,control_05,Kbh,9.999997714952224
SHF-010,control_05,Khe,106.6870464888764
SHF-010,control_05,kbh,6.275616727834587
SHF-010,control_05,CL,0.3755312171792887
SHF-010,control_05,AUC_Cb,146.65252665762713
SHF-010,control_05,AUC_Cl,661.9557184440432
SHF-010,control_05,AUC35_Cb,42.48298513490749
SHF-010,control_05,AUC35_Cl,154.8957009790642
SHF-010,control_05,RE_R1b,29.306762897600784
SHF-010,control_05,RE_R1l,60.73066052720706
SHF-010,control_05,RE_Sb,14.355279655349976
SHF-010,control_05,RE_Sl,69.50546173859524
SHF-010,control_05,T1_1,0.76626
SHF-010,control_05,T1_2,0.41884
SHF-010,control_05,t1_MOLLI,10.315555555555555
SHF-010,control_05,t2_MOLLI,11.1275
SHF-010,control_10,BAT,1.2275689658446125
SHF-010,control_10,CO,6.952597116784824
SHF-010,control_10,Thl,15.30625228858264
SHF-010,control_10,Dhl,51.94270932885006
SHF-010,control_10,To,34.401053962298455
SHF-010,control_10,Eo,20.015935997134875
SHF-010,control_10,Toe,4.056277900772605
SHF-010,control_10,Eb,9.440327496210946
SHF-010,control_10,H,45.0
SHF-010,control_10,ve,30.919545297328476
SHF-010,control_10,Te,51.161615429444545
SHF-010,control_10,De,89.82606533334209
SHF-010,control_10,khe,35.87502279567841
SHF-010,control_10,Th,599.9541959739206
SHF-010,control_10,Kbh,0.16667939097861878
SHF-010,control_10,Khe,116.02700638284645
SHF-010,control_10,kbh,0.11514288118367352
SHF-010,control_10,CL,0.33905670572789187
SHF-010,control_10,AUC_Cb,31.107491642938196
SHF-010,control_10,AUC_Cl,1622.9843893557806
SHF-010,control_10,AUC35_Cb,26.7316829025375
SHF-010,control_10,AUC35_Cl,242.1312568916946
SHF-010,control_10,RE_R1b,14.100948967786008
SHF-010,control_10,RE_R1l,100.02466959485956
SHF-010,control_10,RE_Sb,6.826066635078422
SHF-010,control_10,RE_Sl,72.19259027871647
SHF-010,control_10,T1_1,0.76626
SHF-010,control_10,T1_2,0.41884
SHF-010,control_10,t1_MOLLI,10.315555555555555
SHF-010,control_10,t2_MOLLI,11.1275
SHF-010,control_15,BAT,1.0865989176502133
SHF-010,control_15,CO,6.54526640736919
SHF-010,control_15,Thl,24.775767975714725
SHF-010,control_15,Dhl,36.41675368881609
SHF-010,control_15,To,22.99709799245089
SHF-010,control_15,Eo,27.16489403241343
SHF-010,control_15,Toe,4.190032953219359
SHF-010,control_15,Eb,7.662084211806063
SHF-010,control_15,H,45.0
SHF-010,control_15,ve,26.138030510482018
SHF-010,control_15,Te,43.34840019512292
SHF-010,control_15,De,87.97580924760521
SHF-010,control_15,khe,38.55987417936531
SHF-010,control_15,Th,52.13518157211826
SHF-010,control_15,Kbh,1.9180905673392667
SHF-010,control_15,Khe,147.52402314283708
SHF-010,control_15,kbh,1.4167394696294515
SHF-010,control_15,CL,0.3644313757512796
SHF-010,control_15,AUC_Cb,40.41926370095745
SHF-010,control_15,AUC_Cl,786.8057181084882
SHF-010,control_15,AUC35_Cb,29.219342372358735
SHF-010,control_15,AUC35_Cl,215.69060813775403
SHF-010,control_15,RE_R1b,17.22803798675031
SHF-010,control_15,RE_R1l,89.51290520897476
SHF-010,control_15,RE_Sb,11.42058632522894
SHF-010,control_15,RE_Sl,68.63040849247601
SHF-010,control_15,T1_1,0.76626
SHF-010,control_15,T1_2,0.41884
SHF-010,control_15,t1_MOLLI,10.315555555555555
SHF-010,control_15,t2_MOLLI,11.1275
SHF-010,control_20,BAT,1.1288034686342732
SHF-010,control_20,CO,6.527579650355656
SHF-010,control_20,Thl,22.348504477336572
SHF-010,control_20,Dhl,40.62442860010838
SHF-010,control_20,To,30.814701064083508
SHF-010,control_20,Eo,23.19632069355597
SHF-010,control_20,Toe,5.515992919379525
SHF-010,control_20,Eb,7.761199539504577
SHF-010,control_20,H,45.0
SHF-010,control_20,ve,27.500480797062586
SHF-010,control_20,Te,45.70554595794609
SHF-010,control_20,De,88.64487722375009
SHF-010,control_20,khe,38.528063473841556
SHF-010,control_20,Th,50.04770636858809
SHF-010,control_20,Kbh,1.9980935642390187
SHF-010,control_20,Khe,140.0995995602988
SHF-010,control_20,kbh,1.448608227298124
SHF-010,control_20,CL,0.3641307311194088
SHF-010,control_20,AUC_Cb,40.14449666005718
SHF-010,control_20,AUC_Cl,753.3909975916472
SHF-010,control_20,AUC35_Cb,28.246559044158374
SHF-010,control_20,AUC35_Cl,208.00521549428674
SHF-010,control_20,RE_R1b,16.01785249590094
SHF-010,control_20,RE_R1l,85.52926623302514
SHF-010,control_20,RE_Sb,11.220779603077153
SHF-010,control_20,RE_Sl,68.66690376258738
SHF-010,control_20,T1_1,0.76626
SHF-010,control_20,T1_2,0.41884
SHF-010,control_20,t1_MOLLI,10.315555555555555
SHF-010,control_20,t2_MOLLI,11.1275
SHF-010,control_25,BAT,1.1359201211644687
SHF-010,control_25,CO,6.736695236847356
SHF-010,control_25,Thl,21.33684918602563
SHF-010,control_25,Dhl,39.79111965406841
SHF-010,control_25,To,27.365815041307386
SHF-010,control_25,Eo,24.119635673377584
SHF-010,control_25,Toe,5.989741277804441
SHF-010,control_25,Eb,6.724630526424358
SHF-010,control_25,H,45.0
SHF-010,control_25,ve,25.01564292113728
SHF-010,control_25,Te,41.908691188423056
SHF-010,control_25,De,88.35604953871771
SHF-010,control_25,khe,39.231071947733355
SHF-010,control_25,Th,46.68111919744029
SHF-010,control_25,Kbh,2.1421937117026832
SHF-010,control_25,Khe,156.82615902142
SHF-010,control_25,kbh,1.6063101821040828
SHF-010,control_25,CL,0.37077490075838276
SHF-010,control_25,AUC_Cb,44.65697577056378
SHF-010,control_25,AUC_Cl,795.2296064324677
SHF-010,control_25,AUC35_Cb,28.344828399151233
SHF-010,control_25,AUC35_Cl,206.29792202828838
SHF-010,control_25,RE_R1b,16.38883590344149
SHF-010,control_25,RE_R1l,84.67137961588753
SHF-010,control_25,RE_Sb,14.355279655349976
SHF-010,control_25,RE_Sl,69.50546173859524
SHF-010,control_25,T1_1,0.76626
SHF-010,control_25,T1_2,0.41884
SHF-010,control_25,t1_MOLLI,10.315555555555555
SHF-010,control_25,t2_MOLLI,11.1275
SHF-010,control_30,BAT,1.186746436110362
SHF-010,control_30,CO,6.86325486236588
SHF-010,control_30,Thl,17.89445465159007
SHF-010,control_30,Dhl,45.13933340577847
SHF-010,control_30,To,32.00241697608487
SHF-010,control_30,Eo,22.36747437098882
SHF-010,control_30,Toe,5.962450182228014
SHF-010,control_30,Eb,7.223478104947632
SHF-010,control_30,H,45.0
SHF-010,control_30,ve,25.670959517887837
SHF-010,control_30,Te,43.534666143384456
SHF-010,control_30,De,88.84272585397397
SHF-010,control_30,khe,39.71617838060802
SHF-010,control_30,Th,43.0934234803289
SHF-010,control_30,Kbh,2.32053970011567
SHF-010,control_30,Khe,154.71248105445108
SHF-010,control_30,kbh,1.7248348931024604
SHF-010,control_30,CL,0.37535966687810507
SHF-010,control_30,AUC_Cb,40.93816321223203
SHF-010,control_30,AUC_Cl,694.0579697638788
SHF-010,control_30,AUC35_Cb,27.65030458247798
SHF-010,control_30,AUC35_Cl,202.09824635453396
SHF-010,control_30,RE_R1b,15.733571138936295
SHF-010,control_30,RE_R1l,83.13610528586938
SHF-010,control_30,RE_Sb,20.736894627893147
SHF-010,control_30,RE_Sl,72.43789701236672
SHF-010,control_30,T1_1,0.76626
SHF-010,control_30,T1_2,0.41884
SHF-010,control_30,t1_MOLLI,10.315555555555555
SHF-010,control_30,t2_MOLLI,11.1275
SHF-010,control_35,BAT,1.0972845872014676
SHF-010,control_35,CO,6.817671408404222
SHF-010,control_35,Thl,23.79302327999529
SHF-010,control_35,Dhl,36.26340431348294
SHF-010,control_35,To,25.10950432872527
SHF-010,control_35,Eo,23.897359157842153
SHF-010,control_35,Toe,6.204545834008627
SHF-010,control_35,Eb,6.732188274373872
SHF-010,control_35,H,45.0
SHF-010,control_35,ve,21.98078168325358
SHF-010,control_35,Te,36.23614161714565
SHF-010,control_35,De,86.53319248796413
SHF-010,control_35,khe,41.21550461829784
SHF-010,control_35,Th,38.04007193068431
SHF-010,control_35,Kbh,2.6288068062073475
SHF-010,control_35,Khe,187.5070013988563
SHF-010,control_35,kbh,2.0509745212604
SHF-010,control_35,CL,0.38952987710648
SHF-010,control_35,AUC_Cb,44.0862629392487
SHF-010,control_35,AUC_Cl,687.9260784012876
SHF-010,control_35,AUC35_Cb,27.842869339031772
SHF-010,control_35,AUC35_Cl,200.17517705009925
SHF-010,control_35,RE_R1b,16.01945292345176
SHF-010,control_35,RE_R1l,82.17631599595315
SHF-010,control_35,RE_Sb,11.42058632522894
SHF-010,control_35,RE_Sl,68.63040849247601
SHF-010,control_35,T1_1,0.76626
SHF-010,control_35,T1_2,0.41884
SHF-010,control_35,t1_MOLLI,10.315555555555555
SHF-010,control_35,t2_MOLLI,11.1275
SHF-010,control_40,BAT,1.202497202303118
SHF-010,control_40,CO,6.6307487939792
SHF-010,control_40,Thl,17.694716455307322
SHF-010,control_40,Dhl,49.93283462317484
SHF-010,control_40,To,39.31646603803138
SHF-010,control_40,Eo,21.27721062451
SHF-010,control_40,Toe,8.913012051838903
SHF-010,control_40,Eb,5.419842270394529
SHF-010,control_40,H,45.0
SHF-010,control_40,ve,22.487174708560705
SHF-010,control_40,Te,39.0485073260991
SHF-010,control_40,De,87.17848111234717
SHF-010,control_40,khe,40.93937968908087
SHF-010,control_40,Th,38.11349835231494
SHF-010,control_40,Kbh,2.623742356989022
SHF-010,control_40,Khe,182.05657322302721
SHF-010,control_40,kbh,2.033736829270392
SHF-010,control_40,CL,0.3869202060436109
SHF-010,control_40,AUC_Cb,54.877682644468514
SHF-010,control_40,AUC_Cl,828.4872170655489
SHF-010,control_40,AUC35_Cb,28.301937344293815
SHF-010,control_40,AUC35_Cl,201.1258786178186
SHF-010,control_40,RE_R1b,15.79625725899313
SHF-010,control_40,RE_R1l,81.60506771860977
SHF-010,control_40,RE_Sb,20.736894627893147
SHF-010,control_40,RE_Sl,72.43789701236672
SHF-010,control_40,T1_1,0.76626
SHF-010,control_40,T1_2,0.41884
SHF-010,control_40,t1_MOLLI,10.315555555555555
SHF-010,control_40,t2_MOLLI,11.1275
SHF-016,control_05,BAT,1.1197432355425472
SHF-016,control_05,CO,15.300206377086868
SHF-016,control_05,Thl,19.970799740834433
SHF-016,control_05,Dhl,40.57581150450733
SHF-016,control_05,To,6.15394606899858
SHF-016,control_05,Eo,41.044638765859226
SHF-016,control_05,Toe,0.9579690145794421
SHF-016,control_05,Eb,6.184516084066057
SHF-016,control_05,H,45.0
SHF-016,control_05,ve,42.89731594730515
SHF-016,control_05,Te,46.10372719859327
SHF-016,control_05,De,87.50606892251096
SHF-016,control_05,khe,74.38793547304451
SHF-016,control_05,Th,10.001028583179707
SHF-016,control_05,Kbh,9.998971522607746
SHF-016,control_05,Khe,173.4093003963751
SHF-016,control_05,kbh,5.709681117073634
SHF-016,control_05,CL,0.6991283552365547
SHF-016,control_05,AUC_Cb,21.5377707643419
SHF-016,control_05,AUC_Cl,177.02989160174232
SHF-016,control_05,AUC35_Cb,19.49623692903636
SHF-016,control_05,AUC35_Cl,137.54556204271665
SHF-016,control_05,RE_R1b,11.13724723050363
SHF-016,control_05,RE_R1l,48.09402611746865
SHF-016,control_05,RE_Sb,8.123290821499648
SHF-016,control_05,RE_Sl,59.630328343361484
SHF-016,control_05,T1_1,0.65575
SHF-016,control_05,T1_2,0.41641
SHF-016,control_05,t1_MOLLI,11.832777777777778
SHF-016,control_05,t2_MOLLI,12.673333333333334
SHF-016,control_10,BAT,1.1363678267937218
SHF-016,control_10,CO,15.285872625129509
SHF-016,control_10,Thl,18.929053371510808
SHF-016,control_10,Dhl,42.59307842855179
SHF-016,control_10,To,8.681023140613032
SHF-016,control_10,Eo,33.06003284782285
SHF-016,control_10,Toe,1.0834579657439443
SHF-016,control_10,Eb,10.606928101099085
SHF-016,control_10,H,45.0
SHF-016,control_10,ve,39.905231588841396
SHF-016,control_10,Te,41.69818612930825
SHF-016,control_10,De,85.725431206192
SHF-016,control_10,khe,68.47032772094943
SHF-016,control_10,Th,75.22758770969993
SHF-016,control_10,Kbh,1.3292995700712318
SHF-016,control_10,Khe,171.58233393161316
SHF-016,control_10,kbh,0.7988394981248338
SHF-016,control_10,CL,0.6435122482919484
SHF-016,control_10,AUC_Cb,12.559928715504503
SHF-016,control_10,AUC_Cl,590.3325103674513
SHF-016,control_10,AUC35_Cb,12.546006476148815
SHF-016,control_10,AUC35_Cl,204.41302725748716
SHF-016,control_10,RE_R1b,3.564382450933886
SHF-016,control_10,RE_R1l,73.81843532251852
SHF-016,control_10,RE_Sb,8.17366806381753
SHF-016,control_10,RE_Sl,59.683382971520174
SHF-016,control_10,T1_1,0.65575
SHF-016,control_10,T1_2,0.41641
SHF-016,control_10,t1_MOLLI,11.832777777777778
SHF-016,control_10,t2_MOLLI,12.673333333333334
SHF-016,control_15,BAT,1.1386573930066095
SHF-016,control_15,CO,15.054976503520386
SHF-016,control_15,Thl,19.003394649318732
SHF-016,control_15,Dhl,43.60720103771615
SHF-016,control_15,To,13.103129794873501
SHF-016,control_15,Eo,24.532632799423354
SHF-016,control_15,Toe,1.9015198883785123
SHF-016,control_15,Eb,10.023273398015736
SHF-016,control_15,H,45.0
SHF-016,control_15,ve,28.72019427794344
SHF-016,control_15,Te,30.009983257702547
SHF-016,control_15,De,79.79954692326338
SHF-016,control_15,khe,72.36606381183779
SHF-016,control_15,Th,43.94181204366847
SHF-016,control_15,Kbh,2.275736828982429
SHF-016,control_15,Khe,251.96926981588544
SHF-016,control_15,kbh,1.6221407904439662
SHF-016,control_15,CL,0.6801259753478016
SHF-016,control_15,AUC_Cb,13.45050839187162
SHF-016,control_15,AUC_Cl,425.8538310483016
SHF-016,control_15,AUC35_Cb,13.186138179855828
SHF-016,control_15,AUC35_Cl,193.44736252802005
SHF-016,control_15,RE_R1b,5.070253230481242
SHF-016,control_15,RE_R1l,70.20347013324105
SHF-016,control_15,RE_Sb,8.17366806381753
SHF-016,control_15,RE_Sl,59.683382971520174
SHF-016,control_15,T1_1,0.65575
SHF-016,control_15,T1_2,0.41641
SHF-016,control_15,t1_MOLLI,11.832777777777778
SHF-016,control_15,t2_MOLLI,12.673333333333334
SHF-016,control_20,BAT,1.1623175309015346
SHF-016,control_20,CO,15.186601762987497
SHF-016,control_20,Thl,17.494578423741373
SHF-016,control_20,Dhl,46.80246495790705
SHF-016,control_20,To,19.258175327399893
SHF-016,control_20,Eo,17.907356284011023
SHF-016,control_20,Toe,4.138585735547775
SHF-016,control_20,Eb,7.820153145348711
SHF-016,control_20,H,45.0
SHF-016,control_20,ve,31.010836696152367
SHF-016,control_20,Te,31.549960679893353
SHF-016,control_20,De,80.66211986190348
SHF-016,control_20,khe,70.34411330879063
SHF-016,control_20,Th,57.6000202875972
SHF-016,control_20,Kbh,1.7361104996265537
SHF-016,control_20,Khe,226.8371988735102
SHF-016,control_20,kbh,1.1977281077226083
SHF-016,control_20,CL,0.6611228544710657
SHF-016,control_20,AUC_Cb,17.159242851901165
SHF-016,control_20,AUC_Cl,663.9851513256668
SHF-016,control_20,AUC35_Cb,14.82586494158032
SHF-016,control_20,AUC35_Cl,211.88386340364735
SHF-016,control_20,RE_R1b,7.713182935125343
SHF-016,control_20,RE_R1l,76.19657877488963
SHF-016,control_20,RE_Sb,7.722945120103658
SHF-016,control_20,RE_Sl,61.45453378717352
SHF-016,control_20,T1_1,0.65575
SHF-016,control_20,T1_2,0.41641
SHF-016,control_20,t1_MOLLI,11.832777777777778
SHF-016,control_20,t2_MOLLI,12.673333333333334
SHF-016,control_25,BAT,1.1645303508596365
SHF-016,control_25,CO,15.065008418176651
SHF-016,control_25,Thl,17.465501398606566
SHF-016,control_25,Dhl,47.54135587615222
SHF-016,control_25,To,21.737170791760587
SHF-016,control_25,Eo,17.136445302438208
SHF-016,control_25,Toe,6.4083499413770415
SHF-016,control_25,Eb,6.109443678311474
SHF-016,control_25,H,45.0
SHF-016,control_25,ve,25.352569189995926
SHF-016,control_25,Te,26.405071309346372
SHF-016,control_25,De,76.57951220275045
SHF-016,control_25,khe,72.821052615639
SHF-016,control_25,Th,46.23331902341007
SHF-016,control_25,Kbh,2.1629422700404737
SHF-016,control_25,Khe,287.23342423368297
SHF-016,control_25,kbh,1.6145808344887942
SHF-016,control_25,CL,0.6844021469074741
SHF-016,control_25,AUC_Cb,22.07220219271427
SHF-016,control_25,AUC_Cl,722.6012270375943
SHF-016,control_25,AUC35_Cb,15.633238440203833
SHF-016,control_25,AUC35_Cl,210.13615856015247
SHF-016,control_25,RE_R1b,8.629343917313737
SHF-016,control_25,RE_R1l,74.55487262856158
SHF-016,control_25,RE_Sb,7.722945120103658
SHF-016,control_25,RE_Sl,61.45453378717352
SHF-016,control_25,T1_1,0.65575
SHF-016,control_25,T1_2,0.41641
SHF-016,control_25,t1_MOLLI,11.832777777777778
SHF-016,control_25,t2_MOLLI,12.673333333333334
SHF-016,control_30,BAT,1.1715809011159553
SHF-016,control_30,CO,14.851520738820776
SHF-016,control_30,Thl,17.230056594374126
SHF-016,control_30,Dhl,49.328451760110134
SHF-016,control_30,To,24.39514034638011
SHF-016,control_30,Eo,18.23179045067318
SHF-016,control_30,Toe,10.36338604851233
SHF-016,control_30,Eb,3.0460673602797463
SHF-016,control_30,H,45.0
SHF-016,control_30,ve,16.355779588899207
SHF-016,control_30,Te,19.16743773451064
SHF-016,control_30,De,67.42907402644364
SHF-016,control_30,khe,76.72768239590027
SHF-016,control_30,Th,36.488170894902865
SHF-016,control_30,Kbh,2.74061421955161
SHF-016,control_30,Khe,469.11663231250645
SHF-016,control_30,kbh,2.2923653984197188
SHF-016,control_30,CL,0.7211182573281203
SHF-016,control_30,AUC_Cb,39.31125802597613
SHF-016,control_30,AUC_Cl,1017.1259957595809
SHF-016,control_30,AUC35_Cb,16.49623873175737
SHF-016,control_30,AUC35_Cl,208.19842587609844
SHF-016,control_30,RE_R1b,9.278036796914197
SHF-016,control_30,RE_R1l,72.53609856651512
SHF-016,control_30,RE_Sb,7.722945120103658
SHF-016,control_30,RE_Sl,61.45453378717352
SHF-016,control_30,T1_1,0.65575
SHF-016,control_30,T1_2,0.41641
SHF-016,control_30,t1_MOLLI,11.832777777777778
SHF-016,control_30,t2_MOLLI,12.673333333333334
SHF-016,control_35,BAT,1.177559016399486
SHF-016,control_35,CO,14.818403390231666
SHF-016,control_35,Thl,16.85796832476693
SHF-016,control_35,Dhl,50.279075883612165
SHF-016,control_35,To,27.683118516660038
SHF-016,control_35,Eo,17.068170005447193
SHF-016,control_35,Toe,11.674094240186152
SHF-016,control_35,Eb,2.67674847849376
SHF-016,control_35,H,45.0
SHF-016,control_35,ve,11.697829166152127
SHF-016,control_35,Te,13.72345855767646
SHF-016,control_35,De,49.999700236916496
SHF-016,control_35,khe,77.89223214709735
SHF-016,control_35,Th,32.374675123536115
SHF-016,control_35,Kbh,3.088834084617604
SHF-016,control_35,Khe,665.8691201653028
SHF-016,control_35,kbh,2.727507550173158
SHF-016,control_35,CL,0.7320631739596696
SHF-016,control_35,AUC_Cb,42.162244574959175
SHF-016,control_35,AUC_Cl,984.2149992059863
SHF-016,control_35,AUC35_Cb,16.654535829988077
SHF-016,control_35,AUC35_Cl,204.61812970267363
SHF-016,control_35,RE_R1b,9.27287644062571
SHF-016,control_35,RE_R1l,71.33050911666054
SHF-016,control_35,RE_Sb,7.722945120103658
SHF-016,control_35,RE_Sl,61.45453378717352
SHF-016,control_35,T1_1,0.65575
SHF-016,control_35,T1_2,0.41641
SHF-016,control_35,t1_MOLLI,11.832777777777778
SHF-016,control_35,t2_MOLLI,12.673333333333334
SHF-016,control_40,BAT,1.179661401727435
SHF-016,control_40,CO,14.78114298999884
SHF-016,control_40,Thl,16.88011724675533
SHF-016,control_40,Dhl,51.19054250890868
SHF-016,control_40,To,29.472626770302753
SHF-016,control_40,Eo,17.543373125954872
SHF-016,control_40,Toe,12.782057365237943
SHF-016,control_40,Eb,1.5058605107066199
SHF-016,control_40,H,45.0
SHF-016,control_40,ve,41.15320290829778
SHF-016,control_40,Te,59.99970288356881
SHF-016,control_40,De,97.49350970865686
SHF-016,control_40,khe,80.34519814851231
SHF-016,control_40,Th,25.960078121171616
SHF-016,control_40,Kbh,3.852068531274776
SHF-016,control_40,Khe,195.23437416899623
SHF-016,control_40,kbh,2.266818952432581
SHF-016,control_40,CL,0.7551171554301175
SHF-016,control_40,AUC_Cb,53.05593395509054
SHF-016,control_40,AUC_Cl,1044.7065788425361
SHF-016,control_40,AUC35_Cb,17.148362188278504
SHF-016,control_40,AUC35_Cl,201.54473711423387
SHF-016,control_40,RE_R1b,9.698872867849886
SHF-016,control_40,RE_R1l,70.09381937569121
SHF-016,control_40,RE_Sb,7.722945120103658
SHF-016,control_40,RE_Sl,61.45453378717352
SHF-016,control_40,T1_1,0.65575
SHF-016,control_40,T1_2,0.41641
SHF-016,control_40,t1_MOLLI,11.832777777777778
SHF-016,control_40,t2_MOLLI,12.673333333333334
