subject,study,parameter,value
LDS-001,control_05,BAT,0.03294180385469106
LDS-001,control_05,CO,0.7730549648822961
LDS-001,control_05,Thl,2.7613595289426467
LDS-001,control_05,Dhl,3.46110404115701
LDS-001,control_05,To,3.3818723756063984
LDS-001,control_05,Eo,5.423109260707186
LDS-001,control_05,Toe,1.9469931823972029
LDS-001,control_05,Eb,12.673576173274444
LDS-001,control_05,H,0.0
LDS-001,control_05,ve,165.8530683508785
LDS-001,control_05,Te,31.025561972558528
LDS-001,control_05,De,13.401164139004804
LDS-001,control_05,khe,26.163809504453244
LDS-001,control_05,Th,37205.718178746596
LDS-001,control_05,Kbh,0.0
LDS-001,control_05,Khe,0.0
LDS-001,control_05,kbh,0.0
LDS-001,control_05,CL,0.0
LDS-001,control_05,AUC_Cb,0.0
LDS-001,control_05,AUC_Cl,0.0
LDS-001,control_05,AUC35_Cb,0.0
LDS-001,control_05,AUC35_Cl,0.0
LDS-001,control_05,RE_R1b,0.0
LDS-001,control_05,RE_R1l,0.0
LDS-001,control_05,RE_Sb,0.0
LDS-001,control_05,RE_Sl,0.0
LDS-001,control_05,T1_1,0.0
LDS-001,control_05,T1_2,0.0
LDS-001,control_05,t1_MOLLI,0.0
LDS-001,control_05,t2_MOLLI,0.0
LDS-001,control_10,BAT,0.03148252799558275
LDS-001,control_10,CO,0.9596228081479607
LDS-001,control_10,Thl,2.9154649346446146
LDS-001,control_10,Dhl,3.8730746177508526
LDS-001,control_10,To,1.3969450118474325
LDS-001,control_10,Eo,6.514202530164705
LDS-001,control_10,Toe,4.632922782462951
LDS-001,control_10,Eb,9.712154189317957
LDS-001,control_10,H,0.0
LDS-001,control_10,ve,5.791391449438151
LDS-001,control_10,Te,8.69828907764824
LDS-001,control_10,De,3.2805440601646225
LDS-001,control_10,khe,2.809245021102387
LDS-001,control_10,Th,133.12734574279835
LDS-001,control_10,Kbh,0.0
LDS-001,control_10,Khe,0.0
LDS-001,control_10,kbh,0.0
LDS-001,control_10,CL,0.0
LDS-001,control_10,AUC_Cb,0.0
LDS-001,control_10,AUC_Cl,0.0
LDS-001,control_10,AUC35_Cb,0.0
LDS-001,control_10,AUC35_Cl,0.0
LDS-001,control_10,RE_R1b,0.0
LDS-001,control_10,RE_R1l,0.0
LDS-001,control_10,RE_Sb,0.0
LDS-001,control_10,RE_Sl,0.0
LDS-001,control_10,T1_1,0.0
LDS-001,control_10,T1_2,0.0
LDS-001,control_10,t1_MOLLI,0.0
LDS-001,control_10,t2_MOLLI,0.0
LDS-001,control_15,BAT,0.01785684168140499
LDS-001,control_15,CO,0.4091472755048911
LDS-001,control_15,Thl,1.4826447337017068
LDS-001,control_15,Dhl,2.497283779934169
LDS-001,control_15,To,1.209288057484747
LDS-001,control_15,Eo,0.8342934382757881
LDS-001,control_15,Toe,1.3971169359118898
LDS-001,control_15,Eb,1.7502406696891466
LDS-001,control_15,H,0.0
LDS-001,control_15,ve,3.230799317833266
LDS-001,control_15,Te,5.299598734095851
LDS-001,control_15,De,2.922116659314906
LDS-001,control_15,khe,1.151414027471412
LDS-001,control_15,Th,3.391617782570691
LDS-001,control_15,Kbh,0.0
LDS-001,control_15,Khe,0.0
LDS-001,control_15,kbh,0.0
LDS-001,control_15,CL,0.0
LDS-001,control_15,AUC_Cb,0.0
LDS-001,control_15,AUC_Cl,0.0
LDS-001,control_15,AUC35_Cb,0.0
LDS-001,control_15,AUC35_Cl,0.0
LDS-001,control_15,RE_R1b,0.0
LDS-001,control_15,RE_R1l,0.0
LDS-001,control_15,RE_Sb,0.0
LDS-001,control_15,RE_Sl,0.0
LDS-001,control_15,T1_1,0.0
LDS-001,control_15,T1_2,0.0
LDS-001,control_15,t1_MOLLI,0.0
LDS-001,control_15,t2_MOLLI,0.0
LDS-001,control_20,BAT,0.013750776308724769
LDS-001,control_20,CO,0.28955902281792123
LDS-001,control_20,Thl,1.1301023939035097
LDS-001,control_20,Dhl,1.635290440214847
LDS-001,control_20,To,0.996854473656661
LDS-001,control_20,Eo,0.32907762651948463
LDS-001,control_20,Toe,0.7595169233222127
LDS-001,control_20,Eb,0.7152272630290344
LDS-001,control_20,H,0.0
LDS-001,control_20,ve,2.4896040011706706
LDS-001,control_20,Te,4.405094749286897
LDS-001,control_20,De,2.0673523418785096
LDS-001,control_20,khe,0.6797242485670186
LDS-001,control_20,Th,3.7420987711509683
LDS-001,control_20,Kbh,0.0
LDS-001,control_20,Khe,0.0
LDS-001,control_20,kbh,0.0
LDS-001,control_20,CL,0.0
LDS-001,control_20,AUC_Cb,0.0
LDS-001,control_20,AUC_Cl,0.0
LDS-001,control_20,AUC35_Cb,0.0
LDS-001,control_20,AUC35_Cl,0.0
LDS-001,control_20,RE_R1b,0.0
LDS-001,control_20,RE_R1l,0.0
LDS-001,control_20,RE_Sb,0.0
LDS-001,control_20,RE_Sl,0.0
LDS-001,control_20,T1_1,0.0
LDS-001,control_20,T1_2,0.0
LDS-001,control_20,t1_MOLLI,0.0
LDS-001,control_20,t2_MOLLI,0.0
LDS-001,control_25,BAT,0.019355296417787684
LDS-001,control_25,CO,0.42261365470355383
LDS-001,control_25,Thl,1.6520992304179307
LDS-001,control_25,Dhl,2.4331940279697983
LDS-001,control_25,To,0.9184406760440486
LDS-001,control_25,Eo,0.2504656060679627
LDS-001,control_25,Toe,0.659219083763068
LDS-001,control_25,Eb,0.5892739707783123
LDS-001,control_25,H,0.0
LDS-001,control_25,ve,2.026873858239793
LDS-001,control_25,Te,3.6676611565727852
LDS-001,control_25,De,1.9532476431761876
LDS-001,control_25,khe,0.4983651590525167
LDS-001,control_25,Th,1.5105492282997315
LDS-001,control_25,Kbh,0.0
LDS-001,control_25,Khe,0.0
LDS-001,control_25,kbh,0.0
LDS-001,control_25,CL,0.0
LDS-001,control_25,AUC_Cb,0.0
LDS-001,control_25,AUC_Cl,0.0
LDS-001,control_25,AUC35_Cb,0.0
LDS-001,control_25,AUC35_Cl,0.0
LDS-001,control_25,RE_R1b,0.0
LDS-001,control_25,RE_R1l,0.0
LDS-001,control_25,RE_Sb,0.0
LDS-001,control_25,RE_Sl,0.0
LDS-001,control_25,T1_1,0.0
LDS-001,control_25,T1_2,0.0
LDS-001,control_25,t1_MOLLI,0.0
LDS-001,control_25,t2_MOLLI,0.0
LDS-001,control_30,BAT,0.012410003059796705
LDS-001,control_30,CO,0.3311453755034465
LDS-001,control_30,Thl,1.014240822367599
LDS-001,control_30,Dhl,2.187481565911122
LDS-001,control_30,To,0.7939955400831978
LDS-001,control_30,Eo,0.19968430671015902
LDS-001,control_30,Toe,0.512071340099384
LDS-001,control_30,Eb,0.3508670793492159
LDS-001,control_30,H,0.0
LDS-001,control_30,ve,1.8179322574768202
LDS-001,control_30,Te,3.407491812804741
LDS-001,control_30,De,1.7109187463061444
LDS-001,control_30,khe,0.39254180216956236
LDS-001,control_30,Th,1.2469899199393042
LDS-001,control_30,Kbh,0.0
LDS-001,control_30,Khe,0.0
LDS-001,control_30,kbh,0.0
LDS-001,control_30,CL,0.0
LDS-001,control_30,AUC_Cb,0.0
LDS-001,control_30,AUC_Cl,0.0
LDS-001,control_30,AUC35_Cb,0.0
LDS-001,control_30,AUC35_Cl,0.0
LDS-001,control_30,RE_R1b,0.0
LDS-001,control_30,RE_R1l,0.0
LDS-001,control_30,RE_Sb,0.0
LDS-001,control_30,RE_Sl,0.0
LDS-001,control_30,T1_1,0.0
LDS-001,control_30,T1_2,0.0
LDS-001,control_30,t1_MOLLI,0.0
LDS-001,control_30,t2_MOLLI,0.0
LDS-001,control_35,BAT,0.021278526643370863
LDS-001,control_35,CO,0.5635704628614528
LDS-001,control_35,Thl,1.7854599788879257
LDS-001,control_35,Dhl,3.88387584203441
LDS-001,control_35,To,0.7439194979481291
LDS-001,control_35,Eo,0.2451411784723879
LDS-001,control_35,Toe,0.4744867451444748
LDS-001,control_35,Eb,0.4198047110044378
LDS-001,control_35,H,0.0
LDS-001,control_35,ve,1.634367211632196
LDS-001,control_35,Te,3.1103223058895724
LDS-001,control_35,De,1.5838279370780552
LDS-001,control_35,khe,0.3279247620471492
LDS-001,control_35,Th,0.9781264237874573
LDS-001,control_35,Kbh,0.0
LDS-001,control_35,Khe,0.0
LDS-001,control_35,kbh,0.0
LDS-001,control_35,CL,0.0
LDS-001,control_35,AUC_Cb,0.0
LDS-001,control_35,AUC_Cl,0.0
LDS-001,control_35,AUC35_Cb,0.0
LDS-001,control_35,AUC35_Cl,0.0
LDS-001,control_35,RE_R1b,0.0
LDS-001,control_35,RE_R1l,0.0
LDS-001,control_35,RE_Sb,0.0
LDS-001,control_35,RE_Sl,0.0
LDS-001,control_35,T1_1,0.0
LDS-001,control_35,T1_2,0.0
LDS-001,control_35,t1_MOLLI,0.0
LDS-001,control_35,t2_MOLLI,0.0
LDS-001,control_40,BAT,0.024224414635881836
LDS-001,control_40,CO,0.5018608771110729
LDS-001,control_40,Thl,2.185551716125962
LDS-001,control_40,Dhl,2.1482669533035135
LDS-001,control_40,To,0.8149080677016658
LDS-001,control_40,Eo,0.3567034467765231
LDS-001,control_40,Toe,0.4340037668349174
LDS-001,control_40,Eb,0.43734784963765216
LDS-001,control_40,H,0.0
LDS-001,control_40,ve,1.5256200192993754
LDS-001,control_40,Te,2.9320544081861337
LDS-001,control_40,De,1.5268904163892636
LDS-001,control_40,khe,0.29072124571212815
LDS-001,control_40,Th,0.8538277226223304
LDS-001,control_40,Kbh,0.0
LDS-001,control_40,Khe,0.0
LDS-001,control_40,kbh,0.0
LDS-001,control_40,CL,0.0
LDS-001,control_40,AUC_Cb,0.0
LDS-001,control_40,AUC_Cl,0.0
LDS-001,control_40,AUC35_Cb,0.0
LDS-001,control_40,AUC35_Cl,0.0
LDS-001,control_40,RE_R1b,0.0
LDS-001,control_40,RE_R1l,0.0
LDS-001,control_40,RE_Sb,0.0
LDS-001,control_40,RE_Sl,0.0
LDS-001,control_40,T1_1,0.0
LDS-001,control_40,T1_2,0.0
LDS-001,control_40,t1_MOLLI,0.0
LDS-001,control_40,t2_MOLLI,0.0
LDS-005,control_05,BAT,0.03302754644108327
LDS-005,control_05,CO,0.32219462209405525
LDS-005,control_05,Thl,2.6666319121237025
LDS-005,control_05,Dhl,2.759646505778902
LDS-005,control_05,To,3.1414951783521197
LDS-005,control_05,Eo,5.106690526935644
LDS-005,control_05,Toe,0.9108384830061279
LDS-005,control_05,Eb,15.002666769165954
LDS-005,control_05,H,0.0
LDS-005,control_05,ve,69.15307703822023
LDS-005,control_05,Te,37.495183683690314
LDS-005,control_05,De,19.364238702447444
LDS-005,control_05,khe,18.589039191189336
LDS-005,control_05,Th,30338.979548625117
LDS-005,control_05,Kbh,0.0
LDS-005,control_05,Khe,0.0
LDS-005,control_05,kbh,0.0
LDS-005,control_05,CL,0.0
LDS-005,control_05,AUC_Cb,0.0
LDS-005,control_05,AUC_Cl,0.0
LDS-005,control_05,AUC35_Cb,0.0
LDS-005,control_05,AUC35_Cl,0.0
LDS-005,control_05,RE_R1b,0.0
LDS-005,control_05,RE_R1l,0.0
LDS-005,control_05,RE_Sb,0.0
LDS-005,control_05,RE_Sl,0.0
LDS-005,control_05,T1_1,0.0
LDS-005,control_05,T1_2,0.0
LDS-005,control_05,t1_MOLLI,0.0
LDS-005,control_05,t2_MOLLI,0.0
LDS-005,control_10,BAT,0.005332661025922529
LDS-005,control_10,CO,0.20694992270763288
LDS-005,control_10,Thl,0.6526540240284073
LDS-005,control_10,Dhl,1.4419823450044742
LDS-005,control_10,To,1.995836500088434
LDS-005,control_10,Eo,1.882038718462355
LDS-005,control_10,Toe,0.439268218654402
LDS-005,control_10,Eb,1.7059925943297853
LDS-005,control_10,H,0.0
LDS-005,control_10,ve,7.185822704207212
LDS-005,control_10,Te,13.243394955290883
LDS-005,control_10,De,8.448389150389273
LDS-005,control_10,khe,2.848976071540043
LDS-005,control_10,Th,8.437418280668531
LDS-005,control_10,Kbh,0.0
LDS-005,control_10,Khe,0.0
LDS-005,control_10,kbh,0.0
LDS-005,control_10,CL,0.0
LDS-005,control_10,AUC_Cb,0.0
LDS-005,control_10,AUC_Cl,0.0
LDS-005,control_10,AUC35_Cb,0.0
LDS-005,control_10,AUC35_Cl,0.0
LDS-005,control_10,RE_R1b,0.0
LDS-005,control_10,RE_R1l,0.0
LDS-005,control_10,RE_Sb,0.0
LDS-005,control_10,RE_Sl,0.0
LDS-005,control_10,T1_1,0.0
LDS-005,control_10,T1_2,0.0
LDS-005,control_10,t1_MOLLI,0.0
LDS-005,control_10,t2_MOLLI,0.0
LDS-005,control_15,BAT,0.011870358143241538
LDS-005,control_15,CO,0.21581717866229608
LDS-005,control_15,Thl,0.9200221662973918
LDS-005,control_15,Dhl,2.5310175039590614
LDS-005,control_15,To,1.395899995193482
LDS-005,control_15,Eo,1.5787837722605587
LDS-005,control_15,Toe,0.22882300488751692
LDS-005,control_15,Eb,0.6637498628615301
LDS-005,control_15,H,0.0
LDS-005,control_15,ve,4.571977200586723
LDS-005,control_15,Te,8.619300602179447
LDS-005,control_15,De,8.266942015299513
LDS-005,control_15,khe,1.4743263124976154
LDS-005,control_15,Th,1.689533625393307
LDS-005,control_15,Kbh,0.0
LDS-005,control_15,Khe,0.0
LDS-005,control_15,kbh,0.0
LDS-005,control_15,CL,0.0
LDS-005,control_15,AUC_Cb,0.0
LDS-005,control_15,AUC_Cl,0.0
LDS-005,control_15,AUC35_Cb,0.0
LDS-005,control_15,AUC35_Cl,0.0
LDS-005,control_15,RE_R1b,0.0
LDS-005,control_15,RE_R1l,0.0
LDS-005,control_15,RE_Sb,0.0
LDS-005,control_15,RE_Sl,0.0
LDS-005,control_15,T1_1,0.0
LDS-005,control_15,T1_2,0.0
LDS-005,control_15,t1_MOLLI,0.0
LDS-005,control_15,t2_MOLLI,0.0
LDS-005,control_20,BAT,0.0182656116794133
LDS-005,control_20,CO,0.21455550166114482
LDS-005,control_20,Thl,1.3750965093988996
LDS-005,control_20,Dhl,2.686466621704575
LDS-005,control_20,To,1.5239604413364505
LDS-005,control_20,Eo,2.030493192101799
LDS-005,control_20,Toe,0.18510315096950974
LDS-005,control_20,Eb,0.5168705934592549
LDS-005,control_20,H,0.0
LDS-005,control_20,ve,5.650185887317341
LDS-005,control_20,Te,11.476209334572005
LDS-005,control_20,De,3.6749881466653624
LDS-005,control_20,khe,1.2569635845701517
LDS-005,control_20,Th,2.4915704763379045
LDS-005,control_20,Kbh,0.0
LDS-005,control_20,Khe,0.0
LDS-005,control_20,kbh,0.0
LDS-005,control_20,CL,0.0
LDS-005,control_20,AUC_Cb,0.0
LDS-005,control_20,AUC_Cl,0.0
LDS-005,control_20,AUC35_Cb,0.0
LDS-005,control_20,AUC35_Cl,0.0
LDS-005,control_20,RE_R1b,0.0
LDS-005,control_20,RE_R1l,0.0
LDS-005,control_20,RE_Sb,0.0
LDS-005,control_20,RE_Sl,0.0
LDS-005,control_20,T1_1,0.0
LDS-005,control_20,T1_2,0.0
LDS-005,control_20,t1_MOLLI,0.0
LDS-005,control_20,t2_MOLLI,0.0
LDS-005,control_25,BAT,0.021071603388293433
LDS-005,control_25,CO,0.25170279492926667
LDS-005,control_25,Thl,1.6133949693636496
LDS-005,control_25,Dhl,4.0202724647507635
LDS-005,control_25,To,1.6443232199934474
LDS-005,control_25,Eo,2.16169357834207
LDS-005,control_25,Toe,0.18586637095517708
LDS-005,control_25,Eb,0.5094005732035466
LDS-005,control_25,H,0.0
LDS-005,control_25,ve,4.496427341412314
LDS-005,control_25,Te,9.295262931559801
LDS-005,control_25,De,3.1862325592763767
LDS-005,control_25,khe,0.9094038973813733
LDS-005,control_25,Th,2.022353009863356
LDS-005,control_25,Kbh,0.0
LDS-005,control_25,Khe,0.0
LDS-005,control_25,kbh,0.0
LDS-005,control_25,CL,0.0
LDS-005,control_25,AUC_Cb,0.0
LDS-005,control_25,AUC_Cl,0.0
LDS-005,control_25,AUC35_Cb,0.0
LDS-005,control_25,AUC35_Cl,0.0
LDS-005,control_25,RE_R1b,0.0
LDS-005,control_25,RE_R1l,0.0
LDS-005,control_25,RE_Sb,0.0
LDS-005,control_25,RE_Sl,0.0
LDS-005,control_25,T1_1,0.0
LDS-005,control_25,T1_2,0.0
LDS-005,control_25,t1_MOLLI,0.0
LDS-005,control_25,t2_MOLLI,0.0
LDS-005,control_30,BAT,0.0047422057962984805
LDS-005,control_30,CO,0.1867647970842162
LDS-005,control_30,Thl,0.4250710993995946
LDS-005,control_30,Dhl,2.4453699827879665
LDS-005,control_30,To,1.4562088001856552
LDS-005,control_30,Eo,1.238672290312391
LDS-005,control_30,Toe,0.19354410858947707
LDS-005,control_30,Eb,0.34995204001556485
LDS-005,control_30,H,0.0
LDS-005,control_30,ve,4.335206214024672
LDS-005,control_30,Te,9.116228986144234
LDS-005,control_30,De,3.2583250732341793
LDS-005,control_30,khe,0.7985155652807778
LDS-005,control_30,Th,1.5853904517950423
LDS-005,control_30,Kbh,0.0
LDS-005,control_30,Khe,0.0
LDS-005,control_30,kbh,0.0
LDS-005,control_30,CL,0.0
LDS-005,control_30,AUC_Cb,0.0
LDS-005,control_30,AUC_Cl,0.0
LDS-005,control_30,AUC35_Cb,0.0
LDS-005,control_30,AUC35_Cl,0.0
LDS-005,control_30,RE_R1b,0.0
LDS-005,control_30,RE_R1l,0.0
LDS-005,control_30,RE_Sb,0.0
LDS-005,control_30,RE_Sl,0.0
LDS-005,control_30,T1_1,0.0
LDS-005,control_30,T1_2,0.0
LDS-005,control_30,t1_MOLLI,0.0
LDS-005,control_30,t2_MOLLI,0.0
LDS-005,control_35,BAT,0.007361684860759848
LDS-005,control_35,CO,0.2726397805175509
LDS-005,control_35,Thl,0.5775394954567801
LDS-005,control_35,Dhl,4.659940581334534
LDS-005,control_35,To,1.0104080351829785
LDS-005,control_35,Eo,0.7739402254051307
LDS-005,control_35,Toe,0.23917710684672291
LDS-005,control_35,Eb,0.31155482464192985
LDS-005,control_35,H,0.0
LDS-005,control_35,ve,4.824909331970575
LDS-005,control_35,Te,10.172672040209946
LDS-005,control_35,De,3.3329354467466077
LDS-005,control_35,khe,0.8351741552361754
LDS-005,control_35,Th,1.1729390469172334
LDS-005,control_35,Kbh,0.0
LDS-005,control_35,Khe,0.0
LDS-005,control_35,kbh,0.0
LDS-005,control_35,CL,0.0
LDS-005,control_35,AUC_Cb,0.0
LDS-005,control_35,AUC_Cl,0.0
LDS-005,control_35,AUC35_Cb,0.0
LDS-005,control_35,AUC35_Cl,0.0
LDS-005,control_35,RE_R1b,0.0
LDS-005,control_35,RE_R1l,0.0
LDS-005,control_35,RE_Sb,0.0
LDS-005,control_35,RE_Sl,0.0
LDS-005,control_35,T1_1,0.0
LDS-005,control_35,T1_2,0.0
LDS-005,control_35,t1_MOLLI,0.0
LDS-005,control_35,t2_MOLLI,0.0
LDS-005,control_40,BAT,0.00763648631806352
LDS-005,control_40,CO,0.18990080401735646
LDS-005,control_40,Thl,0.6000682705869494
LDS-005,control_40,Dhl,3.807132210038212
LDS-005,control_40,To,1.2996095972498714
LDS-005,control_40,Eo,0.6457552363215735
LDS-005,control_40,Toe,0.29265844111754563
LDS-005,control_40,Eb,0.29952189240822424
LDS-005,control_40,H,0.0
LDS-005,control_40,ve,3.4248771411497376
LDS-005,control_40,Te,7.089246297447559
LDS-005,control_40,De,4.2885057786216745
LDS-005,control_40,khe,0.6830840282646713
LDS-005,control_40,Th,0.8491927222049003
LDS-005,control_40,Kbh,0.0
LDS-005,control_40,Khe,0.0
LDS-005,control_40,kbh,0.0
LDS-005,control_40,CL,0.0
LDS-005,control_40,AUC_Cb,0.0
LDS-005,control_40,AUC_Cl,0.0
LDS-005,control_40,AUC35_Cb,0.0
LDS-005,control_40,AUC35_Cl,0.0
LDS-005,control_40,RE_R1b,0.0
LDS-005,control_40,RE_R1l,0.0
LDS-005,control_40,RE_Sb,0.0
LDS-005,control_40,RE_Sl,0.0
LDS-005,control_40,T1_1,0.0
LDS-005,control_40,T1_2,0.0
LDS-005,control_40,t1_MOLLI,0.0
LDS-005,control_40,t2_MOLLI,0.0
SHF-007,control_05,BAT,0.0213783241764497
SHF-007,control_05,CO,0.16103716879397192
SHF-007,control_05,Thl,1.2434511765223175
SHF-007,control_05,Dhl,11.688543249408228
SHF-007,control_05,To,16.049354997381915
SHF-007,control_05,Eo,15.665313286152138
SHF-007,control_05,Toe,4.855961349458652
SHF-007,control_05,Eb,36.37220430951778
SHF-007,control_05,H,0.0
SHF-007,control_05,ve,181.30739269444354
SHF-007,control_05,Te,441.5508822295559
SHF-007,control_05,De,78.06809116447894
SHF-007,control_05,khe,82.91236459116915
SHF-007,control_05,Th,66.54494196666444
SHF-007,control_05,Kbh,0.0
SHF-007,control_05,Khe,0.0
SHF-007,control_05,kbh,0.0
SHF-007,control_05,CL,0.0
SHF-007,control_05,AUC_Cb,0.0
SHF-007,control_05,AUC_Cl,0.0
SHF-007,control_05,AUC35_Cb,0.0
SHF-007,control_05,AUC35_Cl,0.0
SHF-007,control_05,RE_R1b,0.0
SHF-007,control_05,RE_R1l,0.0
SHF-007,control_05,RE_Sb,0.0
SHF-007,control_05,RE_Sl,0.0
SHF-007,control_05,T1_1,0.0
SHF-007,control_05,T1_2,0.0
SHF-007,control_05,t1_MOLLI,0.0
SHF-007,control_05,t2_MOLLI,0.0
SHF-007,control_10,BAT,0.01343101459893037
SHF-007,control_10,CO,0.09270405161309296
SHF-007,control_10,Thl,0.8461191673646333
SHF-007,control_10,Dhl,2.4054005322567367
SHF-007,control_10,To,4.070871480886969
SHF-007,control_10,Eo,2.674221003742939
SHF-007,control_10,Toe,1.3413288380871267
SHF-007,control_10,Eb,4.197292530983592
SHF-007,control_10,H,0.0
SHF-007,control_10,ve,19.592651911328165
SHF-007,control_10,Te,53.82337273102377
SHF-007,control_10,De,10.38392371804506
SHF-007,control_10,khe,4.4727176924210275
SHF-007,control_10,Th,176.24250432004598
SHF-007,control_10,Kbh,0.0
SHF-007,control_10,Khe,0.0
SHF-007,control_10,kbh,0.0
SHF-007,control_10,CL,0.0
SHF-007,control_10,AUC_Cb,0.0
SHF-007,control_10,AUC_Cl,0.0
SHF-007,control_10,AUC35_Cb,0.0
SHF-007,control_10,AUC35_Cl,0.0
SHF-007,control_10,RE_R1b,0.0
SHF-007,control_10,RE_R1l,0.0
SHF-007,control_10,RE_Sb,0.0
SHF-007,control_10,RE_Sl,0.0
SHF-007,control_10,T1_1,0.0
SHF-007,control_10,T1_2,0.0
SHF-007,control_10,t1_MOLLI,0.0
SHF-007,control_10,t2_MOLLI,0.0
SHF-007,control_15,BAT,0.017067299097310404
SHF-007,control_15,CO,0.16319850190887103
SHF-007,control_15,Thl,1.3645387560331017
SHF-007,control_15,Dhl,1.4515550978094158
SHF-007,control_15,To,2.999746573071093
SHF-007,control_15,Eo,2.0957283012914294
SHF-007,control_15,Toe,0.7952807621027191
SHF-007,control_15,Eb,1.4262882228314777
SHF-007,control_15,H,0.0
SHF-007,control_15,ve,12.029899472678984
SHF-007,control_15,Te,35.23926486013237
SHF-007,control_15,De,7.023947049449647
SHF-007,control_15,khe,1.8596886973840758
SHF-007,control_15,Th,79.09233655248146
SHF-007,control_15,Kbh,0.0
SHF-007,control_15,Khe,0.0
SHF-007,control_15,kbh,0.0
SHF-007,control_15,CL,0.0
SHF-007,control_15,AUC_Cb,0.0
SHF-007,control_15,AUC_Cl,0.0
SHF-007,control_15,AUC35_Cb,0.0
SHF-007,control_15,AUC35_Cl,0.0
SHF-007,control_15,RE_R1b,0.0
SHF-007,control_15,RE_R1l,0.0
SHF-007,control_15,RE_Sb,0.0
SHF-007,control_15,RE_Sl,0.0
SHF-007,control_15,T1_1,0.0
SHF-007,control_15,T1_2,0.0
SHF-007,control_15,t1_MOLLI,0.0
SHF-007,control_15,t2_MOLLI,0.0
SHF-007,control_20,BAT,0.0059903797639738725
SHF-007,control_20,CO,0.09405481367505746
SHF-007,control_20,Thl,0.49297520412640805
SHF-007,control_20,Dhl,0.7226981621479703
SHF-007,control_20,To,2.0687183440207186
SHF-007,control_20,Eo,1.939474434448895
SHF-007,control_20,Toe,0.41851181055395803
SHF-007,control_20,Eb,0.614381424699903
SHF-007,control_20,H,0.0
SHF-007,control_20,ve,9.640456961608768
SHF-007,control_20,Te,28.374462508025076
SHF-007,control_20,De,7.703227360290446
SHF-007,control_20,khe,1.2191242698732307
SHF-007,control_20,Th,15.797318196633162
SHF-007,control_20,Kbh,0.0
SHF-007,control_20,Khe,0.0
SHF-007,control_20,kbh,0.0
SHF-007,control_20,CL,0.0
SHF-007,control_20,AUC_Cb,0.0
SHF-007,control_20,AUC_Cl,0.0
SHF-007,control_20,AUC35_Cb,0.0
SHF-007,control_20,AUC35_Cl,0.0
SHF-007,control_20,RE_R1b,0.0
SHF-007,control_20,RE_R1l,0.0
SHF-007,control_20,RE_Sb,0.0
SHF-007,control_20,RE_Sl,0.0
SHF-007,control_20,T1_1,0.0
SHF-007,control_20,T1_2,0.0
SHF-007,control_20,t1_MOLLI,0.0
SHF-007,control_20,t2_MOLLI,0.0
SHF-007,control_25,BAT,0.00992421277092945
SHF-007,control_25,CO,0.08846802247836665
SHF-007,control_25,Thl,0.6123992402567897
SHF-007,control_25,Dhl,2.4164572900351526
SHF-007,control_25,To,2.350049158608805
SHF-007,control_25,Eo,1.6254274847328907
SHF-007,control_25,Toe,0.5123034952634492
SHF-007,control_25,Eb,0.5169948598149035
SHF-007,control_25,H,0.0
SHF-007,control_25,ve,9.525937494826675
SHF-007,control_25,Te,28.653590609180966
SHF-007,control_25,De,8.641895948801064
SHF-007,control_25,khe,1.023809280096604
SHF-007,control_25,Th,8.791356030768346
SHF-007,control_25,Kbh,0.0
SHF-007,control_25,Khe,0.0
SHF-007,control_25,kbh,0.0
SHF-007,control_25,CL,0.0
SHF-007,control_25,AUC_Cb,0.0
SHF-007,control_25,AUC_Cl,0.0
SHF-007,control_25,AUC35_Cb,0.0
SHF-007,control_25,AUC35_Cl,0.0
SHF-007,control_25,RE_R1b,0.0
SHF-007,control_25,RE_R1l,0.0
SHF-007,control_25,RE_Sb,0.0
SHF-007,control_25,RE_Sl,0.0
SHF-007,control_25,T1_1,0.0
SHF-007,control_25,T1_2,0.0
SHF-007,control_25,t1_MOLLI,0.0
SHF-007,control_25,t2_MOLLI,0.0
SHF-007,control_30,BAT,0.010865433200433637
SHF-007,control_30,CO,0.12493198569275675
SHF-007,control_30,Thl,0.8822055129785726
SHF-007,control_30,Dhl,0.9289876724974053
SHF-007,control_30,To,2.1838732747419436
SHF-007,control_30,Eo,1.0060955725005156
SHF-007,control_30,Toe,0.7710008150584353
SHF-007,control_30,Eb,0.6059592755443954
SHF-007,control_30,H,0.0
SHF-007,control_30,ve,9.40483399970619
SHF-007,control_30,Te,28.36923155128274
SHF-007,control_30,De,11.089745935395598
SHF-007,control_30,khe,0.8928759801063879
SHF-007,control_30,Th,4.214285982214655
SHF-007,control_30,Kbh,0.0
SHF-007,control_30,Khe,0.0
SHF-007,control_30,kbh,0.0
SHF-007,control_30,CL,0.0
SHF-007,control_30,AUC_Cb,0.0
SHF-007,control_30,AUC_Cl,0.0
SHF-007,control_30,AUC35_Cb,0.0
SHF-007,control_30,AUC35_Cl,0.0
SHF-007,control_30,RE_R1b,0.0
SHF-007,control_30,RE_R1l,0.0
SHF-007,control_30,RE_Sb,0.0
SHF-007,control_30,RE_Sl,0.0
SHF-007,control_30,T1_1,0.0
SHF-007,control_30,T1_2,0.0
SHF-007,control_30,t1_MOLLI,0.0
SHF-007,control_30,t2_MOLLI,0.0
SHF-007,control_35,BAT,0.03129080363738127
SHF-007,control_35,CO,0.2524033674697999
SHF-007,control_35,Thl,2.313188469859587
SHF-007,control_35,Dhl,6.51339424837361
SHF-007,control_35,To,2.2135162963483124
SHF-007,control_35,Eo,1.1758504045258733
SHF-007,control_35,Toe,0.6687182099709539
SHF-007,control_35,Eb,0.6822076163110956
SHF-007,control_35,H,0.0
SHF-007,control_35,ve,10.39893692133922
SHF-007,control_35,Te,30.463763820125582
SHF-007,control_35,De,11.022736790540993
SHF-007,control_35,khe,0.9904190374839326
SHF-007,control_35,Th,3.059533841621386
SHF-007,control_35,Kbh,0.0
SHF-007,control_35,Khe,0.0
SHF-007,control_35,kbh,0.0
SHF-007,control_35,CL,0.0
SHF-007,control_35,AUC_Cb,0.0
SHF-007,control_35,AUC_Cl,0.0
SHF-007,control_35,AUC35_Cb,0.0
SHF-007,control_35,AUC35_Cl,0.0
SHF-007,control_35,RE_R1b,0.0
SHF-007,control_35,RE_R1l,0.0
SHF-007,control_35,RE_Sb,0.0
SHF-007,control_35,RE_Sl,0.0
SHF-007,control_35,T1_1,0.0
SHF-007,control_35,T1_2,0.0
SHF-007,control_35,t1_MOLLI,0.0
SHF-007,control_35,t2_MOLLI,0.0
SHF-007,control_40,BAT,0.011472910992714821
SHF-007,control_40,CO,0.12042612950902495
SHF-007,control_40,Thl,0.8996846823155396
SHF-007,control_40,Dhl,0.7056160750034526
SHF-007,control_40,To,1.6294062045900441
SHF-007,control_40,Eo,1.3680437896429174
SHF-007,control_40,Toe,0.2967410925170283
SHF-007,control_40,Eb,0.3465554650111598
SHF-007,control_40,H,0.0
SHF-007,control_40,ve,10.584064646557795
SHF-007,control_40,Te,30.715011922580917
SHF-007,control_40,De,9.986121729381887
SHF-007,control_40,khe,0.9430811655547303
SHF-007,control_40,Th,2.2408716861789117
SHF-007,control_40,Kbh,0.0
SHF-007,control_40,Khe,0.0
SHF-007,control_40,kbh,0.0
SHF-007,control_40,CL,0.0
SHF-007,control_40,AUC_Cb,0.0
SHF-007,control_40,AUC_Cl,0.0
SHF-007,control_40,AUC35_Cb,0.0
SHF-007,control_40,AUC35_Cl,0.0
SHF-007,control_40,RE_R1b,0.0
SHF-007,control_40,RE_R1l,0.0
SHF-007,control_40,RE_Sb,0.0
SHF-007,control_40,RE_Sl,0.0
SHF-007,control_40,T1_1,0.0
SHF-007,control_40,T1_2,0.0
SHF-007,control_40,t1_MOLLI,0.0
SHF-007,control_40,t2_MOLLI,0.0
SHF-010,control_05,BAT,0.04249210621802834
SHF-010,control_05,CO,0.2362710431599528
SHF-010,control_05,Thl,2.8987200341530466
SHF-010,control_05,Dhl,3.846902323012766
SHF-010,control_05,To,12.04825857957744
SHF-010,control_05,Eo,246.22089648621127
SHF-010,control_05,Toe,54.50623685328614
SHF-010,control_05,Eb,364.6713251486092
SHF-010,control_05,H,0.0
SHF-010,control_05,ve,220.2402424215519
SHF-010,control_05,Te,340.96950551957764
SHF-010,control_05,De,47.68270980597114
SHF-010,control_05,khe,139.883231467536
SHF-010,control_05,Th,105.80903116040612
SHF-010,control_05,Kbh,0.0
SHF-010,control_05,Khe,0.0
SHF-010,control_05,kbh,0.0
SHF-010,control_05,CL,0.0
SHF-010,control_05,AUC_Cb,0.0
SHF-010,control_05,AUC_Cl,0.0
SHF-010,control_05,AUC35_Cb,0.0
SHF-010,control_05,AUC35_Cl,0.0
SHF-010,control_05,RE_R1b,0.0
SHF-010,control_05,RE_R1l,0.0
SHF-010,control_05,RE_Sb,0.0
SHF-010,control_05,RE_Sl,0.0
SHF-010,control_05,T1_1,0.0
SHF-010,control_05,T1_2,0.0
SHF-010,control_05,t1_MOLLI,0.0
SHF-010,control_05,t2_MOLLI,0.0
SHF-010,control_10,BAT,0.016380000783085536
SHF-010,control_10,CO,0.21982255366395034
SHF-010,control_10,Thl,1.3325159155311637
SHF-010,control_10,Dhl,2.4521631966185495
SHF-010,control_10,To,4.8122273857924585
SHF-010,control_10,Eo,5.335984893788809
SHF-010,control_10,Toe,4.361921064761842
SHF-010,control_10,Eb,9.485701920528172
SHF-010,control_10,H,0.0
SHF-010,control_10,ve,44.06377683554405
SHF-010,control_10,Te,32.26483377243844
SHF-010,control_10,De,9.231231275934677
SHF-010,control_10,khe,5.714603131562303
SHF-010,control_10,Th,10802.665779441388
SHF-010,control_10,Kbh,0.0
SHF-010,control_10,Khe,0.0
SHF-010,control_10,kbh,0.0
SHF-010,control_10,CL,0.0
SHF-010,control_10,AUC_Cb,0.0
SHF-010,control_10,AUC_Cl,0.0
SHF-010,control_10,AUC35_Cb,0.0
SHF-010,control_10,AUC35_Cl,0.0
SHF-010,control_10,RE_R1b,0.0
SHF-010,control_10,RE_R1l,0.0
SHF-010,control_10,RE_Sb,0.0
SHF-010,control_10,RE_Sl,0.0
SHF-010,control_10,T1_1,0.0
SHF-010,control_10,T1_2,0.0
SHF-010,control_10,t1_MOLLI,0.0
SHF-010,control_10,t2_MOLLI,0.0
SHF-010,control_15,BAT,0.019696089795474134
SHF-010,control_15,CO,0.1319225947878121
SHF-010,control_15,Thl,1.3720022917266887
SHF-010,control_15,Dhl,1.44170260478284
SHF-010,control_15,To,2.5000904702895808
SHF-010,control_15,Eo,1.5129978673217157
SHF-010,control_15,Toe,0.9769923453665245
SHF-010,control_15,Eb,2.2108314908114197
SHF-010,control_15,H,0.0
SHF-010,control_15,ve,9.563226091425028
SHF-010,control_15,Te,19.026402638754956
SHF-010,control_15,De,8.1676721231208
SHF-010,control_15,khe,2.2272502820143956
SHF-010,control_15,Th,19.327112102181278
SHF-010,control_15,Kbh,0.0
SHF-010,control_15,Khe,0.0
SHF-010,control_15,kbh,0.0
SHF-010,control_15,CL,0.0
SHF-010,control_15,AUC_Cb,0.0
SHF-010,control_15,AUC_Cl,0.0
SHF-010,control_15,AUC35_Cb,0.0
SHF-010,control_15,AUC35_Cl,0.0
SHF-010,control_15,RE_R1b,0.0
SHF-010,control_15,RE_R1l,0.0
SHF-010,control_15,RE_Sb,0.0
SHF-010,control_15,RE_Sl,0.0
SHF-010,control_15,T1_1,0.0
SHF-010,control_15,T1_2,0.0
SHF-010,control_15,t1_MOLLI,0.0
SHF-010,control_15,t2_MOLLI,0.0
SHF-010,control_20,BAT,0.023165108733288566
SHF-010,control_20,CO,0.13928458610107805
SHF-010,control_20,Thl,1.6274476607549975
SHF-010,control_20,Dhl,2.005401478089146
SHF-010,control_20,To,2.5599689810196877
SHF-010,control_20,Eo,1.222999982816945
SHF-010,control_20,Toe,1.063367094261943
SHF-010,control_20,Eb,1.4497741356946736
SHF-010,control_20,H,0.0
SHF-010,control_20,ve,8.109649570961427
SHF-010,control_20,Te,16.585595027394767
SHF-010,control_20,De,6.6799982184351405
SHF-010,control_20,khe,1.5284658562499522
SHF-010,control_20,Th,8.961572152561425
SHF-010,control_20,Kbh,0.0
SHF-010,control_20,Khe,0.0
SHF-010,control_20,kbh,0.0
SHF-010,control_20,CL,0.0
SHF-010,control_20,AUC_Cb,0.0
SHF-010,control_20,AUC_Cl,0.0
SHF-010,control_20,AUC35_Cb,0.0
SHF-010,control_20,AUC35_Cl,0.0
SHF-010,control_20,RE_R1b,0.0
SHF-010,control_20,RE_R1l,0.0
SHF-010,control_20,RE_Sb,0.0
SHF-010,control_20,RE_Sl,0.0
SHF-010,control_20,T1_1,0.0
SHF-010,control_20,T1_2,0.0
SHF-010,control_20,t1_MOLLI,0.0
SHF-010,control_20,t2_MOLLI,0.0
SHF-010,control_25,BAT,0.011754522480398561
SHF-010,control_25,CO,0.1298448486076868
SHF-010,control_25,Thl,0.9119648639720416
SHF-010,control_25,Dhl,1.0150695082461048
SHF-010,control_25,To,1.8641642061977817
SHF-010,control_25,Eo,1.0326639390237247
SHF-010,control_25,Toe,0.759559306010772
SHF-010,control_25,Eb,0.9161035630835263
SHF-010,control_25,H,0.0
SHF-010,control_25,ve,7.571813547629167
SHF-010,control_25,Te,15.7943758575887
SHF-010,control_25,De,7.08888209526283
SHF-010,control_25,khe,1.2752851494741815
SHF-010,control_25,Th,5.216393830444483
SHF-010,control_25,Kbh,0.0
SHF-010,control_25,Khe,0.0
SHF-010,control_25,kbh,0.0
SHF-010,control_25,CL,0.0
SHF-010,control_25,AUC_Cb,0.0
SHF-010,control_25,AUC_Cl,0.0
SHF-010,control_25,AUC35_Cb,0.0
SHF-010,control_25,AUC35_Cl,0.0
SHF-010,control_25,RE_R1b,0.0
SHF-010,control_25,RE_R1l,0.0
SHF-010,control_25,RE_Sb,0.0
SHF-010,control_25,RE_Sl,0.0
SHF-010,control_25,T1_1,0.0
SHF-010,control_25,T1_2,0.0
SHF-010,control_25,t1_MOLLI,0.0
SHF-010,control_25,t2_MOLLI,0.0
SHF-010,control_30,BAT,0.018382769301257772
SHF-010,control_30,CO,0.15853923861119362
SHF-010,control_30,Thl,1.3695472367814039
SHF-010,control_30,Dhl,2.0417686749791577
SHF-010,control_30,To,2.0504666390260127
SHF-010,control_30,Eo,1.0995299751841803
SHF-010,control_30,Toe,0.6507639979755707
SHF-010,control_30,Eb,0.6534287631537533
SHF-010,control_30,H,0.0
SHF-010,control_30,ve,7.731928378583071
SHF-010,control_30,Te,16.21111597435541
SHF-010,control_30,De,6.699902274798146
SHF-010,control_30,khe,1.1733607808364326
SHF-010,control_30,Th,3.3729147655252367
SHF-010,control_30,Kbh,0.0
SHF-010,control_30,Khe,0.0
SHF-010,control_30,kbh,0.0
SHF-010,control_30,CL,0.0
SHF-010,control_30,AUC_Cb,0.0
SHF-010,control_30,AUC_Cl,0.0
SHF-010,control_30,AUC35_Cb,0.0
SHF-010,control_30,AUC35_Cl,0.0
SHF-010,control_30,RE_R1b,0.0
SHF-010,control_30,RE_R1l,0.0
SHF-010,control_30,RE_Sb,0.0
SHF-010,control_30,RE_Sl,0.0
SHF-010,control_30,T1_1,0.0
SHF-010,control_30,T1_2,0.0
SHF-010,control_30,t1_MOLLI,0.0
SHF-010,control_30,t2_MOLLI,0.0
SHF-010,control_35,BAT,0.00979022044749495
SHF-010,control_35,CO,0.11035092007909882
SHF-010,control_35,Thl,0.6309394039920325
SHF-010,control_35,Dhl,1.1166412373069505
SHF-010,control_35,To,1.6190881697236854
SHF-010,control_35,Eo,0.9455932015261228
SHF-010,control_35,Toe,0.4961284849668098
SHF-010,control_35,Eb,0.4636613462947664
SHF-010,control_35,H,0.0
SHF-010,control_35,ve,6.754709066561546
SHF-010,control_35,Te,13.866397821933221
SHF-010,control_35,De,8.035785244281124
SHF-010,control_35,khe,1.0561837914293626
SHF-010,control_35,Th,2.0859870219234002
SHF-010,control_35,Kbh,0.0
SHF-010,control_35,Khe,0.0
SHF-010,control_35,kbh,0.0
SHF-010,control_35,CL,0.0
SHF-010,control_35,AUC_Cb,0.0
SHF-010,control_35,AUC_Cl,0.0
SHF-010,control_35,AUC35_Cb,0.0
SHF-010,control_35,AUC35_Cl,0.0
SHF-010,control_35,RE_R1b,0.0
SHF-010,control_35,RE_R1l,0.0
SHF-010,control_35,RE_Sb,0.0
SHF-010,control_35,RE_Sl,0.0
SHF-010,control_35,T1_1,0.0
SHF-010,control_35,T1_2,0.0
SHF-010,control_35,t1_MOLLI,0.0
SHF-010,control_35,t2_MOLLI,0.0
SHF-010,control_40,BAT,0.01163859522463732
SHF-010,control_40,CO,0.13657749165597993
SHF-010,control_40,Thl,0.947763179795616
SHF-010,control_40,Dhl,1.4471681192286023
SHF-010,control_40,To,2.0478736784762805
SHF-010,control_40,Eo,0.8178282763446518
SHF-010,control_40,Toe,0.7806981717578495
SHF-010,control_40,Eb,0.5347225865134375
SHF-010,control_40,H,0.0
SHF-010,control_40,ve,7.446419864977869
SHF-010,control_40,Te,15.69862486741608
SHF-010,control_40,De,8.154005534928196
SHF-010,control_40,khe,1.0409282033130514
SHF-010,control_40,Th,1.829842298892065
SHF-010,control_40,Kbh,0.0
SHF-010,control_40,Khe,0.0
SHF-010,control_40,kbh,0.0
SHF-010,control_40,CL,0.0
SHF-010,control_40,AUC_Cb,0.0
SHF-010,control_40,AUC_Cl,0.0
SHF-010,control_40,AUC35_Cb,0.0
SHF-010,control_40,AUC35_Cl,0.0
SHF-010,control_40,RE_R1b,0.0
SHF-010,control_40,RE_R1l,0.0
SHF-010,control_40,RE_Sb,0.0
SHF-010,control_40,RE_Sl,0.0
SHF-010,control_40,T1_1,0.0
SHF-010,control_40,T1_2,0.0
SHF-010,control_40,t1_MOLLI,0.0
SHF-010,control_40,t2_MOLLI,0.0
SHF-016,control_05,BAT,0.02614828342033397
SHF-016,control_05,CO,0.6482788175653621
SHF-016,control_05,Thl,2.1057033094108735
SHF-016,control_05,Dhl,2.0709897675767275
SHF-016,control_05,To,2.7549393527250023
SHF-016,control_05,Eo,4.495511675426686
SHF-016,control_05,Toe,0.5173920718843237
SHF-016,control_05,Eb,8.292415774716565
SHF-016,control_05,H,0.0
SHF-016,control_05,ve,189.27741848311163
SHF-016,control_05,Te,189.39539532961498
SHF-016,control_05,De,54.56069998869245
SHF-016,control_05,khe,106.54466580146335
SHF-016,control_05,Th,44.80263998621593
SHF-016,control_05,Kbh,0.0
SHF-016,control_05,Khe,0.0
SHF-016,control_05,kbh,0.0
SHF-016,control_05,CL,0.0
SHF-016,control_05,AUC_Cb,0.0
SHF-016,control_05,AUC_Cl,0.0
SHF-016,control_05,AUC35_Cb,0.0
SHF-016,control_05,AUC35_Cl,0.0
SHF-016,control_05,RE_R1b,0.0
SHF-016,control_05,RE_R1l,0.0
SHF-016,control_05,RE_Sb,0.0
SHF-016,control_05,RE_Sl,0.0
SHF-016,control_05,T1_1,0.0
SHF-016,control_05,T1_2,0.0
SHF-016,control_05,t1_MOLLI,0.0
SHF-016,control_05,t2_MOLLI,0.0
SHF-016,control_10,BAT,0.022788713634661235
SHF-016,control_10,CO,0.5802795010283454
SHF-016,control_10,Thl,1.8605809961477395
SHF-016,control_10,Dhl,1.9378840044087704
SHF-016,control_10,To,2.277649478741951
SHF-016,control_10,Eo,4.25413126359308
SHF-016,control_10,Toe,0.2430672599509042
SHF-016,control_10,Eb,1.239961885997906
SHF-016,control_10,H,0.0
SHF-016,control_10,ve,23.489828977606845
SHF-016,control_10,Te,26.928917076305893
SHF-016,control_10,De,12.374087136656089
SHF-016,control_10,khe,6.72504641291125
SHF-016,control_10,Th,107.16952612868982
SHF-016,control_10,Kbh,0.0
SHF-016,control_10,Khe,0.0
SHF-016,control_10,kbh,0.0
SHF-016,control_10,CL,0.0
SHF-016,control_10,AUC_Cb,0.0
SHF-016,control_10,AUC_Cl,0.0
SHF-016,control_10,AUC35_Cb,0.0
SHF-016,control_10,AUC35_Cl,0.0
SHF-016,control_10,RE_R1b,0.0
SHF-016,control_10,RE_R1l,0.0
SHF-016,control_10,RE_Sb,0.0
SHF-016,control_10,RE_Sl,0.0
SHF-016,control_10,T1_1,0.0
SHF-016,control_10,T1_2,0.0
SHF-016,control_10,t1_MOLLI,0.0
SHF-016,control_10,t2_MOLLI,0.0
SHF-016,control_15,BAT,0.018240323852713566
SHF-016,control_15,CO,0.4285824307999602
SHF-016,control_15,Thl,1.2479991538284678
SHF-016,control_15,Dhl,2.390004058287062
SHF-016,control_15,To,1.9524076780327577
SHF-016,control_15,Eo,2.4206013340788557
SHF-016,control_15,Toe,0.31260685361168916
SHF-016,control_15,Eb,0.748913242162756
SHF-016,control_15,H,0.0
SHF-016,control_15,ve,13.709987157844388
SHF-016,control_15,Te,16.167717193212034
SHF-016,control_15,De,15.076017274513994
SHF-016,control_15,khe,2.981056841222803
SHF-016,control_15,Th,9.939886901014905
SHF-016,control_15,Kbh,0.0
SHF-016,control_15,Khe,0.0
SHF-016,control_15,kbh,0.0
SHF-016,control_15,CL,0.0
SHF-016,control_15,AUC_Cb,0.0
SHF-016,control_15,AUC_Cl,0.0
SHF-016,control_15,AUC35_Cb,0.0
SHF-016,control_15,AUC35_Cl,0.0
SHF-016,control_15,RE_R1b,0.0
SHF-016,control_15,RE_R1l,0.0
SHF-016,control_15,RE_Sb,0.0
SHF-016,control_15,RE_Sl,0.0
SHF-016,control_15,T1_1,0.0
SHF-016,control_15,T1_2,0.0
SHF-016,control_15,t1_MOLLI,0.0
SHF-016,control_15,t2_MOLLI,0.0
SHF-016,control_20,BAT,0.024746776875947615
SHF-016,control_20,CO,0.541762301875909
SHF-016,control_20,Thl,1.8895529152911685
SHF-016,control_20,Dhl,2.914186264836599
SHF-016,control_20,To,1.8600633218820812
SHF-016,control_20,Eo,1.2338733266160564
SHF-016,control_20,Toe,0.6407225631527033
SHF-016,control_20,Eb,0.8731605578329885
SHF-016,control_20,H,0.0
SHF-016,control_20,ve,11.28598619631363
SHF-016,control_20,Te,13.715533028599463
SHF-016,control_20,De,12.109384993837695
SHF-016,control_20,khe,2.08512491798734
SHF-016,control_20,Th,9.228635332880978
SHF-016,control_20,Kbh,0.0
SHF-016,control_20,Khe,0.0
SHF-016,control_20,kbh,0.0
SHF-016,control_20,CL,0.0
SHF-016,control_20,AUC_Cb,0.0
SHF-016,control_20,AUC_Cl,0.0
SHF-016,control_20,AUC35_Cb,0.0
SHF-016,control_20,AUC35_Cl,0.0
SHF-016,control_20,RE_R1b,0.0
SHF-016,control_20,RE_R1l,0.0
SHF-016,control_20,RE_Sb,0.0
SHF-016,control_20,RE_Sl,0.0
SHF-016,control_20,T1_1,0.0
SHF-016,control_20,T1_2,0.0
SHF-016,control_20,t1_MOLLI,0.0
SHF-016,control_20,t2_MOLLI,0.0
SHF-016,control_25,BAT,0.01558879367027815
SHF-016,control_25,CO,0.38897798001060585
SHF-016,control_25,Thl,1.0103499436339434
SHF-016,control_25,Dhl,2.6508238755912186
SHF-016,control_25,To,1.6133021463018393
SHF-016,control_25,Eo,0.8015267886484934
SHF-016,control_25,Toe,0.821020421127797
SHF-016,control_25,Eb,0.7098767910237314
SHF-016,control_25,H,0.0
SHF-016,control_25,ve,10.206948487939599
SHF-016,control_25,Te,12.357515565325992
SHF-016,control_25,De,15.123082008276972
SHF-016,control_25,khe,1.7887681250487897
SHF-016,control_25,Th,4.0503786881648045
SHF-016,control_25,Kbh,0.0
SHF-016,control_25,Khe,0.0
SHF-016,control_25,kbh,0.0
SHF-016,control_25,CL,0.0
SHF-016,control_25,AUC_Cb,0.0
SHF-016,control_25,AUC_Cl,0.0
SHF-016,control_25,AUC35_Cb,0.0
SHF-016,control_25,AUC35_Cl,0.0
SHF-016,control_25,RE_R1b,0.0
SHF-016,control_25,RE_R1l,0.0
SHF-016,control_25,RE_Sb,0.0
SHF-016,control_25,RE_Sl,0.0
SHF-016,control_25,T1_1,0.0
SHF-016,control_25,T1_2,0.0
SHF-016,control_25,t1_MOLLI,0.0
SHF-016,control_25,t2_MOLLI,0.0
SHF-016,control_30,BAT,0.022093021923217285
SHF-016,control_30,CO,0.4514578657531409
SHF-016,control_30,Thl,1.5609945792938311
SHF-016,control_30,Dhl,3.294186096564506
SHF-016,control_30,To,1.5918066363754042
SHF-016,control_30,Eo,0.6417223364935913
SHF-016,control_30,Toe,1.2421777439896877
SHF-016,control_30,Eb,0.8960718026793256
SHF-016,control_30,H,0.0
SHF-016,control_30,ve,9.945725689734088
SHF-016,control_30,Te,11.967444318386342
SHF-016,control_30,De,26.40255151089066
SHF-016,control_30,khe,1.6967764943477104
SHF-016,control_30,Th,2.0220057090760486
SHF-016,control_30,Kbh,0.0
SHF-016,control_30,Khe,0.0
SHF-016,control_30,kbh,0.0
SHF-016,control_30,CL,0.0
SHF-016,control_30,AUC_Cb,0.0
SHF-016,control_30,AUC_Cl,0.0
SHF-016,control_30,AUC35_Cb,0.0
SHF-016,control_30,AUC35_Cl,0.0
SHF-016,control_30,RE_R1b,0.0
SHF-016,control_30,RE_R1l,0.0
SHF-016,control_30,RE_Sb,0.0
SHF-016,control_30,RE_Sl,0.0
SHF-016,control_30,T1_1,0.0
SHF-016,control_30,T1_2,0.0
SHF-016,control_30,t1_MOLLI,0.0
SHF-016,control_30,t2_MOLLI,0.0
SHF-016,control_35,BAT,0.030326317642188128
SHF-016,control_35,CO,0.6543390622826496
SHF-016,control_35,Thl,2.542411650575435
SHF-016,control_35,Dhl,3.3191819287281557
SHF-016,control_35,To,1.5768660740091978
SHF-016,control_35,Eo,0.6136005605979133
SHF-016,control_35,Toe,1.2817971962794408
SHF-016,control_35,Eb,0.8313471357954431
SHF-016,control_35,H,0.0
SHF-016,control_35,ve,5.926648203559961
SHF-016,control_35,Te,6.439145443552363
SHF-016,control_35,De,31.4249577995935
SHF-016,control_35,khe,1.5126332850091724
SHF-016,control_35,Th,1.3903457376200195
SHF-016,control_35,Kbh,0.0
SHF-016,control_35,Khe,0.0
SHF-016,control_35,kbh,0.0
SHF-016,control_35,CL,0.0
SHF-016,control_35,AUC_Cb,0.0
SHF-016,control_35,AUC_Cl,0.0
SHF-016,control_35,AUC35_Cb,0.0
SHF-016,control_35,AUC35_Cl,0.0
SHF-016,control_35,RE_R1b,0.0
SHF-016,control_35,RE_R1l,0.0
SHF-016,control_35,RE_Sb,0.0
SHF-016,control_35,RE_Sl,0.0
SHF-016,control_35,T1_1,0.0
SHF-016,control_35,T1_2,0.0
SHF-016,control_35,t1_MOLLI,0.0
SHF-016,control_35,t2_MOLLI,0.0
SHF-016,control_40,BAT,0.02866590996669979
SHF-016,control_40,CO,0.5218353788600019
SHF-016,control_40,Thl,2.0394308414609665
SHF-016,control_40,Dhl,4.420053368754597
SHF-016,control_40,To,1.8518860801360186
SHF-016,control_40,Eo,0.6378126118684124
SHF-016,control_40,Toe,1.2542183592651632
SHF-016,control_40,Eb,0.6676347203396017
SHF-016,control_40,H,0.0
SHF-016,control_40,ve,116.95859373819368
SHF-016,control_40,Te,157.47263897044948
SHF-016,control_40,De,6.6141941284754715
SHF-016,control_40,khe,7.429448060046987
SHF-016,control_40,Th,1.1349334879307464
SHF-016,control_40,Kbh,0.0
SHF-016,control_40,Khe,0.0
SHF-016,control_40,kbh,0.0
SHF-016,control_40,CL,0.0
SHF-016,control_40,AUC_Cb,0.0
SHF-016,control_40,AUC_Cl,0.0
SHF-016,control_40,AUC35_Cb,0.0
SHF-016,control_40,AUC35_Cl,0.0
SHF-016,control_40,RE_R1b,0.0
SHF-016,control_40,RE_R1l,0.0
SHF-016,control_40,RE_Sb,0.0
SHF-016,control_40,RE_Sl,0.0
SHF-016,control_40,T1_1,0.0
SHF-016,control_40,T1_2,0.0
SHF-016,control_40,t1_MOLLI,0.0
SHF-016,control_40,t2_MOLLI,0.0
