subject,study,parameter,value
SHF-014,control_25,BAT,1.2972704617125836
SHF-014,control_25,CO,17.999999999484967
SHF-014,control_25,Thl,29.997615584491587
SHF-014,control_25,Dhl,90.96998399127398
SHF-014,control_25,To,59.99999999754243
SHF-014,control_25,Eo,49.999999995292534
SHF-014,control_25,Toe,0.7265125259470709
SHF-014,control_25,Eb,14.999999995627764
SHF-014,control_25,H,45.0
SHF-014,control_25,ve,38.721910953779755
SHF-014,control_25,Te,59.194496066706215
SHF-014,control_25,De,99.99916058480188
SHF-014,control_25,khe,35.67552773189381
SHF-014,control_25,Th,20.747563569247422
SHF-014,control_25,Kbh,4.819843046449203
SHF-014,control_25,Khe,92.1326630146889
SHF-014,control_25,kbh,2.9535077138911974
SHF-014,control_25,CL,0.39841080193871237
SHF-014,control_25,AUC_Cb,10.140508679149718
SHF-014,control_25,AUC_Cl,82.16228062769602
SHF-014,control_25,AUC35_Cb,8.891075959336275
SHF-014,control_25,AUC35_Cl,48.42094388424779
SHF-014,control_25,RE_R1b,4.941938232691685
SHF-014,control_25,RE_R1l,18.91450412511779
SHF-014,control_25,RE_Sb,4.3313766473709725
SHF-014,control_25,RE_Sl,15.80900886455402
SHF-014,control_25,T1_1,0.72913
SHF-014,control_25,T1_2,0.55618
SHF-014,control_25,t1_MOLLI,12.436666666666667
SHF-014,control_25,t2_MOLLI,13.284722222222221
