subject,study,parameter,value
SHF-014,control_25,BAT,0.026957960613796003
SHF-014,control_25,CO,1.523808656890265
SHF-014,control_25,Thl,3.3166225314662348
SHF-014,control_25,Dhl,5.020186349776372
SHF-014,control_25,To,153.80680741494209
SHF-014,control_25,Eo,86.67196020895723
SHF-014,control_25,Toe,1.190421577891377
SHF-014,control_25,Eb,2.33729517918109
SHF-014,control_25,H,0
SHF-014,control_25,ve,22.10070941528063
SHF-014,control_25,Te,44.432130118815515
SHF-014,control_25,De,9.581292856386703
SHF-014,control_25,khe,4.586743473509338
SHF-014,control_25,Th,3.7145910728296037
SHF-014,control_25,Kbh,0
SHF-014,control_25,Khe,0
SHF-014,control_25,kbh,0
SHF-014,control_25,CL,0.0
SHF-014,control_25,AUC_Cb,0
SHF-014,control_25,AUC_Cl,0
SHF-014,control_25,AUC35_Cb,0
SHF-014,control_25,AUC35_Cl,0
SHF-014,control_25,RE_R1b,0
SHF-014,control_25,RE_R1l,0
SHF-014,control_25,RE_Sb,0
SHF-014,control_25,RE_Sl,0
SHF-014,control_25,T1_1,0
SHF-014,control_25,T1_2,0
SHF-014,control_25,t1_MOLLI,0
SHF-014,control_25,t2_MOLLI,0
