subject,study,parameter,value
SHF-009,drug,BAT,0.01296353363995362
SHF-009,drug,CO,0.13051430769327652
SHF-009,drug,Thl,0.864522760759448
SHF-009,drug,Dhl,1.5931605456335134
SHF-009,drug,To,1.8374943256654215
SHF-009,drug,Eo,1.7162377401382192
SHF-009,drug,Toe,0.1855033898607052
SHF-009,drug,Eb,0.16547027136727083
SHF-009,drug,H,0
SHF-009,drug,ve,1.4785888426323686
SHF-009,drug,Te,5.634627899147267
SHF-009,drug,De,5.299861755583502
SHF-009,drug,khe,0.3554291696663348
SHF-009,drug,Th,1054.4694618759152
SHF-009,drug,Kbh,0
SHF-009,drug,Khe,0
SHF-009,drug,kbh,0
SHF-009,drug,CL,0.0
SHF-009,drug,AUC_Cb,0
SHF-009,drug,AUC_Cl,0
SHF-009,drug,AUC35_Cb,0
SHF-009,drug,AUC35_Cl,0
SHF-009,drug,RE_R1b,0
SHF-009,drug,RE_R1l,0
SHF-009,drug,RE_Sb,0
SHF-009,drug,RE_Sl,0
SHF-009,drug,T1_1,0
SHF-009,drug,T1_2,0
SHF-009,drug,t1_MOLLI,0
SHF-009,drug,t2_MOLLI,0
