subject,study,parameter,value
LDS-008,control_10,BAT,1.244508313154094
LDS-008,control_10,CO,12.083821564698303
LDS-008,control_10,Thl,15.6488881615237
LDS-008,control_10,Dhl,40.680834570843714
LDS-008,control_10,To,18.29293626338322
LDS-008,control_10,Eo,15.929476780587464
LDS-008,control_10,Toe,4.189274901310274
LDS-008,control_10,Eb,4.648084677193439
LDS-008,control_10,H,45.0
LDS-008,control_10,ve,21.753228858406715
LDS-008,control_10,Te,24.601368295685734
LDS-008,control_10,De,57.689816014164684
LDS-008,control_10,khe,38.89480292118955
LDS-008,control_10,Th,30.42486645858009
LDS-008,control_10,Kbh,3.286785174098902
LDS-008,control_10,Khe,178.80013663423733
LDS-008,control_10,kbh,2.571803273092986
LDS-008,control_10,CL,0.40034773889380526
LDS-008,control_10,AUC_Cb,36.17027472453684
LDS-008,control_10,AUC_Cl,439.04600576530703
LDS-008,control_10,AUC35_Cb,26.698830187726138
LDS-008,control_10,AUC35_Cl,168.97612117277518
LDS-008,control_10,RE_R1b,17.278452027826468
LDS-008,control_10,RE_R1l,68.56179380798407
LDS-008,control_10,RE_Sb,12.386171118343734
LDS-008,control_10,RE_Sl,54.35635437370154
LDS-008,control_10,T1_1,0.74397998
LDS-008,control_10,T1_2,0.46023999
LDS-008,control_10,t1_MOLLI,14.109626388888888
LDS-008,control_10,t2_MOLLI,15.427624999999999
