subject,study,parameter,value
LDS-008,control_10,BAT,0.022250311612034914
LDS-008,control_10,CO,0.4607424353355051
LDS-008,control_10,Thl,1.6455339487403016
LDS-008,control_10,Dhl,2.5420989360588484
LDS-008,control_10,To,2.338890803553423
LDS-008,control_10,Eo,3.367490463294113
LDS-008,control_10,Toe,3.4396288944610953
LDS-008,control_10,Eb,6.201578431917158
LDS-008,control_10,H,0
LDS-008,control_10,ve,4.14774725101518
LDS-008,control_10,Te,5.123412403652172
LDS-008,control_10,De,11.324039869751662
LDS-008,control_10,khe,2.8640870402717953
LDS-008,control_10,Th,14.901014198002622
LDS-008,control_10,Kbh,0
LDS-008,control_10,Khe,0
LDS-008,control_10,kbh,0
LDS-008,control_10,CL,0.0
LDS-008,control_10,AUC_Cb,0
LDS-008,control_10,AUC_Cl,0
LDS-008,control_10,AUC35_Cb,0
LDS-008,control_10,AUC35_Cl,0
LDS-008,control_10,RE_R1b,0
LDS-008,control_10,RE_R1l,0
LDS-008,control_10,RE_Sb,0
LDS-008,control_10,RE_Sl,0
LDS-008,control_10,T1_1,0
LDS-008,control_10,T1_2,0
LDS-008,control_10,t1_MOLLI,0
LDS-008,control_10,t2_MOLLI,0
