subject,study,parameter,value
SHF-003,drug_20,BAT,0.005112023341201002
SHF-003,drug_20,CO,0.6657156041728303
SHF-003,drug_20,Thl,0.7399635282557702
SHF-003,drug_20,Dhl,2.3395413004778263
SHF-003,drug_20,To,2.317392626332052
SHF-003,drug_20,Eo,0.9300174883494737
SHF-003,drug_20,Toe,1.4823356100088434
SHF-003,drug_20,Eb,1.343281624843605
SHF-003,drug_20,H,0
SHF-003,drug_20,ve,7.243850604898654
SHF-003,drug_20,Te,11.201082958306172
SHF-003,drug_20,De,5.701472338744747
SHF-003,drug_20,khe,2.0961179165723935
SHF-003,drug_20,Th,26.990427886214217
SHF-003,drug_20,Kbh,0
SHF-003,drug_20,Khe,0
SHF-003,drug_20,kbh,0
SHF-003,drug_20,CL,0.0
SHF-003,drug_20,AUC_Cb,0
SHF-003,drug_20,AUC_Cl,0
SHF-003,drug_20,AUC35_Cb,0
SHF-003,drug_20,AUC35_Cl,0
SHF-003,drug_20,RE_R1b,0
SHF-003,drug_20,RE_R1l,0
SHF-003,drug_20,RE_Sb,0
SHF-003,drug_20,RE_Sl,0
SHF-003,drug_20,T1_1,0
SHF-003,drug_20,T1_2,0
SHF-003,drug_20,t1_MOLLI,0
SHF-003,drug_20,t2_MOLLI,0
