subject,study,parameter,value
LDS-007,control_30,BAT,1.208837993026517
LDS-007,control_30,CO,6.501353120354534
LDS-007,control_30,Thl,7.631807132854273
LDS-007,control_30,Dhl,51.11580024594037
LDS-007,control_30,To,23.17529522384457
LDS-007,control_30,Eo,26.26381542912447
LDS-007,control_30,Toe,4.255034655300618
LDS-007,control_30,Eb,5.801473888062027
LDS-007,control_30,H,45.0
LDS-007,control_30,ve,6.824901795304443
LDS-007,control_30,Te,59.99961424970286
LDS-007,control_30,De,99.99999983865986
LDS-007,control_30,khe,32.51972523919602
LDS-007,control_30,Th,33.746407846225324
LDS-007,control_30,Kbh,2.9632783570825425
LDS-007,control_30,Khe,476.4863468302168
LDS-007,control_30,kbh,2.761037519290148
LDS-007,control_30,CL,0.3070398765198677
LDS-007,control_30,AUC_Cb,53.85295208228182
LDS-007,control_30,AUC_Cl,588.0892632400253
LDS-007,control_30,AUC35_Cb,36.229890559005526
LDS-007,control_30,AUC35_Cl,187.7991778170501
LDS-007,control_30,RE_R1b,22.884532895031864
LDS-007,control_30,RE_R1l,87.95783803369797
LDS-007,control_30,RE_Sb,8.76777055932258
LDS-007,control_30,RE_Sl,73.61449946732046
LDS-007,control_30,T1_1,0.855419983
LDS-007,control_30,T1_2,0.537539978
LDS-007,control_30,t1_MOLLI,14.784960833333333
LDS-007,control_30,t2_MOLLI,16.253286111111112
