subject,study,parameter,value
LDS-007,control_30,BAT,0.009023574616683924
LDS-007,control_30,CO,0.22616415081039662
LDS-007,control_30,Thl,0.73117378556477
LDS-007,control_30,Dhl,1.4499413129836354
LDS-007,control_30,To,1.4743338519788713
LDS-007,control_30,Eo,1.158326539853275
LDS-007,control_30,Toe,0.3187094667640315
LDS-007,control_30,Eb,0.5401024108755151
LDS-007,control_30,H,0
LDS-007,control_30,ve,3.9514829736739263
LDS-007,control_30,Te,16.460110050686605
LDS-007,control_30,De,6.938046438978686
LDS-007,control_30,khe,0.6980566728011194
LDS-007,control_30,Th,1.9947866043038935
LDS-007,control_30,Kbh,0
LDS-007,control_30,Khe,0
LDS-007,control_30,kbh,0
LDS-007,control_30,CL,0.0
LDS-007,control_30,AUC_Cb,0
LDS-007,control_30,AUC_Cl,0
LDS-007,control_30,AUC35_Cb,0
LDS-007,control_30,AUC35_Cl,0
LDS-007,control_30,RE_R1b,0
LDS-007,control_30,RE_R1l,0
LDS-007,control_30,RE_Sb,0
LDS-007,control_30,RE_Sl,0
LDS-007,control_30,T1_1,0
LDS-007,control_30,T1_2,0
LDS-007,control_30,t1_MOLLI,0
LDS-007,control_30,t2_MOLLI,0
