subject,study,parameter,value
SHF-003,control_05,BAT,0.021343544071102297
SHF-003,control_05,CO,0.44589872541472164
SHF-003,control_05,Thl,1.4374628385448367
SHF-003,control_05,Dhl,4.938379903994949
SHF-003,control_05,To,5.356235071789301
SHF-003,control_05,Eo,42.32186036550232
SHF-003,control_05,Toe,10.38891334863318
SHF-003,control_05,Eb,62.77115470324499
SHF-003,control_05,H,0.0
SHF-003,control_05,ve,90.48611141103953
SHF-003,control_05,Te,21.159116599685422
SHF-003,control_05,De,14.146676350075236
SHF-003,control_05,khe,26.043908636681056
SHF-003,control_05,Th,97598.0553910325
SHF-003,control_05,Kbh,0.0
SHF-003,control_05,Khe,0.0
SHF-003,control_05,kbh,0.0
SHF-003,control_05,CL,0.0
SHF-003,control_05,AUC_Cb,0.0
SHF-003,control_05,AUC_Cl,0.0
SHF-003,control_05,AUC35_Cb,0.0
SHF-003,control_05,AUC35_Cl,0.0
SHF-003,control_05,RE_R1b,0.0
SHF-003,control_05,RE_R1l,0.0
SHF-003,control_05,RE_Sb,0.0
SHF-003,control_05,RE_Sl,0.0
SHF-003,control_05,T1_1,0.0
SHF-003,control_05,T1_2,0.0
SHF-003,control_05,t1_MOLLI,0.0
SHF-003,control_05,t2_MOLLI,0.0
SHF-003,control_10,BAT,0.028963108285134962
SHF-003,control_10,CO,0.7899396117344704
SHF-003,control_10,Thl,2.4433235068971886
SHF-003,control_10,Dhl,15.186049534707003
SHF-003,control_10,To,2.848473781220321
SHF-003,control_10,Eo,5.9423338677972
SHF-003,control_10,Toe,4.273360082418455
SHF-003,control_10,Eb,9.511686787396107
SHF-003,control_10,H,0.0
SHF-003,control_10,ve,6.28519223206473
SHF-003,control_10,Te,8.067688836253899
SHF-003,control_10,De,8.487693372182074
SHF-003,control_10,khe,3.526808233958151
SHF-003,control_10,Th,89.31290369663614
SHF-003,control_10,Kbh,0.0
SHF-003,control_10,Khe,0.0
SHF-003,control_10,kbh,0.0
SHF-003,control_10,CL,0.0
SHF-003,control_10,AUC_Cb,0.0
SHF-003,control_10,AUC_Cl,0.0
SHF-003,control_10,AUC35_Cb,0.0
SHF-003,control_10,AUC35_Cl,0.0
SHF-003,control_10,RE_R1b,0.0
SHF-003,control_10,RE_R1l,0.0
SHF-003,control_10,RE_Sb,0.0
SHF-003,control_10,RE_Sl,0.0
SHF-003,control_10,T1_1,0.0
SHF-003,control_10,T1_2,0.0
SHF-003,control_10,t1_MOLLI,0.0
SHF-003,control_10,t2_MOLLI,0.0
SHF-003,control_15,BAT,0.02009311257163607
SHF-003,control_15,CO,0.6636204667964986
SHF-003,control_15,Thl,2.050348503260043
SHF-003,control_15,Dhl,5.622588480863439
SHF-003,control_15,To,2.1478904271789983
SHF-003,control_15,Eo,1.053839949079574
SHF-003,control_15,Toe,1.6700689796547852
SHF-003,control_15,Eb,2.169266025178225
SHF-003,control_15,H,0.0
SHF-003,control_15,ve,4.411106077816576
SHF-003,control_15,Te,6.206112730248574
SHF-003,control_15,De,6.827499553267138
SHF-003,control_15,khe,1.6623040517994103
SHF-003,control_15,Th,75.53985355118081
SHF-003,control_15,Kbh,0.0
SHF-003,control_15,Khe,0.0
SHF-003,control_15,kbh,0.0
SHF-003,control_15,CL,0.0
SHF-003,control_15,AUC_Cb,0.0
SHF-003,control_15,AUC_Cl,0.0
SHF-003,control_15,AUC35_Cb,0.0
SHF-003,control_15,AUC35_Cl,0.0
SHF-003,control_15,RE_R1b,0.0
SHF-003,control_15,RE_R1l,0.0
SHF-003,control_15,RE_Sb,0.0
SHF-003,control_15,RE_Sl,0.0
SHF-003,control_15,T1_1,0.0
SHF-003,control_15,T1_2,0.0
SHF-003,control_15,t1_MOLLI,0.0
SHF-003,control_15,t2_MOLLI,0.0
SHF-003,control_20,BAT,0.020229532517322825
SHF-003,control_20,CO,0.5126362251205506
SHF-003,control_20,Thl,1.3659869193835121
SHF-003,control_20,Dhl,9.800121992871421
SHF-003,control_20,To,1.4152275953626317
SHF-003,control_20,Eo,0.5908653286317734
SHF-003,control_20,Toe,0.7870377892333634
SHF-003,control_20,Eb,0.8234788440386012
SHF-003,control_20,H,0.0
SHF-003,control_20,ve,3.3206899942798005
SHF-003,control_20,Te,4.671099035335327
SHF-003,control_20,De,7.66877198433573
SHF-003,control_20,khe,1.1405604794627378
SHF-003,control_20,Th,7.89525696410351
SHF-003,control_20,Kbh,0.0
SHF-003,control_20,Khe,0.0
SHF-003,control_20,kbh,0.0
SHF-003,control_20,CL,0.0
SHF-003,control_20,AUC_Cb,0.0
SHF-003,control_20,AUC_Cl,0.0
SHF-003,control_20,AUC35_Cb,0.0
SHF-003,control_20,AUC35_Cl,0.0
SHF-003,control_20,RE_R1b,0.0
SHF-003,control_20,RE_R1l,0.0
SHF-003,control_20,RE_Sb,0.0
SHF-003,control_20,RE_Sl,0.0
SHF-003,control_20,T1_1,0.0
SHF-003,control_20,T1_2,0.0
SHF-003,control_20,t1_MOLLI,0.0
SHF-003,control_20,t2_MOLLI,0.0
SHF-003,control_25,BAT,0.011145227358903064
SHF-003,control_25,CO,0.3826530390152692
SHF-003,control_25,Thl,1.2534407632712177
SHF-003,control_25,Dhl,1.089275639577833
SHF-003,control_25,To,1.2511809175236746
SHF-003,control_25,Eo,0.5725619456011172
SHF-003,control_25,Toe,0.6715853976181007
SHF-003,control_25,Eb,0.6702324824090595
SHF-003,control_25,H,0.0
SHF-003,control_25,ve,3.0807476524885486
SHF-003,control_25,Te,4.475778364599589
SHF-003,control_25,De,6.626305771168611
SHF-003,control_25,khe,0.8951243728169022
SHF-003,control_25,Th,5.754124794390156
SHF-003,control_25,Kbh,0.0
SHF-003,control_25,Khe,0.0
SHF-003,control_25,kbh,0.0
SHF-003,control_25,CL,0.0
SHF-003,control_25,AUC_Cb,0.0
SHF-003,control_25,AUC_Cl,0.0
SHF-003,control_25,AUC35_Cb,0.0
SHF-003,control_25,AUC35_Cl,0.0
SHF-003,control_25,RE_R1b,0.0
SHF-003,control_25,RE_R1l,0.0
SHF-003,control_25,RE_Sb,0.0
SHF-003,control_25,RE_Sl,0.0
SHF-003,control_25,T1_1,0.0
SHF-003,control_25,T1_2,0.0
SHF-003,control_25,t1_MOLLI,0.0
SHF-003,control_25,t2_MOLLI,0.0
SHF-003,control_30,BAT,0.007772521987215129
SHF-003,control_30,CO,0.21110603817393234
SHF-003,control_30,Thl,0.5198455787102012
SHF-003,control_30,Dhl,1.831809377664069
SHF-003,control_30,To,1.1050731655792354
SHF-003,control_30,Eo,0.6196033645286193
SHF-003,control_30,Toe,0.3814533120048261
SHF-003,control_30,Eb,0.3319328077993371
SHF-003,control_30,H,0.0
SHF-003,control_30,ve,2.958397237383931
SHF-003,control_30,Te,4.4836002701998385
SHF-003,control_30,De,6.087246067813265
SHF-003,control_30,khe,0.752279696407181
SHF-003,control_30,Th,4.564685745613564
SHF-003,control_30,Kbh,0.0
SHF-003,control_30,Khe,0.0
SHF-003,control_30,kbh,0.0
SHF-003,control_30,CL,0.0
SHF-003,control_30,AUC_Cb,0.0
SHF-003,control_30,AUC_Cl,0.0
SHF-003,control_30,AUC35_Cb,0.0
SHF-003,control_30,AUC35_Cl,0.0
SHF-003,control_30,RE_R1b,0.0
SHF-003,control_30,RE_R1l,0.0
SHF-003,control_30,RE_Sb,0.0
SHF-003,control_30,RE_Sl,0.0
SHF-003,control_30,T1_1,0.0
SHF-003,control_30,T1_2,0.0
SHF-003,control_30,t1_MOLLI,0.0
SHF-003,control_30,t2_MOLLI,0.0
SHF-003,control_35,BAT,0.0064796306543135835
SHF-003,control_35,CO,0.2999280506573615
SHF-003,control_35,Thl,0.5618122085204558
SHF-003,control_35,Dhl,3.023008472810314
SHF-003,control_35,To,1.349621282107087
SHF-003,control_35,Eo,0.4155291615938867
SHF-003,control_35,Toe,0.6932804441827709
SHF-003,control_35,Eb,0.405682979177426
SHF-003,control_35,H,0.0
SHF-003,control_35,ve,2.7720339835937615
SHF-003,control_35,Te,4.254036634066219
SHF-003,control_35,De,6.397136404413094
SHF-003,control_35,khe,0.6672818660175668
SHF-003,control_35,Th,3.5560081297451327
SHF-003,control_35,Kbh,0.0
SHF-003,control_35,Khe,0.0
SHF-003,control_35,kbh,0.0
SHF-003,control_35,CL,0.0
SHF-003,control_35,AUC_Cb,0.0
SHF-003,control_35,AUC_Cl,0.0
SHF-003,control_35,AUC35_Cb,0.0
SHF-003,control_35,AUC35_Cl,0.0
SHF-003,control_35,RE_R1b,0.0
SHF-003,control_35,RE_R1l,0.0
SHF-003,control_35,RE_Sb,0.0
SHF-003,control_35,RE_Sl,0.0
SHF-003,control_35,T1_1,0.0
SHF-003,control_35,T1_2,0.0
SHF-003,control_35,t1_MOLLI,0.0
SHF-003,control_35,t2_MOLLI,0.0
SHF-003,control_40,BAT,0.019019838876347343
SHF-003,control_40,CO,0.43108732917755643
SHF-003,control_40,Thl,1.6246208691767083
SHF-003,control_40,Dhl,5.116440982206926
SHF-003,control_40,To,1.1355621657561175
SHF-003,control_40,Eo,0.4861500930380857
SHF-003,control_40,Toe,0.6920896182232674
SHF-003,control_40,Eb,0.4430840868898682
SHF-003,control_40,H,0.0
SHF-003,control_40,ve,2.6329530147299764
SHF-003,control_40,Te,4.024609055003807
SHF-003,control_40,De,6.378247715909986
SHF-003,control_40,khe,0.6179843655632807
SHF-003,control_40,Th,2.5747158340790093
SHF-003,control_40,Kbh,0.0
SHF-003,control_40,Khe,0.0
SHF-003,control_40,kbh,0.0
SHF-003,control_40,CL,0.0
SHF-003,control_40,AUC_Cb,0.0
SHF-003,control_40,AUC_Cl,0.0
SHF-003,control_40,AUC35_Cb,0.0
SHF-003,control_40,AUC35_Cl,0.0
SHF-003,control_40,RE_R1b,0.0
SHF-003,control_40,RE_R1l,0.0
SHF-003,control_40,RE_Sb,0.0
SHF-003,control_40,RE_Sl,0.0
SHF-003,control_40,T1_1,0.0
SHF-003,control_40,T1_2,0.0
SHF-003,control_40,t1_MOLLI,0.0
SHF-003,control_40,t2_MOLLI,0.0
SHF-003,drug_05,BAT,0.04854000925096104
SHF-003,drug_05,CO,0.8477468770611116
SHF-003,drug_05,Thl,3.8267670649238124
SHF-003,drug_05,Dhl,15.699005195919415
SHF-003,drug_05,To,17.88982968985314
SHF-003,drug_05,Eo,50.079542818370356
SHF-003,drug_05,Toe,22.077487262577968
SHF-003,drug_05,Eb,73.94822774249481
SHF-003,drug_05,H,0.0
SHF-003,drug_05,ve,59.69451865379026
SHF-003,drug_05,Te,67.70195905128095
SHF-003,drug_05,De,23.85717904052484
SHF-003,drug_05,khe,59.35779364779116
SHF-003,drug_05,Th,55.05881912400643
SHF-003,drug_05,Kbh,0.0
SHF-003,drug_05,Khe,0.0
SHF-003,drug_05,kbh,0.0
SHF-003,drug_05,CL,0.0
SHF-003,drug_05,AUC_Cb,0.0
SHF-003,drug_05,AUC_Cl,0.0
SHF-003,drug_05,AUC35_Cb,0.0
SHF-003,drug_05,AUC35_Cl,0.0
SHF-003,drug_05,RE_R1b,0.0
SHF-003,drug_05,RE_R1l,0.0
SHF-003,drug_05,RE_Sb,0.0
SHF-003,drug_05,RE_Sl,0.0
SHF-003,drug_05,T1_1,0.0
SHF-003,drug_05,T1_2,0.0
SHF-003,drug_05,t1_MOLLI,0.0
SHF-003,drug_05,t2_MOLLI,0.0
SHF-003,drug_10,BAT,0.009413574046136181
SHF-003,drug_10,CO,0.43678817257305985
SHF-003,drug_10,Thl,0.8751443206859744
SHF-003,drug_10,Dhl,6.786324761178908
SHF-003,drug_10,To,3.9777825555912933
SHF-003,drug_10,Eo,10.794139505828486
SHF-003,drug_10,Toe,7.473535814695395
SHF-003,drug_10,Eb,16.358710225209887
SHF-003,drug_10,H,0.0
SHF-003,drug_10,ve,13.714993944462995
SHF-003,drug_10,Te,19.51032241265653
SHF-003,drug_10,De,5.42396039428911
SHF-003,drug_10,khe,6.549226335251408
SHF-003,drug_10,Th,103.41567724912153
SHF-003,drug_10,Kbh,0.0
SHF-003,drug_10,Khe,0.0
SHF-003,drug_10,kbh,0.0
SHF-003,drug_10,CL,0.0
SHF-003,drug_10,AUC_Cb,0.0
SHF-003,drug_10,AUC_Cl,0.0
SHF-003,drug_10,AUC35_Cb,0.0
SHF-003,drug_10,AUC35_Cl,0.0
SHF-003,drug_10,RE_R1b,0.0
SHF-003,drug_10,RE_R1l,0.0
SHF-003,drug_10,RE_Sb,0.0
SHF-003,drug_10,RE_Sl,0.0
SHF-003,drug_10,T1_1,0.0
SHF-003,drug_10,T1_2,0.0
SHF-003,drug_10,t1_MOLLI,0.0
SHF-003,drug_10,t2_MOLLI,0.0
SHF-003,drug_15,BAT,0.04536525696418872
SHF-003,drug_15,CO,1.5442436514306184
SHF-003,drug_15,Thl,3.1769560615343413
SHF-003,drug_15,Dhl,15.237241500878094
SHF-003,drug_15,To,2.9340338460775652
SHF-003,drug_15,Eo,1.4617683077049348
SHF-003,drug_15,Toe,2.0080733916026694
SHF-003,drug_15,Eb,3.0944408700227295
SHF-003,drug_15,H,0.0
SHF-003,drug_15,ve,10.219115288497536
SHF-003,drug_15,Te,14.586852241751313
SHF-003,drug_15,De,6.938695729631012
SHF-003,drug_15,khe,3.729863543443802
SHF-003,drug_15,Th,42.10178293154134
SHF-003,drug_15,Kbh,0.0
SHF-003,drug_15,Khe,0.0
SHF-003,drug_15,kbh,0.0
SHF-003,drug_15,CL,0.0
SHF-003,drug_15,AUC_Cb,0.0
SHF-003,drug_15,AUC_Cl,0.0
SHF-003,drug_15,AUC35_Cb,0.0
SHF-003,drug_15,AUC35_Cl,0.0
SHF-003,drug_15,RE_R1b,0.0
SHF-003,drug_15,RE_R1l,0.0
SHF-003,drug_15,RE_Sb,0.0
SHF-003,drug_15,RE_Sl,0.0
SHF-003,drug_15,T1_1,0.0
SHF-003,drug_15,T1_2,0.0
SHF-003,drug_15,t1_MOLLI,0.0
SHF-003,drug_15,t2_MOLLI,0.0
SHF-003,drug_20,BAT,0.005112023341201002
SHF-003,drug_20,CO,0.6657156041728303
SHF-003,drug_20,Thl,0.7399635282557702
SHF-003,drug_20,Dhl,2.3395413004778263
SHF-003,drug_20,To,2.317392626332052
SHF-003,drug_20,Eo,0.9300174883494737
SHF-003,drug_20,Toe,1.4823356100088434
SHF-003,drug_20,Eb,1.343281624843605
SHF-003,drug_20,H,0.0
SHF-003,drug_20,ve,7.243850604898654
SHF-003,drug_20,Te,11.201082958306172
SHF-003,drug_20,De,5.701472338744747
SHF-003,drug_20,khe,2.0961179165723935
SHF-003,drug_20,Th,26.990427886214217
SHF-003,drug_20,Kbh,0.0
SHF-003,drug_20,Khe,0.0
SHF-003,drug_20,kbh,0.0
SHF-003,drug_20,CL,0.0
SHF-003,drug_20,AUC_Cb,0.0
SHF-003,drug_20,AUC_Cl,0.0
SHF-003,drug_20,AUC35_Cb,0.0
SHF-003,drug_20,AUC35_Cl,0.0
SHF-003,drug_20,RE_R1b,0.0
SHF-003,drug_20,RE_R1l,0.0
SHF-003,drug_20,RE_Sb,0.0
SHF-003,drug_20,RE_Sl,0.0
SHF-003,drug_20,T1_1,0.0
SHF-003,drug_20,T1_2,0.0
SHF-003,drug_20,t1_MOLLI,0.0
SHF-003,drug_20,t2_MOLLI,0.0
SHF-003,drug_25,BAT,0.017798517990482116
SHF-003,drug_25,CO,0.7712375360352491
SHF-003,drug_25,Thl,1.1067560218185084
SHF-003,drug_25,Dhl,5.051469187694108
SHF-003,drug_25,To,1.9170983487893238
SHF-003,drug_25,Eo,0.8237530679002516
SHF-003,drug_25,Toe,1.2315448313808313
SHF-003,drug_25,Eb,0.9561721567951098
SHF-003,drug_25,H,0.0
SHF-003,drug_25,ve,6.363754057847301
SHF-003,drug_25,Te,10.354572310778174
SHF-003,drug_25,De,4.430672394542572
SHF-003,drug_25,khe,1.4956897155515416
SHF-003,drug_25,Th,44.03212150635882
SHF-003,drug_25,Kbh,0.0
SHF-003,drug_25,Khe,0.0
SHF-003,drug_25,kbh,0.0
SHF-003,drug_25,CL,0.0
SHF-003,drug_25,AUC_Cb,0.0
SHF-003,drug_25,AUC_Cl,0.0
SHF-003,drug_25,AUC35_Cb,0.0
SHF-003,drug_25,AUC35_Cl,0.0
SHF-003,drug_25,RE_R1b,0.0
SHF-003,drug_25,RE_R1l,0.0
SHF-003,drug_25,RE_Sb,0.0
SHF-003,drug_25,RE_Sl,0.0
SHF-003,drug_25,T1_1,0.0
SHF-003,drug_25,T1_2,0.0
SHF-003,drug_25,t1_MOLLI,0.0
SHF-003,drug_25,t2_MOLLI,0.0
SHF-003,drug_30,BAT,0.01069412830968936
SHF-003,drug_30,CO,0.438418972906356
SHF-003,drug_30,Thl,0.6074344103929928
SHF-003,drug_30,Dhl,1.736341805425723
SHF-003,drug_30,To,1.674377311080652
SHF-003,drug_30,Eo,0.8496970589088947
SHF-003,drug_30,Toe,0.8249692382357698
SHF-003,drug_30,Eb,0.6221340003522668
SHF-003,drug_30,H,0.0
SHF-003,drug_30,ve,5.2168797504663145
SHF-003,drug_30,Te,8.560316749116106
SHF-003,drug_30,De,4.335439558908993
SHF-003,drug_30,khe,1.1501030685218951
SHF-003,drug_30,Th,12.04620393029902
SHF-003,drug_30,Kbh,0.0
SHF-003,drug_30,Khe,0.0
SHF-003,drug_30,kbh,0.0
SHF-003,drug_30,CL,0.0
SHF-003,drug_30,AUC_Cb,0.0
SHF-003,drug_30,AUC_Cl,0.0
SHF-003,drug_30,AUC35_Cb,0.0
SHF-003,drug_30,AUC35_Cl,0.0
SHF-003,drug_30,RE_R1b,0.0
SHF-003,drug_30,RE_R1l,0.0
SHF-003,drug_30,RE_Sb,0.0
SHF-003,drug_30,RE_Sl,0.0
SHF-003,drug_30,T1_1,0.0
SHF-003,drug_30,T1_2,0.0
SHF-003,drug_30,t1_MOLLI,0.0
SHF-003,drug_30,t2_MOLLI,0.0
SHF-003,drug_35,BAT,0.1075644472202908
SHF-003,drug_35,CO,2.5530004568446407
SHF-003,drug_35,Thl,8.480845442507738
SHF-003,drug_35,Dhl,22.817438450247256
SHF-003,drug_35,To,1.4814982286194134
SHF-003,drug_35,Eo,2.681404507125899
SHF-003,drug_35,Toe,1.2975844433818577
SHF-003,drug_35,Eb,2.205882022002598
SHF-003,drug_35,H,0.0
SHF-003,drug_35,ve,4.063804074473076
SHF-003,drug_35,Te,6.586129300348112
SHF-003,drug_35,De,5.069268550490407
SHF-003,drug_35,khe,0.9097793773472352
SHF-003,drug_35,Th,4.620382262650399
SHF-003,drug_35,Kbh,0.0
SHF-003,drug_35,Khe,0.0
SHF-003,drug_35,kbh,0.0
SHF-003,drug_35,CL,0.0
SHF-003,drug_35,AUC_Cb,0.0
SHF-003,drug_35,AUC_Cl,0.0
SHF-003,drug_35,AUC35_Cb,0.0
SHF-003,drug_35,AUC35_Cl,0.0
SHF-003,drug_35,RE_R1b,0.0
SHF-003,drug_35,RE_R1l,0.0
SHF-003,drug_35,RE_Sb,0.0
SHF-003,drug_35,RE_Sl,0.0
SHF-003,drug_35,T1_1,0.0
SHF-003,drug_35,T1_2,0.0
SHF-003,drug_35,t1_MOLLI,0.0
SHF-003,drug_35,t2_MOLLI,0.0
SHF-003,drug_40,BAT,0.01565290278906513
SHF-003,drug_40,CO,0.2316948539236897
SHF-003,drug_40,Thl,1.2144930486209675
SHF-003,drug_40,Dhl,2.456929513689356
SHF-003,drug_40,To,1.2233094954340582
SHF-003,drug_40,Eo,0.660136420717585
SHF-003,drug_40,Toe,0.33018523179319537
SHF-003,drug_40,Eb,0.2787350841608078
SHF-003,drug_40,H,0.0
SHF-003,drug_40,ve,3.024386143782833
SHF-003,drug_40,Te,5.030967357808981
SHF-003,drug_40,De,3.616228437775032
SHF-003,drug_40,khe,0.6309727947643486
SHF-003,drug_40,Th,2.1654977864741314
SHF-003,drug_40,Kbh,0.0
SHF-003,drug_40,Khe,0.0
SHF-003,drug_40,kbh,0.0
SHF-003,drug_40,CL,0.0
SHF-003,drug_40,AUC_Cb,0.0
SHF-003,drug_40,AUC_Cl,0.0
SHF-003,drug_40,AUC35_Cb,0.0
SHF-003,drug_40,AUC35_Cl,0.0
SHF-003,drug_40,RE_R1b,0.0
SHF-003,drug_40,RE_R1l,0.0
SHF-003,drug_40,RE_Sb,0.0
SHF-003,drug_40,RE_Sl,0.0
SHF-003,drug_40,T1_1,0.0
SHF-003,drug_40,T1_2,0.0
SHF-003,drug_40,t1_MOLLI,0.0
SHF-003,drug_40,t2_MOLLI,0.0
SHF-008,control_05,BAT,0.015179338194176226
SHF-008,control_05,CO,0.2677506630676639
SHF-008,control_05,Thl,1.084425770282983
SHF-008,control_05,Dhl,1.7118816181488823
SHF-008,control_05,To,2.1525989219834933
SHF-008,control_05,Eo,5.537577939566184
SHF-008,control_05,Toe,1.10413062372286
SHF-008,control_05,Eb,13.208471086707654
SHF-008,control_05,H,0.0
SHF-008,control_05,ve,448.57938923612085
SHF-008,control_05,Te,28.254704533364126
SHF-008,control_05,De,13.68120123484017
SHF-008,control_05,khe,40.71077780182944
SHF-008,control_05,Th,140122.75270114106
SHF-008,control_05,Kbh,0.0
SHF-008,control_05,Khe,0.0
SHF-008,control_05,kbh,0.0
SHF-008,control_05,CL,0.0
SHF-008,control_05,AUC_Cb,0.0
SHF-008,control_05,AUC_Cl,0.0
SHF-008,control_05,AUC35_Cb,0.0
SHF-008,control_05,AUC35_Cl,0.0
SHF-008,control_05,RE_R1b,0.0
SHF-008,control_05,RE_R1l,0.0
SHF-008,control_05,RE_Sb,0.0
SHF-008,control_05,RE_Sl,0.0
SHF-008,control_05,T1_1,0.0
SHF-008,control_05,T1_2,0.0
SHF-008,control_05,t1_MOLLI,0.0
SHF-008,control_05,t2_MOLLI,0.0
SHF-008,control_10,BAT,0.011255296391003502
SHF-008,control_10,CO,0.19750376628370542
SHF-008,control_10,Thl,0.7871482208666946
SHF-008,control_10,Dhl,1.2805599682565199
SHF-008,control_10,To,1.4007181285439008
SHF-008,control_10,Eo,2.7688977465305293
SHF-008,control_10,Toe,0.3734189679845521
SHF-008,control_10,Eb,1.1868274012232127
SHF-008,control_10,H,0.0
SHF-008,control_10,ve,9.091366312676097
SHF-008,control_10,Te,9.609976484557897
SHF-008,control_10,De,7.638807762415673
SHF-008,control_10,khe,5.257607026674361
SHF-008,control_10,Th,40.603203862143424
SHF-008,control_10,Kbh,0.0
SHF-008,control_10,Khe,0.0
SHF-008,control_10,kbh,0.0
SHF-008,control_10,CL,0.0
SHF-008,control_10,AUC_Cb,0.0
SHF-008,control_10,AUC_Cl,0.0
SHF-008,control_10,AUC35_Cb,0.0
SHF-008,control_10,AUC35_Cl,0.0
SHF-008,control_10,RE_R1b,0.0
SHF-008,control_10,RE_R1l,0.0
SHF-008,control_10,RE_Sb,0.0
SHF-008,control_10,RE_Sl,0.0
SHF-008,control_10,T1_1,0.0
SHF-008,control_10,T1_2,0.0
SHF-008,control_10,t1_MOLLI,0.0
SHF-008,control_10,t2_MOLLI,0.0
SHF-008,control_15,BAT,0.008862914504508395
SHF-008,control_15,CO,0.17194478802238455
SHF-008,control_15,Thl,0.6594053876714593
SHF-008,control_15,Dhl,1.157462618775322
SHF-008,control_15,To,1.1737396823327864
SHF-008,control_15,Eo,1.1569430346281435
SHF-008,control_15,Toe,0.6311114638612039
SHF-008,control_15,Eb,1.0007752279798985
SHF-008,control_15,H,0.0
SHF-008,control_15,ve,5.729257821305688
SHF-008,control_15,Te,6.484247778007893
SHF-008,control_15,De,7.157682517942657
SHF-008,control_15,khe,2.511851111266577
SHF-008,control_15,Th,10.141890255753635
SHF-008,control_15,Kbh,0.0
SHF-008,control_15,Khe,0.0
SHF-008,control_15,kbh,0.0
SHF-008,control_15,CL,0.0
SHF-008,control_15,AUC_Cb,0.0
SHF-008,control_15,AUC_Cl,0.0
SHF-008,control_15,AUC35_Cb,0.0
SHF-008,control_15,AUC35_Cl,0.0
SHF-008,control_15,RE_R1b,0.0
SHF-008,control_15,RE_R1l,0.0
SHF-008,control_15,RE_Sb,0.0
SHF-008,control_15,RE_Sl,0.0
SHF-008,control_15,T1_1,0.0
SHF-008,control_15,T1_2,0.0
SHF-008,control_15,t1_MOLLI,0.0
SHF-008,control_15,t2_MOLLI,0.0
SHF-008,control_20,BAT,0.010326360193494626
SHF-008,control_20,CO,0.15609925290577747
SHF-008,control_20,Thl,0.6750529081133121
SHF-008,control_20,Dhl,1.21289797175074
SHF-008,control_20,To,1.101736595722254
SHF-008,control_20,Eo,0.9603197383143167
SHF-008,control_20,Toe,0.5056509905661712
SHF-008,control_20,Eb,0.5801120302139977
SHF-008,control_20,H,0.0
SHF-008,control_20,ve,4.69609909949093
SHF-008,control_20,Te,5.490095806827791
SHF-008,control_20,De,6.445124422311263
SHF-008,control_20,khe,1.7484947396766894
SHF-008,control_20,Th,4.831409585624328
SHF-008,control_20,Kbh,0.0
SHF-008,control_20,Khe,0.0
SHF-008,control_20,kbh,0.0
SHF-008,control_20,CL,0.0
SHF-008,control_20,AUC_Cb,0.0
SHF-008,control_20,AUC_Cl,0.0
SHF-008,control_20,AUC35_Cb,0.0
SHF-008,control_20,AUC35_Cl,0.0
SHF-008,control_20,RE_R1b,0.0
SHF-008,control_20,RE_R1l,0.0
SHF-008,control_20,RE_Sb,0.0
SHF-008,control_20,RE_Sl,0.0
SHF-008,control_20,T1_1,0.0
SHF-008,control_20,T1_2,0.0
SHF-008,control_20,t1_MOLLI,0.0
SHF-008,control_20,t2_MOLLI,0.0
SHF-008,control_25,BAT,0.009139272690220128
SHF-008,control_25,CO,0.14710773830585314
SHF-008,control_25,Thl,0.6228537252147122
SHF-008,control_25,Dhl,1.0902048130688928
SHF-008,control_25,To,0.9930671240492719
SHF-008,control_25,Eo,0.7779113160107262
SHF-008,control_25,Toe,0.4909153354259786
SHF-008,control_25,Eb,0.4370974031958177
SHF-008,control_25,H,0.0
SHF-008,control_25,ve,4.131869879725407
SHF-008,control_25,Te,4.909929032126839
SHF-008,control_25,De,6.13446127177368
SHF-008,control_25,khe,1.4152708655774064
SHF-008,control_25,Th,2.768705699662666
SHF-008,control_25,Kbh,0.0
SHF-008,control_25,Khe,0.0
SHF-008,control_25,kbh,0.0
SHF-008,control_25,CL,0.0
SHF-008,control_25,AUC_Cb,0.0
SHF-008,control_25,AUC_Cl,0.0
SHF-008,control_25,AUC35_Cb,0.0
SHF-008,control_25,AUC35_Cl,0.0
SHF-008,control_25,RE_R1b,0.0
SHF-008,control_25,RE_R1l,0.0
SHF-008,control_25,RE_Sb,0.0
SHF-008,control_25,RE_Sl,0.0
SHF-008,control_25,T1_1,0.0
SHF-008,control_25,T1_2,0.0
SHF-008,control_25,t1_MOLLI,0.0
SHF-008,control_25,t2_MOLLI,0.0
SHF-008,control_30,BAT,0.0112308690305927
SHF-008,control_30,CO,0.13530476851992873
SHF-008,control_30,Thl,0.6626793141662625
SHF-008,control_30,Dhl,1.244006405102806
SHF-008,control_30,To,1.0128507150483603
SHF-008,control_30,Eo,0.6936014719476596
SHF-008,control_30,Toe,0.42061600685457784
SHF-008,control_30,Eb,0.3276500455584621
SHF-008,control_30,H,0.0
SHF-008,control_30,ve,3.781970936342617
SHF-008,control_30,Te,4.562128094613842
SHF-008,control_30,De,5.704893797086938
SHF-008,control_30,khe,1.2001913718906556
SHF-008,control_30,Th,2.0833424750835037
SHF-008,control_30,Kbh,0.0
SHF-008,control_30,Khe,0.0
SHF-008,control_30,kbh,0.0
SHF-008,control_30,CL,0.0
SHF-008,control_30,AUC_Cb,0.0
SHF-008,control_30,AUC_Cl,0.0
SHF-008,control_30,AUC35_Cb,0.0
SHF-008,control_30,AUC35_Cl,0.0
SHF-008,control_30,RE_R1b,0.0
SHF-008,control_30,RE_R1l,0.0
SHF-008,control_30,RE_Sb,0.0
SHF-008,control_30,RE_Sl,0.0
SHF-008,control_30,T1_1,0.0
SHF-008,control_30,T1_2,0.0
SHF-008,control_30,t1_MOLLI,0.0
SHF-008,control_30,t2_MOLLI,0.0
SHF-008,control_35,BAT,0.008302028620335196
SHF-008,control_35,CO,0.13012015835644108
SHF-008,control_35,Thl,0.588960256571765
SHF-008,control_35,Dhl,1.052770301518776
SHF-008,control_35,To,0.9483736549626481
SHF-008,control_35,Eo,0.5281072099187828
SHF-008,control_35,Toe,0.5200526450802845
SHF-008,control_35,Eb,0.3058203256631934
SHF-008,control_35,H,0.0
SHF-008,control_35,ve,3.4522038031764826
SHF-008,control_35,Te,4.232495103936609
SHF-008,control_35,De,5.272307274978131
SHF-008,control_35,khe,1.0423855699469557
SHF-008,control_35,Th,1.89874270926158
SHF-008,control_35,Kbh,0.0
SHF-008,control_35,Khe,0.0
SHF-008,control_35,kbh,0.0
SHF-008,control_35,CL,0.0
SHF-008,control_35,AUC_Cb,0.0
SHF-008,control_35,AUC_Cl,0.0
SHF-008,control_35,AUC35_Cb,0.0
SHF-008,control_35,AUC35_Cl,0.0
SHF-008,control_35,RE_R1b,0.0
SHF-008,control_35,RE_R1l,0.0
SHF-008,control_35,RE_Sb,0.0
SHF-008,control_35,RE_Sl,0.0
SHF-008,control_35,T1_1,0.0
SHF-008,control_35,T1_2,0.0
SHF-008,control_35,t1_MOLLI,0.0
SHF-008,control_35,t2_MOLLI,0.0
SHF-008,control_40,BAT,0.007043618798858672
SHF-008,control_40,CO,0.12975904904323118
SHF-008,control_40,Thl,0.5346113630132268
SHF-008,control_40,Dhl,0.9638557105531766
SHF-008,control_40,To,0.8476164098929506
SHF-008,control_40,Eo,0.4987980254714885
SHF-008,control_40,Toe,0.46655092053430575
SHF-008,control_40,Eb,0.2537205178058861
SHF-008,control_40,H,0.0
SHF-008,control_40,ve,3.2863141104405593
SHF-008,control_40,Te,4.117427083244343
SHF-008,control_40,De,4.625318967661175
SHF-008,control_40,khe,0.929302216542814
SHF-008,control_40,Th,1.7676324079326664
SHF-008,control_40,Kbh,0.0
SHF-008,control_40,Khe,0.0
SHF-008,control_40,kbh,0.0
SHF-008,control_40,CL,0.0
SHF-008,control_40,AUC_Cb,0.0
SHF-008,control_40,AUC_Cl,0.0
SHF-008,control_40,AUC35_Cb,0.0
SHF-008,control_40,AUC35_Cl,0.0
SHF-008,control_40,RE_R1b,0.0
SHF-008,control_40,RE_R1l,0.0
SHF-008,control_40,RE_Sb,0.0
SHF-008,control_40,RE_Sl,0.0
SHF-008,control_40,T1_1,0.0
SHF-008,control_40,T1_2,0.0
SHF-008,control_40,t1_MOLLI,0.0
SHF-008,control_40,t2_MOLLI,0.0
SHF-008,drug_05,BAT,0.012164324190563966
SHF-008,drug_05,CO,0.1517242033115667
SHF-008,drug_05,Thl,0.7221531454786021
SHF-008,drug_05,Dhl,4.694094249263429
SHF-008,drug_05,To,10.462595082487766
SHF-008,drug_05,Eo,35.39926542697825
SHF-008,drug_05,Toe,8.119431044927305
SHF-008,drug_05,Eb,62.78018424441707
SHF-008,drug_05,H,0.0
SHF-008,drug_05,ve,620.5740189295843
SHF-008,drug_05,Te,174.44943656728063
SHF-008,drug_05,De,26.91254856622124
SHF-008,drug_05,khe,63.11812782686911
SHF-008,drug_05,Th,235372.2500397084
SHF-008,drug_05,Kbh,0.0
SHF-008,drug_05,Khe,0.0
SHF-008,drug_05,kbh,0.0
SHF-008,drug_05,CL,0.0
SHF-008,drug_05,AUC_Cb,0.0
SHF-008,drug_05,AUC_Cl,0.0
SHF-008,drug_05,AUC35_Cb,0.0
SHF-008,drug_05,AUC35_Cl,0.0
SHF-008,drug_05,RE_R1b,0.0
SHF-008,drug_05,RE_R1l,0.0
SHF-008,drug_05,RE_Sb,0.0
SHF-008,drug_05,RE_Sl,0.0
SHF-008,drug_05,T1_1,0.0
SHF-008,drug_05,T1_2,0.0
SHF-008,drug_05,t1_MOLLI,0.0
SHF-008,drug_05,t2_MOLLI,0.0
SHF-008,drug_10,BAT,0.0030578235439929578
SHF-008,drug_10,CO,0.10948037610540413
SHF-008,drug_10,Thl,0.26476464961761464
SHF-008,drug_10,Dhl,2.12074005046307
SHF-008,drug_10,To,4.405303682743229
SHF-008,drug_10,Eo,3.046467002589611
SHF-008,drug_10,Toe,3.2647832103016845
SHF-008,drug_10,Eb,4.709362259627033
SHF-008,drug_10,H,0.0
SHF-008,drug_10,ve,31.7889579907665
SHF-008,drug_10,Te,25.530515628045737
SHF-008,drug_10,De,8.045129310412467
SHF-008,drug_10,khe,4.543150922208526
SHF-008,drug_10,Th,11540.94605455179
SHF-008,drug_10,Kbh,0.0
SHF-008,drug_10,Khe,0.0
SHF-008,drug_10,kbh,0.0
SHF-008,drug_10,CL,0.0
SHF-008,drug_10,AUC_Cb,0.0
SHF-008,drug_10,AUC_Cl,0.0
SHF-008,drug_10,AUC35_Cb,0.0
SHF-008,drug_10,AUC35_Cl,0.0
SHF-008,drug_10,RE_R1b,0.0
SHF-008,drug_10,RE_R1l,0.0
SHF-008,drug_10,RE_Sb,0.0
SHF-008,drug_10,RE_Sl,0.0
SHF-008,drug_10,T1_1,0.0
SHF-008,drug_10,T1_2,0.0
SHF-008,drug_10,t1_MOLLI,0.0
SHF-008,drug_10,t2_MOLLI,0.0
SHF-008,drug_15,BAT,0.01594806613571582
SHF-008,drug_15,CO,0.17524577129284302
SHF-008,drug_15,Thl,1.3521550351656717
SHF-008,drug_15,Dhl,2.5323613667458664
SHF-008,drug_15,To,3.2644982474095374
SHF-008,drug_15,Eo,1.599937569995021
SHF-008,drug_15,Toe,1.4719618080564554
SHF-008,drug_15,Eb,2.005734591207109
SHF-008,drug_15,H,0.0
SHF-008,drug_15,ve,7.020486307003986
SHF-008,drug_15,Te,17.690334036559094
SHF-008,drug_15,De,6.292545630982406
SHF-008,drug_15,khe,1.7772231397813725
SHF-008,drug_15,Th,130.50813972859157
SHF-008,drug_15,Kbh,0.0
SHF-008,drug_15,Khe,0.0
SHF-008,drug_15,kbh,0.0
SHF-008,drug_15,CL,0.0
SHF-008,drug_15,AUC_Cb,0.0
SHF-008,drug_15,AUC_Cl,0.0
SHF-008,drug_15,AUC35_Cb,0.0
SHF-008,drug_15,AUC35_Cl,0.0
SHF-008,drug_15,RE_R1b,0.0
SHF-008,drug_15,RE_R1l,0.0
SHF-008,drug_15,RE_Sb,0.0
SHF-008,drug_15,RE_Sl,0.0
SHF-008,drug_15,T1_1,0.0
SHF-008,drug_15,T1_2,0.0
SHF-008,drug_15,t1_MOLLI,0.0
SHF-008,drug_15,t2_MOLLI,0.0
SHF-008,drug_20,BAT,0.002994282501099413
SHF-008,drug_20,CO,0.08642861395028345
SHF-008,drug_20,Thl,0.22051942635796376
SHF-008,drug_20,Dhl,1.721725809377399
SHF-008,drug_20,To,2.092245205564934
SHF-008,drug_20,Eo,1.126788166628033
SHF-008,drug_20,Toe,1.020503324738429
SHF-008,drug_20,Eb,1.05822115279987
SHF-008,drug_20,H,0.0
SHF-008,drug_20,ve,5.442653031565361
SHF-008,drug_20,Te,13.47094130826304
SHF-008,drug_20,De,6.839394094552661
SHF-008,drug_20,khe,1.1954868507295628
SHF-008,drug_20,Th,14.38334978166973
SHF-008,drug_20,Kbh,0.0
SHF-008,drug_20,Khe,0.0
SHF-008,drug_20,kbh,0.0
SHF-008,drug_20,CL,0.0
SHF-008,drug_20,AUC_Cb,0.0
SHF-008,drug_20,AUC_Cl,0.0
SHF-008,drug_20,AUC35_Cb,0.0
SHF-008,drug_20,AUC35_Cl,0.0
SHF-008,drug_20,RE_R1b,0.0
SHF-008,drug_20,RE_R1l,0.0
SHF-008,drug_20,RE_Sb,0.0
SHF-008,drug_20,RE_Sl,0.0
SHF-008,drug_20,T1_1,0.0
SHF-008,drug_20,T1_2,0.0
SHF-008,drug_20,t1_MOLLI,0.0
SHF-008,drug_20,t2_MOLLI,0.0
SHF-008,drug_25,BAT,0.0049415387592820674
SHF-008,drug_25,CO,0.0963937401155512
SHF-008,drug_25,Thl,0.3034479026566968
SHF-008,drug_25,Dhl,3.6725637224926215
SHF-008,drug_25,To,2.1207164017975897
SHF-008,drug_25,Eo,1.0668067938013608
SHF-008,drug_25,Toe,0.6059212475258459
SHF-008,drug_25,Eb,0.5530118283116109
SHF-008,drug_25,H,0.0
SHF-008,drug_25,ve,4.638525219090399
SHF-008,drug_25,Te,11.902319602969225
SHF-008,drug_25,De,7.257793402360011
SHF-008,drug_25,khe,0.8845721498956465
SHF-008,drug_25,Th,6.839914694280386
SHF-008,drug_25,Kbh,0.0
SHF-008,drug_25,Khe,0.0
SHF-008,drug_25,kbh,0.0
SHF-008,drug_25,CL,0.0
SHF-008,drug_25,AUC_Cb,0.0
SHF-008,drug_25,AUC_Cl,0.0
SHF-008,drug_25,AUC35_Cb,0.0
SHF-008,drug_25,AUC35_Cl,0.0
SHF-008,drug_25,RE_R1b,0.0
SHF-008,drug_25,RE_R1l,0.0
SHF-008,drug_25,RE_Sb,0.0
SHF-008,drug_25,RE_Sl,0.0
SHF-008,drug_25,T1_1,0.0
SHF-008,drug_25,T1_2,0.0
SHF-008,drug_25,t1_MOLLI,0.0
SHF-008,drug_25,t2_MOLLI,0.0
SHF-008,drug_30,BAT,0.00995826065789208
SHF-008,drug_30,CO,0.08065943433315839
SHF-008,drug_30,Thl,0.7741392160939904
SHF-008,drug_30,Dhl,0.6741352344495428
SHF-008,drug_30,To,1.506700523803383
SHF-008,drug_30,Eo,0.888073158475686
SHF-008,drug_30,Toe,0.5883002974214327
SHF-008,drug_30,Eb,0.47709507838989695
SHF-008,drug_30,H,0.0
SHF-008,drug_30,ve,3.851125911951983
SHF-008,drug_30,Te,9.79171922676025
SHF-008,drug_30,De,6.512176641711334
SHF-008,drug_30,khe,0.7112179031049553
SHF-008,drug_30,Th,4.952392331644518
SHF-008,drug_30,Kbh,0.0
SHF-008,drug_30,Khe,0.0
SHF-008,drug_30,kbh,0.0
SHF-008,drug_30,CL,0.0
SHF-008,drug_30,AUC_Cb,0.0
SHF-008,drug_30,AUC_Cl,0.0
SHF-008,drug_30,AUC35_Cb,0.0
SHF-008,drug_30,AUC35_Cl,0.0
SHF-008,drug_30,RE_R1b,0.0
SHF-008,drug_30,RE_R1l,0.0
SHF-008,drug_30,RE_Sb,0.0
SHF-008,drug_30,RE_Sl,0.0
SHF-008,drug_30,T1_1,0.0
SHF-008,drug_30,T1_2,0.0
SHF-008,drug_30,t1_MOLLI,0.0
SHF-008,drug_30,t2_MOLLI,0.0
SHF-008,drug_35,BAT,0.0047215397537898164
SHF-008,drug_35,CO,0.06793475636764479
SHF-008,drug_35,Thl,0.2970545551068683
SHF-008,drug_35,Dhl,1.4075016993762612
SHF-008,drug_35,To,1.426906533171146
SHF-008,drug_35,Eo,0.779651330216295
SHF-008,drug_35,Toe,0.4725423121554823
SHF-008,drug_35,Eb,0.3565720205628721
SHF-008,drug_35,H,0.0
SHF-008,drug_35,ve,3.6755535189161073
SHF-008,drug_35,Te,9.509006752268188
SHF-008,drug_35,De,7.665226098238165
SHF-008,drug_35,khe,0.6420525649108477
SHF-008,drug_35,Th,3.2410959878807026
SHF-008,drug_35,Kbh,0.0
SHF-008,drug_35,Khe,0.0
SHF-008,drug_35,kbh,0.0
SHF-008,drug_35,CL,0.0
SHF-008,drug_35,AUC_Cb,0.0
SHF-008,drug_35,AUC_Cl,0.0
SHF-008,drug_35,AUC35_Cb,0.0
SHF-008,drug_35,AUC35_Cl,0.0
SHF-008,drug_35,RE_R1b,0.0
SHF-008,drug_35,RE_R1l,0.0
SHF-008,drug_35,RE_Sb,0.0
SHF-008,drug_35,RE_Sl,0.0
SHF-008,drug_35,T1_1,0.0
SHF-008,drug_35,T1_2,0.0
SHF-008,drug_35,t1_MOLLI,0.0
SHF-008,drug_35,t2_MOLLI,0.0
SHF-008,drug_40,BAT,0.005520922471259156
SHF-008,drug_40,CO,0.06603522015543796
SHF-008,drug_40,Thl,0.3448205390614019
SHF-008,drug_40,Dhl,1.542499446411269
SHF-008,drug_40,To,1.5691160614891593
SHF-008,drug_40,Eo,0.8834754529602697
SHF-008,drug_40,Toe,0.39290110722209215
SHF-008,drug_40,Eb,0.2723343970781078
SHF-008,drug_40,H,0.0
SHF-008,drug_40,ve,3.820570298362574
SHF-008,drug_40,Te,9.781792067655958
SHF-008,drug_40,De,6.243825682540002
SHF-008,drug_40,khe,0.6183424190171642
SHF-008,drug_40,Th,2.548402792077903
SHF-008,drug_40,Kbh,0.0
SHF-008,drug_40,Khe,0.0
SHF-008,drug_40,kbh,0.0
SHF-008,drug_40,CL,0.0
SHF-008,drug_40,AUC_Cb,0.0
SHF-008,drug_40,AUC_Cl,0.0
SHF-008,drug_40,AUC35_Cb,0.0
SHF-008,drug_40,AUC35_Cl,0.0
SHF-008,drug_40,RE_R1b,0.0
SHF-008,drug_40,RE_R1l,0.0
SHF-008,drug_40,RE_Sb,0.0
SHF-008,drug_40,RE_Sl,0.0
SHF-008,drug_40,T1_1,0.0
SHF-008,drug_40,T1_2,0.0
SHF-008,drug_40,t1_MOLLI,0.0
SHF-008,drug_40,t2_MOLLI,0.0
SHF-011,control_05,BAT,0.060054679685241176
SHF-011,control_05,CO,0.5853043752862596
SHF-011,control_05,Thl,4.578397830992105
SHF-011,control_05,Dhl,8.7846116891426
SHF-011,control_05,To,9.738674028007722
SHF-011,control_05,Eo,15.974608554436342
SHF-011,control_05,Toe,3.949904571095878
SHF-011,control_05,Eb,36.57563153905142
SHF-011,control_05,H,0.0
SHF-011,control_05,ve,278.36317755995606
SHF-011,control_05,Te,289.7978443768678
SHF-011,control_05,De,33.65734845852394
SHF-011,control_05,khe,197.87762645894006
SHF-011,control_05,Th,2747.1791025979833
SHF-011,control_05,Kbh,0.0
SHF-011,control_05,Khe,0.0
SHF-011,control_05,kbh,0.0
SHF-011,control_05,CL,0.0
SHF-011,control_05,AUC_Cb,0.0
SHF-011,control_05,AUC_Cl,0.0
SHF-011,control_05,AUC35_Cb,0.0
SHF-011,control_05,AUC35_Cl,0.0
SHF-011,control_05,RE_R1b,0.0
SHF-011,control_05,RE_R1l,0.0
SHF-011,control_05,RE_Sb,0.0
SHF-011,control_05,RE_Sl,0.0
SHF-011,control_05,T1_1,0.0
SHF-011,control_05,T1_2,0.0
SHF-011,control_05,t1_MOLLI,0.0
SHF-011,control_05,t2_MOLLI,0.0
SHF-011,control_10,BAT,0.08359063130995592
SHF-011,control_10,CO,1.2471108069550263
SHF-011,control_10,Thl,4.385851518614824
SHF-011,control_10,Dhl,9.809587085044122
SHF-011,control_10,To,4.078877368360798
SHF-011,control_10,Eo,6.056309221775267
SHF-011,control_10,Toe,1.2861420440124793
SHF-011,control_10,Eb,5.6147972311412495
SHF-011,control_10,H,0.0
SHF-011,control_10,ve,31.558202760445077
SHF-011,control_10,Te,39.08177859955622
SHF-011,control_10,De,9.337698988447816
SHF-011,control_10,khe,12.430712743134212
SHF-011,control_10,Th,32.15401862934917
SHF-011,control_10,Kbh,0.0
SHF-011,control_10,Khe,0.0
SHF-011,control_10,kbh,0.0
SHF-011,control_10,CL,0.0
SHF-011,control_10,AUC_Cb,0.0
SHF-011,control_10,AUC_Cl,0.0
SHF-011,control_10,AUC35_Cb,0.0
SHF-011,control_10,AUC35_Cl,0.0
SHF-011,control_10,RE_R1b,0.0
SHF-011,control_10,RE_R1l,0.0
SHF-011,control_10,RE_Sb,0.0
SHF-011,control_10,RE_Sl,0.0
SHF-011,control_10,T1_1,0.0
SHF-011,control_10,T1_2,0.0
SHF-011,control_10,t1_MOLLI,0.0
SHF-011,control_10,t2_MOLLI,0.0
SHF-011,control_15,BAT,0.03897132638872875
SHF-011,control_15,CO,0.3629292677913201
SHF-011,control_15,Thl,2.8997278907730375
SHF-011,control_15,Dhl,5.5864481127697205
SHF-011,control_15,To,3.1555897085251714
SHF-011,control_15,Eo,2.068606640832693
SHF-011,control_15,Toe,1.126257776257728
SHF-011,control_15,Eb,2.0522486606113994
SHF-011,control_15,H,0.0
SHF-011,control_15,ve,16.202199946938805
SHF-011,control_15,Te,20.491428303388968
SHF-011,control_15,De,10.000942487774694
SHF-011,control_15,khe,5.062214054779791
SHF-011,control_15,Th,2.758597435197417
SHF-011,control_15,Kbh,0.0
SHF-011,control_15,Khe,0.0
SHF-011,control_15,kbh,0.0
SHF-011,control_15,CL,0.0
SHF-011,control_15,AUC_Cb,0.0
SHF-011,control_15,AUC_Cl,0.0
SHF-011,control_15,AUC35_Cb,0.0
SHF-011,control_15,AUC35_Cl,0.0
SHF-011,control_15,RE_R1b,0.0
SHF-011,control_15,RE_R1l,0.0
SHF-011,control_15,RE_Sb,0.0
SHF-011,control_15,RE_Sl,0.0
SHF-011,control_15,T1_1,0.0
SHF-011,control_15,T1_2,0.0
SHF-011,control_15,t1_MOLLI,0.0
SHF-011,control_15,t2_MOLLI,0.0
SHF-011,control_20,BAT,0.031088100718373247
SHF-011,control_20,CO,0.2472535081330448
SHF-011,control_20,Thl,2.6203965275473493
SHF-011,control_20,Dhl,4.841502308966522
SHF-011,control_20,To,2.9281483669812483
SHF-011,control_20,Eo,1.9551735965908923
SHF-011,control_20,Toe,0.6807083431720946
SHF-011,control_20,Eb,0.9345138447969578
SHF-011,control_20,H,0.0
SHF-011,control_20,ve,13.088542383928518
SHF-011,control_20,Te,16.973822982570148
SHF-011,control_20,De,8.750454483935469
SHF-011,control_20,khe,3.608734397793782
SHF-011,control_20,Th,1.4327149728777906
SHF-011,control_20,Kbh,0.0
SHF-011,control_20,Khe,0.0
SHF-011,control_20,kbh,0.0
SHF-011,control_20,CL,0.0
SHF-011,control_20,AUC_Cb,0.0
SHF-011,control_20,AUC_Cl,0.0
SHF-011,control_20,AUC35_Cb,0.0
SHF-011,control_20,AUC35_Cl,0.0
SHF-011,control_20,RE_R1b,0.0
SHF-011,control_20,RE_R1l,0.0
SHF-011,control_20,RE_Sb,0.0
SHF-011,control_20,RE_Sl,0.0
SHF-011,control_20,T1_1,0.0
SHF-011,control_20,T1_2,0.0
SHF-011,control_20,t1_MOLLI,0.0
SHF-011,control_20,t2_MOLLI,0.0
SHF-011,control_25,BAT,0.07276079673929828
SHF-011,control_25,CO,1.2385492060150727
SHF-011,control_25,Thl,3.2529080759355233
SHF-011,control_25,Dhl,8.55317261966302
SHF-011,control_25,To,3.6461815937547835
SHF-011,control_25,Eo,1.754032761848107
SHF-011,control_25,Toe,1.2040028011890298
SHF-011,control_25,Eb,2.8763788853033714
SHF-011,control_25,H,0.0
SHF-011,control_25,ve,11.138292211946974
SHF-011,control_25,Te,14.205997704563755
SHF-011,control_25,De,9.460141283494417
SHF-011,control_25,khe,3.1963489737219444
SHF-011,control_25,Th,0.9367104957666138
SHF-011,control_25,Kbh,0.0
SHF-011,control_25,Khe,0.0
SHF-011,control_25,kbh,0.0
SHF-011,control_25,CL,0.0
SHF-011,control_25,AUC_Cb,0.0
SHF-011,control_25,AUC_Cl,0.0
SHF-011,control_25,AUC35_Cb,0.0
SHF-011,control_25,AUC35_Cl,0.0
SHF-011,control_25,RE_R1b,0.0
SHF-011,control_25,RE_R1l,0.0
SHF-011,control_25,RE_Sb,0.0
SHF-011,control_25,RE_Sl,0.0
SHF-011,control_25,T1_1,0.0
SHF-011,control_25,T1_2,0.0
SHF-011,control_25,t1_MOLLI,0.0
SHF-011,control_25,t2_MOLLI,0.0
SHF-011,control_30,BAT,0.036448986548307555
SHF-011,control_30,CO,0.3175123645086958
SHF-011,control_30,Thl,2.7042289613847084
SHF-011,control_30,Dhl,6.0446227320266175
SHF-011,control_30,To,2.061175780627351
SHF-011,control_30,Eo,0.9840033736313104
SHF-011,control_30,Toe,0.9014427288904105
SHF-011,control_30,Eb,0.8420117732506507
SHF-011,control_30,H,0.0
SHF-011,control_30,ve,9.69557013836377
SHF-011,control_30,Te,12.653115532910011
SHF-011,control_30,De,7.9312114358821475
SHF-011,control_30,khe,2.4772956173268343
SHF-011,control_30,Th,0.7210040667284142
SHF-011,control_30,Kbh,0.0
SHF-011,control_30,Khe,0.0
SHF-011,control_30,kbh,0.0
SHF-011,control_30,CL,0.0
SHF-011,control_30,AUC_Cb,0.0
SHF-011,control_30,AUC_Cl,0.0
SHF-011,control_30,AUC35_Cb,0.0
SHF-011,control_30,AUC35_Cl,0.0
SHF-011,control_30,RE_R1b,0.0
SHF-011,control_30,RE_R1l,0.0
SHF-011,control_30,RE_Sb,0.0
SHF-011,control_30,RE_Sl,0.0
SHF-011,control_30,T1_1,0.0
SHF-011,control_30,T1_2,0.0
SHF-011,control_30,t1_MOLLI,0.0
SHF-011,control_30,t2_MOLLI,0.0
SHF-011,control_35,BAT,0.03629163420702101
SHF-011,control_35,CO,0.3089252172264249
SHF-011,control_35,Thl,2.6458121792585607
SHF-011,control_35,Dhl,6.019740518696482
SHF-011,control_35,To,1.8882039128369588
SHF-011,control_35,Eo,0.8221262693706112
SHF-011,control_35,Toe,0.909697199860455
SHF-011,control_35,Eb,0.7457124785451833
SHF-011,control_35,H,0.0
SHF-011,control_35,ve,9.09389214962966
SHF-011,control_35,Te,11.877000808594381
SHF-011,control_35,De,7.731536072391664
SHF-011,control_35,khe,2.2864852362206753
SHF-011,control_35,Th,0.6068330315568162
SHF-011,control_35,Kbh,0.0
SHF-011,control_35,Khe,0.0
SHF-011,control_35,kbh,0.0
SHF-011,control_35,CL,0.0
SHF-011,control_35,AUC_Cb,0.0
SHF-011,control_35,AUC_Cl,0.0
SHF-011,control_35,AUC35_Cb,0.0
SHF-011,control_35,AUC35_Cl,0.0
SHF-011,control_35,RE_R1b,0.0
SHF-011,control_35,RE_R1l,0.0
SHF-011,control_35,RE_Sb,0.0
SHF-011,control_35,RE_Sl,0.0
SHF-011,control_35,T1_1,0.0
SHF-011,control_35,T1_2,0.0
SHF-011,control_35,t1_MOLLI,0.0
SHF-011,control_35,t2_MOLLI,0.0
SHF-011,control_40,BAT,0.03486173361571864
SHF-011,control_40,CO,0.2858273943404857
SHF-011,control_40,Thl,2.591902609179662
SHF-011,control_40,Dhl,5.833996260910227
SHF-011,control_40,To,1.7941981847302844
SHF-011,control_40,Eo,0.7339623135759628
SHF-011,control_40,Toe,0.8526206900421041
SHF-011,control_40,Eb,0.6380395848428245
SHF-011,control_40,H,0.0
SHF-011,control_40,ve,8.57807084641636
SHF-011,control_40,Te,11.210726253445705
SHF-011,control_40,De,7.609681660058783
SHF-011,control_40,khe,2.144121437427007
SHF-011,control_40,Th,0.5302400220729625
SHF-011,control_40,Kbh,0.0
SHF-011,control_40,Khe,0.0
SHF-011,control_40,kbh,0.0
SHF-011,control_40,CL,0.0
SHF-011,control_40,AUC_Cb,0.0
SHF-011,control_40,AUC_Cl,0.0
SHF-011,control_40,AUC35_Cb,0.0
SHF-011,control_40,AUC35_Cl,0.0
SHF-011,control_40,RE_R1b,0.0
SHF-011,control_40,RE_R1l,0.0
SHF-011,control_40,RE_Sb,0.0
SHF-011,control_40,RE_Sl,0.0
SHF-011,control_40,T1_1,0.0
SHF-011,control_40,T1_2,0.0
SHF-011,control_40,t1_MOLLI,0.0
SHF-011,control_40,t2_MOLLI,0.0
SHF-011,drug_05,BAT,0.23594499528234034
SHF-011,drug_05,CO,4.669164522966794
SHF-011,drug_05,Thl,23.4755225338997
SHF-011,drug_05,Dhl,118.59441477942629
SHF-011,drug_05,To,5.477177078109691
SHF-011,drug_05,Eo,16.514945801715722
SHF-011,drug_05,Toe,3.4115033783790123
SHF-011,drug_05,Eb,58.753275814437686
SHF-011,drug_05,H,0.0
SHF-011,drug_05,ve,6300.685836524481
SHF-011,drug_05,Te,13828.074860147211
SHF-011,drug_05,De,1010.904002836286
SHF-011,drug_05,khe,1247.1841915382045
SHF-011,drug_05,Th,98.62886174084264
SHF-011,drug_05,Kbh,0.0
SHF-011,drug_05,Khe,0.0
SHF-011,drug_05,kbh,0.0
SHF-011,drug_05,CL,0.0
SHF-011,drug_05,AUC_Cb,0.0
SHF-011,drug_05,AUC_Cl,0.0
SHF-011,drug_05,AUC35_Cb,0.0
SHF-011,drug_05,AUC35_Cl,0.0
SHF-011,drug_05,RE_R1b,0.0
SHF-011,drug_05,RE_R1l,0.0
SHF-011,drug_05,RE_Sb,0.0
SHF-011,drug_05,RE_Sl,0.0
SHF-011,drug_05,T1_1,0.0
SHF-011,drug_05,T1_2,0.0
SHF-011,drug_05,t1_MOLLI,0.0
SHF-011,drug_05,t2_MOLLI,0.0
SHF-011,drug_10,BAT,0.27816460132316967
SHF-011,drug_10,CO,0.16758409004206706
SHF-011,drug_10,Thl,15.79576374965768
SHF-011,drug_10,Dhl,24.050265444377526
SHF-011,drug_10,To,15.381455019412787
SHF-011,drug_10,Eo,4.419199775791836
SHF-011,drug_10,Toe,0.20681456323748487
SHF-011,drug_10,Eb,1.5219726197662078
SHF-011,drug_10,H,0.0
SHF-011,drug_10,ve,48.176538229054515
SHF-011,drug_10,Te,108.21593004431145
SHF-011,drug_10,De,12.915480945045028
SHF-011,drug_10,khe,8.907078350534354
SHF-011,drug_10,Th,38.82348254196537
SHF-011,drug_10,Kbh,0.0
SHF-011,drug_10,Khe,0.0
SHF-011,drug_10,kbh,0.0
SHF-011,drug_10,CL,0.0
SHF-011,drug_10,AUC_Cb,0.0
SHF-011,drug_10,AUC_Cl,0.0
SHF-011,drug_10,AUC35_Cb,0.0
SHF-011,drug_10,AUC35_Cl,0.0
SHF-011,drug_10,RE_R1b,0.0
SHF-011,drug_10,RE_R1l,0.0
SHF-011,drug_10,RE_Sb,0.0
SHF-011,drug_10,RE_Sl,0.0
SHF-011,drug_10,T1_1,0.0
SHF-011,drug_10,T1_2,0.0
SHF-011,drug_10,t1_MOLLI,0.0
SHF-011,drug_10,t2_MOLLI,0.0
SHF-011,drug_15,BAT,0.1667605906622895
SHF-011,drug_15,CO,1.547358467788202
SHF-011,drug_15,Thl,13.967386965161525
SHF-011,drug_15,Dhl,66.06860169019134
SHF-011,drug_15,To,2.601604791809423
SHF-011,drug_15,Eo,3.0270464756229147
SHF-011,drug_15,Toe,1.5730817721198116
SHF-011,drug_15,Eb,7.142420267778045
SHF-011,drug_15,H,0.0
SHF-011,drug_15,ve,30.276166614969092
SHF-011,drug_15,Te,71.60222287698215
SHF-011,drug_15,De,9.148495802386257
SHF-011,drug_15,khe,3.6733179648773198
SHF-011,drug_15,Th,12.311105643953828
SHF-011,drug_15,Kbh,0.0
SHF-011,drug_15,Khe,0.0
SHF-011,drug_15,kbh,0.0
SHF-011,drug_15,CL,0.0
SHF-011,drug_15,AUC_Cb,0.0
SHF-011,drug_15,AUC_Cl,0.0
SHF-011,drug_15,AUC35_Cb,0.0
SHF-011,drug_15,AUC35_Cl,0.0
SHF-011,drug_15,RE_R1b,0.0
SHF-011,drug_15,RE_R1l,0.0
SHF-011,drug_15,RE_Sb,0.0
SHF-011,drug_15,RE_Sl,0.0
SHF-011,drug_15,T1_1,0.0
SHF-011,drug_15,T1_2,0.0
SHF-011,drug_15,t1_MOLLI,0.0
SHF-011,drug_15,t2_MOLLI,0.0
SHF-011,drug_20,BAT,0.0690792957002856
SHF-011,drug_20,CO,1.7794407106729246
SHF-011,drug_20,Thl,6.940054169467189
SHF-011,drug_20,Dhl,14.309634884506773
SHF-011,drug_20,To,1.2897309667704238
SHF-011,drug_20,Eo,3.154826780071386
SHF-011,drug_20,Toe,1.2232140214748164
SHF-011,drug_20,Eb,3.292832207906006
SHF-011,drug_20,H,0.0
SHF-011,drug_20,ve,24.84679420010367
SHF-011,drug_20,Te,58.44060149830259
SHF-011,drug_20,De,7.679402427928449
SHF-011,drug_20,khe,2.7476834676255257
SHF-011,drug_20,Th,6.91668679125244
SHF-011,drug_20,Kbh,0.0
SHF-011,drug_20,Khe,0.0
SHF-011,drug_20,kbh,0.0
SHF-011,drug_20,CL,0.0
SHF-011,drug_20,AUC_Cb,0.0
SHF-011,drug_20,AUC_Cl,0.0
SHF-011,drug_20,AUC35_Cb,0.0
SHF-011,drug_20,AUC35_Cl,0.0
SHF-011,drug_20,RE_R1b,0.0
SHF-011,drug_20,RE_R1l,0.0
SHF-011,drug_20,RE_Sb,0.0
SHF-011,drug_20,RE_Sl,0.0
SHF-011,drug_20,T1_1,0.0
SHF-011,drug_20,T1_2,0.0
SHF-011,drug_20,t1_MOLLI,0.0
SHF-011,drug_20,t2_MOLLI,0.0
SHF-011,drug_25,BAT,0.21427325083064946
SHF-011,drug_25,CO,1.3400567789884412
SHF-011,drug_25,Thl,17.012716473406325
SHF-011,drug_25,Dhl,53.84230978084609
SHF-011,drug_25,To,2.1912168194937687
SHF-011,drug_25,Eo,4.474080146343209
SHF-011,drug_25,Toe,2.151266366027706
SHF-011,drug_25,Eb,5.452649770192938
SHF-011,drug_25,H,0.0
SHF-011,drug_25,ve,25.632332173815815
SHF-011,drug_25,Te,61.7673635603596
SHF-011,drug_25,De,10.347674491499923
SHF-011,drug_25,khe,2.2028179683597333
SHF-011,drug_25,Th,2.687686012715862
SHF-011,drug_25,Kbh,0.0
SHF-011,drug_25,Khe,0.0
SHF-011,drug_25,kbh,0.0
SHF-011,drug_25,CL,0.0
SHF-011,drug_25,AUC_Cb,0.0
SHF-011,drug_25,AUC_Cl,0.0
SHF-011,drug_25,AUC35_Cb,0.0
SHF-011,drug_25,AUC35_Cl,0.0
SHF-011,drug_25,RE_R1b,0.0
SHF-011,drug_25,RE_R1l,0.0
SHF-011,drug_25,RE_Sb,0.0
SHF-011,drug_25,RE_Sl,0.0
SHF-011,drug_25,T1_1,0.0
SHF-011,drug_25,T1_2,0.0
SHF-011,drug_25,t1_MOLLI,0.0
SHF-011,drug_25,t2_MOLLI,0.0
SHF-011,drug_30,BAT,0.009152998282229919
SHF-011,drug_30,CO,0.3793456059338293
SHF-011,drug_30,Thl,0.9302923903993311
SHF-011,drug_30,Dhl,3.613151383724679
SHF-011,drug_30,To,0.8469986456319187
SHF-011,drug_30,Eo,0.8759448886569823
SHF-011,drug_30,Toe,0.40632919490806996
SHF-011,drug_30,Eb,0.4589396996542215
SHF-011,drug_30,H,0.0
SHF-011,drug_30,ve,58.81679002787925
SHF-011,drug_30,Te,135.6729305277223
SHF-011,drug_30,De,8.114270099757285
SHF-011,drug_30,khe,5.1752852498158886
SHF-011,drug_30,Th,1.7073175179985864
SHF-011,drug_30,Kbh,0.0
SHF-011,drug_30,Khe,0.0
SHF-011,drug_30,kbh,0.0
SHF-011,drug_30,CL,0.0
SHF-011,drug_30,AUC_Cb,0.0
SHF-011,drug_30,AUC_Cl,0.0
SHF-011,drug_30,AUC35_Cb,0.0
SHF-011,drug_30,AUC35_Cl,0.0
SHF-011,drug_30,RE_R1b,0.0
SHF-011,drug_30,RE_R1l,0.0
SHF-011,drug_30,RE_Sb,0.0
SHF-011,drug_30,RE_Sl,0.0
SHF-011,drug_30,T1_1,0.0
SHF-011,drug_30,T1_2,0.0
SHF-011,drug_30,t1_MOLLI,0.0
SHF-011,drug_30,t2_MOLLI,0.0
SHF-011,drug_35,BAT,0.073233294862901
SHF-011,drug_35,CO,0.3166212709565701
SHF-011,drug_35,Thl,5.656654884995822
SHF-011,drug_35,Dhl,9.634880422817746
SHF-011,drug_35,To,2.3962073558704495
SHF-011,drug_35,Eo,2.328142291325012
SHF-011,drug_35,Toe,0.6407521224124362
SHF-011,drug_35,Eb,1.1999803564309341
SHF-011,drug_35,H,0.0
SHF-011,drug_35,ve,57.43786842130098
SHF-011,drug_35,Te,140.50042805198854
SHF-011,drug_35,De,6.379117793316631
SHF-011,drug_35,khe,4.080403801909355
SHF-011,drug_35,Th,0.9173915997443607
SHF-011,drug_35,Kbh,0.0
SHF-011,drug_35,Khe,0.0
SHF-011,drug_35,kbh,0.0
SHF-011,drug_35,CL,0.0
SHF-011,drug_35,AUC_Cb,0.0
SHF-011,drug_35,AUC_Cl,0.0
SHF-011,drug_35,AUC35_Cb,0.0
SHF-011,drug_35,AUC35_Cl,0.0
SHF-011,drug_35,RE_R1b,0.0
SHF-011,drug_35,RE_R1l,0.0
SHF-011,drug_35,RE_Sb,0.0
SHF-011,drug_35,RE_Sl,0.0
SHF-011,drug_35,T1_1,0.0
SHF-011,drug_35,T1_2,0.0
SHF-011,drug_35,t1_MOLLI,0.0
SHF-011,drug_35,t2_MOLLI,0.0
SHF-011,drug_40,BAT,0.1036917188642956
SHF-011,drug_40,CO,0.64116889779356
SHF-011,drug_40,Thl,9.284775599227183
SHF-011,drug_40,Dhl,25.851196651014806
SHF-011,drug_40,To,2.2470010994126874
SHF-011,drug_40,Eo,4.057003344587326
SHF-011,drug_40,Toe,0.9735696081747313
SHF-011,drug_40,Eb,1.6958874624385791
SHF-011,drug_40,H,0.0
SHF-011,drug_40,ve,32.1910338426307
SHF-011,drug_40,Te,78.36227908647527
SHF-011,drug_40,De,6.456878791049342
SHF-011,drug_40,khe,2.400533108738332
SHF-011,drug_40,Th,0.6915543396173192
SHF-011,drug_40,Kbh,0.0
SHF-011,drug_40,Khe,0.0
SHF-011,drug_40,kbh,0.0
SHF-011,drug_40,CL,0.0
SHF-011,drug_40,AUC_Cb,0.0
SHF-011,drug_40,AUC_Cl,0.0
SHF-011,drug_40,AUC35_Cb,0.0
SHF-011,drug_40,AUC35_Cl,0.0
SHF-011,drug_40,RE_R1b,0.0
SHF-011,drug_40,RE_R1l,0.0
SHF-011,drug_40,RE_Sb,0.0
SHF-011,drug_40,RE_Sl,0.0
SHF-011,drug_40,T1_1,0.0
SHF-011,drug_40,T1_2,0.0
SHF-011,drug_40,t1_MOLLI,0.0
SHF-011,drug_40,t2_MOLLI,0.0
SHF-014,control_05,BAT,0.5538641880449268
SHF-014,control_05,CO,6.65875520692098
SHF-014,control_05,Thl,37.070957031664996
SHF-014,control_05,Dhl,93.9072907542448
SHF-014,control_05,To,6206.75480898426
SHF-014,control_05,Eo,4611.322928546482
SHF-014,control_05,Toe,15.650356434904817
SHF-014,control_05,Eb,53.510736022075555
SHF-014,control_05,H,0.0
SHF-014,control_05,ve,6.695339122315044
SHF-014,control_05,Te,6.131147510180967
SHF-014,control_05,De,9800.429663882027
SHF-014,control_05,khe,13.106761915731845
SHF-014,control_05,Th,381.26108877049666
SHF-014,control_05,Kbh,0.0
SHF-014,control_05,Khe,0.0
SHF-014,control_05,kbh,0.0
SHF-014,control_05,CL,0.0
SHF-014,control_05,AUC_Cb,0.0
SHF-014,control_05,AUC_Cl,0.0
SHF-014,control_05,AUC35_Cb,0.0
SHF-014,control_05,AUC35_Cl,0.0
SHF-014,control_05,RE_R1b,0.0
SHF-014,control_05,RE_R1l,0.0
SHF-014,control_05,RE_Sb,0.0
SHF-014,control_05,RE_Sl,0.0
SHF-014,control_05,T1_1,0.0
SHF-014,control_05,T1_2,0.0
SHF-014,control_05,t1_MOLLI,0.0
SHF-014,control_05,t2_MOLLI,0.0
SHF-014,control_10,BAT,0.027570219489722648
SHF-014,control_10,CO,2.910811857881602
SHF-014,control_10,Thl,5.410741521098908
SHF-014,control_10,Dhl,5.726142664081353
SHF-014,control_10,To,906.1900339390119
SHF-014,control_10,Eo,617.1032476068435
SHF-014,control_10,Toe,3.5950557070135067
SHF-014,control_10,Eb,9.180649151448646
SHF-014,control_10,H,0.0
SHF-014,control_10,ve,255.15208232639574
SHF-014,control_10,Te,510.6940081008685
SHF-014,control_10,De,16.250542714358872
SHF-014,control_10,khe,64.90436561361406
SHF-014,control_10,Th,10.918692561055002
SHF-014,control_10,Kbh,0.0
SHF-014,control_10,Khe,0.0
SHF-014,control_10,kbh,0.0
SHF-014,control_10,CL,0.0
SHF-014,control_10,AUC_Cb,0.0
SHF-014,control_10,AUC_Cl,0.0
SHF-014,control_10,AUC35_Cb,0.0
SHF-014,control_10,AUC35_Cl,0.0
SHF-014,control_10,RE_R1b,0.0
SHF-014,control_10,RE_R1l,0.0
SHF-014,control_10,RE_Sb,0.0
SHF-014,control_10,RE_Sl,0.0
SHF-014,control_10,T1_1,0.0
SHF-014,control_10,T1_2,0.0
SHF-014,control_10,t1_MOLLI,0.0
SHF-014,control_10,t2_MOLLI,0.0
SHF-014,control_15,BAT,0.037469718454897015
SHF-014,control_15,CO,2.203743516931086
SHF-014,control_15,Thl,4.589872038215708
SHF-014,control_15,Dhl,6.970213267221018
SHF-014,control_15,To,386.12116980197493
SHF-014,control_15,Eo,242.8358922437051
SHF-014,control_15,Toe,2.0784599668065904
SHF-014,control_15,Eb,4.15485039582326
SHF-014,control_15,H,0.0
SHF-014,control_15,ve,128.21282797347052
SHF-014,control_15,Te,258.3305654150691
SHF-014,control_15,De,13.622287099228114
SHF-014,control_15,khe,28.717383288777114
SHF-014,control_15,Th,3.880465799974243
SHF-014,control_15,Kbh,0.0
SHF-014,control_15,Khe,0.0
SHF-014,control_15,kbh,0.0
SHF-014,control_15,CL,0.0
SHF-014,control_15,AUC_Cb,0.0
SHF-014,control_15,AUC_Cl,0.0
SHF-014,control_15,AUC35_Cb,0.0
SHF-014,control_15,AUC35_Cl,0.0
SHF-014,control_15,RE_R1b,0.0
SHF-014,control_15,RE_R1l,0.0
SHF-014,control_15,RE_Sb,0.0
SHF-014,control_15,RE_Sl,0.0
SHF-014,control_15,T1_1,0.0
SHF-014,control_15,T1_2,0.0
SHF-014,control_15,t1_MOLLI,0.0
SHF-014,control_15,t2_MOLLI,0.0
SHF-014,control_20,BAT,0.10915985049365409
SHF-014,control_20,CO,1.8308931892057545
SHF-014,control_20,Thl,8.707039777059757
SHF-014,control_20,Dhl,18.587091878442564
SHF-014,control_20,To,249.99514612159584
SHF-014,control_20,Eo,153.676588595255
SHF-014,control_20,Toe,1.5755459662433522
SHF-014,control_20,Eb,3.125196532837398
SHF-014,control_20,H,0.0
SHF-014,control_20,ve,36.82485201618438
SHF-014,control_20,Te,74.91464861292526
SHF-014,control_20,De,10.768682557315419
SHF-014,control_20,khe,8.086250180416682
SHF-014,control_20,Th,3.8996512647319954
SHF-014,control_20,Kbh,0.0
SHF-014,control_20,Khe,0.0
SHF-014,control_20,kbh,0.0
SHF-014,control_20,CL,0.0
SHF-014,control_20,AUC_Cb,0.0
SHF-014,control_20,AUC_Cl,0.0
SHF-014,control_20,AUC35_Cb,0.0
SHF-014,control_20,AUC35_Cl,0.0
SHF-014,control_20,RE_R1b,0.0
SHF-014,control_20,RE_R1l,0.0
SHF-014,control_20,RE_Sb,0.0
SHF-014,control_20,RE_Sl,0.0
SHF-014,control_20,T1_1,0.0
SHF-014,control_20,T1_2,0.0
SHF-014,control_20,t1_MOLLI,0.0
SHF-014,control_20,t2_MOLLI,0.0
SHF-014,control_25,BAT,0.026957960613796003
SHF-014,control_25,CO,1.523808656890265
SHF-014,control_25,Thl,3.3166225314662348
SHF-014,control_25,Dhl,5.020186349776372
SHF-014,control_25,To,153.80680741494209
SHF-014,control_25,Eo,86.67196020895723
SHF-014,control_25,Toe,1.190421577891377
SHF-014,control_25,Eb,2.33729517918109
SHF-014,control_25,H,0.0
SHF-014,control_25,ve,22.10070941528063
SHF-014,control_25,Te,44.432130118815515
SHF-014,control_25,De,9.581292856386703
SHF-014,control_25,khe,4.586743473509338
SHF-014,control_25,Th,3.7145910728296037
SHF-014,control_25,Kbh,0.0
SHF-014,control_25,Khe,0.0
SHF-014,control_25,kbh,0.0
SHF-014,control_25,CL,0.0
SHF-014,control_25,AUC_Cb,0.0
SHF-014,control_25,AUC_Cl,0.0
SHF-014,control_25,AUC35_Cb,0.0
SHF-014,control_25,AUC35_Cl,0.0
SHF-014,control_25,RE_R1b,0.0
SHF-014,control_25,RE_R1l,0.0
SHF-014,control_25,RE_Sb,0.0
SHF-014,control_25,RE_Sl,0.0
SHF-014,control_25,T1_1,0.0
SHF-014,control_25,T1_2,0.0
SHF-014,control_25,t1_MOLLI,0.0
SHF-014,control_25,t2_MOLLI,0.0
SHF-014,control_30,BAT,0.24174362791750303
SHF-014,control_30,CO,1.7094183118071555
SHF-014,control_30,Thl,16.26632176176769
SHF-014,control_30,Dhl,41.51360191879979
SHF-014,control_30,To,110.92128516072641
SHF-014,control_30,Eo,59.77722790194724
SHF-014,control_30,Toe,1.1401711519603586
SHF-014,control_30,Eb,2.4046706791083583
SHF-014,control_30,H,0.0
SHF-014,control_30,ve,15.072041069752403
SHF-014,control_30,Te,30.300767371249496
SHF-014,control_30,De,8.160014424029141
SHF-014,control_30,khe,2.9370255939467906
SHF-014,control_30,Th,4.6016918494680965
SHF-014,control_30,Kbh,0.0
SHF-014,control_30,Khe,0.0
SHF-014,control_30,kbh,0.0
SHF-014,control_30,CL,0.0
SHF-014,control_30,AUC_Cb,0.0
SHF-014,control_30,AUC_Cl,0.0
SHF-014,control_30,AUC35_Cb,0.0
SHF-014,control_30,AUC35_Cl,0.0
SHF-014,control_30,RE_R1b,0.0
SHF-014,control_30,RE_R1l,0.0
SHF-014,control_30,RE_Sb,0.0
SHF-014,control_30,RE_Sl,0.0
SHF-014,control_30,T1_1,0.0
SHF-014,control_30,T1_2,0.0
SHF-014,control_30,t1_MOLLI,0.0
SHF-014,control_30,t2_MOLLI,0.0
SHF-014,control_35,BAT,0.25682074335110316
SHF-014,control_35,CO,1.595058853711339
SHF-014,control_35,Thl,16.355879105280657
SHF-014,control_35,Dhl,49.107636158675085
SHF-014,control_35,To,80.11820316482164
SHF-014,control_35,Eo,36.890176325781766
SHF-014,control_35,Toe,1.0047249119561719
SHF-014,control_35,Eb,2.0100300582988258
SHF-014,control_35,H,0.0
SHF-014,control_35,ve,12.579649144449787
SHF-014,control_35,Te,24.648968448953347
SHF-014,control_35,De,7.842029721601213
SHF-014,control_35,khe,2.3958721589425545
SHF-014,control_35,Th,4.66204460422606
SHF-014,control_35,Kbh,0.0
SHF-014,control_35,Khe,0.0
SHF-014,control_35,kbh,0.0
SHF-014,control_35,CL,0.0
SHF-014,control_35,AUC_Cb,0.0
SHF-014,control_35,AUC_Cl,0.0
SHF-014,control_35,AUC35_Cb,0.0
SHF-014,control_35,AUC35_Cl,0.0
SHF-014,control_35,RE_R1b,0.0
SHF-014,control_35,RE_R1l,0.0
SHF-014,control_35,RE_Sb,0.0
SHF-014,control_35,RE_Sl,0.0
SHF-014,control_35,T1_1,0.0
SHF-014,control_35,T1_2,0.0
SHF-014,control_35,t1_MOLLI,0.0
SHF-014,control_35,t2_MOLLI,0.0
SHF-014,control_40,BAT,0.0653914630141419
SHF-014,control_40,CO,1.0569997269000166
SHF-014,control_40,Thl,4.923012792083808
SHF-014,control_40,Dhl,11.091601108293665
SHF-014,control_40,To,13.673813728569149
SHF-014,control_40,Eo,3.58210086971345
SHF-014,control_40,Toe,1.0391654820611385
SHF-014,control_40,Eb,1.705132973642662
SHF-014,control_40,H,0.0
SHF-014,control_40,ve,19.86922134486142
SHF-014,control_40,Te,44.21609473639187
SHF-014,control_40,De,9.428888947323264
SHF-014,control_40,khe,2.952040524711368
SHF-014,control_40,Th,2.3859002410092978
SHF-014,control_40,Kbh,0.0
SHF-014,control_40,Khe,0.0
SHF-014,control_40,kbh,0.0
SHF-014,control_40,CL,0.0
SHF-014,control_40,AUC_Cb,0.0
SHF-014,control_40,AUC_Cl,0.0
SHF-014,control_40,AUC35_Cb,0.0
SHF-014,control_40,AUC35_Cl,0.0
SHF-014,control_40,RE_R1b,0.0
SHF-014,control_40,RE_R1l,0.0
SHF-014,control_40,RE_Sb,0.0
SHF-014,control_40,RE_Sl,0.0
SHF-014,control_40,T1_1,0.0
SHF-014,control_40,T1_2,0.0
SHF-014,control_40,t1_MOLLI,0.0
SHF-014,control_40,t2_MOLLI,0.0
SHF-014,drug_05,BAT,0.00901734534837861
SHF-014,drug_05,CO,0.3955734412230372
SHF-014,drug_05,Thl,0.6941300726787875
SHF-014,drug_05,Dhl,2.1335616622313527
SHF-014,drug_05,To,12.738156239166305
SHF-014,drug_05,Eo,35.610216177013385
SHF-014,drug_05,Toe,8.660314275669977
SHF-014,drug_05,Eb,61.56600345900745
SHF-014,drug_05,H,0.0
SHF-014,drug_05,ve,123.17442092500718
SHF-014,drug_05,Te,171.3103870886923
SHF-014,drug_05,De,66.2486999717123
SHF-014,drug_05,khe,92.66768187293154
SHF-014,drug_05,Th,2308.3300457387545
SHF-014,drug_05,Kbh,0.0
SHF-014,drug_05,Khe,0.0
SHF-014,drug_05,kbh,0.0
SHF-014,drug_05,CL,0.0
SHF-014,drug_05,AUC_Cb,0.0
SHF-014,drug_05,AUC_Cl,0.0
SHF-014,drug_05,AUC35_Cb,0.0
SHF-014,drug_05,AUC35_Cl,0.0
SHF-014,drug_05,RE_R1b,0.0
SHF-014,drug_05,RE_R1l,0.0
SHF-014,drug_05,RE_Sb,0.0
SHF-014,drug_05,RE_Sl,0.0
SHF-014,drug_05,T1_1,0.0
SHF-014,drug_05,T1_2,0.0
SHF-014,drug_05,t1_MOLLI,0.0
SHF-014,drug_05,t2_MOLLI,0.0
SHF-014,drug_10,BAT,0.10516487143524779
SHF-014,drug_10,CO,1.2685736166644568
SHF-014,drug_10,Thl,7.398994372724792
SHF-014,drug_10,Dhl,40.17893434266813
SHF-014,drug_10,To,7.607127313714519
SHF-014,drug_10,Eo,19.30680720343511
SHF-014,drug_10,Toe,13.201026816054227
SHF-014,drug_10,Eb,29.858910470538973
SHF-014,drug_10,H,0.0
SHF-014,drug_10,ve,17.644035099267043
SHF-014,drug_10,Te,28.954760370223916
SHF-014,drug_10,De,17.61254868187898
SHF-014,drug_10,khe,6.485555949233826
SHF-014,drug_10,Th,18.190283878999463
SHF-014,drug_10,Kbh,0.0
SHF-014,drug_10,Khe,0.0
SHF-014,drug_10,kbh,0.0
SHF-014,drug_10,CL,0.0
SHF-014,drug_10,AUC_Cb,0.0
SHF-014,drug_10,AUC_Cl,0.0
SHF-014,drug_10,AUC35_Cb,0.0
SHF-014,drug_10,AUC35_Cl,0.0
SHF-014,drug_10,RE_R1b,0.0
SHF-014,drug_10,RE_R1l,0.0
SHF-014,drug_10,RE_Sb,0.0
SHF-014,drug_10,RE_Sl,0.0
SHF-014,drug_10,T1_1,0.0
SHF-014,drug_10,T1_2,0.0
SHF-014,drug_10,t1_MOLLI,0.0
SHF-014,drug_10,t2_MOLLI,0.0
SHF-014,drug_15,BAT,0.006628604863060187
SHF-014,drug_15,CO,0.33623334587449716
SHF-014,drug_15,Thl,0.5231648035745649
SHF-014,drug_15,Dhl,2.1197282669533744
SHF-014,drug_15,To,3.250721299884602
SHF-014,drug_15,Eo,1.4010228432145149
SHF-014,drug_15,Toe,1.6110977676883729
SHF-014,drug_15,Eb,2.2022566510120365
SHF-014,drug_15,H,0.0
SHF-014,drug_15,ve,9.89580588700187
SHF-014,drug_15,Te,16.953155424423052
SHF-014,drug_15,De,14.977043232527521
SHF-014,drug_15,khe,2.7398185414464606
SHF-014,drug_15,Th,3.692517301466949
SHF-014,drug_15,Kbh,0.0
SHF-014,drug_15,Khe,0.0
SHF-014,drug_15,kbh,0.0
SHF-014,drug_15,CL,0.0
SHF-014,drug_15,AUC_Cb,0.0
SHF-014,drug_15,AUC_Cl,0.0
SHF-014,drug_15,AUC35_Cb,0.0
SHF-014,drug_15,AUC35_Cl,0.0
SHF-014,drug_15,RE_R1b,0.0
SHF-014,drug_15,RE_R1l,0.0
SHF-014,drug_15,RE_Sb,0.0
SHF-014,drug_15,RE_Sl,0.0
SHF-014,drug_15,T1_1,0.0
SHF-014,drug_15,T1_2,0.0
SHF-014,drug_15,t1_MOLLI,0.0
SHF-014,drug_15,t2_MOLLI,0.0
SHF-014,drug_20,BAT,0.0033942072271323275
SHF-014,drug_20,CO,0.24783295817678028
SHF-014,drug_20,Thl,0.41886450706028744
SHF-014,drug_20,Dhl,1.2801461451873906
SHF-014,drug_20,To,2.6504928920760316
SHF-014,drug_20,Eo,1.1035928962078838
SHF-014,drug_20,Toe,2.0344827478872305
SHF-014,drug_20,Eb,2.1182343369978778
SHF-014,drug_20,H,0.0
SHF-014,drug_20,ve,8.430063916156772
SHF-014,drug_20,Te,15.335288476854238
SHF-014,drug_20,De,11.437234604719555
SHF-014,drug_20,khe,1.8453165785943617
SHF-014,drug_20,Th,2.4620865904653573
SHF-014,drug_20,Kbh,0.0
SHF-014,drug_20,Khe,0.0
SHF-014,drug_20,kbh,0.0
SHF-014,drug_20,CL,0.0
SHF-014,drug_20,AUC_Cb,0.0
SHF-014,drug_20,AUC_Cl,0.0
SHF-014,drug_20,AUC35_Cb,0.0
SHF-014,drug_20,AUC35_Cl,0.0
SHF-014,drug_20,RE_R1b,0.0
SHF-014,drug_20,RE_R1l,0.0
SHF-014,drug_20,RE_Sb,0.0
SHF-014,drug_20,RE_Sl,0.0
SHF-014,drug_20,T1_1,0.0
SHF-014,drug_20,T1_2,0.0
SHF-014,drug_20,t1_MOLLI,0.0
SHF-014,drug_20,t2_MOLLI,0.0
SHF-014,drug_25,BAT,0.005115923716486046
SHF-014,drug_25,CO,0.28051554401824524
SHF-014,drug_25,Thl,0.46240102436679287
SHF-014,drug_25,Dhl,1.8756995118605277
SHF-014,drug_25,To,2.578070907984757
SHF-014,drug_25,Eo,0.8612060407443443
SHF-014,drug_25,Toe,1.8700645614450448
SHF-014,drug_25,Eb,1.6436641581132776
SHF-014,drug_25,H,0.0
SHF-014,drug_25,ve,11.091420884652193
SHF-014,drug_25,Te,21.510495164721718
SHF-014,drug_25,De,9.250397335855668
SHF-014,drug_25,khe,1.8326159685924022
SHF-014,drug_25,Th,1.7605556075021176
SHF-014,drug_25,Kbh,0.0
SHF-014,drug_25,Khe,0.0
SHF-014,drug_25,kbh,0.0
SHF-014,drug_25,CL,0.0
SHF-014,drug_25,AUC_Cb,0.0
SHF-014,drug_25,AUC_Cl,0.0
SHF-014,drug_25,AUC35_Cb,0.0
SHF-014,drug_25,AUC35_Cl,0.0
SHF-014,drug_25,RE_R1b,0.0
SHF-014,drug_25,RE_R1l,0.0
SHF-014,drug_25,RE_Sb,0.0
SHF-014,drug_25,RE_Sl,0.0
SHF-014,drug_25,T1_1,0.0
SHF-014,drug_25,T1_2,0.0
SHF-014,drug_25,t1_MOLLI,0.0
SHF-014,drug_25,t2_MOLLI,0.0
SHF-014,drug_30,BAT,0.026443407174612483
SHF-014,drug_30,CO,0.33685454656878494
SHF-014,drug_30,Thl,1.914870261184595
SHF-014,drug_30,Dhl,4.393276553303097
SHF-014,drug_30,To,2.2729552467718968
SHF-014,drug_30,Eo,0.5991864961601693
SHF-014,drug_30,Toe,1.3031874020436898
SHF-014,drug_30,Eb,1.090997661086175
SHF-014,drug_30,H,0.0
SHF-014,drug_30,ve,7.073272172614087
SHF-014,drug_30,Te,12.988055487876906
SHF-014,drug_30,De,13.488212568850495
SHF-014,drug_30,khe,1.3230527327153496
SHF-014,drug_30,Th,0.9440765477011512
SHF-014,drug_30,Kbh,0.0
SHF-014,drug_30,Khe,0.0
SHF-014,drug_30,kbh,0.0
SHF-014,drug_30,CL,0.0
SHF-014,drug_30,AUC_Cb,0.0
SHF-014,drug_30,AUC_Cl,0.0
SHF-014,drug_30,AUC35_Cb,0.0
SHF-014,drug_30,AUC35_Cl,0.0
SHF-014,drug_30,RE_R1b,0.0
SHF-014,drug_30,RE_R1l,0.0
SHF-014,drug_30,RE_Sb,0.0
SHF-014,drug_30,RE_Sl,0.0
SHF-014,drug_30,T1_1,0.0
SHF-014,drug_30,T1_2,0.0
SHF-014,drug_30,t1_MOLLI,0.0
SHF-014,drug_30,t2_MOLLI,0.0
SHF-014,drug_35,BAT,0.017829993035810086
SHF-014,drug_35,CO,0.2970622050623045
SHF-014,drug_35,Thl,1.523152792760057
SHF-014,drug_35,Dhl,1.531936453051117
SHF-014,drug_35,To,1.8503401579682757
SHF-014,drug_35,Eo,0.550338560012722
SHF-014,drug_35,Toe,1.018940517775955
SHF-014,drug_35,Eb,0.7098548957217163
SHF-014,drug_35,H,0.0
SHF-014,drug_35,ve,7.142164826628965
SHF-014,drug_35,Te,13.186337969343718
SHF-014,drug_35,De,10.97601822207527
SHF-014,drug_35,khe,1.2658939532442162
SHF-014,drug_35,Th,0.8383425867211806
SHF-014,drug_35,Kbh,0.0
SHF-014,drug_35,Khe,0.0
SHF-014,drug_35,kbh,0.0
SHF-014,drug_35,CL,0.0
SHF-014,drug_35,AUC_Cb,0.0
SHF-014,drug_35,AUC_Cl,0.0
SHF-014,drug_35,AUC35_Cb,0.0
SHF-014,drug_35,AUC35_Cl,0.0
SHF-014,drug_35,RE_R1b,0.0
SHF-014,drug_35,RE_R1l,0.0
SHF-014,drug_35,RE_Sb,0.0
SHF-014,drug_35,RE_Sl,0.0
SHF-014,drug_35,T1_1,0.0
SHF-014,drug_35,T1_2,0.0
SHF-014,drug_35,t1_MOLLI,0.0
SHF-014,drug_35,t2_MOLLI,0.0
SHF-014,drug_40,BAT,0.00412880313135971
SHF-014,drug_40,CO,0.24706768355172354
SHF-014,drug_40,Thl,0.41169778259372053
SHF-014,drug_40,Dhl,1.405775682787661
SHF-014,drug_40,To,1.8946695865667529
SHF-014,drug_40,Eo,0.5042950589334503
SHF-014,drug_40,Toe,0.7585389584728152
SHF-014,drug_40,Eb,0.4208235267792429
SHF-014,drug_40,H,0.0
SHF-014,drug_40,ve,6.395823486887641
SHF-014,drug_40,Te,11.757055233313427
SHF-014,drug_40,De,11.600479662897897
SHF-014,drug_40,khe,1.1276977682887968
SHF-014,drug_40,Th,0.6737342687044146
SHF-014,drug_40,Kbh,0.0
SHF-014,drug_40,Khe,0.0
SHF-014,drug_40,kbh,0.0
SHF-014,drug_40,CL,0.0
SHF-014,drug_40,AUC_Cb,0.0
SHF-014,drug_40,AUC_Cl,0.0
SHF-014,drug_40,AUC35_Cb,0.0
SHF-014,drug_40,AUC35_Cl,0.0
SHF-014,drug_40,RE_R1b,0.0
SHF-014,drug_40,RE_R1l,0.0
SHF-014,drug_40,RE_Sb,0.0
SHF-014,drug_40,RE_Sl,0.0
SHF-014,drug_40,T1_1,0.0
SHF-014,drug_40,T1_2,0.0
SHF-014,drug_40,t1_MOLLI,0.0
SHF-014,drug_40,t2_MOLLI,0.0
SHF-021,control_05,BAT,0.050479340216355265
SHF-021,control_05,CO,0.49409037993038046
SHF-021,control_05,Thl,4.935247521543852
SHF-021,control_05,Dhl,8.729999705202328
SHF-021,control_05,To,23.495933210153506
SHF-021,control_05,Eo,4290.954964840579
SHF-021,control_05,Toe,5689.871909853075
SHF-021,control_05,Eb,4193.471283949022
SHF-021,control_05,H,0.0
SHF-021,control_05,ve,211.58899633809108
SHF-021,control_05,Te,245.32625234821404
SHF-021,control_05,De,36.52855087026406
SHF-021,control_05,khe,127.66798190480259
SHF-021,control_05,Th,317813.78991557175
SHF-021,control_05,Kbh,0.0
SHF-021,control_05,Khe,0.0
SHF-021,control_05,kbh,0.0
SHF-021,control_05,CL,0.0
SHF-021,control_05,AUC_Cb,0.0
SHF-021,control_05,AUC_Cl,0.0
SHF-021,control_05,AUC35_Cb,0.0
SHF-021,control_05,AUC35_Cl,0.0
SHF-021,control_05,RE_R1b,0.0
SHF-021,control_05,RE_R1l,0.0
SHF-021,control_05,RE_Sb,0.0
SHF-021,control_05,RE_Sl,0.0
SHF-021,control_05,T1_1,0.0
SHF-021,control_05,T1_2,0.0
SHF-021,control_05,t1_MOLLI,0.0
SHF-021,control_05,t2_MOLLI,0.0
SHF-021,control_10,BAT,0.4000995491863955
SHF-021,control_10,CO,1.3687316197702013
SHF-021,control_10,Thl,35.80674910045203
SHF-021,control_10,Dhl,240.1502695446217
SHF-021,control_10,To,13.029625042654896
SHF-021,control_10,Eo,14.24950410871074
SHF-021,control_10,Toe,8.218331714994516
SHF-021,control_10,Eb,23.974675165946397
SHF-021,control_10,H,0.0
SHF-021,control_10,ve,23.981807320996673
SHF-021,control_10,Te,49.54173216463728
SHF-021,control_10,De,10.911506426904676
SHF-021,control_10,khe,10.596276458245246
SHF-021,control_10,Th,144.48722700513449
SHF-021,control_10,Kbh,0.0
SHF-021,control_10,Khe,0.0
SHF-021,control_10,kbh,0.0
SHF-021,control_10,CL,0.0
SHF-021,control_10,AUC_Cb,0.0
SHF-021,control_10,AUC_Cl,0.0
SHF-021,control_10,AUC35_Cb,0.0
SHF-021,control_10,AUC35_Cl,0.0
SHF-021,control_10,RE_R1b,0.0
SHF-021,control_10,RE_R1l,0.0
SHF-021,control_10,RE_Sb,0.0
SHF-021,control_10,RE_Sl,0.0
SHF-021,control_10,T1_1,0.0
SHF-021,control_10,T1_2,0.0
SHF-021,control_10,t1_MOLLI,0.0
SHF-021,control_10,t2_MOLLI,0.0
SHF-021,control_15,BAT,0.07557454396730687
SHF-021,control_15,CO,1.0257369213399474
SHF-021,control_15,Thl,4.287646632624307
SHF-021,control_15,Dhl,12.14655917358955
SHF-021,control_15,To,3.777830859242898
SHF-021,control_15,Eo,2.917163131115682
SHF-021,control_15,Toe,3.0155166835297247
SHF-021,control_15,Eb,6.895128957920016
SHF-021,control_15,H,0.0
SHF-021,control_15,ve,12.049843324193414
SHF-021,control_15,Te,21.104470920911407
SHF-021,control_15,De,7.996521998058692
SHF-021,control_15,khe,3.496015094094246
SHF-021,control_15,Th,9.126302675850347
SHF-021,control_15,Kbh,0.0
SHF-021,control_15,Khe,0.0
SHF-021,control_15,kbh,0.0
SHF-021,control_15,CL,0.0
SHF-021,control_15,AUC_Cb,0.0
SHF-021,control_15,AUC_Cl,0.0
SHF-021,control_15,AUC35_Cb,0.0
SHF-021,control_15,AUC35_Cl,0.0
SHF-021,control_15,RE_R1b,0.0
SHF-021,control_15,RE_R1l,0.0
SHF-021,control_15,RE_Sb,0.0
SHF-021,control_15,RE_Sl,0.0
SHF-021,control_15,T1_1,0.0
SHF-021,control_15,T1_2,0.0
SHF-021,control_15,t1_MOLLI,0.0
SHF-021,control_15,t2_MOLLI,0.0
SHF-021,control_20,BAT,0.03946753959742224
SHF-021,control_20,CO,0.5017438168064072
SHF-021,control_20,Thl,1.8952240948773962
SHF-021,control_20,Dhl,2.5642357263617463
SHF-021,control_20,To,2.0327315762444793
SHF-021,control_20,Eo,1.5786713019031722
SHF-021,control_20,Toe,1.3399274918994046
SHF-021,control_20,Eb,2.783876712918855
SHF-021,control_20,H,0.0
SHF-021,control_20,ve,7.80712724104108
SHF-021,control_20,Te,13.879161360558586
SHF-021,control_20,De,8.659186538729934
SHF-021,control_20,khe,2.118155103685356
SHF-021,control_20,Th,3.0671366697951443
SHF-021,control_20,Kbh,0.0
SHF-021,control_20,Khe,0.0
SHF-021,control_20,kbh,0.0
SHF-021,control_20,CL,0.0
SHF-021,control_20,AUC_Cb,0.0
SHF-021,control_20,AUC_Cl,0.0
SHF-021,control_20,AUC35_Cb,0.0
SHF-021,control_20,AUC35_Cl,0.0
SHF-021,control_20,RE_R1b,0.0
SHF-021,control_20,RE_R1l,0.0
SHF-021,control_20,RE_Sb,0.0
SHF-021,control_20,RE_Sl,0.0
SHF-021,control_20,T1_1,0.0
SHF-021,control_20,T1_2,0.0
SHF-021,control_20,t1_MOLLI,0.0
SHF-021,control_20,t2_MOLLI,0.0
SHF-021,control_25,BAT,0.03145932659894712
SHF-021,control_25,CO,0.3576643914010172
SHF-021,control_25,Thl,1.6182177536556512
SHF-021,control_25,Dhl,2.0562812696001083
SHF-021,control_25,To,1.8584506466036856
SHF-021,control_25,Eo,1.7108733924458128
SHF-021,control_25,Toe,0.6112627329485346
SHF-021,control_25,Eb,1.0926056433890354
SHF-021,control_25,H,0.0
SHF-021,control_25,ve,6.854679855762724
SHF-021,control_25,Te,12.261105498473142
SHF-021,control_25,De,8.40122904833436
SHF-021,control_25,khe,1.7184879082771125
SHF-021,control_25,Th,1.777465884578757
SHF-021,control_25,Kbh,0.0
SHF-021,control_25,Khe,0.0
SHF-021,control_25,kbh,0.0
SHF-021,control_25,CL,0.0
SHF-021,control_25,AUC_Cb,0.0
SHF-021,control_25,AUC_Cl,0.0
SHF-021,control_25,AUC35_Cb,0.0
SHF-021,control_25,AUC35_Cl,0.0
SHF-021,control_25,RE_R1b,0.0
SHF-021,control_25,RE_R1l,0.0
SHF-021,control_25,RE_Sb,0.0
SHF-021,control_25,RE_Sl,0.0
SHF-021,control_25,T1_1,0.0
SHF-021,control_25,T1_2,0.0
SHF-021,control_25,t1_MOLLI,0.0
SHF-021,control_25,t2_MOLLI,0.0
SHF-021,control_30,BAT,0.03162611731980676
SHF-021,control_30,CO,0.342563799307735
SHF-021,control_30,Thl,1.7152312007866115
SHF-021,control_30,Dhl,2.5347159323260686
SHF-021,control_30,To,1.9326151462113816
SHF-021,control_30,Eo,1.5506301678825662
SHF-021,control_30,Toe,0.5965162792638298
SHF-021,control_30,Eb,0.8369852186371589
SHF-021,control_30,H,0.0
SHF-021,control_30,ve,6.424304841438942
SHF-021,control_30,Te,11.67320234240384
SHF-021,control_30,De,7.274704428237171
SHF-021,control_30,khe,1.4728427098113412
SHF-021,control_30,Th,1.4258533005778065
SHF-021,control_30,Kbh,0.0
SHF-021,control_30,Khe,0.0
SHF-021,control_30,kbh,0.0
SHF-021,control_30,CL,0.0
SHF-021,control_30,AUC_Cb,0.0
SHF-021,control_30,AUC_Cl,0.0
SHF-021,control_30,AUC35_Cb,0.0
SHF-021,control_30,AUC35_Cl,0.0
SHF-021,control_30,RE_R1b,0.0
SHF-021,control_30,RE_R1l,0.0
SHF-021,control_30,RE_Sb,0.0
SHF-021,control_30,RE_Sl,0.0
SHF-021,control_30,T1_1,0.0
SHF-021,control_30,T1_2,0.0
SHF-021,control_30,t1_MOLLI,0.0
SHF-021,control_30,t2_MOLLI,0.0
SHF-021,control_35,BAT,0.012569161577079425
SHF-021,control_35,CO,0.1708025864025052
SHF-021,control_35,Thl,1.177196013157983
SHF-021,control_35,Dhl,1.4208809080322562
SHF-021,control_35,To,2.4160467081575403
SHF-021,control_35,Eo,0.9243526601273264
SHF-021,control_35,Toe,0.6235636610657658
SHF-021,control_35,Eb,0.5587188088251529
SHF-021,control_35,H,0.0
SHF-021,control_35,ve,5.733969587160333
SHF-021,control_35,Te,10.43940698042664
SHF-021,control_35,De,8.339350275042706
SHF-021,control_35,khe,1.3446340916793726
SHF-021,control_35,Th,1.073639102048227
SHF-021,control_35,Kbh,0.0
SHF-021,control_35,Khe,0.0
SHF-021,control_35,kbh,0.0
SHF-021,control_35,CL,0.0
SHF-021,control_35,AUC_Cb,0.0
SHF-021,control_35,AUC_Cl,0.0
SHF-021,control_35,AUC35_Cb,0.0
SHF-021,control_35,AUC35_Cl,0.0
SHF-021,control_35,RE_R1b,0.0
SHF-021,control_35,RE_R1l,0.0
SHF-021,control_35,RE_Sb,0.0
SHF-021,control_35,RE_Sl,0.0
SHF-021,control_35,T1_1,0.0
SHF-021,control_35,T1_2,0.0
SHF-021,control_35,t1_MOLLI,0.0
SHF-021,control_35,t2_MOLLI,0.0
SHF-021,control_40,BAT,0.011658907881956025
SHF-021,control_40,CO,0.1614767208426927
SHF-021,control_40,Thl,1.0830391490039835
SHF-021,control_40,Dhl,1.2488554757498542
SHF-021,control_40,To,2.2358146990534853
SHF-021,control_40,Eo,0.8800831617672376
SHF-021,control_40,Toe,0.5318248179699774
SHF-021,control_40,Eb,0.44216549349486206
SHF-021,control_40,H,0.0
SHF-021,control_40,ve,5.339913886027636
SHF-021,control_40,Te,9.500128782861823
SHF-021,control_40,De,10.176164593482728
SHF-021,control_40,khe,1.3043271580705054
SHF-021,control_40,Th,0.7894624708721889
SHF-021,control_40,Kbh,0.0
SHF-021,control_40,Khe,0.0
SHF-021,control_40,kbh,0.0
SHF-021,control_40,CL,0.0
SHF-021,control_40,AUC_Cb,0.0
SHF-021,control_40,AUC_Cl,0.0
SHF-021,control_40,AUC35_Cb,0.0
SHF-021,control_40,AUC35_Cl,0.0
SHF-021,control_40,RE_R1b,0.0
SHF-021,control_40,RE_R1l,0.0
SHF-021,control_40,RE_Sb,0.0
SHF-021,control_40,RE_Sl,0.0
SHF-021,control_40,T1_1,0.0
SHF-021,control_40,T1_2,0.0
SHF-021,control_40,t1_MOLLI,0.0
SHF-021,control_40,t2_MOLLI,0.0
SHF-021,drug_05,BAT,0.023179964352258945
SHF-021,drug_05,CO,0.21434156287502518
SHF-021,drug_05,Thl,1.747910056489159
SHF-021,drug_05,Dhl,2.5342921512795655
SHF-021,drug_05,To,7.595406514395962
SHF-021,drug_05,Eo,44.44522972196004
SHF-021,drug_05,Toe,6.994208909317343
SHF-021,drug_05,Eb,75.85537004849967
SHF-021,drug_05,H,0.0
SHF-021,drug_05,ve,232.4478099109895
SHF-021,drug_05,Te,147.6279614975339
SHF-021,drug_05,De,39.062379914227954
SHF-021,drug_05,khe,52.92551101668019
SHF-021,drug_05,Th,162707.22094231533
SHF-021,drug_05,Kbh,0.0
SHF-021,drug_05,Khe,0.0
SHF-021,drug_05,kbh,0.0
SHF-021,drug_05,CL,0.0
SHF-021,drug_05,AUC_Cb,0.0
SHF-021,drug_05,AUC_Cl,0.0
SHF-021,drug_05,AUC35_Cb,0.0
SHF-021,drug_05,AUC35_Cl,0.0
SHF-021,drug_05,RE_R1b,0.0
SHF-021,drug_05,RE_R1l,0.0
SHF-021,drug_05,RE_Sb,0.0
SHF-021,drug_05,RE_Sl,0.0
SHF-021,drug_05,T1_1,0.0
SHF-021,drug_05,T1_2,0.0
SHF-021,drug_05,t1_MOLLI,0.0
SHF-021,drug_05,t2_MOLLI,0.0
SHF-021,drug_10,BAT,0.028410588895378935
SHF-021,drug_10,CO,0.3423151925187731
SHF-021,drug_10,Thl,2.2175923138681624
SHF-021,drug_10,Dhl,6.864482211769224
SHF-021,drug_10,To,3.669407623651599
SHF-021,drug_10,Eo,2.016431623407819
SHF-021,drug_10,Toe,1.0532671585120872
SHF-021,drug_10,Eb,4.354115342730479
SHF-021,drug_10,H,0.0
SHF-021,drug_10,ve,15.707521456695368
SHF-021,drug_10,Te,29.147563645452202
SHF-021,drug_10,De,10.195278133251803
SHF-021,drug_10,khe,4.407359075273222
SHF-021,drug_10,Th,70.30528638202715
SHF-021,drug_10,Kbh,0.0
SHF-021,drug_10,Khe,0.0
SHF-021,drug_10,kbh,0.0
SHF-021,drug_10,CL,0.0
SHF-021,drug_10,AUC_Cb,0.0
SHF-021,drug_10,AUC_Cl,0.0
SHF-021,drug_10,AUC35_Cb,0.0
SHF-021,drug_10,AUC35_Cl,0.0
SHF-021,drug_10,RE_R1b,0.0
SHF-021,drug_10,RE_R1l,0.0
SHF-021,drug_10,RE_Sb,0.0
SHF-021,drug_10,RE_Sl,0.0
SHF-021,drug_10,T1_1,0.0
SHF-021,drug_10,T1_2,0.0
SHF-021,drug_10,t1_MOLLI,0.0
SHF-021,drug_10,t2_MOLLI,0.0
SHF-021,drug_15,BAT,0.0073679102863434985
SHF-021,drug_15,CO,0.16063355133121493
SHF-021,drug_15,Thl,0.6172129196597728
SHF-021,drug_15,Dhl,4.165847152460583
SHF-021,drug_15,To,2.713401531835487
SHF-021,drug_15,Eo,1.1022895282795753
SHF-021,drug_15,Toe,0.8721409558506663
SHF-021,drug_15,Eb,2.0153514824719987
SHF-021,drug_15,H,0.0
SHF-021,drug_15,ve,8.992042099545689
SHF-021,drug_15,Te,17.372221979251407
SHF-021,drug_15,De,10.192804576676506
SHF-021,drug_15,khe,1.8483532905288047
SHF-021,drug_15,Th,5.727561348650356
SHF-021,drug_15,Kbh,0.0
SHF-021,drug_15,Khe,0.0
SHF-021,drug_15,kbh,0.0
SHF-021,drug_15,CL,0.0
SHF-021,drug_15,AUC_Cb,0.0
SHF-021,drug_15,AUC_Cl,0.0
SHF-021,drug_15,AUC35_Cb,0.0
SHF-021,drug_15,AUC35_Cl,0.0
SHF-021,drug_15,RE_R1b,0.0
SHF-021,drug_15,RE_R1l,0.0
SHF-021,drug_15,RE_Sb,0.0
SHF-021,drug_15,RE_Sl,0.0
SHF-021,drug_15,T1_1,0.0
SHF-021,drug_15,T1_2,0.0
SHF-021,drug_15,t1_MOLLI,0.0
SHF-021,drug_15,t2_MOLLI,0.0
SHF-021,drug_20,BAT,0.08072810649715946
SHF-021,drug_20,CO,0.6020958836273824
SHF-021,drug_20,Thl,6.071338707327947
SHF-021,drug_20,Dhl,17.31129381346315
SHF-021,drug_20,To,2.124192317733431
SHF-021,drug_20,Eo,1.5475655716086814
SHF-021,drug_20,Toe,0.740433773500842
SHF-021,drug_20,Eb,2.282032641225501
SHF-021,drug_20,H,0.0
SHF-021,drug_20,ve,6.998851588463204
SHF-021,drug_20,Te,13.591923842111468
SHF-021,drug_20,De,11.110391555792386
SHF-021,drug_20,khe,1.2679314054321853
SHF-021,drug_20,Th,2.109114713955038
SHF-021,drug_20,Kbh,0.0
SHF-021,drug_20,Khe,0.0
SHF-021,drug_20,kbh,0.0
SHF-021,drug_20,CL,0.0
SHF-021,drug_20,AUC_Cb,0.0
SHF-021,drug_20,AUC_Cl,0.0
SHF-021,drug_20,AUC35_Cb,0.0
SHF-021,drug_20,AUC35_Cl,0.0
SHF-021,drug_20,RE_R1b,0.0
SHF-021,drug_20,RE_R1l,0.0
SHF-021,drug_20,RE_Sb,0.0
SHF-021,drug_20,RE_Sl,0.0
SHF-021,drug_20,T1_1,0.0
SHF-021,drug_20,T1_2,0.0
SHF-021,drug_20,t1_MOLLI,0.0
SHF-021,drug_20,t2_MOLLI,0.0
SHF-021,drug_25,BAT,0.043059311556985495
SHF-021,drug_25,CO,0.2849562572222566
SHF-021,drug_25,Thl,3.2178681422615867
SHF-021,drug_25,Dhl,8.934537617011458
SHF-021,drug_25,To,1.9452382088622218
SHF-021,drug_25,Eo,1.1429756938099813
SHF-021,drug_25,Toe,0.5051354373643584
SHF-021,drug_25,Eb,0.9659443943675402
SHF-021,drug_25,H,0.0
SHF-021,drug_25,ve,6.7217311699165325
SHF-021,drug_25,Te,13.225128772241892
SHF-021,drug_25,De,11.660019039268713
SHF-021,drug_25,khe,1.0749458228067832
SHF-021,drug_25,Th,1.1957440939454822
SHF-021,drug_25,Kbh,0.0
SHF-021,drug_25,Khe,0.0
SHF-021,drug_25,kbh,0.0
SHF-021,drug_25,CL,0.0
SHF-021,drug_25,AUC_Cb,0.0
SHF-021,drug_25,AUC_Cl,0.0
SHF-021,drug_25,AUC35_Cb,0.0
SHF-021,drug_25,AUC35_Cl,0.0
SHF-021,drug_25,RE_R1b,0.0
SHF-021,drug_25,RE_R1l,0.0
SHF-021,drug_25,RE_Sb,0.0
SHF-021,drug_25,RE_Sl,0.0
SHF-021,drug_25,T1_1,0.0
SHF-021,drug_25,T1_2,0.0
SHF-021,drug_25,t1_MOLLI,0.0
SHF-021,drug_25,t2_MOLLI,0.0
SHF-021,drug_30,BAT,0.004520243663176123
SHF-021,drug_30,CO,0.08532114299027961
SHF-021,drug_30,Thl,0.4060823210891105
SHF-021,drug_30,Dhl,1.0787979581411244
SHF-021,drug_30,To,1.6160471154906306
SHF-021,drug_30,Eo,0.6506562629275744
SHF-021,drug_30,Toe,0.41072339714131717
SHF-021,drug_30,Eb,0.4750440170858766
SHF-021,drug_30,H,0.0
SHF-021,drug_30,ve,6.590200332562149
SHF-021,drug_30,Te,12.972635104417842
SHF-021,drug_30,De,14.534791203343648
SHF-021,drug_30,khe,0.9922541100456325
SHF-021,drug_30,Th,0.8029855997018754
SHF-021,drug_30,Kbh,0.0
SHF-021,drug_30,Khe,0.0
SHF-021,drug_30,kbh,0.0
SHF-021,drug_30,CL,0.0
SHF-021,drug_30,AUC_Cb,0.0
SHF-021,drug_30,AUC_Cl,0.0
SHF-021,drug_30,AUC35_Cb,0.0
SHF-021,drug_30,AUC35_Cl,0.0
SHF-021,drug_30,RE_R1b,0.0
SHF-021,drug_30,RE_R1l,0.0
SHF-021,drug_30,RE_Sb,0.0
SHF-021,drug_30,RE_Sl,0.0
SHF-021,drug_30,T1_1,0.0
SHF-021,drug_30,T1_2,0.0
SHF-021,drug_30,t1_MOLLI,0.0
SHF-021,drug_30,t2_MOLLI,0.0
SHF-021,drug_35,BAT,0.004672824476332123
SHF-021,drug_35,CO,0.09160293699805161
SHF-021,drug_35,Thl,0.4176621859316951
SHF-021,drug_35,Dhl,1.3038183796808946
SHF-021,drug_35,To,1.5082693751095746
SHF-021,drug_35,Eo,0.6486504539313398
SHF-021,drug_35,Toe,0.30405608917412646
SHF-021,drug_35,Eb,0.30893725835254027
SHF-021,drug_35,H,0.0
SHF-021,drug_35,ve,6.913425784776043
SHF-021,drug_35,Te,13.685603436525332
SHF-021,drug_35,De,15.227742551816565
SHF-021,drug_35,khe,0.9687649245788655
SHF-021,drug_35,Th,0.6280721747543788
SHF-021,drug_35,Kbh,0.0
SHF-021,drug_35,Khe,0.0
SHF-021,drug_35,kbh,0.0
SHF-021,drug_35,CL,0.0
SHF-021,drug_35,AUC_Cb,0.0
SHF-021,drug_35,AUC_Cl,0.0
SHF-021,drug_35,AUC35_Cb,0.0
SHF-021,drug_35,AUC35_Cl,0.0
SHF-021,drug_35,RE_R1b,0.0
SHF-021,drug_35,RE_R1l,0.0
SHF-021,drug_35,RE_Sb,0.0
SHF-021,drug_35,RE_Sl,0.0
SHF-021,drug_35,T1_1,0.0
SHF-021,drug_35,T1_2,0.0
SHF-021,drug_35,t1_MOLLI,0.0
SHF-021,drug_35,t2_MOLLI,0.0
SHF-021,drug_40,BAT,0.014620742876608884
SHF-021,drug_40,CO,0.16600742786352327
SHF-021,drug_40,Thl,1.1078081335466108
SHF-021,drug_40,Dhl,4.216810309435385
SHF-021,drug_40,To,1.5729591027862613
SHF-021,drug_40,Eo,0.6428054518460801
SHF-021,drug_40,Toe,0.3726105287864222
SHF-021,drug_40,Eb,0.38296381884896163
SHF-021,drug_40,H,0.0
SHF-021,drug_40,ve,7.471721588382439
SHF-021,drug_40,Te,14.927625424415751
SHF-021,drug_40,De,18.793489043155446
SHF-021,drug_40,khe,0.9737387959304873
SHF-021,drug_40,Th,0.5399668323798907
SHF-021,drug_40,Kbh,0.0
SHF-021,drug_40,Khe,0.0
SHF-021,drug_40,kbh,0.0
SHF-021,drug_40,CL,0.0
SHF-021,drug_40,AUC_Cb,0.0
SHF-021,drug_40,AUC_Cl,0.0
SHF-021,drug_40,AUC35_Cb,0.0
SHF-021,drug_40,AUC35_Cl,0.0
SHF-021,drug_40,RE_R1b,0.0
SHF-021,drug_40,RE_R1l,0.0
SHF-021,drug_40,RE_Sb,0.0
SHF-021,drug_40,RE_Sl,0.0
SHF-021,drug_40,T1_1,0.0
SHF-021,drug_40,T1_2,0.0
SHF-021,drug_40,t1_MOLLI,0.0
SHF-021,drug_40,t2_MOLLI,0.0
SHF-022,control_05,BAT,0.027268638221015377
SHF-022,control_05,CO,0.8368304363746655
SHF-022,control_05,Thl,2.412429472776713
SHF-022,control_05,Dhl,3.1278924528966536
SHF-022,control_05,To,3.674442472802787
SHF-022,control_05,Eo,11.737202738669527
SHF-022,control_05,Toe,0.3919672030858029
SHF-022,control_05,Eb,7.850714927711692
SHF-022,control_05,H,0.0
SHF-022,control_05,ve,294.05676957258487
SHF-022,control_05,Te,482.6959516439156
SHF-022,control_05,De,66.00598177124793
SHF-022,control_05,khe,267.4522701045626
SHF-022,control_05,Th,700285.3613847384
SHF-022,control_05,Kbh,0.0
SHF-022,control_05,Khe,0.0
SHF-022,control_05,kbh,0.0
SHF-022,control_05,CL,0.0
SHF-022,control_05,AUC_Cb,0.0
SHF-022,control_05,AUC_Cl,0.0
SHF-022,control_05,AUC35_Cb,0.0
SHF-022,control_05,AUC35_Cl,0.0
SHF-022,control_05,RE_R1b,0.0
SHF-022,control_05,RE_R1l,0.0
SHF-022,control_05,RE_Sb,0.0
SHF-022,control_05,RE_Sl,0.0
SHF-022,control_05,T1_1,0.0
SHF-022,control_05,T1_2,0.0
SHF-022,control_05,t1_MOLLI,0.0
SHF-022,control_05,t2_MOLLI,0.0
SHF-022,control_10,BAT,0.077015334184615
SHF-022,control_10,CO,2.2927720908051596
SHF-022,control_10,Thl,3.640947548954497
SHF-022,control_10,Dhl,7.597333819226845
SHF-022,control_10,To,4.846988755888504
SHF-022,control_10,Eo,8.481535468246317
SHF-022,control_10,Toe,1.2581649890716358
SHF-022,control_10,Eb,5.75525979536131
SHF-022,control_10,H,0.0
SHF-022,control_10,ve,35.48940342080666
SHF-022,control_10,Te,50.82739111006701
SHF-022,control_10,De,20.10679906520632
SHF-022,control_10,khe,12.721773182794973
SHF-022,control_10,Th,1000.3268331616811
SHF-022,control_10,Kbh,0.0
SHF-022,control_10,Khe,0.0
SHF-022,control_10,kbh,0.0
SHF-022,control_10,CL,0.0
SHF-022,control_10,AUC_Cb,0.0
SHF-022,control_10,AUC_Cl,0.0
SHF-022,control_10,AUC35_Cb,0.0
SHF-022,control_10,AUC35_Cl,0.0
SHF-022,control_10,RE_R1b,0.0
SHF-022,control_10,RE_R1l,0.0
SHF-022,control_10,RE_Sb,0.0
SHF-022,control_10,RE_Sl,0.0
SHF-022,control_10,T1_1,0.0
SHF-022,control_10,T1_2,0.0
SHF-022,control_10,t1_MOLLI,0.0
SHF-022,control_10,t2_MOLLI,0.0
SHF-022,control_15,BAT,0.02294687458046627
SHF-022,control_15,CO,0.5303230408948799
SHF-022,control_15,Thl,1.8963441576769042
SHF-022,control_15,Dhl,3.3388071807652646
SHF-022,control_15,To,4.290813123019735
SHF-022,control_15,Eo,3.7741455819909593
SHF-022,control_15,Toe,1.199205909155213
SHF-022,control_15,Eb,1.7542868927016966
SHF-022,control_15,H,0.0
SHF-022,control_15,ve,21.120472677052334
SHF-022,control_15,Te,30.980579700891493
SHF-022,control_15,De,19.239655129936548
SHF-022,control_15,khe,5.349998706020388
SHF-022,control_15,Th,34.90859410381295
SHF-022,control_15,Kbh,0.0
SHF-022,control_15,Khe,0.0
SHF-022,control_15,kbh,0.0
SHF-022,control_15,CL,0.0
SHF-022,control_15,AUC_Cb,0.0
SHF-022,control_15,AUC_Cl,0.0
SHF-022,control_15,AUC35_Cb,0.0
SHF-022,control_15,AUC35_Cl,0.0
SHF-022,control_15,RE_R1b,0.0
SHF-022,control_15,RE_R1l,0.0
SHF-022,control_15,RE_Sb,0.0
SHF-022,control_15,RE_Sl,0.0
SHF-022,control_15,T1_1,0.0
SHF-022,control_15,T1_2,0.0
SHF-022,control_15,t1_MOLLI,0.0
SHF-022,control_15,t2_MOLLI,0.0
SHF-022,control_20,BAT,0.03375546084804517
SHF-022,control_20,CO,0.7837867852390867
SHF-022,control_20,Thl,2.118213967573895
SHF-022,control_20,Dhl,4.348565104878273
SHF-022,control_20,To,3.1338603890099224
SHF-022,control_20,Eo,2.0567718834450743
SHF-022,control_20,Toe,1.6322076354198414
SHF-022,control_20,Eb,1.758162000098349
SHF-022,control_20,H,0.0
SHF-022,control_20,ve,16.501748811130525
SHF-022,control_20,Te,25.038618576678548
SHF-022,control_20,De,15.772911605603795
SHF-022,control_20,khe,3.416963123124251
SHF-022,control_20,Th,20.794577657383904
SHF-022,control_20,Kbh,0.0
SHF-022,control_20,Khe,0.0
SHF-022,control_20,kbh,0.0
SHF-022,control_20,CL,0.0
SHF-022,control_20,AUC_Cb,0.0
SHF-022,control_20,AUC_Cl,0.0
SHF-022,control_20,AUC35_Cb,0.0
SHF-022,control_20,AUC35_Cl,0.0
SHF-022,control_20,RE_R1b,0.0
SHF-022,control_20,RE_R1l,0.0
SHF-022,control_20,RE_Sb,0.0
SHF-022,control_20,RE_Sl,0.0
SHF-022,control_20,T1_1,0.0
SHF-022,control_20,T1_2,0.0
SHF-022,control_20,t1_MOLLI,0.0
SHF-022,control_20,t2_MOLLI,0.0
SHF-022,control_25,BAT,0.021252558947197346
SHF-022,control_25,CO,0.43509541270212515
SHF-022,control_25,Thl,1.7326538797157387
SHF-022,control_25,Dhl,3.4549918156071544
SHF-022,control_25,To,3.138080860279265
SHF-022,control_25,Eo,1.2810147137457306
SHF-022,control_25,Toe,1.955968058326924
SHF-022,control_25,Eb,1.317505182334947
SHF-022,control_25,H,0.0
SHF-022,control_25,ve,13.63263099866257
SHF-022,control_25,Te,20.869319451108503
SHF-022,control_25,De,16.841216680351046
SHF-022,control_25,khe,2.6017169508919027
SHF-022,control_25,Th,9.878931775987589
SHF-022,control_25,Kbh,0.0
SHF-022,control_25,Khe,0.0
SHF-022,control_25,kbh,0.0
SHF-022,control_25,CL,0.0
SHF-022,control_25,AUC_Cb,0.0
SHF-022,control_25,AUC_Cl,0.0
SHF-022,control_25,AUC35_Cb,0.0
SHF-022,control_25,AUC35_Cl,0.0
SHF-022,control_25,RE_R1b,0.0
SHF-022,control_25,RE_R1l,0.0
SHF-022,control_25,RE_Sb,0.0
SHF-022,control_25,RE_Sl,0.0
SHF-022,control_25,T1_1,0.0
SHF-022,control_25,T1_2,0.0
SHF-022,control_25,t1_MOLLI,0.0
SHF-022,control_25,t2_MOLLI,0.0
SHF-022,control_30,BAT,0.02152903013208424
SHF-022,control_30,CO,0.45068524931653176
SHF-022,control_30,Thl,2.042145747765356
SHF-022,control_30,Dhl,3.8344803236252196
SHF-022,control_30,To,3.509941239185969
SHF-022,control_30,Eo,0.9834638669918947
SHF-022,control_30,Toe,2.2528993659549674
SHF-022,control_30,Eb,1.2791197890356907
SHF-022,control_30,H,0.0
SHF-022,control_30,ve,12.753858672169724
SHF-022,control_30,Te,19.677843706199468
SHF-022,control_30,De,16.510412436297816
SHF-022,control_30,khe,2.2842132391738614
SHF-022,control_30,Th,5.892250624582435
SHF-022,control_30,Kbh,0.0
SHF-022,control_30,Khe,0.0
SHF-022,control_30,kbh,0.0
SHF-022,control_30,CL,0.0
SHF-022,control_30,AUC_Cb,0.0
SHF-022,control_30,AUC_Cl,0.0
SHF-022,control_30,AUC35_Cb,0.0
SHF-022,control_30,AUC35_Cl,0.0
SHF-022,control_30,RE_R1b,0.0
SHF-022,control_30,RE_R1l,0.0
SHF-022,control_30,RE_Sb,0.0
SHF-022,control_30,RE_Sl,0.0
SHF-022,control_30,T1_1,0.0
SHF-022,control_30,T1_2,0.0
SHF-022,control_30,t1_MOLLI,0.0
SHF-022,control_30,t2_MOLLI,0.0
SHF-022,control_35,BAT,0.027391442164289
SHF-022,control_35,CO,0.6151780555647377
SHF-022,control_35,Thl,1.7082772338878793
SHF-022,control_35,Dhl,3.586967177071241
SHF-022,control_35,To,2.2250847835067904
SHF-022,control_35,Eo,1.1723392660899639
SHF-022,control_35,Toe,1.2220330219263276
SHF-022,control_35,Eb,0.837697468354549
SHF-022,control_35,H,0.0
SHF-022,control_35,ve,12.792553996361175
SHF-022,control_35,Te,19.90865044492821
SHF-022,control_35,De,18.109279628608697
SHF-022,control_35,khe,2.0614865232576443
SHF-022,control_35,Th,3.6890206661606024
SHF-022,control_35,Kbh,0.0
SHF-022,control_35,Khe,0.0
SHF-022,control_35,kbh,0.0
SHF-022,control_35,CL,0.0
SHF-022,control_35,AUC_Cb,0.0
SHF-022,control_35,AUC_Cl,0.0
SHF-022,control_35,AUC35_Cb,0.0
SHF-022,control_35,AUC35_Cl,0.0
SHF-022,control_35,RE_R1b,0.0
SHF-022,control_35,RE_R1l,0.0
SHF-022,control_35,RE_Sb,0.0
SHF-022,control_35,RE_Sl,0.0
SHF-022,control_35,T1_1,0.0
SHF-022,control_35,T1_2,0.0
SHF-022,control_35,t1_MOLLI,0.0
SHF-022,control_35,t2_MOLLI,0.0
SHF-022,control_40,BAT,0.0031413000716592533
SHF-022,control_40,CO,0.14187234343856636
SHF-022,control_40,Thl,0.28060073518146417
SHF-022,control_40,Dhl,1.500428708042001
SHF-022,control_40,To,2.1073343724539937
SHF-022,control_40,Eo,0.6126290199747387
SHF-022,control_40,Toe,0.9792760500741662
SHF-022,control_40,Eb,0.5550050175602321
SHF-022,control_40,H,0.0
SHF-022,control_40,ve,12.707835497419035
SHF-022,control_40,Te,23.58814885275154
SHF-022,control_40,De,21.93806703380106
SHF-022,control_40,khe,1.1883753810619198
SHF-022,control_40,Th,1.986333711497697
SHF-022,control_40,Kbh,0.0
SHF-022,control_40,Khe,0.0
SHF-022,control_40,kbh,0.0
SHF-022,control_40,CL,0.0
SHF-022,control_40,AUC_Cb,0.0
SHF-022,control_40,AUC_Cl,0.0
SHF-022,control_40,AUC35_Cb,0.0
SHF-022,control_40,AUC35_Cl,0.0
SHF-022,control_40,RE_R1b,0.0
SHF-022,control_40,RE_R1l,0.0
SHF-022,control_40,RE_Sb,0.0
SHF-022,control_40,RE_Sl,0.0
SHF-022,control_40,T1_1,0.0
SHF-022,control_40,T1_2,0.0
SHF-022,control_40,t1_MOLLI,0.0
SHF-022,control_40,t2_MOLLI,0.0
SHF-022,drug_05,BAT,0.04969189201590576
SHF-022,drug_05,CO,0.42590874064534895
SHF-022,drug_05,Thl,3.7144448516773694
SHF-022,drug_05,Dhl,3.6858519380890638
SHF-022,drug_05,To,8.610615807608907
SHF-022,drug_05,Eo,9.702425471648333
SHF-022,drug_05,Toe,0.8237052671748947
SHF-022,drug_05,Eb,15.661813018512644
SHF-022,drug_05,H,0.0
SHF-022,drug_05,ve,302.36505066870836
SHF-022,drug_05,Te,386.7927804909808
SHF-022,drug_05,De,124.388012684557
SHF-022,drug_05,khe,151.7218134288795
SHF-022,drug_05,Th,73.64695582526834
SHF-022,drug_05,Kbh,0.0
SHF-022,drug_05,Khe,0.0
SHF-022,drug_05,kbh,0.0
SHF-022,drug_05,CL,0.0
SHF-022,drug_05,AUC_Cb,0.0
SHF-022,drug_05,AUC_Cl,0.0
SHF-022,drug_05,AUC35_Cb,0.0
SHF-022,drug_05,AUC35_Cl,0.0
SHF-022,drug_05,RE_R1b,0.0
SHF-022,drug_05,RE_R1l,0.0
SHF-022,drug_05,RE_Sb,0.0
SHF-022,drug_05,RE_Sl,0.0
SHF-022,drug_05,T1_1,0.0
SHF-022,drug_05,T1_2,0.0
SHF-022,drug_05,t1_MOLLI,0.0
SHF-022,drug_05,t2_MOLLI,0.0
SHF-022,drug_10,BAT,0.04160713926567082
SHF-022,drug_10,CO,0.4478397091258857
SHF-022,drug_10,Thl,2.4995945099439196
SHF-022,drug_10,Dhl,16.07781054379838
SHF-022,drug_10,To,8.617465314829422
SHF-022,drug_10,Eo,7.442815669997008
SHF-022,drug_10,Toe,3.596551104405063
SHF-022,drug_10,Eb,16.81530035463638
SHF-022,drug_10,H,0.0
SHF-022,drug_10,ve,36.35310244413842
SHF-022,drug_10,Te,51.866324490309346
SHF-022,drug_10,De,18.353865008078742
SHF-022,drug_10,khe,9.632727260112212
SHF-022,drug_10,Th,30.88846024372459
SHF-022,drug_10,Kbh,0.0
SHF-022,drug_10,Khe,0.0
SHF-022,drug_10,kbh,0.0
SHF-022,drug_10,CL,0.0
SHF-022,drug_10,AUC_Cb,0.0
SHF-022,drug_10,AUC_Cl,0.0
SHF-022,drug_10,AUC35_Cb,0.0
SHF-022,drug_10,AUC35_Cl,0.0
SHF-022,drug_10,RE_R1b,0.0
SHF-022,drug_10,RE_R1l,0.0
SHF-022,drug_10,RE_Sb,0.0
SHF-022,drug_10,RE_Sl,0.0
SHF-022,drug_10,T1_1,0.0
SHF-022,drug_10,T1_2,0.0
SHF-022,drug_10,t1_MOLLI,0.0
SHF-022,drug_10,t2_MOLLI,0.0
SHF-022,drug_15,BAT,0.023359628621146173
SHF-022,drug_15,CO,0.30245916693251895
SHF-022,drug_15,Thl,1.3623161210156627
SHF-022,drug_15,Dhl,6.990210563190616
SHF-022,drug_15,To,5.9406144776396275
SHF-022,drug_15,Eo,3.1681983074617155
SHF-022,drug_15,Toe,0.9672351667571338
SHF-022,drug_15,Eb,2.181642866138398
SHF-022,drug_15,H,0.0
SHF-022,drug_15,ve,20.860375533630627
SHF-022,drug_15,Te,30.78651085280335
SHF-022,drug_15,De,11.684798128024985
SHF-022,drug_15,khe,4.165213066543277
SHF-022,drug_15,Th,10.032747134836946
SHF-022,drug_15,Kbh,0.0
SHF-022,drug_15,Khe,0.0
SHF-022,drug_15,kbh,0.0
SHF-022,drug_15,CL,0.0
SHF-022,drug_15,AUC_Cb,0.0
SHF-022,drug_15,AUC_Cl,0.0
SHF-022,drug_15,AUC35_Cb,0.0
SHF-022,drug_15,AUC35_Cl,0.0
SHF-022,drug_15,RE_R1b,0.0
SHF-022,drug_15,RE_R1l,0.0
SHF-022,drug_15,RE_Sb,0.0
SHF-022,drug_15,RE_Sl,0.0
SHF-022,drug_15,T1_1,0.0
SHF-022,drug_15,T1_2,0.0
SHF-022,drug_15,t1_MOLLI,0.0
SHF-022,drug_15,t2_MOLLI,0.0
SHF-022,drug_20,BAT,0.023422204432644526
SHF-022,drug_20,CO,0.24746814704694248
SHF-022,drug_20,Thl,1.4453594370332428
SHF-022,drug_20,Dhl,4.4069091927923925
SHF-022,drug_20,To,4.654171787515447
SHF-022,drug_20,Eo,2.473396313348515
SHF-022,drug_20,Toe,0.7569558524701997
SHF-022,drug_20,Eb,1.3292856379572882
SHF-022,drug_20,H,0.0
SHF-022,drug_20,ve,17.070474840184467
SHF-022,drug_20,Te,25.731103631788958
SHF-022,drug_20,De,10.110375602852812
SHF-022,drug_20,khe,2.883402199756434
SHF-022,drug_20,Th,5.0740022718060365
SHF-022,drug_20,Kbh,0.0
SHF-022,drug_20,Khe,0.0
SHF-022,drug_20,kbh,0.0
SHF-022,drug_20,CL,0.0
SHF-022,drug_20,AUC_Cb,0.0
SHF-022,drug_20,AUC_Cl,0.0
SHF-022,drug_20,AUC35_Cb,0.0
SHF-022,drug_20,AUC35_Cl,0.0
SHF-022,drug_20,RE_R1b,0.0
SHF-022,drug_20,RE_R1l,0.0
SHF-022,drug_20,RE_Sb,0.0
SHF-022,drug_20,RE_Sl,0.0
SHF-022,drug_20,T1_1,0.0
SHF-022,drug_20,T1_2,0.0
SHF-022,drug_20,t1_MOLLI,0.0
SHF-022,drug_20,t2_MOLLI,0.0
SHF-022,drug_25,BAT,0.036172191334965346
SHF-022,drug_25,CO,0.3866777410027224
SHF-022,drug_25,Thl,2.168823710449818
SHF-022,drug_25,Dhl,18.17274525453049
SHF-022,drug_25,To,4.582503257461371
SHF-022,drug_25,Eo,2.3012036480732467
SHF-022,drug_25,Toe,0.6251833423499791
SHF-022,drug_25,Eb,0.8691824031559237
SHF-022,drug_25,H,0.0
SHF-022,drug_25,ve,14.692771606800983
SHF-022,drug_25,Te,22.467121756279003
SHF-022,drug_25,De,9.002787396030424
SHF-022,drug_25,khe,2.2406136325847736
SHF-022,drug_25,Th,3.363465581699374
SHF-022,drug_25,Kbh,0.0
SHF-022,drug_25,Khe,0.0
SHF-022,drug_25,kbh,0.0
SHF-022,drug_25,CL,0.0
SHF-022,drug_25,AUC_Cb,0.0
SHF-022,drug_25,AUC_Cl,0.0
SHF-022,drug_25,AUC35_Cb,0.0
SHF-022,drug_25,AUC35_Cl,0.0
SHF-022,drug_25,RE_R1b,0.0
SHF-022,drug_25,RE_R1l,0.0
SHF-022,drug_25,RE_Sb,0.0
SHF-022,drug_25,RE_Sl,0.0
SHF-022,drug_25,T1_1,0.0
SHF-022,drug_25,T1_2,0.0
SHF-022,drug_25,t1_MOLLI,0.0
SHF-022,drug_25,t2_MOLLI,0.0
SHF-022,drug_30,BAT,0.030284599864124115
SHF-022,drug_30,CO,0.34298043845233744
SHF-022,drug_30,Thl,2.557980024319796
SHF-022,drug_30,Dhl,2.7995156421779055
SHF-022,drug_30,To,3.213809474852606
SHF-022,drug_30,Eo,1.8405344112570714
SHF-022,drug_30,Toe,0.5351190103191145
SHF-022,drug_30,Eb,0.8066785063049022
SHF-022,drug_30,H,0.0
SHF-022,drug_30,ve,16.95257190865754
SHF-022,drug_30,Te,26.20996110919749
SHF-022,drug_30,De,11.76844539890949
SHF-022,drug_30,khe,2.273433314604688
SHF-022,drug_30,Th,1.811666642580246
SHF-022,drug_30,Kbh,0.0
SHF-022,drug_30,Khe,0.0
SHF-022,drug_30,kbh,0.0
SHF-022,drug_30,CL,0.0
SHF-022,drug_30,AUC_Cb,0.0
SHF-022,drug_30,AUC_Cl,0.0
SHF-022,drug_30,AUC35_Cb,0.0
SHF-022,drug_30,AUC35_Cl,0.0
SHF-022,drug_30,RE_R1b,0.0
SHF-022,drug_30,RE_R1l,0.0
SHF-022,drug_30,RE_Sb,0.0
SHF-022,drug_30,RE_Sl,0.0
SHF-022,drug_30,T1_1,0.0
SHF-022,drug_30,T1_2,0.0
SHF-022,drug_30,t1_MOLLI,0.0
SHF-022,drug_30,t2_MOLLI,0.0
SHF-022,drug_35,BAT,0.028916797558452556
SHF-022,drug_35,CO,0.4677698892215511
SHF-022,drug_35,Thl,2.4192882265232005
SHF-022,drug_35,Dhl,11.337316883260602
SHF-022,drug_35,To,3.6206774278166263
SHF-022,drug_35,Eo,1.3018605567855615
SHF-022,drug_35,Toe,0.6923049418453121
SHF-022,drug_35,Eb,0.7942467585385073
SHF-022,drug_35,H,0.0
SHF-022,drug_35,ve,17.196250572102823
SHF-022,drug_35,Te,26.866636880639454
SHF-022,drug_35,De,14.109572626045836
SHF-022,drug_35,khe,2.173017851980794
SHF-022,drug_35,Th,1.3773583500525504
SHF-022,drug_35,Kbh,0.0
SHF-022,drug_35,Khe,0.0
SHF-022,drug_35,kbh,0.0
SHF-022,drug_35,CL,0.0
SHF-022,drug_35,AUC_Cb,0.0
SHF-022,drug_35,AUC_Cl,0.0
SHF-022,drug_35,AUC35_Cb,0.0
SHF-022,drug_35,AUC35_Cl,0.0
SHF-022,drug_35,RE_R1b,0.0
SHF-022,drug_35,RE_R1l,0.0
SHF-022,drug_35,RE_Sb,0.0
SHF-022,drug_35,RE_Sl,0.0
SHF-022,drug_35,T1_1,0.0
SHF-022,drug_35,T1_2,0.0
SHF-022,drug_35,t1_MOLLI,0.0
SHF-022,drug_35,t2_MOLLI,0.0
SHF-022,drug_40,BAT,0.13820647245044632
SHF-022,drug_40,CO,1.4848065341976393
SHF-022,drug_40,Thl,9.4859013693177
SHF-022,drug_40,Dhl,60.83015075547566
SHF-022,drug_40,To,3.3640411537360984
SHF-022,drug_40,Eo,3.362256199028843
SHF-022,drug_40,Toe,0.9544863473684145
SHF-022,drug_40,Eb,1.7938960760958693
SHF-022,drug_40,H,0.0
SHF-022,drug_40,ve,17.01342649746647
SHF-022,drug_40,Te,26.53699471272034
SHF-022,drug_40,De,15.102639614403737
SHF-022,drug_40,khe,2.0763030187723803
SHF-022,drug_40,Th,1.1341785077914284
SHF-022,drug_40,Kbh,0.0
SHF-022,drug_40,Khe,0.0
SHF-022,drug_40,kbh,0.0
SHF-022,drug_40,CL,0.0
SHF-022,drug_40,AUC_Cb,0.0
SHF-022,drug_40,AUC_Cl,0.0
SHF-022,drug_40,AUC35_Cb,0.0
SHF-022,drug_40,AUC35_Cl,0.0
SHF-022,drug_40,RE_R1b,0.0
SHF-022,drug_40,RE_R1l,0.0
SHF-022,drug_40,RE_Sb,0.0
SHF-022,drug_40,RE_Sl,0.0
SHF-022,drug_40,T1_1,0.0
SHF-022,drug_40,T1_2,0.0
SHF-022,drug_40,t1_MOLLI,0.0
SHF-022,drug_40,t2_MOLLI,0.0
