subject,study,parameter,value
SHF-009,control_35,BAT,1.138140175510884
SHF-009,control_35,CO,8.979581510864296
SHF-009,control_35,Thl,29.786805993572308
SHF-009,control_35,Dhl,64.89936332074407
SHF-009,control_35,To,41.06115931654389
SHF-009,control_35,Eo,23.36532012003696
SHF-009,control_35,Toe,8.886745862550928
SHF-009,control_35,Eb,1.0633409804352325
SHF-009,control_35,H,45.0
SHF-009,control_35,ve,19.008070875726027
SHF-009,control_35,Te,29.398970880442345
SHF-009,control_35,De,79.19853300513078
SHF-009,control_35,khe,29.649119480919314
SHF-009,control_35,Th,42.576671748902456
SHF-009,control_35,Kbh,2.34870401777184
SHF-009,control_35,Khe,155.98173888746533
SHF-009,control_35,kbh,1.902260693412744
SHF-009,control_35,CL,0.23628751636033207
SHF-009,control_35,AUC_Cb,118.37946645574574
SHF-009,control_35,AUC_Cl,1257.0047372182275
SHF-009,control_35,AUC35_Cb,32.764763119654624
SHF-009,control_35,AUC35_Cl,162.9705423987485
SHF-009,control_35,RE_R1b,20.55691993075238
SHF-009,control_35,RE_R1l,65.47439317171133
SHF-009,control_35,RE_Sb,27.209192369836316
SHF-009,control_35,RE_Sl,56.30155916244271
SHF-009,control_35,T1_1,0.76084
SHF-009,control_35,T1_2,0.42171
SHF-009,control_35,t1_MOLLI,9.10138888888889
SHF-009,control_35,t2_MOLLI,9.93361111111111
