subject,study,parameter,value
SHF-009,control_35,BAT,0.00900722710261396
SHF-009,control_35,CO,0.22123506897694703
SHF-009,control_35,Thl,1.119904182014332
SHF-009,control_35,Dhl,1.1904795914112027
SHF-009,control_35,To,2.4681093068597155
SHF-009,control_35,Eo,0.6885265189932379
SHF-009,control_35,Toe,0.8748474958352982
SHF-009,control_35,Eb,0.7224287300797962
SHF-009,control_35,H,0
SHF-009,control_35,ve,3.4981213943426757
SHF-009,control_35,Te,8.302968508411386
SHF-009,control_35,De,12.253888052360063
SHF-009,control_35,khe,0.6848075240568079
SHF-009,control_35,Th,2.5010474766234156
SHF-009,control_35,Kbh,0
SHF-009,control_35,Khe,0
SHF-009,control_35,kbh,0
SHF-009,control_35,CL,0.0
SHF-009,control_35,AUC_Cb,0
SHF-009,control_35,AUC_Cl,0
SHF-009,control_35,AUC35_Cb,0
SHF-009,control_35,AUC35_Cl,0
SHF-009,control_35,RE_R1b,0
SHF-009,control_35,RE_R1l,0
SHF-009,control_35,RE_Sb,0
SHF-009,control_35,RE_Sl,0
SHF-009,control_35,T1_1,0
SHF-009,control_35,T1_2,0
SHF-009,control_35,t1_MOLLI,0
SHF-009,control_35,t2_MOLLI,0
