subject,study,parameter,value
SHF-022,control_40,BAT,1.2699866505640798
SHF-022,control_40,CO,8.330349470631143
SHF-022,control_40,Thl,11.932502689111452
SHF-022,control_40,Dhl,66.44354324412166
SHF-022,control_40,To,46.5111254966046
SHF-022,control_40,Eo,19.804088852112375
SHF-022,control_40,Toe,10.78218913373861
SHF-022,control_40,Eb,4.208764845274027
SHF-022,control_40,H,45.0
SHF-022,control_40,ve,15.825592819038247
SHF-022,control_40,Te,31.072167338863235
SHF-022,control_40,De,75.52409121005239
SHF-022,control_40,khe,52.33411100193131
SHF-022,control_40,Th,44.05176610239584
SHF-022,control_40,Kbh,2.270056545918174
SHF-022,control_40,Khe,330.6928947329744
SHF-022,control_40,kbh,1.9108066401992398
SHF-022,control_40,CL,0.5953076321794293
SHF-022,control_40,AUC_Cb,52.51229331482952
SHF-022,control_40,AUC_Cl,1098.1079903472144
SHF-022,control_40,AUC35_Cb,23.30957503429813
SHF-022,control_40,AUC35_Cl,216.1068724741927
SHF-022,control_40,RE_R1b,12.968325313269371
SHF-022,control_40,RE_R1l,87.44814129096487
SHF-022,control_40,RE_Sb,17.507578276760057
SHF-022,control_40,RE_Sl,75.22249911564923
SHF-022,control_40,T1_1,0.75858
SHF-022,control_40,T1_2,0.36546
SHF-022,control_40,t1_MOLLI,13.748333333333333
SHF-022,control_40,t2_MOLLI,14.633333333333333
