subject,study,parameter,value
SHF-022,control_40,BAT,0.0031413000716592533
SHF-022,control_40,CO,0.14187234343856636
SHF-022,control_40,Thl,0.28060073518146417
SHF-022,control_40,Dhl,1.500428708042001
SHF-022,control_40,To,2.1073343724539937
SHF-022,control_40,Eo,0.6126290199747387
SHF-022,control_40,Toe,0.9792760500741662
SHF-022,control_40,Eb,0.5550050175602321
SHF-022,control_40,H,0
SHF-022,control_40,ve,12.707835497419035
SHF-022,control_40,Te,23.58814885275154
SHF-022,control_40,De,21.93806703380106
SHF-022,control_40,khe,1.1883753810619198
SHF-022,control_40,Th,1.986333711497697
SHF-022,control_40,Kbh,0
SHF-022,control_40,Khe,0
SHF-022,control_40,kbh,0
SHF-022,control_40,CL,0.0
SHF-022,control_40,AUC_Cb,0
SHF-022,control_40,AUC_Cl,0
SHF-022,control_40,AUC35_Cb,0
SHF-022,control_40,AUC35_Cl,0
SHF-022,control_40,RE_R1b,0
SHF-022,control_40,RE_R1l,0
SHF-022,control_40,RE_Sb,0
SHF-022,control_40,RE_Sl,0
SHF-022,control_40,T1_1,0
SHF-022,control_40,T1_2,0
SHF-022,control_40,t1_MOLLI,0
SHF-022,control_40,t2_MOLLI,0
