subject,study,parameter,value
SHF-014,drug_15,BAT,0.006628604863060187
SHF-014,drug_15,CO,0.33623334587449716
SHF-014,drug_15,Thl,0.5231648035745649
SHF-014,drug_15,Dhl,2.1197282669533744
SHF-014,drug_15,To,3.250721299884602
SHF-014,drug_15,Eo,1.4010228432145149
SHF-014,drug_15,Toe,1.6110977676883729
SHF-014,drug_15,Eb,2.2022566510120365
SHF-014,drug_15,H,0
SHF-014,drug_15,ve,9.89580588700187
SHF-014,drug_15,Te,16.953155424423052
SHF-014,drug_15,De,14.977043232527521
SHF-014,drug_15,khe,2.7398185414464606
SHF-014,drug_15,Th,3.692517301466949
SHF-014,drug_15,Kbh,0
SHF-014,drug_15,Khe,0
SHF-014,drug_15,kbh,0
SHF-014,drug_15,CL,0.0
SHF-014,drug_15,AUC_Cb,0
SHF-014,drug_15,AUC_Cl,0
SHF-014,drug_15,AUC35_Cb,0
SHF-014,drug_15,AUC35_Cl,0
SHF-014,drug_15,RE_R1b,0
SHF-014,drug_15,RE_R1l,0
SHF-014,drug_15,RE_Sb,0
SHF-014,drug_15,RE_Sl,0
SHF-014,drug_15,T1_1,0
SHF-014,drug_15,T1_2,0
SHF-014,drug_15,t1_MOLLI,0
SHF-014,drug_15,t2_MOLLI,0
