subject,study,parameter,value
SHF-004,drug_05,BAT,0.01747193446549396
SHF-004,drug_05,CO,0.2790986255516005
SHF-004,drug_05,Thl,1.3265559318605176
SHF-004,drug_05,Dhl,2.193670110100004
SHF-004,drug_05,To,3.0433864701387265
SHF-004,drug_05,Eo,9.813906779096094
SHF-004,drug_05,Toe,0.20721607233794195
SHF-004,drug_05,Eb,1.9435470355789453
SHF-004,drug_05,H,0
SHF-004,drug_05,ve,272.84988484148226
SHF-004,drug_05,Te,11.448358400043237
SHF-004,drug_05,De,11.309112463496582
SHF-004,drug_05,khe,11.007180122801834
SHF-004,drug_05,Th,2516603.418351495
SHF-004,drug_05,Kbh,0
SHF-004,drug_05,Khe,0
SHF-004,drug_05,kbh,0
SHF-004,drug_05,CL,0.0
SHF-004,drug_05,AUC_Cb,0
SHF-004,drug_05,AUC_Cl,0
SHF-004,drug_05,AUC35_Cb,0
SHF-004,drug_05,AUC35_Cl,0
SHF-004,drug_05,RE_R1b,0
SHF-004,drug_05,RE_R1l,0
SHF-004,drug_05,RE_Sb,0
SHF-004,drug_05,RE_Sl,0
SHF-004,drug_05,T1_1,0
SHF-004,drug_05,T1_2,0
SHF-004,drug_05,t1_MOLLI,0
SHF-004,drug_05,t2_MOLLI,0
