subject,study,parameter,value
LDS-009,drug_15,BAT,0.009938813944656016
LDS-009,drug_15,CO,0.12110529032213323
LDS-009,drug_15,Thl,0.7276311232563315
LDS-009,drug_15,Dhl,1.1019266214537067
LDS-009,drug_15,To,3.9888409680907326
LDS-009,drug_15,Eo,1.9078311150588223
LDS-009,drug_15,Toe,2.132251174043281
LDS-009,drug_15,Eb,2.5335821397854863
LDS-009,drug_15,H,0
LDS-009,drug_15,ve,2.082264464685549
LDS-009,drug_15,Te,8.063182599445952
LDS-009,drug_15,De,5.488639052197901
LDS-009,drug_15,khe,1.3042113647543028
LDS-009,drug_15,Th,50.982481682055386
LDS-009,drug_15,Kbh,0
LDS-009,drug_15,Khe,0
LDS-009,drug_15,kbh,0
LDS-009,drug_15,CL,0.0
LDS-009,drug_15,AUC_Cb,0
LDS-009,drug_15,AUC_Cl,0
LDS-009,drug_15,AUC35_Cb,0
LDS-009,drug_15,AUC35_Cl,0
LDS-009,drug_15,RE_R1b,0
LDS-009,drug_15,RE_R1l,0
LDS-009,drug_15,RE_Sb,0
LDS-009,drug_15,RE_Sl,0
LDS-009,drug_15,T1_1,0
LDS-009,drug_15,T1_2,0
LDS-009,drug_15,t1_MOLLI,0
LDS-009,drug_15,t2_MOLLI,0
