subject,study,parameter,value
LDS-009,drug_20,BAT,0.023204157154014766
LDS-009,drug_20,CO,0.14079051411964158
LDS-009,drug_20,Thl,1.6361012182880763
LDS-009,drug_20,Dhl,2.2283018699186514
LDS-009,drug_20,To,3.4972362297698147
LDS-009,drug_20,Eo,1.342149326971052
LDS-009,drug_20,Toe,1.7067033410584496
LDS-009,drug_20,Eb,1.5066655445877546
LDS-009,drug_20,H,0
LDS-009,drug_20,ve,1.4113110516463572
LDS-009,drug_20,Te,6.1541782819547945
LDS-009,drug_20,De,4.429012914926837
LDS-009,drug_20,khe,0.6101677476282644
LDS-009,drug_20,Th,170.0162747535501
LDS-009,drug_20,Kbh,0
LDS-009,drug_20,Khe,0
LDS-009,drug_20,kbh,0
LDS-009,drug_20,CL,0.0
LDS-009,drug_20,AUC_Cb,0
LDS-009,drug_20,AUC_Cl,0
LDS-009,drug_20,AUC35_Cb,0
LDS-009,drug_20,AUC35_Cl,0
LDS-009,drug_20,RE_R1b,0
LDS-009,drug_20,RE_R1l,0
LDS-009,drug_20,RE_Sb,0
LDS-009,drug_20,RE_Sl,0
LDS-009,drug_20,T1_1,0
LDS-009,drug_20,T1_2,0
LDS-009,drug_20,t1_MOLLI,0
LDS-009,drug_20,t2_MOLLI,0
