subject,study,parameter,value
LDS-008,drug,BAT,0.004426366376181304
LDS-008,drug,CO,0.2132638165647528
LDS-008,drug,Thl,0.5884691963379254
LDS-008,drug,Dhl,0.8944030500695135
LDS-008,drug,To,0.9594481998527505
LDS-008,drug,Eo,0.3524510053214369
LDS-008,drug,Toe,0.5772627771119877
LDS-008,drug,Eb,0.1903997274635542
LDS-008,drug,H,0
LDS-008,drug,ve,0.6693951628833417
LDS-008,drug,Te,2.3692100744984264
LDS-008,drug,De,5.434881651878333
LDS-008,drug,khe,0.11206783089124465
LDS-008,drug,Th,1031.7895353839494
LDS-008,drug,Kbh,0
LDS-008,drug,Khe,0
LDS-008,drug,kbh,0
LDS-008,drug,CL,0.0
LDS-008,drug,AUC_Cb,0
LDS-008,drug,AUC_Cl,0
LDS-008,drug,AUC35_Cb,0
LDS-008,drug,AUC35_Cl,0
LDS-008,drug,RE_R1b,0
LDS-008,drug,RE_R1l,0
LDS-008,drug,RE_Sb,0
LDS-008,drug,RE_Sl,0
LDS-008,drug,T1_1,0
LDS-008,drug,T1_2,0
LDS-008,drug,t1_MOLLI,0
LDS-008,drug,t2_MOLLI,0
