subject,study,parameter,value
SHF-022,drug_25,BAT,0.036172191334965346
SHF-022,drug_25,CO,0.3866777410027224
SHF-022,drug_25,Thl,2.168823710449818
SHF-022,drug_25,Dhl,18.17274525453049
SHF-022,drug_25,To,4.582503257461371
SHF-022,drug_25,Eo,2.3012036480732467
SHF-022,drug_25,Toe,0.6251833423499791
SHF-022,drug_25,Eb,0.8691824031559237
SHF-022,drug_25,H,0
SHF-022,drug_25,ve,14.692771606800983
SHF-022,drug_25,Te,22.467121756279003
SHF-022,drug_25,De,9.002787396030424
SHF-022,drug_25,khe,2.2406136325847736
SHF-022,drug_25,Th,3.363465581699374
SHF-022,drug_25,Kbh,0
SHF-022,drug_25,Khe,0
SHF-022,drug_25,kbh,0
SHF-022,drug_25,CL,0.0
SHF-022,drug_25,AUC_Cb,0
SHF-022,drug_25,AUC_Cl,0
SHF-022,drug_25,AUC35_Cb,0
SHF-022,drug_25,AUC35_Cl,0
SHF-022,drug_25,RE_R1b,0
SHF-022,drug_25,RE_R1l,0
SHF-022,drug_25,RE_Sb,0
SHF-022,drug_25,RE_Sl,0
SHF-022,drug_25,T1_1,0
SHF-022,drug_25,T1_2,0
SHF-022,drug_25,t1_MOLLI,0
SHF-022,drug_25,t2_MOLLI,0
