subject,study,parameter,value
SHF-003,control,BAT,1.2308942397903997
SHF-003,control,CO,10.120880525696196
SHF-003,control,Thl,18.08165295768901
SHF-003,control,Dhl,61.638807304081254
SHF-003,control,To,29.804379911395124
SHF-003,control,Eo,17.316203905215467
SHF-003,control,Toe,10.833142971211787
SHF-003,control,Eb,2.9052828977578877
SHF-003,control,H,45.0
SHF-003,control,ve,28.068090476148566
SHF-003,control,Te,24.283475267459817
SHF-003,control,De,82.12757754016963
SHF-003,control,khe,39.835591793651226
SHF-003,control,Th,55.13799262787106
SHF-003,control,Kbh,1.81363149498214
SHF-003,control,Khe,141.92483748583587
SHF-003,control,kbh,1.3045797660666272
SHF-003,control,CL,0.38408609087964873
SHF-003,control,AUC_Cb,78.6780635603403
SHF-003,control,AUC_Cl,1483.6204415156787
SHF-003,control,AUC35_Cb,31.93784250958069
SHF-003,control,AUC35_Cl,243.35747719281554
SHF-003,control,RE_R1b,18.420292080564256
SHF-003,control,RE_R1l,93.17118263593937
SHF-003,control,RE_Sb,20.505215281018064
SHF-003,control,RE_Sl,85.6064658906066
SHF-003,control,T1_1,0.72478
SHF-003,control,T1_2,0.35727
SHF-003,control,t1_MOLLI,8.8975
SHF-003,control,t2_MOLLI,9.759722222222223
