subject,study,parameter,value
SHF-003,control,BAT,0.012438464241540905
SHF-003,control,CO,0.25222388109246763
SHF-003,control,Thl,1.1185416672041588
SHF-003,control,Dhl,2.0551333442959905
SHF-003,control,To,1.2248075878294953
SHF-003,control,Eo,0.43413984380872184
SHF-003,control,Toe,0.6893409837323875
SHF-003,control,Eb,0.3972809878343554
SHF-003,control,H,0
SHF-003,control,ve,2.6073096003255727
SHF-003,control,Te,4.01145096519414
SHF-003,control,De,6.412470769942558
SHF-003,control,khe,0.6039571083589815
SHF-003,control,Th,2.388680068922637
SHF-003,control,Kbh,0
SHF-003,control,Khe,0
SHF-003,control,kbh,0
SHF-003,control,CL,0.0
SHF-003,control,AUC_Cb,0
SHF-003,control,AUC_Cl,0
SHF-003,control,AUC35_Cb,0
SHF-003,control,AUC35_Cl,0
SHF-003,control,RE_R1b,0
SHF-003,control,RE_R1l,0
SHF-003,control,RE_Sb,0
SHF-003,control,RE_Sl,0
SHF-003,control,T1_1,0
SHF-003,control,T1_2,0
SHF-003,control,t1_MOLLI,0
SHF-003,control,t2_MOLLI,0
