subject,study,parameter,value
LDS-008,drug_20,BAT,0.008923973153304938
LDS-008,drug_20,CO,0.2936257328989694
LDS-008,drug_20,Thl,0.6927556279420801
LDS-008,drug_20,Dhl,2.4377313615938054
LDS-008,drug_20,To,1.3185128849447483
LDS-008,drug_20,Eo,0.7093103616540274
LDS-008,drug_20,Toe,0.8287117986514329
LDS-008,drug_20,Eb,0.6382857581624963
LDS-008,drug_20,H,0
LDS-008,drug_20,ve,1.2795315949468555
LDS-008,drug_20,Te,3.3375343392094923
LDS-008,drug_20,De,7.7189973100049585
LDS-008,drug_20,khe,0.8595863456362187
LDS-008,drug_20,Th,5.661195075589569
LDS-008,drug_20,Kbh,0
LDS-008,drug_20,Khe,0
LDS-008,drug_20,kbh,0
LDS-008,drug_20,CL,0.0
LDS-008,drug_20,AUC_Cb,0
LDS-008,drug_20,AUC_Cl,0
LDS-008,drug_20,AUC35_Cb,0
LDS-008,drug_20,AUC35_Cl,0
LDS-008,drug_20,RE_R1b,0
LDS-008,drug_20,RE_R1l,0
LDS-008,drug_20,RE_Sb,0
LDS-008,drug_20,RE_Sl,0
LDS-008,drug_20,T1_1,0
LDS-008,drug_20,T1_2,0
LDS-008,drug_20,t1_MOLLI,0
LDS-008,drug_20,t2_MOLLI,0
