subject,study,parameter,value
SHF-016,control,S02a,43114.59453544439
SHF-016,control,S02l,16420.290509604958
SHF-016,control,BAT2,123.03088531793769
SHF-016,control,BAT,1.1961999385562836
SHF-016,control,CO,13.716934900774113
SHF-016,control,Thl,14.323139878372295
SHF-016,control,Dhl,47.050139816978536
SHF-016,control,To,23.799378059899514
SHF-016,control,Eo,16.56157995429071
SHF-016,control,Toe,11.48960374950074
SHF-016,control,Eb,4.147245425835205
SHF-016,control,H,45.0
SHF-016,control,ve,1.0012571772318977
SHF-016,control,Te,0.27417145929325876
SHF-016,control,De,6.894005344959836
SHF-016,control,khe_i,72.31486011880123
SHF-016,control,khe_f,146.18834581524538
SHF-016,control,Th_i,28.22912774011696
SHF-016,control,Th_f,27.324173068377014
SHF-016,control,Th,27.776650404246986
SHF-016,control,khe,109.2516029670233
SHF-016,control,Kbh,3.600146113539674
SHF-016,control,Khe,10911.442679398633
SHF-016,control,kbh,3.564099392187023
SHF-016,control,kbh_i,3.5069713713498514
SHF-016,control,kbh_f,3.6231194472026664
SHF-016,control,CL,1.0267914145428836
SHF-016,control,AUC_Cb,33.85846160045036
SHF-016,control,AUC_Cl,816.1126577474288
SHF-016,control,AUC35_Cb,16.74816359652695
SHF-016,control,AUC35_Cl,229.53304829474013
SHF-016,control,RE_R1b,8.826182354675598
SHF-016,control,RE_R1l,67.64500317001986
SHF-016,control,RE_Sb,7.938001949772203
SHF-016,control,RE_Sl,61.41300965657216
SHF-016,control,T1_1,0.65575
SHF-016,control,T1_2,0.41641
SHF-016,control,t1_MOLLI,11.832777777777778
SHF-016,control,t2_MOLLI,12.673333333333334
SHF-016,control,T1_3,0.58513
SHF-016,control,t3_MOLLI,13.8225
SHF-016,control,t0,11.980277777777777
SHF-016,control,t1,12.666944444444445
SHF-016,control,t2,13.945
SHF-016,control,t3,14.630555555555556
SHF-016,control,dt1,2.0
SHF-016,control,dt2,2.0
