subject,study,parameter,value
SHF-016,control,S02a,129.08647694730155
SHF-016,control,S02l,464.6913044985313
SHF-016,control,BAT2,0.005441771876601309
SHF-016,control,BAT,0.005590818512496899
SHF-016,control,CO,0.27046969061695647
SHF-016,control,Thl,0.4033818625756473
SHF-016,control,Dhl,1.6396273604855183
SHF-016,control,To,1.1223762426509323
SHF-016,control,Eo,0.48405826148947273
SHF-016,control,Toe,0.7595147485853854
SHF-016,control,Eb,0.34001743623048025
SHF-016,control,H,0
SHF-016,control,ve,5.250108365098143
SHF-016,control,Te,5.994458256714866
SHF-016,control,De,7501.176827562469
SHF-016,control,khe_i,1.40740920520286
SHF-016,control,khe_f,7.0304981486088645
SHF-016,control,Th_i,1.2232944796607161
SHF-016,control,Th_f,1.063819127339832
SHF-016,control,Th,0.0
SHF-016,control,khe,0
SHF-016,control,Kbh,0
SHF-016,control,Khe,0
SHF-016,control,kbh,0
SHF-016,control,kbh_i,0
SHF-016,control,kbh_f,0
SHF-016,control,CL,0.0
SHF-016,control,AUC_Cb,0
SHF-016,control,AUC_Cl,0
SHF-016,control,AUC35_Cb,0
SHF-016,control,AUC35_Cl,0
SHF-016,control,RE_R1b,0
SHF-016,control,RE_R1l,0
SHF-016,control,RE_Sb,0
SHF-016,control,RE_Sl,0
SHF-016,control,T1_1,0
SHF-016,control,T1_2,0
SHF-016,control,t1_MOLLI,0
SHF-016,control,t2_MOLLI,0
SHF-016,control,T1_3,0
SHF-016,control,t3_MOLLI,0
SHF-016,control,t0,0
SHF-016,control,t1,0
SHF-016,control,t2,0
SHF-016,control,t3,0
SHF-016,control,dt1,0
SHF-016,control,dt2,0
