subject,study,parameter,value
LDS-009,control_30,BAT,1.1899667885347802
LDS-009,control_30,CO,9.88730070399458
LDS-009,control_30,Thl,16.487721556797748
LDS-009,control_30,Dhl,41.820289402133945
LDS-009,control_30,To,33.62258424612236
LDS-009,control_30,Eo,13.889307478020491
LDS-009,control_30,Toe,10.986871174769217
LDS-009,control_30,Eb,4.951844176498528
LDS-009,control_30,H,45.0
LDS-009,control_30,ve,14.741879219733628
LDS-009,control_30,Te,33.225845321004705
LDS-009,control_30,De,73.15137893775838
LDS-009,control_30,khe,19.88498946947386
LDS-009,control_30,Th,46.20304666847538
LDS-009,control_30,Kbh,2.1643594353753
LDS-009,control_30,Khe,134.8877519146651
LDS-009,control_30,kbh,1.8452921815313645
LDS-009,control_30,CL,0.23585916279533042
LDS-009,control_30,AUC_Cb,54.37984392368979
LDS-009,control_30,AUC_Cl,478.8684413722769
LDS-009,control_30,AUC35_Cb,30.776260465577558
LDS-009,control_30,AUC35_Cl,116.43877778748528
LDS-009,control_30,RE_R1b,17.718210436900613
LDS-009,control_30,RE_R1l,52.47306375607794
LDS-009,control_30,RE_Sb,4.360275191006275
LDS-009,control_30,RE_Sl,40.851366151609795
LDS-009,control_30,T1_1,0.847049988
LDS-009,control_30,T1_2,0.621599976
LDS-009,control_30,t1_MOLLI,13.793121388888888
LDS-009,control_30,t2_MOLLI,15.155603333333334
