subject,study,parameter,value
LDS-009,control_30,BAT,0.004284435440760377
LDS-009,control_30,CO,0.1593952955306915
LDS-009,control_30,Thl,0.3110518017853475
LDS-009,control_30,Dhl,1.144230031804098
LDS-009,control_30,To,1.3987549566572983
LDS-009,control_30,Eo,0.5001666974982926
LDS-009,control_30,Toe,1.603282352331071
LDS-009,control_30,Eb,0.7622944151615406
LDS-009,control_30,H,0
LDS-009,control_30,ve,1.9911639865840738
LDS-009,control_30,Te,6.297210567099965
LDS-009,control_30,De,7.179953330126729
LDS-009,control_30,khe,0.4715543221017327
LDS-009,control_30,Th,3.4682614527224995
LDS-009,control_30,Kbh,0
LDS-009,control_30,Khe,0
LDS-009,control_30,kbh,0
LDS-009,control_30,CL,0.0
LDS-009,control_30,AUC_Cb,0
LDS-009,control_30,AUC_Cl,0
LDS-009,control_30,AUC35_Cb,0
LDS-009,control_30,AUC35_Cl,0
LDS-009,control_30,RE_R1b,0
LDS-009,control_30,RE_R1l,0
LDS-009,control_30,RE_Sb,0
LDS-009,control_30,RE_Sl,0
LDS-009,control_30,T1_1,0
LDS-009,control_30,T1_2,0
LDS-009,control_30,t1_MOLLI,0
LDS-009,control_30,t2_MOLLI,0
