subject,study,parameter,value
SHF-008,control_35,BAT,1.140843671675119
SHF-008,control_35,CO,7.1454515989005865
SHF-008,control_35,Thl,15.181655320903536
SHF-008,control_35,Dhl,30.868484456117436
SHF-008,control_35,To,15.205676652593874
SHF-008,control_35,Eo,15.251806983266093
SHF-008,control_35,Toe,7.444944048209183
SHF-008,control_35,Eb,3.708120628928143
SHF-008,control_35,H,45.0
SHF-008,control_35,ve,35.09456883496773
SHF-008,control_35,Te,24.055192614117892
SHF-008,control_35,De,84.87512842447636
SHF-008,control_35,khe,48.106382751436875
SHF-008,control_35,Th,36.991976844905935
SHF-008,control_35,Kbh,2.703288889351982
SHF-008,control_35,Khe,137.07643190505408
SHF-008,control_35,kbh,1.7545813092703162
SHF-008,control_35,CL,0.40932979715733053
SHF-008,control_35,AUC_Cb,50.6277981538224
SHF-008,control_35,AUC_Cl,898.7790799386879
SHF-008,control_35,AUC35_Cb,28.831465830898054
SHF-008,control_35,AUC35_Cl,243.2088080236266
SHF-008,control_35,RE_R1b,21.5586862569165
SHF-008,control_35,RE_R1l,101.43343556645048
SHF-008,control_35,RE_Sb,32.13015474325503
SHF-008,control_35,RE_Sl,83.08371415299244
SHF-008,control_35,T1_1,0.78759
SHF-008,control_35,T1_2,0.4218
SHF-008,control_35,t1_MOLLI,8.946388888888889
SHF-008,control_35,t2_MOLLI,9.8
