subject,study,parameter,value
SHF-008,control_35,BAT,0.008302028620335196
SHF-008,control_35,CO,0.13012015835644108
SHF-008,control_35,Thl,0.588960256571765
SHF-008,control_35,Dhl,1.052770301518776
SHF-008,control_35,To,0.9483736549626481
SHF-008,control_35,Eo,0.5281072099187828
SHF-008,control_35,Toe,0.5200526450802845
SHF-008,control_35,Eb,0.3058203256631934
SHF-008,control_35,H,0
SHF-008,control_35,ve,3.4522038031764826
SHF-008,control_35,Te,4.232495103936609
SHF-008,control_35,De,5.272307274978131
SHF-008,control_35,khe,1.0423855699469557
SHF-008,control_35,Th,1.89874270926158
SHF-008,control_35,Kbh,0
SHF-008,control_35,Khe,0
SHF-008,control_35,kbh,0
SHF-008,control_35,CL,0.0
SHF-008,control_35,AUC_Cb,0
SHF-008,control_35,AUC_Cl,0
SHF-008,control_35,AUC35_Cb,0
SHF-008,control_35,AUC35_Cl,0
SHF-008,control_35,RE_R1b,0
SHF-008,control_35,RE_R1l,0
SHF-008,control_35,RE_Sb,0
SHF-008,control_35,RE_Sl,0
SHF-008,control_35,T1_1,0
SHF-008,control_35,T1_2,0
SHF-008,control_35,t1_MOLLI,0
SHF-008,control_35,t2_MOLLI,0
