subject,study,parameter,value
SHF-003,control_35,BAT,1.3242259138613586
SHF-003,control_35,CO,11.296703277421807
SHF-003,control_35,Thl,11.076357709989765
SHF-003,control_35,Dhl,88.36235450772004
SHF-003,control_35,To,30.129684048916314
SHF-003,control_35,Eo,15.602856839456983
SHF-003,control_35,Toe,9.339884993205828
SHF-003,control_35,Eb,3.326477024109311
SHF-003,control_35,H,45.0
SHF-003,control_35,ve,29.128320389465895
SHF-003,control_35,Te,25.343183697631247
SHF-003,control_35,De,83.00162894265121
SHF-003,control_35,khe,39.16153394775083
SHF-003,control_35,Th,59.5772804188206
SHF-003,control_35,Kbh,1.6784921919398283
SHF-003,control_35,Khe,134.44487503616375
SHF-003,control_35,kbh,1.1895756085594262
SHF-003,control_35,CL,0.377586972091613
SHF-003,control_35,AUC_Cb,68.09483884458731
SHF-003,control_35,AUC_Cl,1388.1333823038387
SHF-003,control_35,AUC35_Cb,32.14012100277671
SHF-003,control_35,AUC35_Cl,246.02535311500895
SHF-003,control_35,RE_R1b,18.69630714324873
SHF-003,control_35,RE_R1l,94.22244701299819
SHF-003,control_35,RE_Sb,20.309774052265674
SHF-003,control_35,RE_Sl,79.86943866677737
SHF-003,control_35,T1_1,0.72478
SHF-003,control_35,T1_2,0.35727
SHF-003,control_35,t1_MOLLI,8.8975
SHF-003,control_35,t2_MOLLI,9.759722222222223
