subject,study,parameter,value
SHF-003,control_35,BAT,0.0064796306543135835
SHF-003,control_35,CO,0.2999280506573615
SHF-003,control_35,Thl,0.5618122085204558
SHF-003,control_35,Dhl,3.023008472810314
SHF-003,control_35,To,1.349621282107087
SHF-003,control_35,Eo,0.4155291615938867
SHF-003,control_35,Toe,0.6932804441827709
SHF-003,control_35,Eb,0.405682979177426
SHF-003,control_35,H,0
SHF-003,control_35,ve,2.7720339835937615
SHF-003,control_35,Te,4.254036634066219
SHF-003,control_35,De,6.397136404413094
SHF-003,control_35,khe,0.6672818660175668
SHF-003,control_35,Th,3.5560081297451327
SHF-003,control_35,Kbh,0
SHF-003,control_35,Khe,0
SHF-003,control_35,kbh,0
SHF-003,control_35,CL,0.0
SHF-003,control_35,AUC_Cb,0
SHF-003,control_35,AUC_Cl,0
SHF-003,control_35,AUC35_Cb,0
SHF-003,control_35,AUC35_Cl,0
SHF-003,control_35,RE_R1b,0
SHF-003,control_35,RE_R1l,0
SHF-003,control_35,RE_Sb,0
SHF-003,control_35,RE_Sl,0
SHF-003,control_35,T1_1,0
SHF-003,control_35,T1_2,0
SHF-003,control_35,t1_MOLLI,0
SHF-003,control_35,t2_MOLLI,0
