subject,study,parameter,value
SHF-014,drug_05,BAT,0.00901734534837861
SHF-014,drug_05,CO,0.3955734412230372
SHF-014,drug_05,Thl,0.6941300726787875
SHF-014,drug_05,Dhl,2.1335616622313527
SHF-014,drug_05,To,12.738156239166305
SHF-014,drug_05,Eo,35.610216177013385
SHF-014,drug_05,Toe,8.660314275669977
SHF-014,drug_05,Eb,61.56600345900745
SHF-014,drug_05,H,0
SHF-014,drug_05,ve,123.17442092500718
SHF-014,drug_05,Te,171.3103870886923
SHF-014,drug_05,De,66.2486999717123
SHF-014,drug_05,khe,92.66768187293154
SHF-014,drug_05,Th,2308.3300457387545
SHF-014,drug_05,Kbh,0
SHF-014,drug_05,Khe,0
SHF-014,drug_05,kbh,0
SHF-014,drug_05,CL,0.0
SHF-014,drug_05,AUC_Cb,0
SHF-014,drug_05,AUC_Cl,0
SHF-014,drug_05,AUC35_Cb,0
SHF-014,drug_05,AUC35_Cl,0
SHF-014,drug_05,RE_R1b,0
SHF-014,drug_05,RE_R1l,0
SHF-014,drug_05,RE_Sb,0
SHF-014,drug_05,RE_Sl,0
SHF-014,drug_05,T1_1,0
SHF-014,drug_05,T1_2,0
SHF-014,drug_05,t1_MOLLI,0
SHF-014,drug_05,t2_MOLLI,0
