subject,study,parameter,value
SHF-022,drug_10,BAT,0.04160713926567082
SHF-022,drug_10,CO,0.4478397091258857
SHF-022,drug_10,Thl,2.4995945099439196
SHF-022,drug_10,Dhl,16.07781054379838
SHF-022,drug_10,To,8.617465314829422
SHF-022,drug_10,Eo,7.442815669997008
SHF-022,drug_10,Toe,3.596551104405063
SHF-022,drug_10,Eb,16.81530035463638
SHF-022,drug_10,H,0
SHF-022,drug_10,ve,36.35310244413842
SHF-022,drug_10,Te,51.866324490309346
SHF-022,drug_10,De,18.353865008078742
SHF-022,drug_10,khe,9.632727260112212
SHF-022,drug_10,Th,30.88846024372459
SHF-022,drug_10,Kbh,0
SHF-022,drug_10,Khe,0
SHF-022,drug_10,kbh,0
SHF-022,drug_10,CL,0.0
SHF-022,drug_10,AUC_Cb,0
SHF-022,drug_10,AUC_Cl,0
SHF-022,drug_10,AUC35_Cb,0
SHF-022,drug_10,AUC35_Cl,0
SHF-022,drug_10,RE_R1b,0
SHF-022,drug_10,RE_R1l,0
SHF-022,drug_10,RE_Sb,0
SHF-022,drug_10,RE_Sl,0
SHF-022,drug_10,T1_1,0
SHF-022,drug_10,T1_2,0
SHF-022,drug_10,t1_MOLLI,0
SHF-022,drug_10,t2_MOLLI,0
